[2026-03-10T11:34:22.513Z] === Homepage AI Extractor: Typemock ===
[2026-03-10T11:34:22.513Z] Started at: 2026-03-10T11:34:22.513Z
[2026-03-10T11:34:22.513Z] Log directory: E:\code\The Wall\mono\packages\scrapper\logs\homepage_ai_extractor\1773142462513_Typemock
[2026-03-10T11:34:22.513Z] Company: Typemock
[2026-03-10T11:34:22.513Z] Website: typemock.com
[2026-03-10T11:34:22.513Z] cbRank: 489471
[2026-03-10T11:34:22.513Z] Reasons: h
[2026-03-10T11:34:22.513Z] Fetching: https://typemock.com
[2026-03-10T11:34:27.864Z] Dismissed cookie consent popup via: button:has-text("OK")
[2026-03-10T11:34:30.811Z] Redirected: https://typemock.com -> https://www.typemock.com/
[2026-03-10T11:34:30.829Z] Saved HTML (471359 bytes) to page.html
[2026-03-10T11:34:30.836Z] Extracted 539 unique links from page
[2026-03-10T11:34:30.837Z] Saved 539 links to links.json
[2026-03-10T11:34:30.847Z] Extracted footer HTML (62613 chars)
[2026-03-10T11:34:30.847Z] Extracted header HTML (45619 chars)
[2026-03-10T11:34:30.852Z] Website (post-redirect): https://www.typemock.com/ → origin: https://www.typemock.com
[2026-03-10T11:34:30.854Z] External links: 496 (of 539 total)
[2026-03-10T11:34:30.854Z] ── All external links ──
[2026-03-10T11:34:30.854Z]   EXT: http://35.204.123.179/answers
[2026-03-10T11:34:30.854Z]   EXT: http://35.204.123.179/docs
[2026-03-10T11:34:30.854Z]   EXT: http://35.204.123.179/docs/?book=Ipp&page=introduction.htm
[2026-03-10T11:34:30.854Z]   EXT: http://eepurl.com/xyMp9
[2026-03-10T11:34:30.854Z]   EXT: http://kabupatenpati.com
[2026-03-10T11:34:30.854Z]   EXT: http://www.aicracy.ai
[2026-03-10T11:34:30.854Z]   EXT: https://1click2computers.com
[2026-03-10T11:34:30.854Z]   EXT: https://2k20lockercode.com
[2026-03-10T11:34:30.854Z]   EXT: https://abelhadesign.com
[2026-03-10T11:34:30.854Z]   EXT: https://accrabookfest.com
[2026-03-10T11:34:30.855Z]   EXT: https://acrosstheatlanticband.com
[2026-03-10T11:34:30.855Z]   EXT: https://actiontogetherma.com
[2026-03-10T11:34:30.855Z]   EXT: https://acworldtour.com
[2026-03-10T11:34:30.855Z]   EXT: https://affiliationregisteredcelticsupporters.org
[2026-03-10T11:34:30.855Z]   EXT: https://agenciadepubli.com
[2026-03-10T11:34:30.855Z]   EXT: https://ahpper.org
[2026-03-10T11:34:30.855Z]   EXT: https://airberlin-binoli.com
[2026-03-10T11:34:30.855Z]   EXT: https://akkuschrauber-heinrich.com
[2026-03-10T11:34:30.855Z]   EXT: https://alabama-tourism.com
[2026-03-10T11:34:30.855Z]   EXT: https://allaboutj.me
[2026-03-10T11:34:30.855Z]   EXT: https://amonimageparis.com
[2026-03-10T11:34:30.855Z]   EXT: https://angelo-munich.com
[2026-03-10T11:34:30.855Z]   EXT: https://annasewhoy.com
[2026-03-10T11:34:30.856Z]   EXT: https://apinatbio.com
[2026-03-10T11:34:30.856Z]   EXT: https://appsmashups.com
[2026-03-10T11:34:30.856Z]   EXT: https://arizona-tourism.com
[2026-03-10T11:34:30.856Z]   EXT: https://arteunhas.com
[2026-03-10T11:34:30.856Z]   EXT: https://azhomesbykellycook.com
[2026-03-10T11:34:30.856Z]   EXT: https://baconvstacos.com
[2026-03-10T11:34:30.856Z]   EXT: https://badioustudies.org
[2026-03-10T11:34:30.856Z]   EXT: https://baldness-cure.org
[2026-03-10T11:34:30.856Z]   EXT: https://bananaleafofcolumbus.com
[2026-03-10T11:34:30.856Z]   EXT: https://barnabeats.com
[2026-03-10T11:34:30.856Z]   EXT: https://beercomponents.com
[2026-03-10T11:34:30.856Z]   EXT: https://bestialdeltragaluz.com
[2026-03-10T11:34:30.856Z]   EXT: https://bethelislandgolf.com
[2026-03-10T11:34:30.856Z]   EXT: https://bioleaders-forum.com
[2026-03-10T11:34:30.856Z]   EXT: https://bistro1491.com
[2026-03-10T11:34:30.856Z]   EXT: https://blackspeachesandbakery.com
[2026-03-10T11:34:30.856Z]   EXT: https://bmwquebec.com
[2026-03-10T11:34:30.857Z]   EXT: https://camionesybuses.com
[2026-03-10T11:34:30.857Z]   EXT: https://captainkelly.org
[2026-03-10T11:34:30.857Z]   EXT: https://caracoleando.org
[2026-03-10T11:34:30.857Z]   EXT: https://cardiorisc.com
[2026-03-10T11:34:30.857Z]   EXT: https://cfxpaintworks.com
[2026-03-10T11:34:30.857Z]   EXT: https://changeisfun.com
[2026-03-10T11:34:30.857Z]   EXT: https://charioworld.com
[2026-03-10T11:34:30.857Z]   EXT: https://cheap-omegas-watches.com
[2026-03-10T11:34:30.857Z]   EXT: https://choicemattersmidwifecollective.com
[2026-03-10T11:34:30.857Z]   EXT: https://christian-alliance-for-orphans.org
[2026-03-10T11:34:30.857Z]   EXT: https://churchillsofbuckhead.com
[2026-03-10T11:34:30.857Z]   EXT: https://cikgusiber.com
[2026-03-10T11:34:30.857Z]   EXT: https://civilengineerlink.com
[2026-03-10T11:34:30.857Z]   EXT: https://claytoncardinals.org
[2026-03-10T11:34:30.857Z]   EXT: https://cleanmachinecarcare.com
[2026-03-10T11:34:30.857Z]   EXT: https://clinique-lipofilling-tunisie.com
[2026-03-10T11:34:30.857Z]   EXT: https://colectivocaracol.org
[2026-03-10T11:34:30.857Z]   EXT: https://colegiosabiduria.com
[2026-03-10T11:34:30.857Z]   EXT: https://coloradodocumentsecurity.org
[2026-03-10T11:34:30.858Z]   EXT: https://comoquitarlacaspa.org
[2026-03-10T11:34:30.858Z]   EXT: https://contromanoilfilm.com
[2026-03-10T11:34:30.858Z]   EXT: https://convertyoutubevideo.org
[2026-03-10T11:34:30.858Z]   EXT: https://coopbellaflor.org
[2026-03-10T11:34:30.858Z]   EXT: https://cpns-indonesia.com
[2026-03-10T11:34:30.858Z]   EXT: https://culinarycamper.com
[2026-03-10T11:34:30.858Z]   EXT: https://davematthewsblog.com
[2026-03-10T11:34:30.858Z]   EXT: https://daytonabeachswimming.org
[2026-03-10T11:34:30.858Z]   EXT: https://decoratingfusion.com
[2026-03-10T11:34:30.858Z]   EXT: https://dekolibrie.org
[2026-03-10T11:34:30.858Z]   EXT: https://delaware-tourism.com
[2026-03-10T11:34:30.858Z]   EXT: https://desahanmanja.com
[2026-03-10T11:34:30.858Z]   EXT: https://descargarimo.com
[2026-03-10T11:34:30.858Z]   EXT: https://designbygoci.com
[2026-03-10T11:34:30.858Z]   EXT: https://destinoveracruz.com
[2026-03-10T11:34:30.858Z]   EXT: https://dewasaku.com
[2026-03-10T11:34:30.858Z]   EXT: https://dharmayogaandart.com
[2026-03-10T11:34:30.858Z]   EXT: https://diegovasallo.info
[2026-03-10T11:34:30.858Z]   EXT: https://directphotonics.com
[2026-03-10T11:34:30.859Z]   EXT: https://diskopbanjarkab.com
[2026-03-10T11:34:30.859Z]   EXT: https://doggyswagshop.com
[2026-03-10T11:34:30.859Z]   EXT: https://donemlilavolta.org
[2026-03-10T11:34:30.859Z]   EXT: https://dpuairjatimprov.com
[2026-03-10T11:34:30.859Z]   EXT: https://economicnewsdaily.com
[2026-03-10T11:34:30.859Z]   EXT: https://ehtsimoneortega.com
[2026-03-10T11:34:30.859Z]   EXT: https://espaiorigens.com
[2026-03-10T11:34:30.859Z]   EXT: https://essayray.com
[2026-03-10T11:34:30.859Z]   EXT: https://eventbareng.com
[2026-03-10T11:34:30.859Z]   EXT: https://evolutiontelemedicine.com
[2026-03-10T11:34:30.859Z]   EXT: https://examsun.com
[2026-03-10T11:34:30.859Z]   EXT: https://experimentalpoetics.com
[2026-03-10T11:34:30.859Z]   EXT: https://facenews.org
[2026-03-10T11:34:30.859Z]   EXT: https://fadhila.org
[2026-03-10T11:34:30.859Z]   EXT: https://falloutfive0.com
[2026-03-10T11:34:30.859Z]   EXT: https://fannins-collectables.com
[2026-03-10T11:34:30.859Z]   EXT: https://farzinphoto.com
[2026-03-10T11:34:30.859Z]   EXT: https://fashiontechsummit.me
[2026-03-10T11:34:30.859Z]   EXT: https://fatihsultanmehmetmuzesi.com
[2026-03-10T11:34:30.859Z]   EXT: https://fayeofficial.com
[2026-03-10T11:34:30.859Z]   EXT: https://fenixresortsamui.com
[2026-03-10T11:34:30.859Z]   EXT: https://fette-gallery.com
[2026-03-10T11:34:30.859Z]   EXT: https://first2zero.com
[2026-03-10T11:34:30.860Z]   EXT: https://fish-collection.com
[2026-03-10T11:34:30.860Z]   EXT: https://foreignervip.com
[2026-03-10T11:34:30.860Z]   EXT: https://forestfirehub.com
[2026-03-10T11:34:30.860Z]   EXT: https://formcapcorp.com
[2026-03-10T11:34:30.860Z]   EXT: https://formforthought.com
[2026-03-10T11:34:30.860Z]   EXT: https://freeter-jutaku.org
[2026-03-10T11:34:30.860Z]   EXT: https://frompage2stage.com
[2026-03-10T11:34:30.860Z]   EXT: https://fukusuke.biz
[2026-03-10T11:34:30.860Z]   EXT: https://fusioncrosstraining.com
[2026-03-10T11:34:30.860Z]   EXT: https://g5live.com
[2026-03-10T11:34:30.860Z]   EXT: https://garminlogin.org
[2026-03-10T11:34:30.860Z]   EXT: https://geds-to-phds.org
[2026-03-10T11:34:30.860Z]   EXT: https://gfrsh.com
[2026-03-10T11:34:30.860Z]   EXT: https://gmseenet.org
[2026-03-10T11:34:30.860Z]   EXT: https://gogakeys.com
[2026-03-10T11:34:30.860Z]   EXT: https://gorilla-trip.com
[2026-03-10T11:34:30.860Z]   EXT: https://grabun.com
[2026-03-10T11:34:30.860Z]   EXT: https://granitemanhalfmarathon.com
[2026-03-10T11:34:30.860Z]   EXT: https://greatlifequotes.org
[2026-03-10T11:34:30.860Z]   EXT: https://greeksim.com
[2026-03-10T11:34:30.860Z]   EXT: https://hackit-ukraine.com
[2026-03-10T11:34:30.860Z]   EXT: https://hamachiturk.com
[2026-03-10T11:34:30.860Z]   EXT: https://hawaii-ga-compe.com
[2026-03-10T11:34:30.861Z]   EXT: https://heliosjournal.com
[2026-03-10T11:34:30.861Z]   EXT: https://hitinnsmushrooms.com
[2026-03-10T11:34:30.861Z]   EXT: https://hoeffelforsenate.com
[2026-03-10T11:34:30.861Z]   EXT: https://holeinthewallatlanta.com
[2026-03-10T11:34:30.861Z]   EXT: https://honestfashionstore.com
[2026-03-10T11:34:30.861Z]   EXT: https://hotdealsproduct.com
[2026-03-10T11:34:30.861Z]   EXT: https://hotel-aleksander.com
[2026-03-10T11:34:30.861Z]   EXT: https://hushamericanbistro.com
[2026-03-10T11:34:30.861Z]   EXT: https://hydra-deicers.com
[2026-03-10T11:34:30.861Z]   EXT: https://iamgreta-derfilm.com
[2026-03-10T11:34:30.861Z]   EXT: https://ibbgomaha.com
[2026-03-10T11:34:30.861Z]   EXT: https://ibizcard.biz
[2026-03-10T11:34:30.861Z]   EXT: https://iceoplexescondido.com
[2026-03-10T11:34:30.861Z]   EXT: https://igooglemaps.com
[2026-03-10T11:34:30.861Z]   EXT: https://iis-refunds.com
[2026-03-10T11:34:30.861Z]   EXT: https://ilustramar.com
[2026-03-10T11:34:30.861Z]   EXT: https://ilyenazenpapom.com
[2026-03-10T11:34:30.861Z]   EXT: https://incubadoradeartistas.com
[2026-03-10T11:34:30.861Z]   EXT: https://indusresearch.org
[2026-03-10T11:34:30.861Z]   EXT: https://integraltradition.com
[2026-03-10T11:34:30.862Z]   EXT: https://intoxicatestudios.com
[2026-03-10T11:34:30.862Z]   EXT: https://investraction.com
[2026-03-10T11:34:30.862Z]   EXT: https://iogwin.com
[2026-03-10T11:34:30.862Z]   EXT: https://iowa-tourism.com
[2026-03-10T11:34:30.862Z]   EXT: https://isd-webspace.com
[2026-03-10T11:34:30.862Z]   EXT: https://ispank.me
[2026-03-10T11:34:30.862Z]   EXT: https://jansoncoffeefarm.com
[2026-03-10T11:34:30.862Z]   EXT: https://jeparainternational.com
[2026-03-10T11:34:30.862Z]   EXT: https://jesuisuniquevetement.com
[2026-03-10T11:34:30.862Z]   EXT: https://jornadaicofcv.org
[2026-03-10T11:34:30.862Z]   EXT: https://juegodemonos.com
[2026-03-10T11:34:30.862Z]   EXT: https://kansas-tourism.com
[2026-03-10T11:34:30.862Z]   EXT: https://karocel.com
[2026-03-10T11:34:30.862Z]   EXT: https://kbri-beirut.org
[2026-03-10T11:34:30.862Z]   EXT: https://kevin-life.com
[2026-03-10T11:34:30.862Z]   EXT: https://khadamat-makkah.com
[2026-03-10T11:34:30.862Z]   EXT: https://kidselectrictoys.com
[2026-03-10T11:34:30.862Z]   EXT: https://kitchen-k.com
[2026-03-10T11:34:30.862Z]   EXT: https://lautre-editions.com
[2026-03-10T11:34:30.863Z]   EXT: https://lolpetbeds.com
[2026-03-10T11:34:30.863Z]   EXT: https://louisiana-tourism.com
[2026-03-10T11:34:30.863Z]   EXT: https://madforarts.org
[2026-03-10T11:34:30.863Z]   EXT: https://madisoncineworld.com
[2026-03-10T11:34:30.863Z]   EXT: https://magic-kyoto2019.com
[2026-03-10T11:34:30.863Z]   EXT: https://maisonmagnan.com
[2026-03-10T11:34:30.863Z]   EXT: https://malgouyres.org
[2026-03-10T11:34:30.863Z]   EXT: https://manipalcityandguilds.com
[2026-03-10T11:34:30.863Z]   EXT: https://marciasflooring.com
[2026-03-10T11:34:30.863Z]   EXT: https://marinaguiuilustracion.com
[2026-03-10T11:34:30.863Z]   EXT: https://marriagecounselingstlouis.com
[2026-03-10T11:34:30.863Z]   EXT: https://mashspargeboil.com
[2026-03-10T11:34:30.863Z]   EXT: https://mcminnvillehonda.com
[2026-03-10T11:34:30.863Z]   EXT: https://mecofancoils.com
[2026-03-10T11:34:30.863Z]   EXT: https://mediterraneanphototours.com
[2026-03-10T11:34:30.863Z]   EXT: https://megjayanth.com
[2026-03-10T11:34:30.863Z]   EXT: https://mezzebarnyc.com
[2026-03-10T11:34:30.863Z]   EXT: https://mgalleryoffineart.com
[2026-03-10T11:34:30.863Z]   EXT: https://mic50.org
[2026-03-10T11:34:30.863Z]   EXT: https://minetransportbr.com
[2026-03-10T11:34:30.863Z]   EXT: https://minnesota-tourism.com
[2026-03-10T11:34:30.864Z]   EXT: https://mobiletiperz.com
[2026-03-10T11:34:30.864Z]   EXT: https://monmaternite.com
[2026-03-10T11:34:30.864Z]   EXT: https://monsterrobotstudios.com
[2026-03-10T11:34:30.864Z]   EXT: https://montealduide.org
[2026-03-10T11:34:30.864Z]   EXT: https://mountstreetgalleries.com
[2026-03-10T11:34:30.864Z]   EXT: https://musamachina.com
[2026-03-10T11:34:30.864Z]   EXT: https://musashino-campus.com
[2026-03-10T11:34:30.864Z]   EXT: https://mutiraorio2016.com
[2026-03-10T11:34:30.864Z]   EXT: https://muzasound.com
[2026-03-10T11:34:30.864Z]   EXT: https://myeverwrite.com
[2026-03-10T11:34:30.864Z]   EXT: https://myfrenchmuse.com
[2026-03-10T11:34:30.864Z]   EXT: https://nacentralohio.com
[2026-03-10T11:34:30.864Z]   EXT: https://naxanta.org
[2026-03-10T11:34:30.864Z]   EXT: https://newbalanceshipping.com
[2026-03-10T11:34:30.864Z]   EXT: https://newcamerareview.com
[2026-03-10T11:34:30.864Z]   EXT: https://nfteducation.org
[2026-03-10T11:34:30.864Z]   EXT: https://nicholaskory.com
[2026-03-10T11:34:30.864Z]   EXT: https://ninoslongbeach.com
[2026-03-10T11:34:30.864Z]   EXT: https://nobswall.com
[2026-03-10T11:34:30.864Z]   EXT: https://obshtestvo.net
[2026-03-10T11:34:30.864Z]   EXT: https://obuzzer.com
[2026-03-10T11:34:30.865Z]   EXT: https://ofertassoriana.com
[2026-03-10T11:34:30.865Z]   EXT: https://ogutierrezjr.com
[2026-03-10T11:34:30.865Z]   EXT: https://oklahoma-tourism.com
[2026-03-10T11:34:30.865Z]   EXT: https://onetruecatholicfaith.com
[2026-03-10T11:34:30.865Z]   EXT: https://onevent.me
[2026-03-10T11:34:30.865Z]   EXT: https://onlinepaydayloanstbb.org
[2026-03-10T11:34:30.865Z]   EXT: https://pa-lubuksikaping.net
[2026-03-10T11:34:30.865Z]   EXT: https://pa-solok.net
[2026-03-10T11:34:30.865Z]   EXT: https://pahvantpost.com
[2026-03-10T11:34:30.865Z]   EXT: https://parentingfaculty.com
[2026-03-10T11:34:30.865Z]   EXT: https://patentyourkiss.com
[2026-03-10T11:34:30.865Z]   EXT: https://pdiaijawatengah.id
[2026-03-10T11:34:30.865Z]   EXT: https://pedallingabout.com
[2026-03-10T11:34:30.865Z]   EXT: https://perfect-world.me
[2026-03-10T11:34:30.865Z]   EXT: https://perpustakaanstikesmuda.net
[2026-03-10T11:34:30.865Z]   EXT: https://poggiogagliardo.com
[2026-03-10T11:34:30.865Z]   EXT: https://proyectopazla.org
[2026-03-10T11:34:30.865Z]   EXT: https://raco-ryukyu.com
[2026-03-10T11:34:30.865Z]   EXT: https://radiodefensavenezuela.com
[2026-03-10T11:34:30.865Z]   EXT: https://rakkhitavana.com
[2026-03-10T11:34:30.865Z]   EXT: https://rawdoghawaii.com
[2026-03-10T11:34:30.865Z]   EXT: https://redmica.org
[2026-03-10T11:34:30.865Z]   EXT: https://reelfishingteam.com
[2026-03-10T11:34:30.866Z]   EXT: https://reinventairmobility.com
[2026-03-10T11:34:30.866Z]   EXT: https://renatosc.com
[2026-03-10T11:34:30.866Z]   EXT: https://revistadibus.com
[2026-03-10T11:34:30.866Z]   EXT: https://revistaoz.com
[2026-03-10T11:34:30.866Z]   EXT: https://richardtracybrand.com
[2026-03-10T11:34:30.866Z]   EXT: https://robhowzespeaks.com
[2026-03-10T11:34:30.866Z]   EXT: https://robynphoto.com
[2026-03-10T11:34:30.866Z]   EXT: https://romsaction.org
[2026-03-10T11:34:30.866Z]   EXT: https://samsungduyaneller.com
[2026-03-10T11:34:30.866Z]   EXT: https://santanderfestivaldelmar.com
[2026-03-10T11:34:30.866Z]   EXT: https://saranghoki2.com
[2026-03-10T11:34:30.866Z]   EXT: https://savenicksorganicfarm.org
[2026-03-10T11:34:30.866Z]   EXT: https://scldfriends.org
[2026-03-10T11:34:30.866Z]   EXT: https://semeantojaunafiesta.com
[2026-03-10T11:34:30.866Z]   EXT: https://seniorsfestival.org
[2026-03-10T11:34:30.866Z]   EXT: https://sergeantblackart.com
[2026-03-10T11:34:30.866Z]   EXT: https://sharonfornashville.com
[2026-03-10T11:34:30.866Z]   EXT: https://shihtzuandyou.com
[2026-03-10T11:34:30.866Z]   EXT: https://shoeshoppe.biz
[2026-03-10T11:34:30.866Z]   EXT: https://simplead.info
[2026-03-10T11:34:30.866Z]   EXT: https://situskarma.com
[2026-03-10T11:34:30.866Z]   EXT: https://sixmonthsinsudan.com
[2026-03-10T11:34:30.867Z]   EXT: https://sman1lubuklinggau.com
[2026-03-10T11:34:30.867Z]   EXT: https://smugglerscoveislamorada.com
[2026-03-10T11:34:30.867Z]   EXT: https://softava.com
[2026-03-10T11:34:30.867Z]   EXT: https://soundstringcable.com
[2026-03-10T11:34:30.867Z]   EXT: https://stametbinakagunungsitoli.com
[2026-03-10T11:34:30.867Z]   EXT: https://stametbuntok.com
[2026-03-10T11:34:30.867Z]   EXT: https://stametpangkalpinang.com
[2026-03-10T11:34:30.867Z]   EXT: https://startupfolderwindows10.com
[2026-03-10T11:34:30.867Z]   EXT: https://stemoproduction.info
[2026-03-10T11:34:30.867Z]   EXT: https://stikeswidyahusada.com
[2026-03-10T11:34:30.867Z]   EXT: https://stjohnsgoshen.com
[2026-03-10T11:34:30.867Z]   EXT: https://stuartdancininthestreets.com
[2026-03-10T11:34:30.867Z]   EXT: https://svadba-ukr.com
[2026-03-10T11:34:30.867Z]   EXT: https://t-visto.com
[2026-03-10T11:34:30.867Z]   EXT: https://t4haber.com
[2026-03-10T11:34:30.867Z]   EXT: https://tatulegal.com
[2026-03-10T11:34:30.867Z]   EXT: https://teachmorelovemore.com
[2026-03-10T11:34:30.867Z]   EXT: https://teatrofilodrammatici.com
[2026-03-10T11:34:30.867Z]   EXT: https://tennessee-tourism.com
[2026-03-10T11:34:30.867Z]   EXT: https://the4thindustrialrevolution.org
[2026-03-10T11:34:30.867Z]   EXT: https://thefairyprincessdiaries.com
[2026-03-10T11:34:30.867Z]   EXT: https://thehousetime.com
[2026-03-10T11:34:30.868Z]   EXT: https://thenonadventuresofasahm.com
[2026-03-10T11:34:30.868Z]   EXT: https://theresidencesmarmenor.com
[2026-03-10T11:34:30.868Z]   EXT: https://theryanoreillyband.com
[2026-03-10T11:34:30.868Z]   EXT: https://thesandmaninn.com
[2026-03-10T11:34:30.868Z]   EXT: https://thesmartcoffeeblog.com
[2026-03-10T11:34:30.868Z]   EXT: https://tigerairshows.com
[2026-03-10T11:34:30.868Z]   EXT: https://timesynchro.com
[2026-03-10T11:34:30.868Z]   EXT: https://tonashinosobaya.info
[2026-03-10T11:34:30.868Z]   EXT: https://topcomputertablets.com
[2026-03-10T11:34:30.868Z]   EXT: https://tourist-croatia.com
[2026-03-10T11:34:30.868Z]   EXT: https://trikcarainternet.com
[2026-03-10T11:34:30.868Z]   EXT: https://trinityfilmfestival.org
[2026-03-10T11:34:30.868Z]   EXT: https://tunbridgewellsatchristmas.com
[2026-03-10T11:34:30.868Z]   EXT: https://turbinado.org
[2026-03-10T11:34:30.868Z]   EXT: https://tvsantaluzia.com
[2026-03-10T11:34:30.868Z]   EXT: https://twitter.com/typemock
[2026-03-10T11:34:30.868Z]   EXT: https://txt2png.com
[2026-03-10T11:34:30.868Z]   EXT: https://typemock.freshdesk.com/support/home
[2026-03-10T11:34:30.868Z]   EXT: https://ufxloops.com
[2026-03-10T11:34:30.868Z]   EXT: https://unityplaza.org
[2026-03-10T11:34:30.869Z]   EXT: https://univete-assomption.org
[2026-03-10T11:34:30.869Z]   EXT: https://unleashyouridentity.com
[2026-03-10T11:34:30.869Z]   EXT: https://unlockedspot.com
[2026-03-10T11:34:30.869Z]   EXT: https://utah-tourism.com
[2026-03-10T11:34:30.869Z]   EXT: https://vemaybayngoctrinh.com
[2026-03-10T11:34:30.869Z]   EXT: https://verandi.org
[2026-03-10T11:34:30.869Z]   EXT: https://verisgold.com
[2026-03-10T11:34:30.869Z]   EXT: https://verohermannsambin.com
[2026-03-10T11:34:30.869Z]   EXT: https://viewswagen.com
[2026-03-10T11:34:30.869Z]   EXT: https://vinosdelapatagonia.com
[2026-03-10T11:34:30.869Z]   EXT: https://vrktravel.com
[2026-03-10T11:34:30.869Z]   EXT: https://wartasumut.com
[2026-03-10T11:34:30.869Z]   EXT: https://wavelengthsleisurecentre.com
[2026-03-10T11:34:30.869Z]   EXT: https://wearechangechicago.com
[2026-03-10T11:34:30.869Z]   EXT: https://web-apteka.com
[2026-03-10T11:34:30.869Z]   EXT: https://webiconspng.com
[2026-03-10T11:34:30.869Z]   EXT: https://webmoneytashkent.com
[2026-03-10T11:34:30.869Z]   EXT: https://welchavery.com
[2026-03-10T11:34:30.869Z]   EXT: https://wesschneider.com
[2026-03-10T11:34:30.870Z]   EXT: https://westwoodcollegegeorgia.com
[2026-03-10T11:34:30.870Z]   EXT: https://wholeheartedwoman.org
[2026-03-10T11:34:30.870Z]   EXT: https://wisconsinfarmland.org
[2026-03-10T11:34:30.870Z]   EXT: https://writemyessaycheap.org
[2026-03-10T11:34:30.870Z]   EXT: https://www.5-minutes.net
[2026-03-10T11:34:30.870Z]   EXT: https://www.ablon-group.com
[2026-03-10T11:34:30.870Z]   EXT: https://www.adabankia.com
[2026-03-10T11:34:30.870Z]   EXT: https://www.airbornebook.com
[2026-03-10T11:34:30.870Z]   EXT: https://www.aksesorishape.store
[2026-03-10T11:34:30.870Z]   EXT: https://www.allhit.org
[2026-03-10T11:34:30.870Z]   EXT: https://www.amesburymusicfest.com
[2026-03-10T11:34:30.870Z]   EXT: https://www.amigando.com
[2026-03-10T11:34:30.870Z]   EXT: https://www.arwenphoto.com
[2026-03-10T11:34:30.870Z]   EXT: https://www.aurora-israel.co
[2026-03-10T11:34:30.870Z]   EXT: https://www.avtomati-igrat-online.com
[2026-03-10T11:34:30.870Z]   EXT: https://www.ayswuvalentine.com
[2026-03-10T11:34:30.870Z]   EXT: https://www.azafransolidario.org
[2026-03-10T11:34:30.870Z]   EXT: https://www.baileysgarden.org
[2026-03-10T11:34:30.871Z]   EXT: https://www.balidenpasar.online
[2026-03-10T11:34:30.871Z]   EXT: https://www.baliprov.online
[2026-03-10T11:34:30.871Z]   EXT: https://www.bandaaceh.online
[2026-03-10T11:34:30.871Z]   EXT: https://www.bangrakthaicuisine.com
[2026-03-10T11:34:30.871Z]   EXT: https://www.bantencilegon.online
[2026-03-10T11:34:30.871Z]   EXT: https://www.bekerja.info
[2026-03-10T11:34:30.871Z]   EXT: https://www.belarusdocs.com
[2026-03-10T11:34:30.871Z]   EXT: https://www.bengkulu.online
[2026-03-10T11:34:30.871Z]   EXT: https://www.bethmorey.com
[2026-03-10T11:34:30.871Z]   EXT: https://www.bhinekka.info
[2026-03-10T11:34:30.871Z]   EXT: https://www.boommovie.org
[2026-03-10T11:34:30.871Z]   EXT: https://www.bowedison.com
[2026-03-10T11:34:30.871Z]   EXT: https://www.bundanagita.info
[2026-03-10T11:34:30.871Z]   EXT: https://www.c-sn.com
[2026-03-10T11:34:30.871Z]   EXT: https://www.canoncomij-setup.com
[2026-03-10T11:34:30.871Z]   EXT: https://www.casaafeliz.com
[2026-03-10T11:34:30.871Z]   EXT: https://www.cbsbb.org
[2026-03-10T11:34:30.872Z]   EXT: https://www.ceciliascloset.com
[2026-03-10T11:34:30.872Z]   EXT: https://www.cegmenorca.org
[2026-03-10T11:34:30.872Z]   EXT: https://www.chapelhillsds.org
[2026-03-10T11:34:30.872Z]   EXT: https://www.cialispillsale.com
[2026-03-10T11:34:30.872Z]   EXT: https://www.club-wakka.com
[2026-03-10T11:34:30.872Z]   EXT: https://www.clubhairspray.com
[2026-03-10T11:34:30.872Z]   EXT: https://www.cmffevents.com
[2026-03-10T11:34:30.872Z]   EXT: https://www.consciousevolutionmedia.com
[2026-03-10T11:34:30.872Z]   EXT: https://www.coop-breizh.com
[2026-03-10T11:34:30.872Z]   EXT: https://www.creativejuicesmusic.com
[2026-03-10T11:34:30.872Z]   EXT: https://www.cursosmooc.org
[2026-03-10T11:34:30.872Z]   EXT: https://www.customizabooks.com
[2026-03-10T11:34:30.872Z]   EXT: https://www.cxsofteng.com
[2026-03-10T11:34:30.872Z]   EXT: https://www.daerahistimewayogyakarta.online
[2026-03-10T11:34:30.872Z]   EXT: https://www.darkwoodsmybetrothed.com
[2026-03-10T11:34:30.872Z]   EXT: https://www.daym-karadadesign.com
[2026-03-10T11:34:30.872Z]   EXT: https://www.dbestie.com
[2026-03-10T11:34:30.873Z]   EXT: https://www.descubrebooks.com
[2026-03-10T11:34:30.873Z]   EXT: https://www.dewmotion.com
[2026-03-10T11:34:30.873Z]   EXT: https://www.differentgame.org
[2026-03-10T11:34:30.873Z]   EXT: https://www.dkijakarta.online
[2026-03-10T11:34:30.873Z]   EXT: https://www.duniaonlinekita.store
[2026-03-10T11:34:30.873Z]   EXT: https://www.dwadme.com
[2026-03-10T11:34:30.873Z]   EXT: https://www.e-siminuki.net
[2026-03-10T11:34:30.873Z]   EXT: https://www.edgefieldfarm.com
[2026-03-10T11:34:30.873Z]   EXT: https://www.eucaliptusbeach.com
[2026-03-10T11:34:30.873Z]   EXT: https://www.eulacias.org
[2026-03-10T11:34:30.873Z]   EXT: https://www.everest-gaming.org
[2026-03-10T11:34:30.873Z]   EXT: https://www.facebook.com/typemock
[2026-03-10T11:34:30.873Z]   EXT: https://www.familysquarerestaurant.com
[2026-03-10T11:34:30.873Z]   EXT: https://www.fchatzigianis.com
[2026-03-10T11:34:30.873Z]   EXT: https://www.federationwushu.org
[2026-03-10T11:34:30.873Z]   EXT: https://www.festivalwallpaper.com
[2026-03-10T11:34:30.873Z]   EXT: https://www.foodandwaterinstitute.org
[2026-03-10T11:34:30.873Z]   EXT: https://www.footjuniors.com
[2026-03-10T11:34:30.873Z]   EXT: https://www.frickinbrite.com
[2026-03-10T11:34:30.874Z]   EXT: https://www.gal-pal.com
[2026-03-10T11:34:30.874Z]   EXT: https://www.grupopunset.com
[2026-03-10T11:34:30.874Z]   EXT: https://www.hanzawa-banker.com
[2026-03-10T11:34:30.874Z]   EXT: https://www.harrison-marks.com
[2026-03-10T11:34:30.874Z]   EXT: https://www.heartbreakhoteljetty.com
[2026-03-10T11:34:30.874Z]   EXT: https://www.henrycountybattlefield.com
[2026-03-10T11:34:30.874Z]   EXT: https://www.hizliresimupload.com
[2026-03-10T11:34:30.874Z]   EXT: https://www.i168.net
[2026-03-10T11:34:30.874Z]   EXT: https://www.iambermudian.com
[2026-03-10T11:34:30.874Z]   EXT: https://www.imgcouch.com
[2026-03-10T11:34:30.874Z]   EXT: https://www.iphone-q.com
[2026-03-10T11:34:30.874Z]   EXT: https://www.ironbull-tanks.com
[2026-03-10T11:34:30.874Z]   EXT: https://www.irukado.org
[2026-03-10T11:34:30.874Z]   EXT: https://www.jackass-fan.info
[2026-03-10T11:34:30.874Z]   EXT: https://www.jakartaultra100.com
[2026-03-10T11:34:30.874Z]   EXT: https://www.jawabarat.online
[2026-03-10T11:34:30.874Z]   EXT: https://www.jilloverevolution.com
[2026-03-10T11:34:30.875Z]   EXT: https://www.jonasadolfsen.com
[2026-03-10T11:34:30.875Z]   EXT: https://www.jtwitter.com
[2026-03-10T11:34:30.875Z]   EXT: https://www.kampungkita.store
[2026-03-10T11:34:30.875Z]   EXT: https://www.karma-dance.net
[2026-03-10T11:34:30.875Z]   EXT: https://www.kerjaanberes.online
[2026-03-10T11:34:30.875Z]   EXT: https://www.kerjaaslijokowi.online
[2026-03-10T11:34:30.875Z]   EXT: https://www.lardodicolonnata.org
[2026-03-10T11:34:30.875Z]   EXT: https://www.letdempseydoit.com
[2026-03-10T11:34:30.875Z]   EXT: https://www.linkedin.com/company/typemock-ltd
[2026-03-10T11:34:30.875Z]   EXT: https://www.local-store.co
[2026-03-10T11:34:30.875Z]   EXT: https://www.londondailyreport.com
[2026-03-10T11:34:30.875Z]   EXT: https://www.machinage.net
[2026-03-10T11:34:30.875Z]   EXT: https://www.makanmanakita.store
[2026-03-10T11:34:30.875Z]   EXT: https://www.makassarindonesia.online
[2026-03-10T11:34:30.875Z]   EXT: https://www.mamacon.net
[2026-03-10T11:34:30.875Z]   EXT: https://www.mandom-beauty.com
[2026-03-10T11:34:30.875Z]   EXT: https://www.maskerseven.com
[2026-03-10T11:34:30.875Z]   EXT: https://www.mbcast.co
[2026-03-10T11:34:30.875Z]   EXT: https://www.meaning-name.net
[2026-03-10T11:34:30.875Z]   EXT: https://www.medantembung.online
[2026-03-10T11:34:30.875Z]   EXT: https://www.miquelpellicer.info
[2026-03-10T11:34:30.876Z]   EXT: https://www.mlivepost.com
[2026-03-10T11:34:30.876Z]   EXT: https://www.montessori-uk.org
[2026-03-10T11:34:30.876Z]   EXT: https://www.montrealmemes.com
[2026-03-10T11:34:30.876Z]   EXT: https://www.mormonartwiki.org
[2026-03-10T11:34:30.876Z]   EXT: https://www.morningnewspost.com
[2026-03-10T11:34:30.876Z]   EXT: https://www.mynotronsetup.com
[2026-03-10T11:34:30.876Z]   EXT: https://www.nagioswiki.com
[2026-03-10T11:34:30.876Z]   EXT: https://www.ncjppk.org
[2026-03-10T11:34:30.876Z]   EXT: https://www.ncpc.info
[2026-03-10T11:34:30.876Z]   EXT: https://www.newsnn.org
[2026-03-10T11:34:30.876Z]   EXT: https://www.nocmuzeja.org
[2026-03-10T11:34:30.876Z]   EXT: https://www.noraregiontrends.org
[2026-03-10T11:34:30.876Z]   EXT: https://www.nusatenggarabarat.online
[2026-03-10T11:34:30.876Z]   EXT: https://www.nusatenggaratimur.online
[2026-03-10T11:34:30.876Z]   EXT: https://www.nyindependenceparty.com
[2026-03-10T11:34:30.876Z]   EXT: https://www.obatflubatuk.com
[2026-03-10T11:34:30.876Z]   EXT: https://www.odpodcast.co
[2026-03-10T11:34:30.876Z]   EXT: https://www.offfast.com
[2026-03-10T11:34:30.876Z]   EXT: https://www.officecomcomoffice.com
[2026-03-10T11:34:30.876Z]   EXT: https://www.omfent.com
[2026-03-10T11:34:30.876Z]   EXT: https://www.ontherightinva.com
[2026-03-10T11:34:30.877Z]   EXT: https://www.organicgroove.net
[2026-03-10T11:34:30.877Z]   EXT: https://www.orpostal.org
[2026-03-10T11:34:30.877Z]   EXT: https://www.pangkalpinang.online
[2026-03-10T11:34:30.877Z]   EXT: https://www.papuabaratdaya.online
[2026-03-10T11:34:30.877Z]   EXT: https://www.partaimerdeka.com
[2026-03-10T11:34:30.877Z]   EXT: https://www.payinhour.com
[2026-03-10T11:34:30.877Z]   EXT: https://www.pemiluasongan.online
[2026-03-10T11:34:30.877Z]   EXT: https://www.penggemar.info
[2026-03-10T11:34:30.877Z]   EXT: https://www.perbasketan.store
[2026-03-10T11:34:30.877Z]   EXT: https://www.persatuan.info
[2026-03-10T11:34:30.877Z]   EXT: https://www.pesticidefreebc.org
[2026-03-10T11:34:30.877Z]   EXT: https://www.pixtoken.co
[2026-03-10T11:34:30.877Z]   EXT: https://www.plimus.com/jsp/buynow.jsp?currency=USD&bCur=USD&quantity=1&ald=N&contractId=3245368&referrer=
[2026-03-10T11:34:30.877Z]   EXT: https://www.plimus.com/jsp/buynow.jsp?currency=USD&bCur=USD&quantity=1&ald=N&contractId=3415256&referrer=
[2026-03-10T11:34:30.877Z]   EXT: https://www.printer-helpnumber.com
[2026-03-10T11:34:30.877Z]   EXT: https://www.provinsi-aceh.online
[2026-03-10T11:34:30.877Z]   EXT: https://www.rakyatindonesia.info
[2026-03-10T11:34:30.877Z]   EXT: https://www.randommullet.com
[2026-03-10T11:34:30.877Z]   EXT: https://www.redlinebookfestival.com
[2026-03-10T11:34:30.877Z]   EXT: https://www.rocpridefest.org
[2026-03-10T11:34:30.877Z]   EXT: https://www.rromaniconnect.org
[2026-03-10T11:34:30.877Z]   EXT: https://www.sandsandhall.com
[2026-03-10T11:34:30.878Z]   EXT: https://www.schoenenplace.com
[2026-03-10T11:34:30.878Z]   EXT: https://www.sg-soc.com
[2026-03-10T11:34:30.878Z]   EXT: https://www.sincerelycollins.com
[2026-03-10T11:34:30.878Z]   EXT: https://www.skidrowismyhome.com
[2026-03-10T11:34:30.878Z]   EXT: https://www.sonyaclark.net
[2026-03-10T11:34:30.878Z]   EXT: https://www.sulawesiselatan.online
[2026-03-10T11:34:30.878Z]   EXT: https://www.sumaterabarat.online
[2026-03-10T11:34:30.878Z]   EXT: https://www.sumaterautara.online
[2026-03-10T11:34:30.878Z]   EXT: https://www.summerlovefilm.com
[2026-03-10T11:34:30.878Z]   EXT: https://www.tapreason.com
[2026-03-10T11:34:30.878Z]   EXT: https://www.thefooo.com
[2026-03-10T11:34:30.878Z]   EXT: https://www.theurbanelitist.com
[2026-03-10T11:34:30.878Z]   EXT: https://www.thewombat.org
[2026-03-10T11:34:30.878Z]   EXT: https://www.toapi.org
[2026-03-10T11:34:30.878Z]   EXT: https://www.toyonavi.com
[2026-03-10T11:34:30.878Z]   EXT: https://www.truckafloat.com
[2026-03-10T11:34:30.878Z]   EXT: https://www.updateallapps.com
[2026-03-10T11:34:30.878Z]   EXT: https://www.vanicinrock.org
[2026-03-10T11:34:30.878Z]   EXT: https://www.ventureconnects.biz
[2026-03-10T11:34:30.878Z]   EXT: https://www.vidiotsannex.com
[2026-03-10T11:34:30.878Z]   EXT: https://www.vieetcie.com
[2026-03-10T11:34:30.879Z]   EXT: https://www.vintagemamascottage.com
[2026-03-10T11:34:30.879Z]   EXT: https://www.vivalastatic.com
[2026-03-10T11:34:30.879Z]   EXT: https://www.vocesecu.com
[2026-03-10T11:34:30.879Z]   EXT: https://www.vslhairdesign.com
[2026-03-10T11:34:30.879Z]   EXT: https://www.wallpapersdesign.net
[2026-03-10T11:34:30.879Z]   EXT: https://www.win-store.biz
[2026-03-10T11:34:30.879Z]   EXT: https://www.write-mypaperforme.com
[2026-03-10T11:34:30.879Z]   EXT: https://www.yogyakarta.online
[2026-03-10T11:34:30.879Z]   EXT: https://www.ziofascism.net
[2026-03-10T11:34:30.879Z]   EXT: https://wyoming-tourism.com
[2026-03-10T11:34:30.879Z]   EXT: https://yuriyamada.info
[2026-03-10T11:34:30.879Z]   EXT: https://zers-group.com
[2026-03-10T11:34:30.879Z] ── Step 1: Programmatic categorization ──
[2026-03-10T11:34:30.879Z]   UNCATEGORIZED: http://35.204.123.179/answers
[2026-03-10T11:34:30.879Z]   UNCATEGORIZED: http://35.204.123.179/docs
[2026-03-10T11:34:30.880Z]   UNCATEGORIZED: http://35.204.123.179/docs/?book=Ipp&page=introduction.htm
[2026-03-10T11:34:30.880Z]   UNCATEGORIZED: http://eepurl.com/xyMp9
[2026-03-10T11:34:30.880Z]   UNCATEGORIZED: http://kabupatenpati.com
[2026-03-10T11:34:30.880Z]   UNCATEGORIZED: http://www.aicracy.ai
[2026-03-10T11:34:30.880Z]   UNCATEGORIZED: https://1click2computers.com
[2026-03-10T11:34:30.880Z]   UNCATEGORIZED: https://2k20lockercode.com
[2026-03-10T11:34:30.880Z]   UNCATEGORIZED: https://abelhadesign.com
[2026-03-10T11:34:30.880Z]   UNCATEGORIZED: https://accrabookfest.com
[2026-03-10T11:34:30.880Z]   UNCATEGORIZED: https://acrosstheatlanticband.com
[2026-03-10T11:34:30.880Z]   UNCATEGORIZED: https://actiontogetherma.com
[2026-03-10T11:34:30.880Z]   UNCATEGORIZED: https://acworldtour.com
[2026-03-10T11:34:30.880Z]   UNCATEGORIZED: https://affiliationregisteredcelticsupporters.org
[2026-03-10T11:34:30.880Z]   UNCATEGORIZED: https://agenciadepubli.com
[2026-03-10T11:34:30.880Z]   UNCATEGORIZED: https://ahpper.org
[2026-03-10T11:34:30.880Z]   UNCATEGORIZED: https://airberlin-binoli.com
[2026-03-10T11:34:30.880Z]   UNCATEGORIZED: https://akkuschrauber-heinrich.com
[2026-03-10T11:34:30.881Z]   UNCATEGORIZED: https://alabama-tourism.com
[2026-03-10T11:34:30.881Z]   UNCATEGORIZED: https://allaboutj.me
[2026-03-10T11:34:30.881Z]   UNCATEGORIZED: https://amonimageparis.com
[2026-03-10T11:34:30.881Z]   UNCATEGORIZED: https://angelo-munich.com
[2026-03-10T11:34:30.881Z]   UNCATEGORIZED: https://annasewhoy.com
[2026-03-10T11:34:30.881Z]   UNCATEGORIZED: https://apinatbio.com
[2026-03-10T11:34:30.881Z]   UNCATEGORIZED: https://appsmashups.com
[2026-03-10T11:34:30.881Z]   UNCATEGORIZED: https://arizona-tourism.com
[2026-03-10T11:34:30.881Z]   UNCATEGORIZED: https://arteunhas.com
[2026-03-10T11:34:30.881Z]   UNCATEGORIZED: https://azhomesbykellycook.com
[2026-03-10T11:34:30.881Z]   UNCATEGORIZED: https://baconvstacos.com
[2026-03-10T11:34:30.881Z]   UNCATEGORIZED: https://badioustudies.org
[2026-03-10T11:34:30.881Z]   UNCATEGORIZED: https://baldness-cure.org
[2026-03-10T11:34:30.881Z]   UNCATEGORIZED: https://bananaleafofcolumbus.com
[2026-03-10T11:34:30.881Z]   UNCATEGORIZED: https://barnabeats.com
[2026-03-10T11:34:30.882Z]   UNCATEGORIZED: https://beercomponents.com
[2026-03-10T11:34:30.882Z]   UNCATEGORIZED: https://bestialdeltragaluz.com
[2026-03-10T11:34:30.882Z]   UNCATEGORIZED: https://bethelislandgolf.com
[2026-03-10T11:34:30.882Z]   UNCATEGORIZED: https://bioleaders-forum.com
[2026-03-10T11:34:30.882Z]   UNCATEGORIZED: https://bistro1491.com
[2026-03-10T11:34:30.882Z]   UNCATEGORIZED: https://blackspeachesandbakery.com
[2026-03-10T11:34:30.882Z]   UNCATEGORIZED: https://bmwquebec.com
[2026-03-10T11:34:30.882Z]   UNCATEGORIZED: https://camionesybuses.com
[2026-03-10T11:34:30.882Z]   UNCATEGORIZED: https://captainkelly.org
[2026-03-10T11:34:30.882Z]   UNCATEGORIZED: https://caracoleando.org
[2026-03-10T11:34:30.882Z]   UNCATEGORIZED: https://cardiorisc.com
[2026-03-10T11:34:30.882Z]   UNCATEGORIZED: https://cfxpaintworks.com
[2026-03-10T11:34:30.882Z]   UNCATEGORIZED: https://changeisfun.com
[2026-03-10T11:34:30.882Z]   UNCATEGORIZED: https://charioworld.com
[2026-03-10T11:34:30.883Z]   UNCATEGORIZED: https://cheap-omegas-watches.com
[2026-03-10T11:34:30.883Z]   UNCATEGORIZED: https://choicemattersmidwifecollective.com
[2026-03-10T11:34:30.883Z]   UNCATEGORIZED: https://christian-alliance-for-orphans.org
[2026-03-10T11:34:30.883Z]   UNCATEGORIZED: https://churchillsofbuckhead.com
[2026-03-10T11:34:30.883Z]   UNCATEGORIZED: https://cikgusiber.com
[2026-03-10T11:34:30.883Z]   UNCATEGORIZED: https://civilengineerlink.com
[2026-03-10T11:34:30.883Z]   UNCATEGORIZED: https://claytoncardinals.org
[2026-03-10T11:34:30.883Z]   UNCATEGORIZED: https://cleanmachinecarcare.com
[2026-03-10T11:34:30.883Z]   UNCATEGORIZED: https://clinique-lipofilling-tunisie.com
[2026-03-10T11:34:30.883Z]   UNCATEGORIZED: https://colectivocaracol.org
[2026-03-10T11:34:30.883Z]   UNCATEGORIZED: https://colegiosabiduria.com
[2026-03-10T11:34:30.883Z]   UNCATEGORIZED: https://coloradodocumentsecurity.org
[2026-03-10T11:34:30.883Z]   UNCATEGORIZED: https://comoquitarlacaspa.org
[2026-03-10T11:34:30.883Z]   UNCATEGORIZED: https://contromanoilfilm.com
[2026-03-10T11:34:30.883Z]   UNCATEGORIZED: https://convertyoutubevideo.org
[2026-03-10T11:34:30.883Z]   UNCATEGORIZED: https://coopbellaflor.org
[2026-03-10T11:34:30.884Z]   UNCATEGORIZED: https://cpns-indonesia.com
[2026-03-10T11:34:30.884Z]   UNCATEGORIZED: https://culinarycamper.com
[2026-03-10T11:34:30.884Z]   UNCATEGORIZED: https://davematthewsblog.com
[2026-03-10T11:34:30.884Z]   UNCATEGORIZED: https://daytonabeachswimming.org
[2026-03-10T11:34:30.884Z]   UNCATEGORIZED: https://decoratingfusion.com
[2026-03-10T11:34:30.884Z]   UNCATEGORIZED: https://dekolibrie.org
[2026-03-10T11:34:30.884Z]   UNCATEGORIZED: https://delaware-tourism.com
[2026-03-10T11:34:30.884Z]   UNCATEGORIZED: https://desahanmanja.com
[2026-03-10T11:34:30.884Z]   UNCATEGORIZED: https://descargarimo.com
[2026-03-10T11:34:30.884Z]   UNCATEGORIZED: https://designbygoci.com
[2026-03-10T11:34:30.884Z]   UNCATEGORIZED: https://destinoveracruz.com
[2026-03-10T11:34:30.884Z]   UNCATEGORIZED: https://dewasaku.com
[2026-03-10T11:34:30.884Z]   UNCATEGORIZED: https://dharmayogaandart.com
[2026-03-10T11:34:30.884Z]   UNCATEGORIZED: https://diegovasallo.info
[2026-03-10T11:34:30.884Z]   UNCATEGORIZED: https://directphotonics.com
[2026-03-10T11:34:30.885Z]   UNCATEGORIZED: https://diskopbanjarkab.com
[2026-03-10T11:34:30.885Z]   UNCATEGORIZED: https://doggyswagshop.com
[2026-03-10T11:34:30.885Z]   UNCATEGORIZED: https://donemlilavolta.org
[2026-03-10T11:34:30.885Z]   UNCATEGORIZED: https://dpuairjatimprov.com
[2026-03-10T11:34:30.885Z]   UNCATEGORIZED: https://economicnewsdaily.com
[2026-03-10T11:34:30.885Z]   UNCATEGORIZED: https://ehtsimoneortega.com
[2026-03-10T11:34:30.885Z]   UNCATEGORIZED: https://espaiorigens.com
[2026-03-10T11:34:30.885Z]   UNCATEGORIZED: https://essayray.com
[2026-03-10T11:34:30.885Z]   UNCATEGORIZED: https://eventbareng.com
[2026-03-10T11:34:30.885Z]   UNCATEGORIZED: https://evolutiontelemedicine.com
[2026-03-10T11:34:30.885Z]   UNCATEGORIZED: https://examsun.com
[2026-03-10T11:34:30.885Z]   UNCATEGORIZED: https://experimentalpoetics.com
[2026-03-10T11:34:30.885Z]   UNCATEGORIZED: https://facenews.org
[2026-03-10T11:34:30.885Z]   UNCATEGORIZED: https://fadhila.org
[2026-03-10T11:34:30.885Z]   UNCATEGORIZED: https://falloutfive0.com
[2026-03-10T11:34:30.885Z]   UNCATEGORIZED: https://fannins-collectables.com
[2026-03-10T11:34:30.886Z]   UNCATEGORIZED: https://farzinphoto.com
[2026-03-10T11:34:30.886Z]   UNCATEGORIZED: https://fashiontechsummit.me
[2026-03-10T11:34:30.886Z]   UNCATEGORIZED: https://fatihsultanmehmetmuzesi.com
[2026-03-10T11:34:30.886Z]   UNCATEGORIZED: https://fayeofficial.com
[2026-03-10T11:34:30.886Z]   UNCATEGORIZED: https://fenixresortsamui.com
[2026-03-10T11:34:30.886Z]   UNCATEGORIZED: https://fette-gallery.com
[2026-03-10T11:34:30.886Z]   UNCATEGORIZED: https://first2zero.com
[2026-03-10T11:34:30.886Z]   UNCATEGORIZED: https://fish-collection.com
[2026-03-10T11:34:30.886Z]   UNCATEGORIZED: https://foreignervip.com
[2026-03-10T11:34:30.886Z]   UNCATEGORIZED: https://forestfirehub.com
[2026-03-10T11:34:30.886Z]   UNCATEGORIZED: https://formcapcorp.com
[2026-03-10T11:34:30.886Z]   UNCATEGORIZED: https://formforthought.com
[2026-03-10T11:34:30.886Z]   UNCATEGORIZED: https://freeter-jutaku.org
[2026-03-10T11:34:30.886Z]   UNCATEGORIZED: https://frompage2stage.com
[2026-03-10T11:34:30.886Z]   UNCATEGORIZED: https://fukusuke.biz
[2026-03-10T11:34:30.887Z]   UNCATEGORIZED: https://fusioncrosstraining.com
[2026-03-10T11:34:30.887Z]   UNCATEGORIZED: https://g5live.com
[2026-03-10T11:34:30.887Z]   UNCATEGORIZED: https://garminlogin.org
[2026-03-10T11:34:30.887Z]   UNCATEGORIZED: https://geds-to-phds.org
[2026-03-10T11:34:30.887Z]   UNCATEGORIZED: https://gfrsh.com
[2026-03-10T11:34:30.887Z]   UNCATEGORIZED: https://gmseenet.org
[2026-03-10T11:34:30.887Z]   UNCATEGORIZED: https://gogakeys.com
[2026-03-10T11:34:30.887Z]   UNCATEGORIZED: https://gorilla-trip.com
[2026-03-10T11:34:30.887Z]   UNCATEGORIZED: https://grabun.com
[2026-03-10T11:34:30.887Z]   UNCATEGORIZED: https://granitemanhalfmarathon.com
[2026-03-10T11:34:30.887Z]   UNCATEGORIZED: https://greatlifequotes.org
[2026-03-10T11:34:30.887Z]   UNCATEGORIZED: https://greeksim.com
[2026-03-10T11:34:30.887Z]   UNCATEGORIZED: https://hackit-ukraine.com
[2026-03-10T11:34:30.887Z]   UNCATEGORIZED: https://hamachiturk.com
[2026-03-10T11:34:30.888Z]   UNCATEGORIZED: https://hawaii-ga-compe.com
[2026-03-10T11:34:30.888Z]   UNCATEGORIZED: https://heliosjournal.com
[2026-03-10T11:34:30.888Z]   UNCATEGORIZED: https://hitinnsmushrooms.com
[2026-03-10T11:34:30.888Z]   UNCATEGORIZED: https://hoeffelforsenate.com
[2026-03-10T11:34:30.888Z]   UNCATEGORIZED: https://holeinthewallatlanta.com
[2026-03-10T11:34:30.888Z]   UNCATEGORIZED: https://honestfashionstore.com
[2026-03-10T11:34:30.888Z]   UNCATEGORIZED: https://hotdealsproduct.com
[2026-03-10T11:34:30.888Z]   UNCATEGORIZED: https://hotel-aleksander.com
[2026-03-10T11:34:30.888Z]   UNCATEGORIZED: https://hushamericanbistro.com
[2026-03-10T11:34:30.888Z]   UNCATEGORIZED: https://hydra-deicers.com
[2026-03-10T11:34:30.888Z]   UNCATEGORIZED: https://iamgreta-derfilm.com
[2026-03-10T11:34:30.888Z]   UNCATEGORIZED: https://ibbgomaha.com
[2026-03-10T11:34:30.888Z]   UNCATEGORIZED: https://ibizcard.biz
[2026-03-10T11:34:30.889Z]   UNCATEGORIZED: https://iceoplexescondido.com
[2026-03-10T11:34:30.889Z]   UNCATEGORIZED: https://igooglemaps.com
[2026-03-10T11:34:30.889Z]   UNCATEGORIZED: https://iis-refunds.com
[2026-03-10T11:34:30.889Z]   UNCATEGORIZED: https://ilustramar.com
[2026-03-10T11:34:30.889Z]   UNCATEGORIZED: https://ilyenazenpapom.com
[2026-03-10T11:34:30.889Z]   UNCATEGORIZED: https://incubadoradeartistas.com
[2026-03-10T11:34:30.889Z]   UNCATEGORIZED: https://indusresearch.org
[2026-03-10T11:34:30.889Z]   UNCATEGORIZED: https://integraltradition.com
[2026-03-10T11:34:30.889Z]   UNCATEGORIZED: https://intoxicatestudios.com
[2026-03-10T11:34:30.889Z]   UNCATEGORIZED: https://investraction.com
[2026-03-10T11:34:30.889Z]   UNCATEGORIZED: https://iogwin.com
[2026-03-10T11:34:30.889Z]   UNCATEGORIZED: https://iowa-tourism.com
[2026-03-10T11:34:30.889Z]   UNCATEGORIZED: https://isd-webspace.com
[2026-03-10T11:34:30.889Z]   UNCATEGORIZED: https://ispank.me
[2026-03-10T11:34:30.889Z]   UNCATEGORIZED: https://jansoncoffeefarm.com
[2026-03-10T11:34:30.890Z]   UNCATEGORIZED: https://jeparainternational.com
[2026-03-10T11:34:30.890Z]   UNCATEGORIZED: https://jesuisuniquevetement.com
[2026-03-10T11:34:30.890Z]   UNCATEGORIZED: https://jornadaicofcv.org
[2026-03-10T11:34:30.890Z]   UNCATEGORIZED: https://juegodemonos.com
[2026-03-10T11:34:30.890Z]   UNCATEGORIZED: https://kansas-tourism.com
[2026-03-10T11:34:30.890Z]   UNCATEGORIZED: https://karocel.com
[2026-03-10T11:34:30.890Z]   UNCATEGORIZED: https://kbri-beirut.org
[2026-03-10T11:34:30.890Z]   UNCATEGORIZED: https://kevin-life.com
[2026-03-10T11:34:30.890Z]   UNCATEGORIZED: https://khadamat-makkah.com
[2026-03-10T11:34:30.890Z]   UNCATEGORIZED: https://kidselectrictoys.com
[2026-03-10T11:34:30.890Z]   UNCATEGORIZED: https://kitchen-k.com
[2026-03-10T11:34:30.890Z]   UNCATEGORIZED: https://lautre-editions.com
[2026-03-10T11:34:30.890Z]   UNCATEGORIZED: https://lolpetbeds.com
[2026-03-10T11:34:30.890Z]   UNCATEGORIZED: https://louisiana-tourism.com
[2026-03-10T11:34:30.891Z]   UNCATEGORIZED: https://madforarts.org
[2026-03-10T11:34:30.891Z]   UNCATEGORIZED: https://madisoncineworld.com
[2026-03-10T11:34:30.891Z]   UNCATEGORIZED: https://magic-kyoto2019.com
[2026-03-10T11:34:30.891Z]   UNCATEGORIZED: https://maisonmagnan.com
[2026-03-10T11:34:30.891Z]   UNCATEGORIZED: https://malgouyres.org
[2026-03-10T11:34:30.891Z]   UNCATEGORIZED: https://manipalcityandguilds.com
[2026-03-10T11:34:30.891Z]   UNCATEGORIZED: https://marciasflooring.com
[2026-03-10T11:34:30.891Z]   UNCATEGORIZED: https://marinaguiuilustracion.com
[2026-03-10T11:34:30.891Z]   UNCATEGORIZED: https://marriagecounselingstlouis.com
[2026-03-10T11:34:30.891Z]   UNCATEGORIZED: https://mashspargeboil.com
[2026-03-10T11:34:30.891Z]   UNCATEGORIZED: https://mcminnvillehonda.com
[2026-03-10T11:34:30.891Z]   UNCATEGORIZED: https://mecofancoils.com
[2026-03-10T11:34:30.891Z]   UNCATEGORIZED: https://mediterraneanphototours.com
[2026-03-10T11:34:30.892Z]   UNCATEGORIZED: https://megjayanth.com
[2026-03-10T11:34:30.892Z]   UNCATEGORIZED: https://mezzebarnyc.com
[2026-03-10T11:34:30.892Z]   UNCATEGORIZED: https://mgalleryoffineart.com
[2026-03-10T11:34:30.892Z]   UNCATEGORIZED: https://mic50.org
[2026-03-10T11:34:30.892Z]   UNCATEGORIZED: https://minetransportbr.com
[2026-03-10T11:34:30.892Z]   UNCATEGORIZED: https://minnesota-tourism.com
[2026-03-10T11:34:30.892Z]   UNCATEGORIZED: https://mobiletiperz.com
[2026-03-10T11:34:30.892Z]   UNCATEGORIZED: https://monmaternite.com
[2026-03-10T11:34:30.892Z]   UNCATEGORIZED: https://monsterrobotstudios.com
[2026-03-10T11:34:30.892Z]   UNCATEGORIZED: https://montealduide.org
[2026-03-10T11:34:30.892Z]   UNCATEGORIZED: https://mountstreetgalleries.com
[2026-03-10T11:34:30.892Z]   UNCATEGORIZED: https://musamachina.com
[2026-03-10T11:34:30.892Z]   UNCATEGORIZED: https://musashino-campus.com
[2026-03-10T11:34:30.892Z]   UNCATEGORIZED: https://mutiraorio2016.com
[2026-03-10T11:34:30.892Z]   UNCATEGORIZED: https://muzasound.com
[2026-03-10T11:34:30.893Z]   UNCATEGORIZED: https://myeverwrite.com
[2026-03-10T11:34:30.893Z]   UNCATEGORIZED: https://myfrenchmuse.com
[2026-03-10T11:34:30.893Z]   UNCATEGORIZED: https://nacentralohio.com
[2026-03-10T11:34:30.893Z]   UNCATEGORIZED: https://naxanta.org
[2026-03-10T11:34:30.893Z]   UNCATEGORIZED: https://newbalanceshipping.com
[2026-03-10T11:34:30.893Z]   UNCATEGORIZED: https://newcamerareview.com
[2026-03-10T11:34:30.893Z]   UNCATEGORIZED: https://nfteducation.org
[2026-03-10T11:34:30.893Z]   UNCATEGORIZED: https://nicholaskory.com
[2026-03-10T11:34:30.893Z]   UNCATEGORIZED: https://ninoslongbeach.com
[2026-03-10T11:34:30.893Z]   UNCATEGORIZED: https://nobswall.com
[2026-03-10T11:34:30.893Z]   UNCATEGORIZED: https://obshtestvo.net
[2026-03-10T11:34:30.893Z]   UNCATEGORIZED: https://obuzzer.com
[2026-03-10T11:34:30.893Z]   UNCATEGORIZED: https://ofertassoriana.com
[2026-03-10T11:34:30.893Z]   UNCATEGORIZED: https://ogutierrezjr.com
[2026-03-10T11:34:30.894Z]   UNCATEGORIZED: https://oklahoma-tourism.com
[2026-03-10T11:34:30.894Z]   UNCATEGORIZED: https://onetruecatholicfaith.com
[2026-03-10T11:34:30.894Z]   UNCATEGORIZED: https://onevent.me
[2026-03-10T11:34:30.894Z]   UNCATEGORIZED: https://onlinepaydayloanstbb.org
[2026-03-10T11:34:30.894Z]   UNCATEGORIZED: https://pa-lubuksikaping.net
[2026-03-10T11:34:30.894Z]   UNCATEGORIZED: https://pa-solok.net
[2026-03-10T11:34:30.894Z]   UNCATEGORIZED: https://pahvantpost.com
[2026-03-10T11:34:30.894Z]   UNCATEGORIZED: https://parentingfaculty.com
[2026-03-10T11:34:30.894Z]   UNCATEGORIZED: https://patentyourkiss.com
[2026-03-10T11:34:30.894Z]   UNCATEGORIZED: https://pdiaijawatengah.id
[2026-03-10T11:34:30.894Z]   UNCATEGORIZED: https://pedallingabout.com
[2026-03-10T11:34:30.894Z]   UNCATEGORIZED: https://perfect-world.me
[2026-03-10T11:34:30.894Z]   UNCATEGORIZED: https://perpustakaanstikesmuda.net
[2026-03-10T11:34:30.894Z]   UNCATEGORIZED: https://poggiogagliardo.com
[2026-03-10T11:34:30.895Z]   UNCATEGORIZED: https://proyectopazla.org
[2026-03-10T11:34:30.895Z]   UNCATEGORIZED: https://raco-ryukyu.com
[2026-03-10T11:34:30.895Z]   UNCATEGORIZED: https://radiodefensavenezuela.com
[2026-03-10T11:34:30.895Z]   UNCATEGORIZED: https://rakkhitavana.com
[2026-03-10T11:34:30.895Z]   UNCATEGORIZED: https://rawdoghawaii.com
[2026-03-10T11:34:30.895Z]   UNCATEGORIZED: https://redmica.org
[2026-03-10T11:34:30.895Z]   UNCATEGORIZED: https://reelfishingteam.com
[2026-03-10T11:34:30.895Z]   UNCATEGORIZED: https://reinventairmobility.com
[2026-03-10T11:34:30.895Z]   UNCATEGORIZED: https://renatosc.com
[2026-03-10T11:34:30.895Z]   UNCATEGORIZED: https://revistadibus.com
[2026-03-10T11:34:30.895Z]   UNCATEGORIZED: https://revistaoz.com
[2026-03-10T11:34:30.895Z]   UNCATEGORIZED: https://richardtracybrand.com
[2026-03-10T11:34:30.895Z]   UNCATEGORIZED: https://robhowzespeaks.com
[2026-03-10T11:34:30.895Z]   UNCATEGORIZED: https://robynphoto.com
[2026-03-10T11:34:30.895Z]   UNCATEGORIZED: https://romsaction.org
[2026-03-10T11:34:30.895Z]   UNCATEGORIZED: https://samsungduyaneller.com
[2026-03-10T11:34:30.896Z]   UNCATEGORIZED: https://santanderfestivaldelmar.com
[2026-03-10T11:34:30.896Z]   UNCATEGORIZED: https://saranghoki2.com
[2026-03-10T11:34:30.896Z]   UNCATEGORIZED: https://savenicksorganicfarm.org
[2026-03-10T11:34:30.896Z]   UNCATEGORIZED: https://scldfriends.org
[2026-03-10T11:34:30.896Z]   UNCATEGORIZED: https://semeantojaunafiesta.com
[2026-03-10T11:34:30.896Z]   UNCATEGORIZED: https://seniorsfestival.org
[2026-03-10T11:34:30.896Z]   UNCATEGORIZED: https://sergeantblackart.com
[2026-03-10T11:34:30.896Z]   UNCATEGORIZED: https://sharonfornashville.com
[2026-03-10T11:34:30.896Z]   UNCATEGORIZED: https://shihtzuandyou.com
[2026-03-10T11:34:30.896Z]   UNCATEGORIZED: https://shoeshoppe.biz
[2026-03-10T11:34:30.896Z]   UNCATEGORIZED: https://simplead.info
[2026-03-10T11:34:30.896Z]   UNCATEGORIZED: https://situskarma.com
[2026-03-10T11:34:30.896Z]   UNCATEGORIZED: https://sixmonthsinsudan.com
[2026-03-10T11:34:30.896Z]   UNCATEGORIZED: https://sman1lubuklinggau.com
[2026-03-10T11:34:30.896Z]   UNCATEGORIZED: https://smugglerscoveislamorada.com
[2026-03-10T11:34:30.896Z]   UNCATEGORIZED: https://softava.com
[2026-03-10T11:34:30.897Z]   UNCATEGORIZED: https://soundstringcable.com
[2026-03-10T11:34:30.897Z]   UNCATEGORIZED: https://stametbinakagunungsitoli.com
[2026-03-10T11:34:30.897Z]   UNCATEGORIZED: https://stametbuntok.com
[2026-03-10T11:34:30.897Z]   UNCATEGORIZED: https://stametpangkalpinang.com
[2026-03-10T11:34:30.897Z]   UNCATEGORIZED: https://startupfolderwindows10.com
[2026-03-10T11:34:30.897Z]   UNCATEGORIZED: https://stemoproduction.info
[2026-03-10T11:34:30.897Z]   UNCATEGORIZED: https://stikeswidyahusada.com
[2026-03-10T11:34:30.897Z]   UNCATEGORIZED: https://stjohnsgoshen.com
[2026-03-10T11:34:30.897Z]   UNCATEGORIZED: https://stuartdancininthestreets.com
[2026-03-10T11:34:30.897Z]   UNCATEGORIZED: https://svadba-ukr.com
[2026-03-10T11:34:30.897Z]   UNCATEGORIZED: https://t-visto.com
[2026-03-10T11:34:30.897Z]   UNCATEGORIZED: https://t4haber.com
[2026-03-10T11:34:30.897Z]   UNCATEGORIZED: https://tatulegal.com
[2026-03-10T11:34:30.897Z]   UNCATEGORIZED: https://teachmorelovemore.com
[2026-03-10T11:34:30.897Z]   UNCATEGORIZED: https://teatrofilodrammatici.com
[2026-03-10T11:34:30.897Z]   UNCATEGORIZED: https://tennessee-tourism.com
[2026-03-10T11:34:30.897Z]   UNCATEGORIZED: https://the4thindustrialrevolution.org
[2026-03-10T11:34:30.898Z]   UNCATEGORIZED: https://thefairyprincessdiaries.com
[2026-03-10T11:34:30.898Z]   UNCATEGORIZED: https://thehousetime.com
[2026-03-10T11:34:30.898Z]   UNCATEGORIZED: https://thenonadventuresofasahm.com
[2026-03-10T11:34:30.898Z]   UNCATEGORIZED: https://theresidencesmarmenor.com
[2026-03-10T11:34:30.898Z]   UNCATEGORIZED: https://theryanoreillyband.com
[2026-03-10T11:34:30.898Z]   UNCATEGORIZED: https://thesandmaninn.com
[2026-03-10T11:34:30.898Z]   UNCATEGORIZED: https://thesmartcoffeeblog.com
[2026-03-10T11:34:30.898Z]   UNCATEGORIZED: https://tigerairshows.com
[2026-03-10T11:34:30.898Z]   UNCATEGORIZED: https://timesynchro.com
[2026-03-10T11:34:30.898Z]   UNCATEGORIZED: https://tonashinosobaya.info
[2026-03-10T11:34:30.898Z]   UNCATEGORIZED: https://topcomputertablets.com
[2026-03-10T11:34:30.898Z]   UNCATEGORIZED: https://tourist-croatia.com
[2026-03-10T11:34:30.898Z]   UNCATEGORIZED: https://trikcarainternet.com
[2026-03-10T11:34:30.898Z]   UNCATEGORIZED: https://trinityfilmfestival.org
[2026-03-10T11:34:30.898Z]   UNCATEGORIZED: https://tunbridgewellsatchristmas.com
[2026-03-10T11:34:30.898Z]   UNCATEGORIZED: https://turbinado.org
[2026-03-10T11:34:30.899Z]   UNCATEGORIZED: https://tvsantaluzia.com
[2026-03-10T11:34:30.899Z]   REGEX: tw <- https://twitter.com/typemock
[2026-03-10T11:34:30.899Z]   UNCATEGORIZED: https://txt2png.com
[2026-03-10T11:34:30.899Z]   UNCATEGORIZED: https://typemock.freshdesk.com/support/home
[2026-03-10T11:34:30.899Z]   UNCATEGORIZED: https://ufxloops.com
[2026-03-10T11:34:30.899Z]   UNCATEGORIZED: https://unityplaza.org
[2026-03-10T11:34:30.899Z]   UNCATEGORIZED: https://univete-assomption.org
[2026-03-10T11:34:30.899Z]   UNCATEGORIZED: https://unleashyouridentity.com
[2026-03-10T11:34:30.899Z]   UNCATEGORIZED: https://unlockedspot.com
[2026-03-10T11:34:30.899Z]   UNCATEGORIZED: https://utah-tourism.com
[2026-03-10T11:34:30.899Z]   UNCATEGORIZED: https://vemaybayngoctrinh.com
[2026-03-10T11:34:30.899Z]   UNCATEGORIZED: https://verandi.org
[2026-03-10T11:34:30.899Z]   UNCATEGORIZED: https://verisgold.com
[2026-03-10T11:34:30.899Z]   UNCATEGORIZED: https://verohermannsambin.com
[2026-03-10T11:34:30.899Z]   UNCATEGORIZED: https://viewswagen.com
[2026-03-10T11:34:30.900Z]   UNCATEGORIZED: https://vinosdelapatagonia.com
[2026-03-10T11:34:30.900Z]   UNCATEGORIZED: https://vrktravel.com
[2026-03-10T11:34:30.900Z]   UNCATEGORIZED: https://wartasumut.com
[2026-03-10T11:34:30.900Z]   UNCATEGORIZED: https://wavelengthsleisurecentre.com
[2026-03-10T11:34:30.900Z]   UNCATEGORIZED: https://wearechangechicago.com
[2026-03-10T11:34:30.900Z]   UNCATEGORIZED: https://web-apteka.com
[2026-03-10T11:34:30.900Z]   UNCATEGORIZED: https://webiconspng.com
[2026-03-10T11:34:30.900Z]   UNCATEGORIZED: https://webmoneytashkent.com
[2026-03-10T11:34:30.900Z]   UNCATEGORIZED: https://welchavery.com
[2026-03-10T11:34:30.900Z]   UNCATEGORIZED: https://wesschneider.com
[2026-03-10T11:34:30.900Z]   UNCATEGORIZED: https://westwoodcollegegeorgia.com
[2026-03-10T11:34:30.900Z]   UNCATEGORIZED: https://wholeheartedwoman.org
[2026-03-10T11:34:30.900Z]   UNCATEGORIZED: https://wisconsinfarmland.org
[2026-03-10T11:34:30.900Z]   UNCATEGORIZED: https://writemyessaycheap.org
[2026-03-10T11:34:30.900Z]   UNCATEGORIZED: https://www.5-minutes.net
[2026-03-10T11:34:30.901Z]   UNCATEGORIZED: https://www.ablon-group.com
[2026-03-10T11:34:30.901Z]   UNCATEGORIZED: https://www.adabankia.com
[2026-03-10T11:34:30.901Z]   UNCATEGORIZED: https://www.airbornebook.com
[2026-03-10T11:34:30.901Z]   UNCATEGORIZED: https://www.aksesorishape.store
[2026-03-10T11:34:30.901Z]   UNCATEGORIZED: https://www.allhit.org
[2026-03-10T11:34:30.901Z]   UNCATEGORIZED: https://www.amesburymusicfest.com
[2026-03-10T11:34:30.901Z]   UNCATEGORIZED: https://www.amigando.com
[2026-03-10T11:34:30.901Z]   UNCATEGORIZED: https://www.arwenphoto.com
[2026-03-10T11:34:30.901Z]   UNCATEGORIZED: https://www.aurora-israel.co
[2026-03-10T11:34:30.901Z]   UNCATEGORIZED: https://www.avtomati-igrat-online.com
[2026-03-10T11:34:30.901Z]   UNCATEGORIZED: https://www.ayswuvalentine.com
[2026-03-10T11:34:30.901Z]   UNCATEGORIZED: https://www.azafransolidario.org
[2026-03-10T11:34:30.901Z]   UNCATEGORIZED: https://www.baileysgarden.org
[2026-03-10T11:34:30.901Z]   UNCATEGORIZED: https://www.balidenpasar.online
[2026-03-10T11:34:30.901Z]   UNCATEGORIZED: https://www.baliprov.online
[2026-03-10T11:34:30.901Z]   UNCATEGORIZED: https://www.bandaaceh.online
[2026-03-10T11:34:30.902Z]   UNCATEGORIZED: https://www.bangrakthaicuisine.com
[2026-03-10T11:34:30.902Z]   UNCATEGORIZED: https://www.bantencilegon.online
[2026-03-10T11:34:30.902Z]   UNCATEGORIZED: https://www.bekerja.info
[2026-03-10T11:34:30.902Z]   UNCATEGORIZED: https://www.belarusdocs.com
[2026-03-10T11:34:30.902Z]   UNCATEGORIZED: https://www.bengkulu.online
[2026-03-10T11:34:30.902Z]   UNCATEGORIZED: https://www.bethmorey.com
[2026-03-10T11:34:30.902Z]   UNCATEGORIZED: https://www.bhinekka.info
[2026-03-10T11:34:30.902Z]   UNCATEGORIZED: https://www.boommovie.org
[2026-03-10T11:34:30.902Z]   UNCATEGORIZED: https://www.bowedison.com
[2026-03-10T11:34:30.902Z]   UNCATEGORIZED: https://www.bundanagita.info
[2026-03-10T11:34:30.902Z]   UNCATEGORIZED: https://www.c-sn.com
[2026-03-10T11:34:30.902Z]   UNCATEGORIZED: https://www.canoncomij-setup.com
[2026-03-10T11:34:30.902Z]   UNCATEGORIZED: https://www.casaafeliz.com
[2026-03-10T11:34:30.902Z]   UNCATEGORIZED: https://www.cbsbb.org
[2026-03-10T11:34:30.903Z]   UNCATEGORIZED: https://www.ceciliascloset.com
[2026-03-10T11:34:30.903Z]   UNCATEGORIZED: https://www.cegmenorca.org
[2026-03-10T11:34:30.903Z]   UNCATEGORIZED: https://www.chapelhillsds.org
[2026-03-10T11:34:30.903Z]   UNCATEGORIZED: https://www.cialispillsale.com
[2026-03-10T11:34:30.903Z]   UNCATEGORIZED: https://www.club-wakka.com
[2026-03-10T11:34:30.903Z]   UNCATEGORIZED: https://www.clubhairspray.com
[2026-03-10T11:34:30.903Z]   UNCATEGORIZED: https://www.cmffevents.com
[2026-03-10T11:34:30.903Z]   UNCATEGORIZED: https://www.consciousevolutionmedia.com
[2026-03-10T11:34:30.903Z]   UNCATEGORIZED: https://www.coop-breizh.com
[2026-03-10T11:34:30.903Z]   UNCATEGORIZED: https://www.creativejuicesmusic.com
[2026-03-10T11:34:30.903Z]   UNCATEGORIZED: https://www.cursosmooc.org
[2026-03-10T11:34:30.903Z]   UNCATEGORIZED: https://www.customizabooks.com
[2026-03-10T11:34:30.903Z]   UNCATEGORIZED: https://www.cxsofteng.com
[2026-03-10T11:34:30.903Z]   UNCATEGORIZED: https://www.daerahistimewayogyakarta.online
[2026-03-10T11:34:30.904Z]   UNCATEGORIZED: https://www.darkwoodsmybetrothed.com
[2026-03-10T11:34:30.904Z]   UNCATEGORIZED: https://www.daym-karadadesign.com
[2026-03-10T11:34:30.904Z]   UNCATEGORIZED: https://www.dbestie.com
[2026-03-10T11:34:30.904Z]   UNCATEGORIZED: https://www.descubrebooks.com
[2026-03-10T11:34:30.904Z]   UNCATEGORIZED: https://www.dewmotion.com
[2026-03-10T11:34:30.904Z]   UNCATEGORIZED: https://www.differentgame.org
[2026-03-10T11:34:30.904Z]   UNCATEGORIZED: https://www.dkijakarta.online
[2026-03-10T11:34:30.904Z]   UNCATEGORIZED: https://www.duniaonlinekita.store
[2026-03-10T11:34:30.904Z]   UNCATEGORIZED: https://www.dwadme.com
[2026-03-10T11:34:30.904Z]   UNCATEGORIZED: https://www.e-siminuki.net
[2026-03-10T11:34:30.904Z]   UNCATEGORIZED: https://www.edgefieldfarm.com
[2026-03-10T11:34:30.904Z]   UNCATEGORIZED: https://www.eucaliptusbeach.com
[2026-03-10T11:34:30.904Z]   UNCATEGORIZED: https://www.eulacias.org
[2026-03-10T11:34:30.904Z]   UNCATEGORIZED: https://www.everest-gaming.org
[2026-03-10T11:34:30.905Z]   REGEX: fb <- https://www.facebook.com/typemock
[2026-03-10T11:34:30.905Z]   UNCATEGORIZED: https://www.familysquarerestaurant.com
[2026-03-10T11:34:30.905Z]   UNCATEGORIZED: https://www.fchatzigianis.com
[2026-03-10T11:34:30.905Z]   UNCATEGORIZED: https://www.federationwushu.org
[2026-03-10T11:34:30.905Z]   UNCATEGORIZED: https://www.festivalwallpaper.com
[2026-03-10T11:34:30.905Z]   UNCATEGORIZED: https://www.foodandwaterinstitute.org
[2026-03-10T11:34:30.905Z]   UNCATEGORIZED: https://www.footjuniors.com
[2026-03-10T11:34:30.905Z]   UNCATEGORIZED: https://www.frickinbrite.com
[2026-03-10T11:34:30.905Z]   UNCATEGORIZED: https://www.gal-pal.com
[2026-03-10T11:34:30.905Z]   UNCATEGORIZED: https://www.grupopunset.com
[2026-03-10T11:34:30.905Z]   UNCATEGORIZED: https://www.hanzawa-banker.com
[2026-03-10T11:34:30.905Z]   UNCATEGORIZED: https://www.harrison-marks.com
[2026-03-10T11:34:30.905Z]   UNCATEGORIZED: https://www.heartbreakhoteljetty.com
[2026-03-10T11:34:30.906Z]   UNCATEGORIZED: https://www.henrycountybattlefield.com
[2026-03-10T11:34:30.906Z]   UNCATEGORIZED: https://www.hizliresimupload.com
[2026-03-10T11:34:30.906Z]   UNCATEGORIZED: https://www.i168.net
[2026-03-10T11:34:30.906Z]   UNCATEGORIZED: https://www.iambermudian.com
[2026-03-10T11:34:30.906Z]   UNCATEGORIZED: https://www.imgcouch.com
[2026-03-10T11:34:30.906Z]   UNCATEGORIZED: https://www.iphone-q.com
[2026-03-10T11:34:30.906Z]   UNCATEGORIZED: https://www.ironbull-tanks.com
[2026-03-10T11:34:30.906Z]   UNCATEGORIZED: https://www.irukado.org
[2026-03-10T11:34:30.906Z]   UNCATEGORIZED: https://www.jackass-fan.info
[2026-03-10T11:34:30.906Z]   UNCATEGORIZED: https://www.jakartaultra100.com
[2026-03-10T11:34:30.906Z]   UNCATEGORIZED: https://www.jawabarat.online
[2026-03-10T11:34:30.906Z]   UNCATEGORIZED: https://www.jilloverevolution.com
[2026-03-10T11:34:30.906Z]   UNCATEGORIZED: https://www.jonasadolfsen.com
[2026-03-10T11:34:30.907Z]   UNCATEGORIZED: https://www.jtwitter.com
[2026-03-10T11:34:30.907Z]   UNCATEGORIZED: https://www.kampungkita.store
[2026-03-10T11:34:30.907Z]   UNCATEGORIZED: https://www.karma-dance.net
[2026-03-10T11:34:30.907Z]   UNCATEGORIZED: https://www.kerjaanberes.online
[2026-03-10T11:34:30.907Z]   UNCATEGORIZED: https://www.kerjaaslijokowi.online
[2026-03-10T11:34:30.907Z]   UNCATEGORIZED: https://www.lardodicolonnata.org
[2026-03-10T11:34:30.907Z]   UNCATEGORIZED: https://www.letdempseydoit.com
[2026-03-10T11:34:30.907Z]   REGEX: li <- https://www.linkedin.com/company/typemock-ltd
[2026-03-10T11:34:30.907Z]   UNCATEGORIZED: https://www.local-store.co
[2026-03-10T11:34:30.907Z]   UNCATEGORIZED: https://www.londondailyreport.com
[2026-03-10T11:34:30.907Z]   UNCATEGORIZED: https://www.machinage.net
[2026-03-10T11:34:30.907Z]   UNCATEGORIZED: https://www.makanmanakita.store
[2026-03-10T11:34:30.907Z]   UNCATEGORIZED: https://www.makassarindonesia.online
[2026-03-10T11:34:30.907Z]   UNCATEGORIZED: https://www.mamacon.net
[2026-03-10T11:34:30.907Z]   UNCATEGORIZED: https://www.mandom-beauty.com
[2026-03-10T11:34:30.907Z]   UNCATEGORIZED: https://www.maskerseven.com
[2026-03-10T11:34:30.908Z]   UNCATEGORIZED: https://www.mbcast.co
[2026-03-10T11:34:30.908Z]   UNCATEGORIZED: https://www.meaning-name.net
[2026-03-10T11:34:30.908Z]   UNCATEGORIZED: https://www.medantembung.online
[2026-03-10T11:34:30.908Z]   UNCATEGORIZED: https://www.miquelpellicer.info
[2026-03-10T11:34:30.908Z]   UNCATEGORIZED: https://www.mlivepost.com
[2026-03-10T11:34:30.908Z]   UNCATEGORIZED: https://www.montessori-uk.org
[2026-03-10T11:34:30.908Z]   UNCATEGORIZED: https://www.montrealmemes.com
[2026-03-10T11:34:30.908Z]   UNCATEGORIZED: https://www.mormonartwiki.org
[2026-03-10T11:34:30.908Z]   UNCATEGORIZED: https://www.morningnewspost.com
[2026-03-10T11:34:30.908Z]   UNCATEGORIZED: https://www.mynotronsetup.com
[2026-03-10T11:34:30.908Z]   UNCATEGORIZED: https://www.nagioswiki.com
[2026-03-10T11:34:30.908Z]   UNCATEGORIZED: https://www.ncjppk.org
[2026-03-10T11:34:30.908Z]   UNCATEGORIZED: https://www.ncpc.info
[2026-03-10T11:34:30.908Z]   UNCATEGORIZED: https://www.newsnn.org
[2026-03-10T11:34:30.909Z]   UNCATEGORIZED: https://www.nocmuzeja.org
[2026-03-10T11:34:30.909Z]   UNCATEGORIZED: https://www.noraregiontrends.org
[2026-03-10T11:34:30.909Z]   UNCATEGORIZED: https://www.nusatenggarabarat.online
[2026-03-10T11:34:30.909Z]   UNCATEGORIZED: https://www.nusatenggaratimur.online
[2026-03-10T11:34:30.909Z]   UNCATEGORIZED: https://www.nyindependenceparty.com
[2026-03-10T11:34:30.909Z]   UNCATEGORIZED: https://www.obatflubatuk.com
[2026-03-10T11:34:30.909Z]   UNCATEGORIZED: https://www.odpodcast.co
[2026-03-10T11:34:30.909Z]   UNCATEGORIZED: https://www.offfast.com
[2026-03-10T11:34:30.909Z]   UNCATEGORIZED: https://www.officecomcomoffice.com
[2026-03-10T11:34:30.909Z]   UNCATEGORIZED: https://www.omfent.com
[2026-03-10T11:34:30.909Z]   UNCATEGORIZED: https://www.ontherightinva.com
[2026-03-10T11:34:30.909Z]   UNCATEGORIZED: https://www.organicgroove.net
[2026-03-10T11:34:30.909Z]   UNCATEGORIZED: https://www.orpostal.org
[2026-03-10T11:34:30.909Z]   UNCATEGORIZED: https://www.pangkalpinang.online
[2026-03-10T11:34:30.910Z]   UNCATEGORIZED: https://www.papuabaratdaya.online
[2026-03-10T11:34:30.910Z]   UNCATEGORIZED: https://www.partaimerdeka.com
[2026-03-10T11:34:30.910Z]   UNCATEGORIZED: https://www.payinhour.com
[2026-03-10T11:34:30.910Z]   UNCATEGORIZED: https://www.pemiluasongan.online
[2026-03-10T11:34:30.910Z]   UNCATEGORIZED: https://www.penggemar.info
[2026-03-10T11:34:30.910Z]   UNCATEGORIZED: https://www.perbasketan.store
[2026-03-10T11:34:30.910Z]   UNCATEGORIZED: https://www.persatuan.info
[2026-03-10T11:34:30.910Z]   UNCATEGORIZED: https://www.pesticidefreebc.org
[2026-03-10T11:34:30.910Z]   UNCATEGORIZED: https://www.pixtoken.co
[2026-03-10T11:34:30.910Z]   UNCATEGORIZED: https://www.plimus.com/jsp/buynow.jsp?currency=USD&bCur=USD&quantity=1&ald=N&contractId=3245368&referrer=
[2026-03-10T11:34:30.910Z]   UNCATEGORIZED: https://www.plimus.com/jsp/buynow.jsp?currency=USD&bCur=USD&quantity=1&ald=N&contractId=3415256&referrer=
[2026-03-10T11:34:30.911Z]   UNCATEGORIZED: https://www.printer-helpnumber.com
[2026-03-10T11:34:30.911Z]   UNCATEGORIZED: https://www.provinsi-aceh.online
[2026-03-10T11:34:30.911Z]   UNCATEGORIZED: https://www.rakyatindonesia.info
[2026-03-10T11:34:30.911Z]   UNCATEGORIZED: https://www.randommullet.com
[2026-03-10T11:34:30.911Z]   UNCATEGORIZED: https://www.redlinebookfestival.com
[2026-03-10T11:34:30.911Z]   UNCATEGORIZED: https://www.rocpridefest.org
[2026-03-10T11:34:30.911Z]   UNCATEGORIZED: https://www.rromaniconnect.org
[2026-03-10T11:34:30.911Z]   UNCATEGORIZED: https://www.sandsandhall.com
[2026-03-10T11:34:30.911Z]   UNCATEGORIZED: https://www.schoenenplace.com
[2026-03-10T11:34:30.911Z]   UNCATEGORIZED: https://www.sg-soc.com
[2026-03-10T11:34:30.911Z]   UNCATEGORIZED: https://www.sincerelycollins.com
[2026-03-10T11:34:30.911Z]   UNCATEGORIZED: https://www.skidrowismyhome.com
[2026-03-10T11:34:30.912Z]   UNCATEGORIZED: https://www.sonyaclark.net
[2026-03-10T11:34:30.912Z]   UNCATEGORIZED: https://www.sulawesiselatan.online
[2026-03-10T11:34:30.912Z]   UNCATEGORIZED: https://www.sumaterabarat.online
[2026-03-10T11:34:30.912Z]   UNCATEGORIZED: https://www.sumaterautara.online
[2026-03-10T11:34:30.912Z]   UNCATEGORIZED: https://www.summerlovefilm.com
[2026-03-10T11:34:30.912Z]   UNCATEGORIZED: https://www.tapreason.com
[2026-03-10T11:34:30.912Z]   UNCATEGORIZED: https://www.thefooo.com
[2026-03-10T11:34:30.912Z]   UNCATEGORIZED: https://www.theurbanelitist.com
[2026-03-10T11:34:30.912Z]   UNCATEGORIZED: https://www.thewombat.org
[2026-03-10T11:34:30.912Z]   UNCATEGORIZED: https://www.toapi.org
[2026-03-10T11:34:30.912Z]   UNCATEGORIZED: https://www.toyonavi.com
[2026-03-10T11:34:30.913Z]   UNCATEGORIZED: https://www.truckafloat.com
[2026-03-10T11:34:30.913Z]   UNCATEGORIZED: https://www.updateallapps.com
[2026-03-10T11:34:30.913Z]   UNCATEGORIZED: https://www.vanicinrock.org
[2026-03-10T11:34:30.913Z]   UNCATEGORIZED: https://www.ventureconnects.biz
[2026-03-10T11:34:30.913Z]   UNCATEGORIZED: https://www.vidiotsannex.com
[2026-03-10T11:34:30.913Z]   UNCATEGORIZED: https://www.vieetcie.com
[2026-03-10T11:34:30.913Z]   UNCATEGORIZED: https://www.vintagemamascottage.com
[2026-03-10T11:34:30.913Z]   UNCATEGORIZED: https://www.vivalastatic.com
[2026-03-10T11:34:30.913Z]   UNCATEGORIZED: https://www.vocesecu.com
[2026-03-10T11:34:30.913Z]   UNCATEGORIZED: https://www.vslhairdesign.com
[2026-03-10T11:34:30.913Z]   UNCATEGORIZED: https://www.wallpapersdesign.net
[2026-03-10T11:34:30.913Z]   UNCATEGORIZED: https://www.win-store.biz
[2026-03-10T11:34:30.913Z]   UNCATEGORIZED: https://www.write-mypaperforme.com
[2026-03-10T11:34:30.913Z]   UNCATEGORIZED: https://www.yogyakarta.online
[2026-03-10T11:34:30.913Z]   UNCATEGORIZED: https://www.ziofascism.net
[2026-03-10T11:34:30.914Z]   UNCATEGORIZED: https://wyoming-tourism.com
[2026-03-10T11:34:30.914Z]   UNCATEGORIZED: https://yuriyamada.info
[2026-03-10T11:34:30.914Z]   UNCATEGORIZED: https://zers-group.com
[2026-03-10T11:34:30.914Z] Programmatic result: ws:1, tw:1, fb:1, li:1 | 493 uncategorized
[2026-03-10T11:34:30.914Z] Sending uncategorized links + HTML sections to AI for analysis...
[2026-03-10T11:34:30.915Z] Saved AI prompt (23182 chars) to ai_prompt.txt
[2026-03-10T11:34:30.915Z]   AI: Connecting to LM Studio at http://100.86.94.30:1234 (model: Qwen2.5-72B-Instruct-GGUF)...
[2026-03-10T11:34:30.945Z]   AI: Connected — HTTP 200, waiting for first token...
[2026-03-10T11:36:28.496Z]   AI: First token received, streaming...
[2026-03-10T11:36:43.965Z]   AI streaming: 202 chars received (133.1s elapsed)
[2026-03-10T11:36:59.986Z]   AI streaming: 403 chars received (149.1s elapsed)
[2026-03-10T11:37:03.855Z] AI response complete: 460 chars in 152.9s
[2026-03-10T11:37:03.856Z] Saved AI response to ai_response.json
[2026-03-10T11:37:03.856Z] ── Parsing AI response (11 lines) ──
[2026-03-10T11:37:03.856Z]   AI LINK: https://www.typemock.com/isolatorpp-product-page/
[2026-03-10T11:37:03.856Z]   AI LINK: https://www.typemock.com/isolator-product-page/
[2026-03-10T11:37:03.856Z]   AI LINK: https://www.typemock.com/isolator-for-build-server/
[2026-03-10T11:37:03.856Z]   AI LINK: https://www.typemock.com/about-typemock/
[2026-03-10T11:37:03.856Z]   AI LINK: https://www.typemock.com/company-profile/
[2026-03-10T11:37:03.856Z]   AI LINK: https://www.typemock.com/careers/
[2026-03-10T11:37:03.856Z]   AI LINK: https://www.typemock.com/blog/
[2026-03-10T11:37:03.856Z]   AI LINK: https://www.typemock.com/virtual-patent-marking/
[2026-03-10T11:37:03.856Z]   AI LINK: https://www.typemock.com/typemocks-privacy-policy/
[2026-03-10T11:37:03.857Z]   AI LINK: https://www.typemock.com/eula/
[2026-03-10T11:37:03.857Z]   AI LINK: https://www.typemock.com/legal/
[2026-03-10T11:37:03.857Z] AI returned 11 valid links
[2026-03-10T11:37:03.857Z] ── Categorizing 11 AI-returned links ──
[2026-03-10T11:37:03.857Z]   AI→URLS: https://www.typemock.com/isolatorpp-product-page (cleaned from https://www.typemock.com/isolatorpp-product-page/)
[2026-03-10T11:37:03.857Z]   AI→URLS: https://www.typemock.com/isolator-product-page (cleaned from https://www.typemock.com/isolator-product-page/)
[2026-03-10T11:37:03.857Z]   AI→URLS: https://www.typemock.com/isolator-for-build-server (cleaned from https://www.typemock.com/isolator-for-build-server/)
[2026-03-10T11:37:03.857Z]   AI→URLS: https://www.typemock.com/about-typemock (cleaned from https://www.typemock.com/about-typemock/)
[2026-03-10T11:37:03.857Z]   AI→URLS: https://www.typemock.com/company-profile (cleaned from https://www.typemock.com/company-profile/)
[2026-03-10T11:37:03.857Z]   AI→URLS: https://www.typemock.com/careers (cleaned from https://www.typemock.com/careers/)
[2026-03-10T11:37:03.857Z]   AI→URLS: https://www.typemock.com/blog (cleaned from https://www.typemock.com/blog/)
[2026-03-10T11:37:03.857Z]   AI→URLS: https://www.typemock.com/virtual-patent-marking (cleaned from https://www.typemock.com/virtual-patent-marking/)
[2026-03-10T11:37:03.858Z]   AI→URLS: https://www.typemock.com/typemocks-privacy-policy (cleaned from https://www.typemock.com/typemocks-privacy-policy/)
[2026-03-10T11:37:03.858Z]   AI→URLS: https://www.typemock.com/eula (cleaned from https://www.typemock.com/eula/)
[2026-03-10T11:37:03.858Z]   AI→URLS: https://www.typemock.com/legal (cleaned from https://www.typemock.com/legal/)
[2026-03-10T11:37:03.859Z] ── Step 2b: Footer/header uncategorized links ──
[2026-03-10T11:37:03.859Z] Footer/header origins (492):
[2026-03-10T11:37:03.859Z]   FOOTER/HEADER ORIGIN: https://www.typemock.com
[2026-03-10T11:37:03.860Z]   FOOTER/HEADER ORIGIN: http://35.204.123.179
[2026-03-10T11:37:03.860Z]   FOOTER/HEADER ORIGIN: http://eepurl.com
[2026-03-10T11:37:03.860Z]   FOOTER/HEADER ORIGIN: http://www.typemock.com
[2026-03-10T11:37:03.860Z]   FOOTER/HEADER ORIGIN: https://=
[2026-03-10T11:37:03.860Z]   FOOTER/HEADER ORIGIN: https://www.familysquarerestaurant.com
[2026-03-10T11:37:03.860Z]   FOOTER/HEADER ORIGIN: https://www.karma-dance.net
[2026-03-10T11:37:03.860Z]   FOOTER/HEADER ORIGIN: https://www.henrycountybattlefield.com
[2026-03-10T11:37:03.860Z]   FOOTER/HEADER ORIGIN: https://www.edgefieldfarm.com
[2026-03-10T11:37:03.860Z]   FOOTER/HEADER ORIGIN: https://www.payinhour.com
[2026-03-10T11:37:03.860Z]   FOOTER/HEADER ORIGIN: https://www.belarusdocs.com
[2026-03-10T11:37:03.860Z]   FOOTER/HEADER ORIGIN: https://www.customizabooks.com
[2026-03-10T11:37:03.860Z]   FOOTER/HEADER ORIGIN: https://www.theurbanelitist.com
[2026-03-10T11:37:03.860Z]   FOOTER/HEADER ORIGIN: https://www.bangrakthaicuisine.com
[2026-03-10T11:37:03.860Z]   FOOTER/HEADER ORIGIN: https://www.thewombat.org
[2026-03-10T11:37:03.860Z]   FOOTER/HEADER ORIGIN: https://www.jilloverevolution.com
[2026-03-10T11:37:03.861Z]   FOOTER/HEADER ORIGIN: https://www.jtwitter.com
[2026-03-10T11:37:03.861Z]   FOOTER/HEADER ORIGIN: https://www.mlivepost.com
[2026-03-10T11:37:03.861Z]   FOOTER/HEADER ORIGIN: https://www.morningnewspost.com
[2026-03-10T11:37:03.861Z]   FOOTER/HEADER ORIGIN: https://www.nyindependenceparty.com
[2026-03-10T11:37:03.861Z]   FOOTER/HEADER ORIGIN: https://www.redlinebookfestival.com
[2026-03-10T11:37:03.861Z]   FOOTER/HEADER ORIGIN: https://www.sandsandhall.com
[2026-03-10T11:37:03.861Z]   FOOTER/HEADER ORIGIN: https://www.truckafloat.com
[2026-03-10T11:37:03.861Z]   FOOTER/HEADER ORIGIN: https://www.partaimerdeka.com
[2026-03-10T11:37:03.861Z]   FOOTER/HEADER ORIGIN: https://www.federationwushu.org
[2026-03-10T11:37:03.861Z]   FOOTER/HEADER ORIGIN: https://www.foodandwaterinstitute.org
[2026-03-10T11:37:03.861Z]   FOOTER/HEADER ORIGIN: https://www.rromaniconnect.org
[2026-03-10T11:37:03.861Z]   FOOTER/HEADER ORIGIN: https://www.tapreason.com
[2026-03-10T11:37:03.861Z]   FOOTER/HEADER ORIGIN: https://www.skidrowismyhome.com
[2026-03-10T11:37:03.861Z]   FOOTER/HEADER ORIGIN: https://www.machinage.net
[2026-03-10T11:37:03.861Z]   FOOTER/HEADER ORIGIN: https://www.wallpapersdesign.net
[2026-03-10T11:37:03.861Z]   FOOTER/HEADER ORIGIN: https://www.vslhairdesign.com
[2026-03-10T11:37:03.861Z]   FOOTER/HEADER ORIGIN: https://www.adabankia.com
[2026-03-10T11:37:03.861Z]   FOOTER/HEADER ORIGIN: https://www.azafransolidario.org
[2026-03-10T11:37:03.861Z]   FOOTER/HEADER ORIGIN: https://www.cbsbb.org
[2026-03-10T11:37:03.862Z]   FOOTER/HEADER ORIGIN: https://www.cursosmooc.org
[2026-03-10T11:37:03.862Z]   FOOTER/HEADER ORIGIN: https://www.everest-gaming.org
[2026-03-10T11:37:03.862Z]   FOOTER/HEADER ORIGIN: https://www.chapelhillsds.org
[2026-03-10T11:37:03.862Z]   FOOTER/HEADER ORIGIN: https://www.rocpridefest.org
[2026-03-10T11:37:03.862Z]   FOOTER/HEADER ORIGIN: https://www.montessori-uk.org
[2026-03-10T11:37:03.862Z]   FOOTER/HEADER ORIGIN: https://www.nocmuzeja.org
[2026-03-10T11:37:03.862Z]   FOOTER/HEADER ORIGIN: https://www.allhit.org
[2026-03-10T11:37:03.862Z]   FOOTER/HEADER ORIGIN: https://www.baileysgarden.org
[2026-03-10T11:37:03.862Z]   FOOTER/HEADER ORIGIN: https://www.cegmenorca.org
[2026-03-10T11:37:03.862Z]   FOOTER/HEADER ORIGIN: https://www.jakartaultra100.com
[2026-03-10T11:37:03.862Z]   FOOTER/HEADER ORIGIN: https://www.darkwoodsmybetrothed.com
[2026-03-10T11:37:03.862Z]   FOOTER/HEADER ORIGIN: https://www.lardodicolonnata.org
[2026-03-10T11:37:03.862Z]   FOOTER/HEADER ORIGIN: https://www.sincerelycollins.com
[2026-03-10T11:37:03.862Z]   FOOTER/HEADER ORIGIN: https://www.consciousevolutionmedia.com
[2026-03-10T11:37:03.862Z]   FOOTER/HEADER ORIGIN: https://www.offfast.com
[2026-03-10T11:37:03.862Z]   FOOTER/HEADER ORIGIN: https://www.mamacon.net
[2026-03-10T11:37:03.862Z]   FOOTER/HEADER ORIGIN: https://www.creativejuicesmusic.com
[2026-03-10T11:37:03.862Z]   FOOTER/HEADER ORIGIN: https://www.updateallapps.com
[2026-03-10T11:37:03.862Z]   FOOTER/HEADER ORIGIN: https://www.ontherightinva.com
[2026-03-10T11:37:03.862Z]   FOOTER/HEADER ORIGIN: https://www.hanzawa-banker.com
[2026-03-10T11:37:03.862Z]   FOOTER/HEADER ORIGIN: https://www.iphone-q.com
[2026-03-10T11:37:03.863Z]   FOOTER/HEADER ORIGIN: https://www.ironbull-tanks.com
[2026-03-10T11:37:03.863Z]   FOOTER/HEADER ORIGIN: https://www.eucaliptusbeach.com
[2026-03-10T11:37:03.863Z]   FOOTER/HEADER ORIGIN: https://www.mandom-beauty.com
[2026-03-10T11:37:03.863Z]   FOOTER/HEADER ORIGIN: https://www.mynotronsetup.com
[2026-03-10T11:37:03.863Z]   FOOTER/HEADER ORIGIN: https://www.descubrebooks.com
[2026-03-10T11:37:03.863Z]   FOOTER/HEADER ORIGIN: https://www.dbestie.com
[2026-03-10T11:37:03.863Z]   FOOTER/HEADER ORIGIN: https://www.cxsofteng.com
[2026-03-10T11:37:03.863Z]   FOOTER/HEADER ORIGIN: https://www.coop-breizh.com
[2026-03-10T11:37:03.863Z]   FOOTER/HEADER ORIGIN: https://www.cmffevents.com
[2026-03-10T11:37:03.863Z]   FOOTER/HEADER ORIGIN: https://www.ceciliascloset.com
[2026-03-10T11:37:03.863Z]   FOOTER/HEADER ORIGIN: https://www.bowedison.com
[2026-03-10T11:37:03.863Z]   FOOTER/HEADER ORIGIN: https://www.bethmorey.com
[2026-03-10T11:37:03.863Z]   FOOTER/HEADER ORIGIN: https://www.ayswuvalentine.com
[2026-03-10T11:37:03.863Z]   FOOTER/HEADER ORIGIN: https://www.amigando.com
[2026-03-10T11:37:03.863Z]   FOOTER/HEADER ORIGIN: https://www.ablon-group.com
[2026-03-10T11:37:03.863Z]   FOOTER/HEADER ORIGIN: https://www.obatflubatuk.com
[2026-03-10T11:37:03.863Z]   FOOTER/HEADER ORIGIN: https://www.summerlovefilm.com
[2026-03-10T11:37:03.863Z]   FOOTER/HEADER ORIGIN: https://www.vieetcie.com
[2026-03-10T11:37:03.863Z]   FOOTER/HEADER ORIGIN: https://www.ncjppk.org
[2026-03-10T11:37:03.863Z]   FOOTER/HEADER ORIGIN: https://www.boommovie.org
[2026-03-10T11:37:03.864Z]   FOOTER/HEADER ORIGIN: https://www.toapi.org
[2026-03-10T11:37:03.864Z]   FOOTER/HEADER ORIGIN: https://www.jackass-fan.info
[2026-03-10T11:37:03.868Z]   FOOTER/HEADER ORIGIN: https://www.ncpc.info
[2026-03-10T11:37:03.868Z]   FOOTER/HEADER ORIGIN: https://www.odpodcast.co
[2026-03-10T11:37:03.868Z]   FOOTER/HEADER ORIGIN: https://www.pixtoken.co
[2026-03-10T11:37:03.868Z]   FOOTER/HEADER ORIGIN: https://www.daym-karadadesign.com
[2026-03-10T11:37:03.868Z]   FOOTER/HEADER ORIGIN: https://www.sg-soc.com
[2026-03-10T11:37:03.868Z]   FOOTER/HEADER ORIGIN: https://www.club-wakka.com
[2026-03-10T11:37:03.868Z]   FOOTER/HEADER ORIGIN: https://www.officecomcomoffice.com
[2026-03-10T11:37:03.868Z]   FOOTER/HEADER ORIGIN: https://www.heartbreakhoteljetty.com
[2026-03-10T11:37:03.868Z]   FOOTER/HEADER ORIGIN: https://www.amesburymusicfest.com
[2026-03-10T11:37:03.868Z]   FOOTER/HEADER ORIGIN: https://www.vocesecu.com
[2026-03-10T11:37:03.868Z]   FOOTER/HEADER ORIGIN: https://www.canoncomij-setup.com
[2026-03-10T11:37:03.868Z]   FOOTER/HEADER ORIGIN: https://www.grupopunset.com
[2026-03-10T11:37:03.868Z]   FOOTER/HEADER ORIGIN: https://www.printer-helpnumber.com
[2026-03-10T11:37:03.868Z]   FOOTER/HEADER ORIGIN: https://www.hizliresimupload.com
[2026-03-10T11:37:03.868Z]   FOOTER/HEADER ORIGIN: https://www.footjuniors.com
[2026-03-10T11:37:03.868Z]   FOOTER/HEADER ORIGIN: https://www.letdempseydoit.com
[2026-03-10T11:37:03.868Z]   FOOTER/HEADER ORIGIN: https://www.montrealmemes.com
[2026-03-10T11:37:03.868Z]   FOOTER/HEADER ORIGIN: https://www.arwenphoto.com
[2026-03-10T11:37:03.869Z]   FOOTER/HEADER ORIGIN: https://www.vidiotsannex.com
[2026-03-10T11:37:03.869Z]   FOOTER/HEADER ORIGIN: https://www.nagioswiki.com
[2026-03-10T11:37:03.869Z]   FOOTER/HEADER ORIGIN: https://www.schoenenplace.com
[2026-03-10T11:37:03.869Z]   FOOTER/HEADER ORIGIN: https://www.randommullet.com
[2026-03-10T11:37:03.869Z]   FOOTER/HEADER ORIGIN: https://www.toyonavi.com
[2026-03-10T11:37:03.869Z]   FOOTER/HEADER ORIGIN: https://www.imgcouch.com
[2026-03-10T11:37:03.869Z]   FOOTER/HEADER ORIGIN: https://www.cialispillsale.com
[2026-03-10T11:37:03.869Z]   FOOTER/HEADER ORIGIN: https://www.casaafeliz.com
[2026-03-10T11:37:03.869Z]   FOOTER/HEADER ORIGIN: https://www.dewmotion.com
[2026-03-10T11:37:03.869Z]   FOOTER/HEADER ORIGIN: https://www.omfent.com
[2026-03-10T11:37:03.869Z]   FOOTER/HEADER ORIGIN: https://www.mormonartwiki.org
[2026-03-10T11:37:03.869Z]   FOOTER/HEADER ORIGIN: https://www.avtomati-igrat-online.com
[2026-03-10T11:37:03.869Z]   FOOTER/HEADER ORIGIN: https://www.penggemar.info
[2026-03-10T11:37:03.869Z]   FOOTER/HEADER ORIGIN: https://www.bekerja.info
[2026-03-10T11:37:03.869Z]   FOOTER/HEADER ORIGIN: https://www.bundanagita.info
[2026-03-10T11:37:03.869Z]   FOOTER/HEADER ORIGIN: https://www.rakyatindonesia.info
[2026-03-10T11:37:03.869Z]   FOOTER/HEADER ORIGIN: https://www.bhinekka.info
[2026-03-10T11:37:03.869Z]   FOOTER/HEADER ORIGIN: https://www.persatuan.info
[2026-03-10T11:37:03.870Z]   FOOTER/HEADER ORIGIN: https://www.perbasketan.store
[2026-03-10T11:37:03.870Z]   FOOTER/HEADER ORIGIN: https://www.kampungkita.store
[2026-03-10T11:37:03.870Z]   FOOTER/HEADER ORIGIN: https://www.aksesorishape.store
[2026-03-10T11:37:03.870Z]   FOOTER/HEADER ORIGIN: https://www.duniaonlinekita.store
[2026-03-10T11:37:03.870Z]   FOOTER/HEADER ORIGIN: https://www.makanmanakita.store
[2026-03-10T11:37:03.870Z]   FOOTER/HEADER ORIGIN: https://www.kerjaanberes.online
[2026-03-10T11:37:03.870Z]   FOOTER/HEADER ORIGIN: https://www.kerjaaslijokowi.online
[2026-03-10T11:37:03.870Z]   FOOTER/HEADER ORIGIN: https://www.pemiluasongan.online
[2026-03-10T11:37:03.870Z]   FOOTER/HEADER ORIGIN: https://www.dkijakarta.online
[2026-03-10T11:37:03.870Z]   FOOTER/HEADER ORIGIN: https://www.medantembung.online
[2026-03-10T11:37:03.870Z]   FOOTER/HEADER ORIGIN: https://www.makassarindonesia.online
[2026-03-10T11:37:03.870Z]   FOOTER/HEADER ORIGIN: https://www.bandaaceh.online
[2026-03-10T11:37:03.870Z]   FOOTER/HEADER ORIGIN: https://www.balidenpasar.online
[2026-03-10T11:37:03.870Z]   FOOTER/HEADER ORIGIN: https://www.pangkalpinang.online
[2026-03-10T11:37:03.870Z]   FOOTER/HEADER ORIGIN: https://www.bantencilegon.online
[2026-03-10T11:37:03.870Z]   FOOTER/HEADER ORIGIN: https://www.bengkulu.online
[2026-03-10T11:37:03.870Z]   FOOTER/HEADER ORIGIN: https://www.yogyakarta.online
[2026-03-10T11:37:03.870Z]   FOOTER/HEADER ORIGIN: https://www.daerahistimewayogyakarta.online
[2026-03-10T11:37:03.870Z]   FOOTER/HEADER ORIGIN: https://www.jawabarat.online
[2026-03-10T11:37:03.871Z]   FOOTER/HEADER ORIGIN: https://www.sumaterautara.online
[2026-03-10T11:37:03.871Z]   FOOTER/HEADER ORIGIN: https://www.provinsi-aceh.online
[2026-03-10T11:37:03.871Z]   FOOTER/HEADER ORIGIN: https://www.baliprov.online
[2026-03-10T11:37:03.871Z]   FOOTER/HEADER ORIGIN: https://www.nusatenggarabarat.online
[2026-03-10T11:37:03.871Z]   FOOTER/HEADER ORIGIN: https://www.nusatenggaratimur.online
[2026-03-10T11:37:03.871Z]   FOOTER/HEADER ORIGIN: https://www.papuabaratdaya.online
[2026-03-10T11:37:03.871Z]   FOOTER/HEADER ORIGIN: https://www.sulawesiselatan.online
[2026-03-10T11:37:03.871Z]   FOOTER/HEADER ORIGIN: https://www.sumaterabarat.online
[2026-03-10T11:37:03.871Z]   FOOTER/HEADER ORIGIN: https://www.ventureconnects.biz
[2026-03-10T11:37:03.871Z]   FOOTER/HEADER ORIGIN: https://www.c-sn.com
[2026-03-10T11:37:03.871Z]   FOOTER/HEADER ORIGIN: https://www.i168.net
[2026-03-10T11:37:03.871Z]   FOOTER/HEADER ORIGIN: https://www.harrison-marks.com
[2026-03-10T11:37:03.871Z]   FOOTER/HEADER ORIGIN: https://www.vivalastatic.com
[2026-03-10T11:37:03.871Z]   FOOTER/HEADER ORIGIN: https://www.gal-pal.com
[2026-03-10T11:37:03.871Z]   FOOTER/HEADER ORIGIN: https://www.pesticidefreebc.org
[2026-03-10T11:37:03.871Z]   FOOTER/HEADER ORIGIN: https://www.jonasadolfsen.com
[2026-03-10T11:37:03.871Z]   FOOTER/HEADER ORIGIN: https://www.write-mypaperforme.com
[2026-03-10T11:37:03.871Z]   FOOTER/HEADER ORIGIN: https://www.miquelpellicer.info
[2026-03-10T11:37:03.872Z]   FOOTER/HEADER ORIGIN: https://www.orpostal.org
[2026-03-10T11:37:03.872Z]   FOOTER/HEADER ORIGIN: https://www.irukado.org
[2026-03-10T11:37:03.872Z]   FOOTER/HEADER ORIGIN: https://www.noraregiontrends.org
[2026-03-10T11:37:03.872Z]   FOOTER/HEADER ORIGIN: https://www.eulacias.org
[2026-03-10T11:37:03.872Z]   FOOTER/HEADER ORIGIN: https://www.vanicinrock.org
[2026-03-10T11:37:03.872Z]   FOOTER/HEADER ORIGIN: https://www.newsnn.org
[2026-03-10T11:37:03.872Z]   FOOTER/HEADER ORIGIN: https://www.differentgame.org
[2026-03-10T11:37:03.872Z]   FOOTER/HEADER ORIGIN: https://www.meaning-name.net
[2026-03-10T11:37:03.872Z]   FOOTER/HEADER ORIGIN: https://www.organicgroove.net
[2026-03-10T11:37:03.872Z]   FOOTER/HEADER ORIGIN: https://www.ziofascism.net
[2026-03-10T11:37:03.872Z]   FOOTER/HEADER ORIGIN: https://www.sonyaclark.net
[2026-03-10T11:37:03.872Z]   FOOTER/HEADER ORIGIN: https://www.5-minutes.net
[2026-03-10T11:37:03.872Z]   FOOTER/HEADER ORIGIN: https://www.airbornebook.com
[2026-03-10T11:37:03.872Z]   FOOTER/HEADER ORIGIN: https://www.maskerseven.com
[2026-03-10T11:37:03.872Z]   FOOTER/HEADER ORIGIN: https://www.e-siminuki.net
[2026-03-10T11:37:03.872Z]   FOOTER/HEADER ORIGIN: https://www.dwadme.com
[2026-03-10T11:37:03.872Z]   FOOTER/HEADER ORIGIN: https://www.clubhairspray.com
[2026-03-10T11:37:03.872Z]   FOOTER/HEADER ORIGIN: https://www.frickinbrite.com
[2026-03-10T11:37:03.872Z]   FOOTER/HEADER ORIGIN: https://www.thefooo.com
[2026-03-10T11:37:03.872Z]   FOOTER/HEADER ORIGIN: https://www.aurora-israel.co
[2026-03-10T11:37:03.873Z]   FOOTER/HEADER ORIGIN: https://www.local-store.co
[2026-03-10T11:37:03.873Z]   FOOTER/HEADER ORIGIN: https://www.mbcast.co
[2026-03-10T11:37:03.873Z]   FOOTER/HEADER ORIGIN: https://www.londondailyreport.com
[2026-03-10T11:37:03.873Z]   FOOTER/HEADER ORIGIN: https://www.vintagemamascottage.com
[2026-03-10T11:37:03.873Z]   FOOTER/HEADER ORIGIN: https://www.festivalwallpaper.com
[2026-03-10T11:37:03.873Z]   FOOTER/HEADER ORIGIN: https://www.fchatzigianis.com
[2026-03-10T11:37:03.873Z]   FOOTER/HEADER ORIGIN: https://www.win-store.biz
[2026-03-10T11:37:03.873Z]   FOOTER/HEADER ORIGIN: https://www.iambermudian.com
[2026-03-10T11:37:03.873Z]   FOOTER/HEADER ORIGIN: https://pdiaijawatengah.id
[2026-03-10T11:37:03.873Z]   FOOTER/HEADER ORIGIN: https://kbri-beirut.org
[2026-03-10T11:37:03.873Z]   FOOTER/HEADER ORIGIN: https://dpuairjatimprov.com
[2026-03-10T11:37:03.873Z]   FOOTER/HEADER ORIGIN: https://wartasumut.com
[2026-03-10T11:37:03.873Z]   FOOTER/HEADER ORIGIN: http://kabupatenpati.com
[2026-03-10T11:37:03.873Z]   FOOTER/HEADER ORIGIN: https://fadhila.org
[2026-03-10T11:37:03.873Z]   FOOTER/HEADER ORIGIN: https://mic50.org
[2026-03-10T11:37:03.873Z]   FOOTER/HEADER ORIGIN: https://coopbellaflor.org
[2026-03-10T11:37:03.873Z]   FOOTER/HEADER ORIGIN: https://madforarts.org
[2026-03-10T11:37:03.873Z]   FOOTER/HEADER ORIGIN: https://nfteducation.org
[2026-03-10T11:37:03.873Z]   FOOTER/HEADER ORIGIN: https://daytonabeachswimming.org
[2026-03-10T11:37:03.873Z]   FOOTER/HEADER ORIGIN: https://gmseenet.org
[2026-03-10T11:37:03.873Z]   FOOTER/HEADER ORIGIN: https://unityplaza.org
[2026-03-10T11:37:03.874Z]   FOOTER/HEADER ORIGIN: https://redmica.org
[2026-03-10T11:37:03.874Z]   FOOTER/HEADER ORIGIN: https://writemyessaycheap.org
[2026-03-10T11:37:03.874Z]   FOOTER/HEADER ORIGIN: https://geds-to-phds.org
[2026-03-10T11:37:03.874Z]   FOOTER/HEADER ORIGIN: https://garminlogin.org
[2026-03-10T11:37:03.874Z]   FOOTER/HEADER ORIGIN: https://christian-alliance-for-orphans.org
[2026-03-10T11:37:03.874Z]   FOOTER/HEADER ORIGIN: https://donemlilavolta.org
[2026-03-10T11:37:03.874Z]   FOOTER/HEADER ORIGIN: https://musashino-campus.com
[2026-03-10T11:37:03.874Z]   FOOTER/HEADER ORIGIN: https://vrktravel.com
[2026-03-10T11:37:03.874Z]   FOOTER/HEADER ORIGIN: https://pedallingabout.com
[2026-03-10T11:37:03.874Z]   FOOTER/HEADER ORIGIN: https://pahvantpost.com
[2026-03-10T11:37:03.874Z]   FOOTER/HEADER ORIGIN: https://myfrenchmuse.com
[2026-03-10T11:37:03.874Z]   FOOTER/HEADER ORIGIN: https://ilustramar.com
[2026-03-10T11:37:03.874Z]   FOOTER/HEADER ORIGIN: https://jeparainternational.com
[2026-03-10T11:37:03.874Z]   FOOTER/HEADER ORIGIN: https://mobiletiperz.com
[2026-03-10T11:37:03.874Z]   FOOTER/HEADER ORIGIN: https://theresidencesmarmenor.com
[2026-03-10T11:37:03.874Z]   FOOTER/HEADER ORIGIN: https://vemaybayngoctrinh.com
[2026-03-10T11:37:03.874Z]   FOOTER/HEADER ORIGIN: https://fenixresortsamui.com
[2026-03-10T11:37:03.874Z]   FOOTER/HEADER ORIGIN: https://contromanoilfilm.com
[2026-03-10T11:37:03.874Z]   FOOTER/HEADER ORIGIN: https://thenonadventuresofasahm.com
[2026-03-10T11:37:03.874Z]   FOOTER/HEADER ORIGIN: https://sixmonthsinsudan.com
[2026-03-10T11:37:03.874Z]   FOOTER/HEADER ORIGIN: https://mezzebarnyc.com
[2026-03-10T11:37:03.874Z]   FOOTER/HEADER ORIGIN: https://g5live.com
[2026-03-10T11:37:03.875Z]   FOOTER/HEADER ORIGIN: https://richardtracybrand.com
[2026-03-10T11:37:03.875Z]   FOOTER/HEADER ORIGIN: https://churchillsofbuckhead.com
[2026-03-10T11:37:03.875Z]   FOOTER/HEADER ORIGIN: https://startupfolderwindows10.com
[2026-03-10T11:37:03.875Z]   FOOTER/HEADER ORIGIN: https://iis-refunds.com
[2026-03-10T11:37:03.875Z]   FOOTER/HEADER ORIGIN: https://farzinphoto.com
[2026-03-10T11:37:03.875Z]   FOOTER/HEADER ORIGIN: https://cheap-omegas-watches.com
[2026-03-10T11:37:03.875Z]   FOOTER/HEADER ORIGIN: https://marriagecounselingstlouis.com
[2026-03-10T11:37:03.875Z]   FOOTER/HEADER ORIGIN: https://clinique-lipofilling-tunisie.com
[2026-03-10T11:37:03.875Z]   FOOTER/HEADER ORIGIN: https://manipalcityandguilds.com
[2026-03-10T11:37:03.875Z]   FOOTER/HEADER ORIGIN: https://nobswall.com
[2026-03-10T11:37:03.875Z]   FOOTER/HEADER ORIGIN: https://iceoplexescondido.com
[2026-03-10T11:37:03.875Z]   FOOTER/HEADER ORIGIN: https://doggyswagshop.com
[2026-03-10T11:37:03.875Z]   FOOTER/HEADER ORIGIN: https://caracoleando.org
[2026-03-10T11:37:03.875Z]   FOOTER/HEADER ORIGIN: https://badioustudies.org
[2026-03-10T11:37:03.875Z]   FOOTER/HEADER ORIGIN: https://fukusuke.biz
[2026-03-10T11:37:03.875Z]   FOOTER/HEADER ORIGIN: https://tonashinosobaya.info
[2026-03-10T11:37:03.875Z]   FOOTER/HEADER ORIGIN: https://simplead.info
[2026-03-10T11:37:03.875Z]   FOOTER/HEADER ORIGIN: https://malgouyres.org
[2026-03-10T11:37:03.875Z]   FOOTER/HEADER ORIGIN: https://verisgold.com
[2026-03-10T11:37:03.875Z]   FOOTER/HEADER ORIGIN: https://hushamericanbistro.com
[2026-03-10T11:37:03.875Z]   FOOTER/HEADER ORIGIN: https://bananaleafofcolumbus.com
[2026-03-10T11:37:03.875Z]   FOOTER/HEADER ORIGIN: https://mutiraorio2016.com
[2026-03-10T11:37:03.875Z]   FOOTER/HEADER ORIGIN: https://webiconspng.com
[2026-03-10T11:37:03.876Z]   FOOTER/HEADER ORIGIN: https://abelhadesign.com
[2026-03-10T11:37:03.876Z]   FOOTER/HEADER ORIGIN: https://barnabeats.com
[2026-03-10T11:37:03.876Z]   FOOTER/HEADER ORIGIN: https://bioleaders-forum.com
[2026-03-10T11:37:03.876Z]   FOOTER/HEADER ORIGIN: https://marinaguiuilustracion.com
[2026-03-10T11:37:03.876Z]   FOOTER/HEADER ORIGIN: https://tigerairshows.com
[2026-03-10T11:37:03.876Z]   FOOTER/HEADER ORIGIN: https://fashiontechsummit.me
[2026-03-10T11:37:03.876Z]   FOOTER/HEADER ORIGIN: https://perfect-world.me
[2026-03-10T11:37:03.876Z]   FOOTER/HEADER ORIGIN: https://allaboutj.me
[2026-03-10T11:37:03.876Z]   FOOTER/HEADER ORIGIN: https://ispank.me
[2026-03-10T11:37:03.876Z]   FOOTER/HEADER ORIGIN: https://onevent.me
[2026-03-10T11:37:03.876Z]   FOOTER/HEADER ORIGIN: https://yuriyamada.info
[2026-03-10T11:37:03.876Z]   FOOTER/HEADER ORIGIN: https://indusresearch.org
[2026-03-10T11:37:03.876Z]   FOOTER/HEADER ORIGIN: https://ibizcard.biz
[2026-03-10T11:37:03.876Z]   FOOTER/HEADER ORIGIN: https://proyectopazla.org
[2026-03-10T11:37:03.876Z]   FOOTER/HEADER ORIGIN: https://shoeshoppe.biz
[2026-03-10T11:37:03.876Z]   FOOTER/HEADER ORIGIN: https://turbinado.org
[2026-03-10T11:37:03.876Z]   FOOTER/HEADER ORIGIN: https://wholeheartedwoman.org
[2026-03-10T11:37:03.876Z]   FOOTER/HEADER ORIGIN: https://claytoncardinals.org
[2026-03-10T11:37:03.876Z]   FOOTER/HEADER ORIGIN: https://savenicksorganicfarm.org
[2026-03-10T11:37:03.876Z]   FOOTER/HEADER ORIGIN: https://ahpper.org
[2026-03-10T11:37:03.876Z]   FOOTER/HEADER ORIGIN: https://colectivocaracol.org
[2026-03-10T11:37:03.877Z]   FOOTER/HEADER ORIGIN: https://stemoproduction.info
[2026-03-10T11:37:03.877Z]   FOOTER/HEADER ORIGIN: https://jornadaicofcv.org
[2026-03-10T11:37:03.877Z]   FOOTER/HEADER ORIGIN: https://facenews.org
[2026-03-10T11:37:03.877Z]   FOOTER/HEADER ORIGIN: https://scldfriends.org
[2026-03-10T11:37:03.877Z]   FOOTER/HEADER ORIGIN: https://ehtsimoneortega.com
[2026-03-10T11:37:03.877Z]   FOOTER/HEADER ORIGIN: https://kitchen-k.com
[2026-03-10T11:37:03.877Z]   FOOTER/HEADER ORIGIN: https://shihtzuandyou.com
[2026-03-10T11:37:03.877Z]   FOOTER/HEADER ORIGIN: https://colegiosabiduria.com
[2026-03-10T11:37:03.877Z]   FOOTER/HEADER ORIGIN: https://isd-webspace.com
[2026-03-10T11:37:03.877Z]   FOOTER/HEADER ORIGIN: https://cfxpaintworks.com
[2026-03-10T11:37:03.877Z]   FOOTER/HEADER ORIGIN: https://descargarimo.com
[2026-03-10T11:37:03.877Z]   FOOTER/HEADER ORIGIN: https://myeverwrite.com
[2026-03-10T11:37:03.877Z]   FOOTER/HEADER ORIGIN: https://bethelislandgolf.com
[2026-03-10T11:37:03.877Z]   FOOTER/HEADER ORIGIN: https://charioworld.com
[2026-03-10T11:37:03.877Z]   FOOTER/HEADER ORIGIN: https://hawaii-ga-compe.com
[2026-03-10T11:37:03.877Z]   FOOTER/HEADER ORIGIN: https://samsungduyaneller.com
[2026-03-10T11:37:03.877Z]   FOOTER/HEADER ORIGIN: https://tatulegal.com
[2026-03-10T11:37:03.877Z]   FOOTER/HEADER ORIGIN: https://ofertassoriana.com
[2026-03-10T11:37:03.877Z]   FOOTER/HEADER ORIGIN: https://greeksim.com
[2026-03-10T11:37:03.877Z]   FOOTER/HEADER ORIGIN: https://decoratingfusion.com
[2026-03-10T11:37:03.877Z]   FOOTER/HEADER ORIGIN: https://monmaternite.com
[2026-03-10T11:37:03.877Z]   FOOTER/HEADER ORIGIN: https://appsmashups.com
[2026-03-10T11:37:03.877Z]   FOOTER/HEADER ORIGIN: https://camionesybuses.com
[2026-03-10T11:37:03.877Z]   FOOTER/HEADER ORIGIN: https://foreignervip.com
[2026-03-10T11:37:03.878Z]   FOOTER/HEADER ORIGIN: https://nicholaskory.com
[2026-03-10T11:37:03.878Z]   FOOTER/HEADER ORIGIN: https://freeter-jutaku.org
[2026-03-10T11:37:03.878Z]   FOOTER/HEADER ORIGIN: https://dekolibrie.org
[2026-03-10T11:37:03.878Z]   FOOTER/HEADER ORIGIN: https://wisconsinfarmland.org
[2026-03-10T11:37:03.878Z]   FOOTER/HEADER ORIGIN: https://convertyoutubevideo.org
[2026-03-10T11:37:03.878Z]   FOOTER/HEADER ORIGIN: https://the4thindustrialrevolution.org
[2026-03-10T11:37:03.878Z]   FOOTER/HEADER ORIGIN: https://naxanta.org
[2026-03-10T11:37:03.878Z]   FOOTER/HEADER ORIGIN: https://zers-group.com
[2026-03-10T11:37:03.878Z]   FOOTER/HEADER ORIGIN: https://culinarycamper.com
[2026-03-10T11:37:03.878Z]   FOOTER/HEADER ORIGIN: https://1click2computers.com
[2026-03-10T11:37:03.878Z]   FOOTER/HEADER ORIGIN: https://hotel-aleksander.com
[2026-03-10T11:37:03.878Z]   FOOTER/HEADER ORIGIN: https://txt2png.com
[2026-03-10T11:37:03.878Z]   FOOTER/HEADER ORIGIN: https://bistro1491.com
[2026-03-10T11:37:03.878Z]   FOOTER/HEADER ORIGIN: https://revistaoz.com
[2026-03-10T11:37:03.878Z]   FOOTER/HEADER ORIGIN: https://verohermannsambin.com
[2026-03-10T11:37:03.878Z]   FOOTER/HEADER ORIGIN: https://fatihsultanmehmetmuzesi.com
[2026-03-10T11:37:03.878Z]   FOOTER/HEADER ORIGIN: https://akkuschrauber-heinrich.com
[2026-03-10T11:37:03.878Z]   FOOTER/HEADER ORIGIN: https://evolutiontelemedicine.com
[2026-03-10T11:37:03.878Z]   FOOTER/HEADER ORIGIN: https://web-apteka.com
[2026-03-10T11:37:03.878Z]   FOOTER/HEADER ORIGIN: https://formcapcorp.com
[2026-03-10T11:37:03.878Z]   FOOTER/HEADER ORIGIN: https://jansoncoffeefarm.com
[2026-03-10T11:37:03.879Z]   FOOTER/HEADER ORIGIN: https://jesuisuniquevetement.com
[2026-03-10T11:37:03.879Z]   FOOTER/HEADER ORIGIN: https://wavelengthsleisurecentre.com
[2026-03-10T11:37:03.879Z]   FOOTER/HEADER ORIGIN: https://timesynchro.com
[2026-03-10T11:37:03.879Z]   FOOTER/HEADER ORIGIN: https://dharmayogaandart.com
[2026-03-10T11:37:03.879Z]   FOOTER/HEADER ORIGIN: https://coloradodocumentsecurity.org
[2026-03-10T11:37:03.879Z]   FOOTER/HEADER ORIGIN: https://univete-assomption.org
[2026-03-10T11:37:03.879Z]   FOOTER/HEADER ORIGIN: https://bestialdeltragaluz.com
[2026-03-10T11:37:03.879Z]   FOOTER/HEADER ORIGIN: https://trinityfilmfestival.org
[2026-03-10T11:37:03.879Z]   FOOTER/HEADER ORIGIN: https://t-visto.com
[2026-03-10T11:37:03.879Z]   FOOTER/HEADER ORIGIN: https://poggiogagliardo.com
[2026-03-10T11:37:03.879Z]   FOOTER/HEADER ORIGIN: https://fette-gallery.com
[2026-03-10T11:37:03.879Z]   FOOTER/HEADER ORIGIN: https://unlockedspot.com
[2026-03-10T11:37:03.879Z]   FOOTER/HEADER ORIGIN: https://gfrsh.com
[2026-03-10T11:37:03.879Z]   FOOTER/HEADER ORIGIN: https://baconvstacos.com
[2026-03-10T11:37:03.879Z]   FOOTER/HEADER ORIGIN: https://svadba-ukr.com
[2026-03-10T11:37:03.879Z]   FOOTER/HEADER ORIGIN: https://obuzzer.com
[2026-03-10T11:37:03.879Z]   FOOTER/HEADER ORIGIN: https://acrosstheatlanticband.com
[2026-03-10T11:37:03.879Z]   FOOTER/HEADER ORIGIN: https://davematthewsblog.com
[2026-03-10T11:37:03.879Z]   FOOTER/HEADER ORIGIN: https://sharonfornashville.com
[2026-03-10T11:37:03.879Z]   FOOTER/HEADER ORIGIN: https://igooglemaps.com
[2026-03-10T11:37:03.880Z]   FOOTER/HEADER ORIGIN: https://intoxicatestudios.com
[2026-03-10T11:37:03.880Z]   FOOTER/HEADER ORIGIN: https://romsaction.org
[2026-03-10T11:37:03.880Z]   FOOTER/HEADER ORIGIN: https://baldness-cure.org
[2026-03-10T11:37:03.880Z]   FOOTER/HEADER ORIGIN: https://montealduide.org
[2026-03-10T11:37:03.880Z]   FOOTER/HEADER ORIGIN: https://changeisfun.com
[2026-03-10T11:37:03.880Z]   FOOTER/HEADER ORIGIN: https://hitinnsmushrooms.com
[2026-03-10T11:37:03.880Z]   FOOTER/HEADER ORIGIN: https://gogakeys.com
[2026-03-10T11:37:03.880Z]   FOOTER/HEADER ORIGIN: https://frompage2stage.com
[2026-03-10T11:37:03.880Z]   FOOTER/HEADER ORIGIN: https://designbygoci.com
[2026-03-10T11:37:03.880Z]   FOOTER/HEADER ORIGIN: https://destinoveracruz.com
[2026-03-10T11:37:03.880Z]   FOOTER/HEADER ORIGIN: https://holeinthewallatlanta.com
[2026-03-10T11:37:03.880Z]   FOOTER/HEADER ORIGIN: https://formforthought.com
[2026-03-10T11:37:03.880Z]   FOOTER/HEADER ORIGIN: https://t4haber.com
[2026-03-10T11:37:03.880Z]   FOOTER/HEADER ORIGIN: https://renatosc.com
[2026-03-10T11:37:03.880Z]   FOOTER/HEADER ORIGIN: https://muzasound.com
[2026-03-10T11:37:03.880Z]   FOOTER/HEADER ORIGIN: https://viewswagen.com
[2026-03-10T11:37:03.880Z]   FOOTER/HEADER ORIGIN: https://nacentralohio.com
[2026-03-10T11:37:03.880Z]   FOOTER/HEADER ORIGIN: https://raco-ryukyu.com
[2026-03-10T11:37:03.880Z]   FOOTER/HEADER ORIGIN: https://fish-collection.com
[2026-03-10T11:37:03.880Z]   FOOTER/HEADER ORIGIN: https://onlinepaydayloanstbb.org
[2026-03-10T11:37:03.880Z]   FOOTER/HEADER ORIGIN: https://ninoslongbeach.com
[2026-03-10T11:37:03.880Z]   FOOTER/HEADER ORIGIN: https://santanderfestivaldelmar.com
[2026-03-10T11:37:03.880Z]   FOOTER/HEADER ORIGIN: https://hamachiturk.com
[2026-03-10T11:37:03.880Z]   FOOTER/HEADER ORIGIN: https://teatrofilodrammatici.com
[2026-03-10T11:37:03.881Z]   FOOTER/HEADER ORIGIN: https://wesschneider.com
[2026-03-10T11:37:03.881Z]   FOOTER/HEADER ORIGIN: https://fayeofficial.com
[2026-03-10T11:37:03.881Z]   FOOTER/HEADER ORIGIN: https://ilyenazenpapom.com
[2026-03-10T11:37:03.881Z]   FOOTER/HEADER ORIGIN: https://espaiorigens.com
[2026-03-10T11:37:03.881Z]   FOOTER/HEADER ORIGIN: https://lautre-editions.com
[2026-03-10T11:37:03.881Z]   FOOTER/HEADER ORIGIN: https://verandi.org
[2026-03-10T11:37:03.881Z]   FOOTER/HEADER ORIGIN: https://experimentalpoetics.com
[2026-03-10T11:37:03.881Z]   FOOTER/HEADER ORIGIN: https://examsun.com
[2026-03-10T11:37:03.881Z]   FOOTER/HEADER ORIGIN: https://robhowzespeaks.com
[2026-03-10T11:37:03.881Z]   FOOTER/HEADER ORIGIN: https://2k20lockercode.com
[2026-03-10T11:37:03.881Z]   FOOTER/HEADER ORIGIN: https://teachmorelovemore.com
[2026-03-10T11:37:03.881Z]   FOOTER/HEADER ORIGIN: https://radiodefensavenezuela.com
[2026-03-10T11:37:03.881Z]   FOOTER/HEADER ORIGIN: https://onetruecatholicfaith.com
[2026-03-10T11:37:03.881Z]   FOOTER/HEADER ORIGIN: https://ogutierrezjr.com
[2026-03-10T11:37:03.881Z]   FOOTER/HEADER ORIGIN: https://mgalleryoffineart.com
[2026-03-10T11:37:03.881Z]   FOOTER/HEADER ORIGIN: https://soundstringcable.com
[2026-03-10T11:37:03.881Z]   FOOTER/HEADER ORIGIN: https://parentingfaculty.com
[2026-03-10T11:37:03.881Z]   FOOTER/HEADER ORIGIN: https://comoquitarlacaspa.org
[2026-03-10T11:37:03.881Z]   FOOTER/HEADER ORIGIN: https://ufxloops.com
[2026-03-10T11:37:03.881Z]   FOOTER/HEADER ORIGIN: https://cpns-indonesia.com
[2026-03-10T11:37:03.882Z]   FOOTER/HEADER ORIGIN: https://minetransportbr.com
[2026-03-10T11:37:03.882Z]   FOOTER/HEADER ORIGIN: https://juegodemonos.com
[2026-03-10T11:37:03.882Z]   FOOTER/HEADER ORIGIN: https://trikcarainternet.com
[2026-03-10T11:37:03.882Z]   FOOTER/HEADER ORIGIN: https://patentyourkiss.com
[2026-03-10T11:37:03.882Z]   FOOTER/HEADER ORIGIN: https://mediterraneanphototours.com
[2026-03-10T11:37:03.882Z]   FOOTER/HEADER ORIGIN: https://granitemanhalfmarathon.com
[2026-03-10T11:37:03.882Z]   FOOTER/HEADER ORIGIN: https://welchavery.com
[2026-03-10T11:37:03.882Z]   FOOTER/HEADER ORIGIN: https://khadamat-makkah.com
[2026-03-10T11:37:03.882Z]   FOOTER/HEADER ORIGIN: https://fusioncrosstraining.com
[2026-03-10T11:37:03.882Z]   FOOTER/HEADER ORIGIN: https://reelfishingteam.com
[2026-03-10T11:37:03.882Z]   FOOTER/HEADER ORIGIN: https://thesmartcoffeeblog.com
[2026-03-10T11:37:03.882Z]   FOOTER/HEADER ORIGIN: https://airberlin-binoli.com
[2026-03-10T11:37:03.882Z]   FOOTER/HEADER ORIGIN: https://agenciadepubli.com
[2026-03-10T11:37:03.882Z]   FOOTER/HEADER ORIGIN: https://bmwquebec.com
[2026-03-10T11:37:03.882Z]   FOOTER/HEADER ORIGIN: https://first2zero.com
[2026-03-10T11:37:03.882Z]   FOOTER/HEADER ORIGIN: https://hydra-deicers.com
[2026-03-10T11:37:03.882Z]   FOOTER/HEADER ORIGIN: https://essayray.com
[2026-03-10T11:37:03.882Z]   FOOTER/HEADER ORIGIN: https://civilengineerlink.com
[2026-03-10T11:37:03.882Z]   FOOTER/HEADER ORIGIN: https://maisonmagnan.com
[2026-03-10T11:37:03.882Z]   FOOTER/HEADER ORIGIN: https://azhomesbykellycook.com
[2026-03-10T11:37:03.882Z]   FOOTER/HEADER ORIGIN: https://hotdealsproduct.com
[2026-03-10T11:37:03.882Z]   FOOTER/HEADER ORIGIN: https://monsterrobotstudios.com
[2026-03-10T11:37:03.883Z]   FOOTER/HEADER ORIGIN: https://beercomponents.com
[2026-03-10T11:37:03.883Z]   FOOTER/HEADER ORIGIN: https://heliosjournal.com
[2026-03-10T11:37:03.883Z]   FOOTER/HEADER ORIGIN: https://newcamerareview.com
[2026-03-10T11:37:03.883Z]   FOOTER/HEADER ORIGIN: https://arteunhas.com
[2026-03-10T11:37:03.883Z]   FOOTER/HEADER ORIGIN: https://semeantojaunafiesta.com
[2026-03-10T11:37:03.883Z]   FOOTER/HEADER ORIGIN: https://sergeantblackart.com
[2026-03-10T11:37:03.883Z]   FOOTER/HEADER ORIGIN: https://acworldtour.com
[2026-03-10T11:37:03.883Z]   FOOTER/HEADER ORIGIN: https://amonimageparis.com
[2026-03-10T11:37:03.883Z]   FOOTER/HEADER ORIGIN: https://revistadibus.com
[2026-03-10T11:37:03.883Z]   FOOTER/HEADER ORIGIN: https://theryanoreillyband.com
[2026-03-10T11:37:03.883Z]   FOOTER/HEADER ORIGIN: https://iamgreta-derfilm.com
[2026-03-10T11:37:03.883Z]   FOOTER/HEADER ORIGIN: https://falloutfive0.com
[2026-03-10T11:37:03.883Z]   FOOTER/HEADER ORIGIN: https://gorilla-trip.com
[2026-03-10T11:37:03.883Z]   FOOTER/HEADER ORIGIN: https://rawdoghawaii.com
[2026-03-10T11:37:03.883Z]   FOOTER/HEADER ORIGIN: https://captainkelly.org
[2026-03-10T11:37:03.883Z]   FOOTER/HEADER ORIGIN: https://tvsantaluzia.com
[2026-03-10T11:37:03.883Z]   FOOTER/HEADER ORIGIN: https://karocel.com
[2026-03-10T11:37:03.883Z]   FOOTER/HEADER ORIGIN: https://vinosdelapatagonia.com
[2026-03-10T11:37:03.883Z]   FOOTER/HEADER ORIGIN: https://mountstreetgalleries.com
[2026-03-10T11:37:03.883Z]   FOOTER/HEADER ORIGIN: https://lolpetbeds.com
[2026-03-10T11:37:03.883Z]   FOOTER/HEADER ORIGIN: https://reinventairmobility.com
[2026-03-10T11:37:03.883Z]   FOOTER/HEADER ORIGIN: https://hackit-ukraine.com
[2026-03-10T11:37:03.884Z]   FOOTER/HEADER ORIGIN: https://accrabookfest.com
[2026-03-10T11:37:03.884Z]   FOOTER/HEADER ORIGIN: https://incubadoradeartistas.com
[2026-03-10T11:37:03.884Z]   FOOTER/HEADER ORIGIN: https://topcomputertablets.com
[2026-03-10T11:37:03.884Z]   FOOTER/HEADER ORIGIN: https://tourist-croatia.com
[2026-03-10T11:37:03.884Z]   FOOTER/HEADER ORIGIN: https://fannins-collectables.com
[2026-03-10T11:37:03.884Z]   FOOTER/HEADER ORIGIN: https://affiliationregisteredcelticsupporters.org
[2026-03-10T11:37:03.884Z]   FOOTER/HEADER ORIGIN: https://diegovasallo.info
[2026-03-10T11:37:03.884Z]   FOOTER/HEADER ORIGIN: https://integraltradition.com
[2026-03-10T11:37:03.884Z]   FOOTER/HEADER ORIGIN: https://madisoncineworld.com
[2026-03-10T11:37:03.884Z]   FOOTER/HEADER ORIGIN: https://grabun.com
[2026-03-10T11:37:03.884Z]   FOOTER/HEADER ORIGIN: https://thesandmaninn.com
[2026-03-10T11:37:03.884Z]   FOOTER/HEADER ORIGIN: https://annasewhoy.com
[2026-03-10T11:37:03.884Z]   FOOTER/HEADER ORIGIN: https://webmoneytashkent.com
[2026-03-10T11:37:03.884Z]   FOOTER/HEADER ORIGIN: https://magic-kyoto2019.com
[2026-03-10T11:37:03.884Z]   FOOTER/HEADER ORIGIN: https://mcminnvillehonda.com
[2026-03-10T11:37:03.884Z]   FOOTER/HEADER ORIGIN: https://mecofancoils.com
[2026-03-10T11:37:03.884Z]   FOOTER/HEADER ORIGIN: https://honestfashionstore.com
[2026-03-10T11:37:03.884Z]   FOOTER/HEADER ORIGIN: https://blackspeachesandbakery.com
[2026-03-10T11:37:03.884Z]   FOOTER/HEADER ORIGIN: https://seniorsfestival.org
[2026-03-10T11:37:03.884Z]   FOOTER/HEADER ORIGIN: https://musamachina.com
[2026-03-10T11:37:03.884Z]   FOOTER/HEADER ORIGIN: https://softava.com
[2026-03-10T11:37:03.884Z]   FOOTER/HEADER ORIGIN: https://stuartdancininthestreets.com
[2026-03-10T11:37:03.884Z]   FOOTER/HEADER ORIGIN: https://choicemattersmidwifecollective.com
[2026-03-10T11:37:03.885Z]   FOOTER/HEADER ORIGIN: https://tunbridgewellsatchristmas.com
[2026-03-10T11:37:03.885Z]   FOOTER/HEADER ORIGIN: https://stjohnsgoshen.com
[2026-03-10T11:37:03.885Z]   FOOTER/HEADER ORIGIN: https://robynphoto.com
[2026-03-10T11:37:03.885Z]   FOOTER/HEADER ORIGIN: https://kidselectrictoys.com
[2026-03-10T11:37:03.885Z]   FOOTER/HEADER ORIGIN: https://hoeffelforsenate.com
[2026-03-10T11:37:03.885Z]   FOOTER/HEADER ORIGIN: https://kevin-life.com
[2026-03-10T11:37:03.885Z]   FOOTER/HEADER ORIGIN: https://apinatbio.com
[2026-03-10T11:37:03.885Z]   FOOTER/HEADER ORIGIN: https://wearechangechicago.com
[2026-03-10T11:37:03.885Z]   FOOTER/HEADER ORIGIN: https://economicnewsdaily.com
[2026-03-10T11:37:03.885Z]   FOOTER/HEADER ORIGIN: https://thefairyprincessdiaries.com
[2026-03-10T11:37:03.885Z]   FOOTER/HEADER ORIGIN: https://angelo-munich.com
[2026-03-10T11:37:03.885Z]   FOOTER/HEADER ORIGIN: https://westwoodcollegegeorgia.com
[2026-03-10T11:37:03.885Z]   FOOTER/HEADER ORIGIN: https://greatlifequotes.org
[2026-03-10T11:37:03.885Z]   FOOTER/HEADER ORIGIN: https://cardiorisc.com
[2026-03-10T11:37:03.885Z]   FOOTER/HEADER ORIGIN: https://cleanmachinecarcare.com
[2026-03-10T11:37:03.885Z]   FOOTER/HEADER ORIGIN: https://newbalanceshipping.com
[2026-03-10T11:37:03.885Z]   FOOTER/HEADER ORIGIN: https://investraction.com
[2026-03-10T11:37:03.885Z]   FOOTER/HEADER ORIGIN: https://ibbgomaha.com
[2026-03-10T11:37:03.885Z]   FOOTER/HEADER ORIGIN: https://cikgusiber.com
[2026-03-10T11:37:03.885Z]   FOOTER/HEADER ORIGIN: https://smugglerscoveislamorada.com
[2026-03-10T11:37:03.885Z]   FOOTER/HEADER ORIGIN: https://mashspargeboil.com
[2026-03-10T11:37:03.885Z]   FOOTER/HEADER ORIGIN: https://thehousetime.com
[2026-03-10T11:37:03.885Z]   FOOTER/HEADER ORIGIN: https://actiontogetherma.com
[2026-03-10T11:37:03.886Z]   FOOTER/HEADER ORIGIN: https://directphotonics.com
[2026-03-10T11:37:03.886Z]   FOOTER/HEADER ORIGIN: https://marciasflooring.com
[2026-03-10T11:37:03.886Z]   FOOTER/HEADER ORIGIN: https://megjayanth.com
[2026-03-10T11:37:03.886Z]   FOOTER/HEADER ORIGIN: https://obshtestvo.net
[2026-03-10T11:37:03.886Z]   FOOTER/HEADER ORIGIN: https://unleashyouridentity.com
[2026-03-10T11:37:03.886Z]   FOOTER/HEADER ORIGIN: https://forestfirehub.com
[2026-03-10T11:37:03.886Z]   FOOTER/HEADER ORIGIN: https://pa-solok.net
[2026-03-10T11:37:03.886Z]   FOOTER/HEADER ORIGIN: https://perpustakaanstikesmuda.net
[2026-03-10T11:37:03.886Z]   FOOTER/HEADER ORIGIN: https://stikeswidyahusada.com
[2026-03-10T11:37:03.886Z]   FOOTER/HEADER ORIGIN: https://pa-lubuksikaping.net
[2026-03-10T11:37:03.886Z]   FOOTER/HEADER ORIGIN: https://stametbuntok.com
[2026-03-10T11:37:03.886Z]   FOOTER/HEADER ORIGIN: https://stametbinakagunungsitoli.com
[2026-03-10T11:37:03.886Z]   FOOTER/HEADER ORIGIN: https://sman1lubuklinggau.com
[2026-03-10T11:37:03.886Z]   FOOTER/HEADER ORIGIN: https://diskopbanjarkab.com
[2026-03-10T11:37:03.886Z]   FOOTER/HEADER ORIGIN: https://stametpangkalpinang.com
[2026-03-10T11:37:03.886Z]   FOOTER/HEADER ORIGIN: https://saranghoki2.com
[2026-03-10T11:37:03.886Z]   FOOTER/HEADER ORIGIN: https://iogwin.com
[2026-03-10T11:37:03.886Z]   FOOTER/HEADER ORIGIN: https://eventbareng.com
[2026-03-10T11:37:03.886Z]   FOOTER/HEADER ORIGIN: https://situskarma.com
[2026-03-10T11:37:03.887Z]   FOOTER/HEADER ORIGIN: https://desahanmanja.com
[2026-03-10T11:37:03.887Z]   FOOTER/HEADER ORIGIN: https://dewasaku.com
[2026-03-10T11:37:03.887Z]   FOOTER/HEADER ORIGIN: https://rakkhitavana.com
[2026-03-10T11:37:03.887Z]   FOOTER/HEADER ORIGIN: https://wyoming-tourism.com
[2026-03-10T11:37:03.887Z]   FOOTER/HEADER ORIGIN: https://iowa-tourism.com
[2026-03-10T11:37:03.887Z]   FOOTER/HEADER ORIGIN: https://arizona-tourism.com
[2026-03-10T11:37:03.887Z]   FOOTER/HEADER ORIGIN: https://utah-tourism.com
[2026-03-10T11:37:03.887Z]   FOOTER/HEADER ORIGIN: https://kansas-tourism.com
[2026-03-10T11:37:03.887Z]   FOOTER/HEADER ORIGIN: https://minnesota-tourism.com
[2026-03-10T11:37:03.887Z]   FOOTER/HEADER ORIGIN: https://delaware-tourism.com
[2026-03-10T11:37:03.887Z]   FOOTER/HEADER ORIGIN: https://oklahoma-tourism.com
[2026-03-10T11:37:03.887Z]   FOOTER/HEADER ORIGIN: https://tennessee-tourism.com
[2026-03-10T11:37:03.887Z]   FOOTER/HEADER ORIGIN: https://alabama-tourism.com
[2026-03-10T11:37:03.887Z]   FOOTER/HEADER ORIGIN: https://louisiana-tourism.com
[2026-03-10T11:37:03.887Z]   FOOTER/HEADER ORIGIN: https://typemock.com
[2026-03-10T11:37:03.887Z]   FOOTER/HEADER ORIGIN: https://typemock.freshdesk.com
[2026-03-10T11:37:03.887Z]   ADDED: urls <- http://35.204.123.179/answers
[2026-03-10T11:37:03.887Z]   ADDED: urls <- http://35.204.123.179/docs
[2026-03-10T11:37:03.888Z]   SKIP (duplicate): http://35.204.123.179/docs
[2026-03-10T11:37:03.888Z]   ADDED: urls <- http://eepurl.com/xyMp9
[2026-03-10T11:37:03.888Z]   ADDED: urls <- http://kabupatenpati.com
[2026-03-10T11:37:03.888Z]   SKIP (not in footer/header): http://www.aicracy.ai
[2026-03-10T11:37:03.888Z]   ADDED: urls <- https://1click2computers.com
[2026-03-10T11:37:03.888Z]   ADDED: urls <- https://2k20lockercode.com
[2026-03-10T11:37:03.888Z]   ADDED: urls <- https://abelhadesign.com
[2026-03-10T11:37:03.888Z]   ADDED: urls <- https://accrabookfest.com
[2026-03-10T11:37:03.888Z]   ADDED: urls <- https://acrosstheatlanticband.com
[2026-03-10T11:37:03.888Z]   ADDED: urls <- https://actiontogetherma.com
[2026-03-10T11:37:03.888Z]   ADDED: urls <- https://acworldtour.com
[2026-03-10T11:37:03.888Z]   ADDED: urls <- https://affiliationregisteredcelticsupporters.org
[2026-03-10T11:37:03.888Z]   ADDED: urls <- https://agenciadepubli.com
[2026-03-10T11:37:03.888Z]   ADDED: urls <- https://ahpper.org
[2026-03-10T11:37:03.889Z]   ADDED: urls <- https://airberlin-binoli.com
[2026-03-10T11:37:03.889Z]   ADDED: urls <- https://akkuschrauber-heinrich.com
[2026-03-10T11:37:03.889Z]   ADDED: urls <- https://alabama-tourism.com
[2026-03-10T11:37:03.889Z]   ADDED: urls <- https://allaboutj.me
[2026-03-10T11:37:03.889Z]   ADDED: urls <- https://amonimageparis.com
[2026-03-10T11:37:03.889Z]   ADDED: urls <- https://angelo-munich.com
[2026-03-10T11:37:03.889Z]   ADDED: urls <- https://annasewhoy.com
[2026-03-10T11:37:03.889Z]   ADDED: urls <- https://apinatbio.com
[2026-03-10T11:37:03.889Z]   ADDED: urls <- https://appsmashups.com
[2026-03-10T11:37:03.889Z]   ADDED: urls <- https://arizona-tourism.com
[2026-03-10T11:37:03.889Z]   ADDED: urls <- https://arteunhas.com
[2026-03-10T11:37:03.889Z]   ADDED: urls <- https://azhomesbykellycook.com
[2026-03-10T11:37:03.889Z]   ADDED: urls <- https://baconvstacos.com
[2026-03-10T11:37:03.889Z]   ADDED: urls <- https://badioustudies.org
[2026-03-10T11:37:03.889Z]   ADDED: urls <- https://baldness-cure.org
[2026-03-10T11:37:03.889Z]   ADDED: urls <- https://bananaleafofcolumbus.com
[2026-03-10T11:37:03.890Z]   ADDED: urls <- https://barnabeats.com
[2026-03-10T11:37:03.890Z]   ADDED: urls <- https://beercomponents.com
[2026-03-10T11:37:03.890Z]   ADDED: urls <- https://bestialdeltragaluz.com
[2026-03-10T11:37:03.890Z]   ADDED: urls <- https://bethelislandgolf.com
[2026-03-10T11:37:03.890Z]   ADDED: urls <- https://bioleaders-forum.com
[2026-03-10T11:37:03.890Z]   ADDED: urls <- https://bistro1491.com
[2026-03-10T11:37:03.890Z]   ADDED: urls <- https://blackspeachesandbakery.com
[2026-03-10T11:37:03.890Z]   ADDED: urls <- https://bmwquebec.com
[2026-03-10T11:37:03.890Z]   ADDED: urls <- https://camionesybuses.com
[2026-03-10T11:37:03.890Z]   ADDED: urls <- https://captainkelly.org
[2026-03-10T11:37:03.890Z]   ADDED: urls <- https://caracoleando.org
[2026-03-10T11:37:03.890Z]   ADDED: urls <- https://cardiorisc.com
[2026-03-10T11:37:03.890Z]   ADDED: urls <- https://cfxpaintworks.com
[2026-03-10T11:37:03.890Z]   ADDED: urls <- https://changeisfun.com
[2026-03-10T11:37:03.890Z]   ADDED: urls <- https://charioworld.com
[2026-03-10T11:37:03.890Z]   ADDED: urls <- https://cheap-omegas-watches.com
[2026-03-10T11:37:03.891Z]   ADDED: urls <- https://choicemattersmidwifecollective.com
[2026-03-10T11:37:03.891Z]   ADDED: urls <- https://christian-alliance-for-orphans.org
[2026-03-10T11:37:03.891Z]   ADDED: urls <- https://churchillsofbuckhead.com
[2026-03-10T11:37:03.891Z]   ADDED: urls <- https://cikgusiber.com
[2026-03-10T11:37:03.891Z]   ADDED: urls <- https://civilengineerlink.com
[2026-03-10T11:37:03.891Z]   ADDED: urls <- https://claytoncardinals.org
[2026-03-10T11:37:03.891Z]   ADDED: urls <- https://cleanmachinecarcare.com
[2026-03-10T11:37:03.891Z]   ADDED: urls <- https://clinique-lipofilling-tunisie.com
[2026-03-10T11:37:03.891Z]   ADDED: urls <- https://colectivocaracol.org
[2026-03-10T11:37:03.891Z]   ADDED: urls <- https://colegiosabiduria.com
[2026-03-10T11:37:03.891Z]   ADDED: urls <- https://coloradodocumentsecurity.org
[2026-03-10T11:37:03.891Z]   ADDED: urls <- https://comoquitarlacaspa.org
[2026-03-10T11:37:03.891Z]   ADDED: urls <- https://contromanoilfilm.com
[2026-03-10T11:37:03.892Z]   ADDED: urls <- https://convertyoutubevideo.org
[2026-03-10T11:37:03.892Z]   ADDED: urls <- https://coopbellaflor.org
[2026-03-10T11:37:03.892Z]   ADDED: urls <- https://cpns-indonesia.com
[2026-03-10T11:37:03.892Z]   ADDED: urls <- https://culinarycamper.com
[2026-03-10T11:37:03.892Z]   ADDED: urls <- https://davematthewsblog.com
[2026-03-10T11:37:03.892Z]   ADDED: urls <- https://daytonabeachswimming.org
[2026-03-10T11:37:03.892Z]   ADDED: urls <- https://decoratingfusion.com
[2026-03-10T11:37:03.892Z]   ADDED: urls <- https://dekolibrie.org
[2026-03-10T11:37:03.892Z]   ADDED: urls <- https://delaware-tourism.com
[2026-03-10T11:37:03.892Z]   ADDED: urls <- https://desahanmanja.com
[2026-03-10T11:37:03.892Z]   ADDED: urls <- https://descargarimo.com
[2026-03-10T11:37:03.892Z]   ADDED: urls <- https://designbygoci.com
[2026-03-10T11:37:03.892Z]   ADDED: urls <- https://destinoveracruz.com
[2026-03-10T11:37:03.892Z]   ADDED: urls <- https://dewasaku.com
[2026-03-10T11:37:03.892Z]   ADDED: urls <- https://dharmayogaandart.com
[2026-03-10T11:37:03.892Z]   ADDED: urls <- https://diegovasallo.info
[2026-03-10T11:37:03.893Z]   ADDED: urls <- https://directphotonics.com
[2026-03-10T11:37:03.893Z]   ADDED: urls <- https://diskopbanjarkab.com
[2026-03-10T11:37:03.893Z]   ADDED: urls <- https://doggyswagshop.com
[2026-03-10T11:37:03.893Z]   ADDED: urls <- https://donemlilavolta.org
[2026-03-10T11:37:03.893Z]   ADDED: urls <- https://dpuairjatimprov.com
[2026-03-10T11:37:03.893Z]   ADDED: urls <- https://economicnewsdaily.com
[2026-03-10T11:37:03.893Z]   ADDED: urls <- https://ehtsimoneortega.com
[2026-03-10T11:37:03.893Z]   ADDED: urls <- https://espaiorigens.com
[2026-03-10T11:37:03.893Z]   ADDED: urls <- https://essayray.com
[2026-03-10T11:37:03.893Z]   ADDED: urls <- https://eventbareng.com
[2026-03-10T11:37:03.893Z]   ADDED: urls <- https://evolutiontelemedicine.com
[2026-03-10T11:37:03.893Z]   ADDED: urls <- https://examsun.com
[2026-03-10T11:37:03.893Z]   ADDED: urls <- https://experimentalpoetics.com
[2026-03-10T11:37:03.893Z]   ADDED: urls <- https://facenews.org
[2026-03-10T11:37:03.893Z]   ADDED: urls <- https://fadhila.org
[2026-03-10T11:37:03.894Z]   ADDED: urls <- https://falloutfive0.com
[2026-03-10T11:37:03.894Z]   ADDED: urls <- https://fannins-collectables.com
[2026-03-10T11:37:03.894Z]   ADDED: urls <- https://farzinphoto.com
[2026-03-10T11:37:03.894Z]   ADDED: urls <- https://fashiontechsummit.me
[2026-03-10T11:37:03.894Z]   ADDED: urls <- https://fatihsultanmehmetmuzesi.com
[2026-03-10T11:37:03.894Z]   ADDED: urls <- https://fayeofficial.com
[2026-03-10T11:37:03.894Z]   ADDED: urls <- https://fenixresortsamui.com
[2026-03-10T11:37:03.894Z]   ADDED: urls <- https://fette-gallery.com
[2026-03-10T11:37:03.894Z]   ADDED: urls <- https://first2zero.com
[2026-03-10T11:37:03.894Z]   ADDED: urls <- https://fish-collection.com
[2026-03-10T11:37:03.894Z]   ADDED: urls <- https://foreignervip.com
[2026-03-10T11:37:03.894Z]   ADDED: urls <- https://forestfirehub.com
[2026-03-10T11:37:03.894Z]   ADDED: urls <- https://formcapcorp.com
[2026-03-10T11:37:03.894Z]   ADDED: urls <- https://formforthought.com
[2026-03-10T11:37:03.894Z]   ADDED: urls <- https://freeter-jutaku.org
[2026-03-10T11:37:03.895Z]   ADDED: urls <- https://frompage2stage.com
[2026-03-10T11:37:03.895Z]   ADDED: urls <- https://fukusuke.biz
[2026-03-10T11:37:03.895Z]   ADDED: urls <- https://fusioncrosstraining.com
[2026-03-10T11:37:03.895Z]   ADDED: urls <- https://g5live.com
[2026-03-10T11:37:03.895Z]   ADDED: urls <- https://garminlogin.org
[2026-03-10T11:37:03.895Z]   ADDED: urls <- https://geds-to-phds.org
[2026-03-10T11:37:03.895Z]   ADDED: urls <- https://gfrsh.com
[2026-03-10T11:37:03.895Z]   ADDED: urls <- https://gmseenet.org
[2026-03-10T11:37:03.895Z]   ADDED: urls <- https://gogakeys.com
[2026-03-10T11:37:03.895Z]   ADDED: urls <- https://gorilla-trip.com
[2026-03-10T11:37:03.895Z]   ADDED: urls <- https://grabun.com
[2026-03-10T11:37:03.895Z]   ADDED: urls <- https://granitemanhalfmarathon.com
[2026-03-10T11:37:03.895Z]   ADDED: urls <- https://greatlifequotes.org
[2026-03-10T11:37:03.895Z]   ADDED: urls <- https://greeksim.com
[2026-03-10T11:37:03.895Z]   ADDED: urls <- https://hackit-ukraine.com
[2026-03-10T11:37:03.896Z]   ADDED: urls <- https://hamachiturk.com
[2026-03-10T11:37:03.896Z]   ADDED: urls <- https://hawaii-ga-compe.com
[2026-03-10T11:37:03.896Z]   ADDED: urls <- https://heliosjournal.com
[2026-03-10T11:37:03.896Z]   ADDED: urls <- https://hitinnsmushrooms.com
[2026-03-10T11:37:03.896Z]   ADDED: urls <- https://hoeffelforsenate.com
[2026-03-10T11:37:03.896Z]   ADDED: urls <- https://holeinthewallatlanta.com
[2026-03-10T11:37:03.896Z]   ADDED: urls <- https://honestfashionstore.com
[2026-03-10T11:37:03.896Z]   ADDED: urls <- https://hotdealsproduct.com
[2026-03-10T11:37:03.896Z]   ADDED: urls <- https://hotel-aleksander.com
[2026-03-10T11:37:03.896Z]   ADDED: urls <- https://hushamericanbistro.com
[2026-03-10T11:37:03.896Z]   ADDED: urls <- https://hydra-deicers.com
[2026-03-10T11:37:03.896Z]   ADDED: urls <- https://iamgreta-derfilm.com
[2026-03-10T11:37:03.896Z]   ADDED: urls <- https://ibbgomaha.com
[2026-03-10T11:37:03.896Z]   ADDED: urls <- https://ibizcard.biz
[2026-03-10T11:37:03.897Z]   ADDED: urls <- https://iceoplexescondido.com
[2026-03-10T11:37:03.900Z]   ADDED: urls <- https://igooglemaps.com
[2026-03-10T11:37:03.900Z]   ADDED: urls <- https://iis-refunds.com
[2026-03-10T11:37:03.900Z]   ADDED: urls <- https://ilustramar.com
[2026-03-10T11:37:03.900Z]   ADDED: urls <- https://ilyenazenpapom.com
[2026-03-10T11:37:03.900Z]   ADDED: urls <- https://incubadoradeartistas.com
[2026-03-10T11:37:03.900Z]   ADDED: urls <- https://indusresearch.org
[2026-03-10T11:37:03.901Z]   ADDED: urls <- https://integraltradition.com
[2026-03-10T11:37:03.901Z]   ADDED: urls <- https://intoxicatestudios.com
[2026-03-10T11:37:03.901Z]   ADDED: urls <- https://investraction.com
[2026-03-10T11:37:03.901Z]   ADDED: urls <- https://iogwin.com
[2026-03-10T11:37:03.901Z]   ADDED: urls <- https://iowa-tourism.com
[2026-03-10T11:37:03.901Z]   ADDED: urls <- https://isd-webspace.com
[2026-03-10T11:37:03.901Z]   ADDED: urls <- https://ispank.me
[2026-03-10T11:37:03.901Z]   ADDED: urls <- https://jansoncoffeefarm.com
[2026-03-10T11:37:03.901Z]   ADDED: urls <- https://jeparainternational.com
[2026-03-10T11:37:03.901Z]   ADDED: urls <- https://jesuisuniquevetement.com
[2026-03-10T11:37:03.901Z]   ADDED: urls <- https://jornadaicofcv.org
[2026-03-10T11:37:03.901Z]   ADDED: urls <- https://juegodemonos.com
[2026-03-10T11:37:03.901Z]   ADDED: urls <- https://kansas-tourism.com
[2026-03-10T11:37:03.901Z]   ADDED: urls <- https://karocel.com
[2026-03-10T11:37:03.902Z]   ADDED: urls <- https://kbri-beirut.org
[2026-03-10T11:37:03.902Z]   ADDED: urls <- https://kevin-life.com
[2026-03-10T11:37:03.902Z]   ADDED: urls <- https://khadamat-makkah.com
[2026-03-10T11:37:03.902Z]   ADDED: urls <- https://kidselectrictoys.com
[2026-03-10T11:37:03.902Z]   ADDED: urls <- https://kitchen-k.com
[2026-03-10T11:37:03.902Z]   ADDED: urls <- https://lautre-editions.com
[2026-03-10T11:37:03.902Z]   ADDED: urls <- https://lolpetbeds.com
[2026-03-10T11:37:03.902Z]   ADDED: urls <- https://louisiana-tourism.com
[2026-03-10T11:37:03.902Z]   ADDED: urls <- https://madforarts.org
[2026-03-10T11:37:03.902Z]   ADDED: urls <- https://madisoncineworld.com
[2026-03-10T11:37:03.902Z]   ADDED: urls <- https://magic-kyoto2019.com
[2026-03-10T11:37:03.902Z]   ADDED: urls <- https://maisonmagnan.com
[2026-03-10T11:37:03.902Z]   ADDED: urls <- https://malgouyres.org
[2026-03-10T11:37:03.902Z]   ADDED: urls <- https://manipalcityandguilds.com
[2026-03-10T11:37:03.902Z]   ADDED: urls <- https://marciasflooring.com
[2026-03-10T11:37:03.902Z]   ADDED: urls <- https://marinaguiuilustracion.com
[2026-03-10T11:37:03.903Z]   ADDED: urls <- https://marriagecounselingstlouis.com
[2026-03-10T11:37:03.903Z]   ADDED: urls <- https://mashspargeboil.com
[2026-03-10T11:37:03.903Z]   ADDED: urls <- https://mcminnvillehonda.com
[2026-03-10T11:37:03.903Z]   ADDED: urls <- https://mecofancoils.com
[2026-03-10T11:37:03.903Z]   ADDED: urls <- https://mediterraneanphototours.com
[2026-03-10T11:37:03.903Z]   ADDED: urls <- https://megjayanth.com
[2026-03-10T11:37:03.903Z]   ADDED: urls <- https://mezzebarnyc.com
[2026-03-10T11:37:03.903Z]   ADDED: urls <- https://mgalleryoffineart.com
[2026-03-10T11:37:03.903Z]   ADDED: urls <- https://mic50.org
[2026-03-10T11:37:03.903Z]   ADDED: urls <- https://minetransportbr.com
[2026-03-10T11:37:03.903Z]   ADDED: urls <- https://minnesota-tourism.com
[2026-03-10T11:37:03.903Z]   ADDED: urls <- https://mobiletiperz.com
[2026-03-10T11:37:03.903Z]   ADDED: urls <- https://monmaternite.com
[2026-03-10T11:37:03.904Z]   ADDED: urls <- https://monsterrobotstudios.com
[2026-03-10T11:37:03.904Z]   ADDED: urls <- https://montealduide.org
[2026-03-10T11:37:03.904Z]   ADDED: urls <- https://mountstreetgalleries.com
[2026-03-10T11:37:03.904Z]   ADDED: urls <- https://musamachina.com
[2026-03-10T11:37:03.904Z]   ADDED: urls <- https://musashino-campus.com
[2026-03-10T11:37:03.904Z]   ADDED: urls <- https://mutiraorio2016.com
[2026-03-10T11:37:03.904Z]   ADDED: urls <- https://muzasound.com
[2026-03-10T11:37:03.904Z]   ADDED: urls <- https://myeverwrite.com
[2026-03-10T11:37:03.904Z]   ADDED: urls <- https://myfrenchmuse.com
[2026-03-10T11:37:03.904Z]   ADDED: urls <- https://nacentralohio.com
[2026-03-10T11:37:03.904Z]   ADDED: urls <- https://naxanta.org
[2026-03-10T11:37:03.904Z]   ADDED: urls <- https://newbalanceshipping.com
[2026-03-10T11:37:03.904Z]   ADDED: urls <- https://newcamerareview.com
[2026-03-10T11:37:03.904Z]   ADDED: urls <- https://nfteducation.org
[2026-03-10T11:37:03.904Z]   ADDED: urls <- https://nicholaskory.com
[2026-03-10T11:37:03.905Z]   ADDED: urls <- https://ninoslongbeach.com
[2026-03-10T11:37:03.905Z]   ADDED: urls <- https://nobswall.com
[2026-03-10T11:37:03.905Z]   ADDED: urls <- https://obshtestvo.net
[2026-03-10T11:37:03.905Z]   ADDED: urls <- https://obuzzer.com
[2026-03-10T11:37:03.905Z]   ADDED: urls <- https://ofertassoriana.com
[2026-03-10T11:37:03.905Z]   ADDED: urls <- https://ogutierrezjr.com
[2026-03-10T11:37:03.905Z]   ADDED: urls <- https://oklahoma-tourism.com
[2026-03-10T11:37:03.905Z]   ADDED: urls <- https://onetruecatholicfaith.com
[2026-03-10T11:37:03.905Z]   ADDED: urls <- https://onevent.me
[2026-03-10T11:37:03.905Z]   ADDED: urls <- https://onlinepaydayloanstbb.org
[2026-03-10T11:37:03.905Z]   ADDED: urls <- https://pa-lubuksikaping.net
[2026-03-10T11:37:03.905Z]   ADDED: urls <- https://pa-solok.net
[2026-03-10T11:37:03.905Z]   ADDED: urls <- https://pahvantpost.com
[2026-03-10T11:37:03.905Z]   ADDED: urls <- https://parentingfaculty.com
[2026-03-10T11:37:03.906Z]   ADDED: urls <- https://patentyourkiss.com
[2026-03-10T11:37:03.906Z]   ADDED: urls <- https://pdiaijawatengah.id
[2026-03-10T11:37:03.906Z]   ADDED: urls <- https://pedallingabout.com
[2026-03-10T11:37:03.906Z]   ADDED: urls <- https://perfect-world.me
[2026-03-10T11:37:03.906Z]   ADDED: urls <- https://perpustakaanstikesmuda.net
[2026-03-10T11:37:03.906Z]   ADDED: urls <- https://poggiogagliardo.com
[2026-03-10T11:37:03.906Z]   ADDED: urls <- https://proyectopazla.org
[2026-03-10T11:37:03.906Z]   ADDED: urls <- https://raco-ryukyu.com
[2026-03-10T11:37:03.906Z]   ADDED: urls <- https://radiodefensavenezuela.com
[2026-03-10T11:37:03.906Z]   ADDED: urls <- https://rakkhitavana.com
[2026-03-10T11:37:03.906Z]   ADDED: urls <- https://rawdoghawaii.com
[2026-03-10T11:37:03.906Z]   ADDED: urls <- https://redmica.org
[2026-03-10T11:37:03.906Z]   ADDED: urls <- https://reelfishingteam.com
[2026-03-10T11:37:03.906Z]   ADDED: urls <- https://reinventairmobility.com
[2026-03-10T11:37:03.906Z]   ADDED: urls <- https://renatosc.com
[2026-03-10T11:37:03.907Z]   ADDED: urls <- https://revistadibus.com
[2026-03-10T11:37:03.907Z]   ADDED: urls <- https://revistaoz.com
[2026-03-10T11:37:03.907Z]   ADDED: urls <- https://richardtracybrand.com
[2026-03-10T11:37:03.907Z]   ADDED: urls <- https://robhowzespeaks.com
[2026-03-10T11:37:03.907Z]   ADDED: urls <- https://robynphoto.com
[2026-03-10T11:37:03.907Z]   ADDED: urls <- https://romsaction.org
[2026-03-10T11:37:03.907Z]   ADDED: urls <- https://samsungduyaneller.com
[2026-03-10T11:37:03.907Z]   ADDED: urls <- https://santanderfestivaldelmar.com
[2026-03-10T11:37:03.907Z]   ADDED: urls <- https://saranghoki2.com
[2026-03-10T11:37:03.907Z]   ADDED: urls <- https://savenicksorganicfarm.org
[2026-03-10T11:37:03.907Z]   ADDED: urls <- https://scldfriends.org
[2026-03-10T11:37:03.907Z]   ADDED: urls <- https://semeantojaunafiesta.com
[2026-03-10T11:37:03.907Z]   ADDED: urls <- https://seniorsfestival.org
[2026-03-10T11:37:03.907Z]   ADDED: urls <- https://sergeantblackart.com
[2026-03-10T11:37:03.908Z]   ADDED: urls <- https://sharonfornashville.com
[2026-03-10T11:37:03.908Z]   ADDED: urls <- https://shihtzuandyou.com
[2026-03-10T11:37:03.908Z]   ADDED: urls <- https://shoeshoppe.biz
[2026-03-10T11:37:03.908Z]   ADDED: urls <- https://simplead.info
[2026-03-10T11:37:03.908Z]   ADDED: urls <- https://situskarma.com
[2026-03-10T11:37:03.908Z]   ADDED: urls <- https://sixmonthsinsudan.com
[2026-03-10T11:37:03.908Z]   ADDED: urls <- https://sman1lubuklinggau.com
[2026-03-10T11:37:03.908Z]   ADDED: urls <- https://smugglerscoveislamorada.com
[2026-03-10T11:37:03.908Z]   ADDED: urls <- https://softava.com
[2026-03-10T11:37:03.908Z]   ADDED: urls <- https://soundstringcable.com
[2026-03-10T11:37:03.908Z]   ADDED: urls <- https://stametbinakagunungsitoli.com
[2026-03-10T11:37:03.908Z]   ADDED: urls <- https://stametbuntok.com
[2026-03-10T11:37:03.908Z]   ADDED: urls <- https://stametpangkalpinang.com
[2026-03-10T11:37:03.908Z]   ADDED: urls <- https://startupfolderwindows10.com
[2026-03-10T11:37:03.908Z]   ADDED: urls <- https://stemoproduction.info
[2026-03-10T11:37:03.909Z]   ADDED: urls <- https://stikeswidyahusada.com
[2026-03-10T11:37:03.909Z]   ADDED: urls <- https://stjohnsgoshen.com
[2026-03-10T11:37:03.909Z]   ADDED: urls <- https://stuartdancininthestreets.com
[2026-03-10T11:37:03.909Z]   ADDED: urls <- https://svadba-ukr.com
[2026-03-10T11:37:03.909Z]   ADDED: urls <- https://t-visto.com
[2026-03-10T11:37:03.909Z]   ADDED: urls <- https://t4haber.com
[2026-03-10T11:37:03.909Z]   ADDED: urls <- https://tatulegal.com
[2026-03-10T11:37:03.910Z]   ADDED: urls <- https://teachmorelovemore.com
[2026-03-10T11:37:03.910Z]   ADDED: urls <- https://teatrofilodrammatici.com
[2026-03-10T11:37:03.910Z]   ADDED: urls <- https://tennessee-tourism.com
[2026-03-10T11:37:03.910Z]   ADDED: urls <- https://the4thindustrialrevolution.org
[2026-03-10T11:37:03.910Z]   ADDED: urls <- https://thefairyprincessdiaries.com
[2026-03-10T11:37:03.910Z]   ADDED: urls <- https://thehousetime.com
[2026-03-10T11:37:03.910Z]   ADDED: urls <- https://thenonadventuresofasahm.com
[2026-03-10T11:37:03.910Z]   ADDED: urls <- https://theresidencesmarmenor.com
[2026-03-10T11:37:03.911Z]   ADDED: urls <- https://theryanoreillyband.com
[2026-03-10T11:37:03.911Z]   ADDED: urls <- https://thesandmaninn.com
[2026-03-10T11:37:03.911Z]   ADDED: urls <- https://thesmartcoffeeblog.com
[2026-03-10T11:37:03.911Z]   ADDED: urls <- https://tigerairshows.com
[2026-03-10T11:37:03.911Z]   ADDED: urls <- https://timesynchro.com
[2026-03-10T11:37:03.911Z]   ADDED: urls <- https://tonashinosobaya.info
[2026-03-10T11:37:03.911Z]   ADDED: urls <- https://topcomputertablets.com
[2026-03-10T11:37:03.911Z]   ADDED: urls <- https://tourist-croatia.com
[2026-03-10T11:37:03.911Z]   ADDED: urls <- https://trikcarainternet.com
[2026-03-10T11:37:03.911Z]   ADDED: urls <- https://trinityfilmfestival.org
[2026-03-10T11:37:03.911Z]   ADDED: urls <- https://tunbridgewellsatchristmas.com
[2026-03-10T11:37:03.912Z]   ADDED: urls <- https://turbinado.org
[2026-03-10T11:37:03.912Z]   ADDED: urls <- https://tvsantaluzia.com
[2026-03-10T11:37:03.912Z]   ADDED: urls <- https://txt2png.com
[2026-03-10T11:37:03.912Z]   ADDED: urls <- https://typemock.freshdesk.com/support/home
[2026-03-10T11:37:03.912Z]   ADDED: urls <- https://ufxloops.com
[2026-03-10T11:37:03.912Z]   ADDED: urls <- https://unityplaza.org
[2026-03-10T11:37:03.912Z]   ADDED: urls <- https://univete-assomption.org
[2026-03-10T11:37:03.912Z]   ADDED: urls <- https://unleashyouridentity.com
[2026-03-10T11:37:03.912Z]   ADDED: urls <- https://unlockedspot.com
[2026-03-10T11:37:03.912Z]   ADDED: urls <- https://utah-tourism.com
[2026-03-10T11:37:03.912Z]   ADDED: urls <- https://vemaybayngoctrinh.com
[2026-03-10T11:37:03.913Z]   ADDED: urls <- https://verandi.org
[2026-03-10T11:37:03.913Z]   ADDED: urls <- https://verisgold.com
[2026-03-10T11:37:03.913Z]   ADDED: urls <- https://verohermannsambin.com
[2026-03-10T11:37:03.913Z]   ADDED: urls <- https://viewswagen.com
[2026-03-10T11:37:03.913Z]   ADDED: urls <- https://vinosdelapatagonia.com
[2026-03-10T11:37:03.913Z]   ADDED: urls <- https://vrktravel.com
[2026-03-10T11:37:03.913Z]   ADDED: urls <- https://wartasumut.com
[2026-03-10T11:37:03.913Z]   ADDED: urls <- https://wavelengthsleisurecentre.com
[2026-03-10T11:37:03.913Z]   ADDED: urls <- https://wearechangechicago.com
[2026-03-10T11:37:03.913Z]   ADDED: urls <- https://web-apteka.com
[2026-03-10T11:37:03.913Z]   ADDED: urls <- https://webiconspng.com
[2026-03-10T11:37:03.913Z]   ADDED: urls <- https://webmoneytashkent.com
[2026-03-10T11:37:03.914Z]   ADDED: urls <- https://welchavery.com
[2026-03-10T11:37:03.914Z]   ADDED: urls <- https://wesschneider.com
[2026-03-10T11:37:03.914Z]   ADDED: urls <- https://westwoodcollegegeorgia.com
[2026-03-10T11:37:03.914Z]   ADDED: urls <- https://wholeheartedwoman.org
[2026-03-10T11:37:03.914Z]   ADDED: urls <- https://wisconsinfarmland.org
[2026-03-10T11:37:03.914Z]   ADDED: urls <- https://writemyessaycheap.org
[2026-03-10T11:37:03.914Z]   ADDED: urls <- https://www.5-minutes.net
[2026-03-10T11:37:03.914Z]   ADDED: urls <- https://www.ablon-group.com
[2026-03-10T11:37:03.914Z]   ADDED: urls <- https://www.adabankia.com
[2026-03-10T11:37:03.914Z]   ADDED: urls <- https://www.airbornebook.com
[2026-03-10T11:37:03.914Z]   ADDED: urls <- https://www.aksesorishape.store
[2026-03-10T11:37:03.914Z]   ADDED: urls <- https://www.allhit.org
[2026-03-10T11:37:03.914Z]   ADDED: urls <- https://www.amesburymusicfest.com
[2026-03-10T11:37:03.914Z]   ADDED: urls <- https://www.amigando.com
[2026-03-10T11:37:03.914Z]   ADDED: urls <- https://www.arwenphoto.com
[2026-03-10T11:37:03.915Z]   ADDED: urls <- https://www.aurora-israel.co
[2026-03-10T11:37:03.915Z]   ADDED: urls <- https://www.avtomati-igrat-online.com
[2026-03-10T11:37:03.915Z]   ADDED: urls <- https://www.ayswuvalentine.com
[2026-03-10T11:37:03.915Z]   ADDED: urls <- https://www.azafransolidario.org
[2026-03-10T11:37:03.915Z]   ADDED: urls <- https://www.baileysgarden.org
[2026-03-10T11:37:03.915Z]   ADDED: urls <- https://www.balidenpasar.online
[2026-03-10T11:37:03.915Z]   ADDED: urls <- https://www.baliprov.online
[2026-03-10T11:37:03.915Z]   ADDED: urls <- https://www.bandaaceh.online
[2026-03-10T11:37:03.915Z]   ADDED: urls <- https://www.bangrakthaicuisine.com
[2026-03-10T11:37:03.915Z]   ADDED: urls <- https://www.bantencilegon.online
[2026-03-10T11:37:03.915Z]   ADDED: urls <- https://www.bekerja.info
[2026-03-10T11:37:03.915Z]   ADDED: urls <- https://www.belarusdocs.com
[2026-03-10T11:37:03.915Z]   ADDED: urls <- https://www.bengkulu.online
[2026-03-10T11:37:03.915Z]   ADDED: urls <- https://www.bethmorey.com
[2026-03-10T11:37:03.915Z]   ADDED: urls <- https://www.bhinekka.info
[2026-03-10T11:37:03.916Z]   ADDED: urls <- https://www.boommovie.org
[2026-03-10T11:37:03.916Z]   ADDED: urls <- https://www.bowedison.com
[2026-03-10T11:37:03.916Z]   ADDED: urls <- https://www.bundanagita.info
[2026-03-10T11:37:03.916Z]   ADDED: urls <- https://www.c-sn.com
[2026-03-10T11:37:03.916Z]   ADDED: urls <- https://www.canoncomij-setup.com
[2026-03-10T11:37:03.916Z]   ADDED: urls <- https://www.casaafeliz.com
[2026-03-10T11:37:03.916Z]   ADDED: urls <- https://www.cbsbb.org
[2026-03-10T11:37:03.916Z]   ADDED: urls <- https://www.ceciliascloset.com
[2026-03-10T11:37:03.916Z]   ADDED: urls <- https://www.cegmenorca.org
[2026-03-10T11:37:03.916Z]   ADDED: urls <- https://www.chapelhillsds.org
[2026-03-10T11:37:03.916Z]   ADDED: urls <- https://www.cialispillsale.com
[2026-03-10T11:37:03.916Z]   ADDED: urls <- https://www.club-wakka.com
[2026-03-10T11:37:03.916Z]   ADDED: urls <- https://www.clubhairspray.com
[2026-03-10T11:37:03.916Z]   ADDED: urls <- https://www.cmffevents.com
[2026-03-10T11:37:03.916Z]   ADDED: urls <- https://www.consciousevolutionmedia.com
[2026-03-10T11:37:03.917Z]   ADDED: urls <- https://www.coop-breizh.com
[2026-03-10T11:37:03.917Z]   ADDED: urls <- https://www.creativejuicesmusic.com
[2026-03-10T11:37:03.917Z]   ADDED: urls <- https://www.cursosmooc.org
[2026-03-10T11:37:03.917Z]   ADDED: urls <- https://www.customizabooks.com
[2026-03-10T11:37:03.917Z]   ADDED: urls <- https://www.cxsofteng.com
[2026-03-10T11:37:03.917Z]   ADDED: urls <- https://www.daerahistimewayogyakarta.online
[2026-03-10T11:37:03.917Z]   ADDED: urls <- https://www.darkwoodsmybetrothed.com
[2026-03-10T11:37:03.917Z]   ADDED: urls <- https://www.daym-karadadesign.com
[2026-03-10T11:37:03.917Z]   ADDED: urls <- https://www.dbestie.com
[2026-03-10T11:37:03.917Z]   ADDED: urls <- https://www.descubrebooks.com
[2026-03-10T11:37:03.917Z]   ADDED: urls <- https://www.dewmotion.com
[2026-03-10T11:37:03.917Z]   ADDED: urls <- https://www.differentgame.org
[2026-03-10T11:37:03.917Z]   ADDED: urls <- https://www.dkijakarta.online
[2026-03-10T11:37:03.917Z]   ADDED: urls <- https://www.duniaonlinekita.store
[2026-03-10T11:37:03.917Z]   ADDED: urls <- https://www.dwadme.com
[2026-03-10T11:37:03.917Z]   ADDED: urls <- https://www.e-siminuki.net
[2026-03-10T11:37:03.918Z]   ADDED: urls <- https://www.edgefieldfarm.com
[2026-03-10T11:37:03.918Z]   ADDED: urls <- https://www.eucaliptusbeach.com
[2026-03-10T11:37:03.918Z]   ADDED: urls <- https://www.eulacias.org
[2026-03-10T11:37:03.918Z]   ADDED: urls <- https://www.everest-gaming.org
[2026-03-10T11:37:03.919Z]   ADDED: urls <- https://www.familysquarerestaurant.com
[2026-03-10T11:37:03.919Z]   ADDED: urls <- https://www.fchatzigianis.com
[2026-03-10T11:37:03.919Z]   ADDED: urls <- https://www.federationwushu.org
[2026-03-10T11:37:03.919Z]   ADDED: urls <- https://www.festivalwallpaper.com
[2026-03-10T11:37:03.919Z]   ADDED: urls <- https://www.foodandwaterinstitute.org
[2026-03-10T11:37:03.919Z]   ADDED: urls <- https://www.footjuniors.com
[2026-03-10T11:37:03.919Z]   ADDED: urls <- https://www.frickinbrite.com
[2026-03-10T11:37:03.919Z]   ADDED: urls <- https://www.gal-pal.com
[2026-03-10T11:37:03.919Z]   ADDED: urls <- https://www.grupopunset.com
[2026-03-10T11:37:03.919Z]   ADDED: urls <- https://www.hanzawa-banker.com
[2026-03-10T11:37:03.919Z]   ADDED: urls <- https://www.harrison-marks.com
[2026-03-10T11:37:03.919Z]   ADDED: urls <- https://www.heartbreakhoteljetty.com
[2026-03-10T11:37:03.920Z]   ADDED: urls <- https://www.henrycountybattlefield.com
[2026-03-10T11:37:03.920Z]   ADDED: urls <- https://www.hizliresimupload.com
[2026-03-10T11:37:03.920Z]   ADDED: urls <- https://www.i168.net
[2026-03-10T11:37:03.920Z]   ADDED: urls <- https://www.iambermudian.com
[2026-03-10T11:37:03.920Z]   ADDED: urls <- https://www.imgcouch.com
[2026-03-10T11:37:03.920Z]   ADDED: urls <- https://www.iphone-q.com
[2026-03-10T11:37:03.920Z]   ADDED: urls <- https://www.ironbull-tanks.com
[2026-03-10T11:37:03.920Z]   ADDED: urls <- https://www.irukado.org
[2026-03-10T11:37:03.920Z]   ADDED: urls <- https://www.jackass-fan.info
[2026-03-10T11:37:03.920Z]   ADDED: urls <- https://www.jakartaultra100.com
[2026-03-10T11:37:03.920Z]   ADDED: urls <- https://www.jawabarat.online
[2026-03-10T11:37:03.920Z]   ADDED: urls <- https://www.jilloverevolution.com
[2026-03-10T11:37:03.920Z]   ADDED: urls <- https://www.jonasadolfsen.com
[2026-03-10T11:37:03.920Z]   ADDED: urls <- https://www.jtwitter.com
[2026-03-10T11:37:03.920Z]   ADDED: urls <- https://www.kampungkita.store
[2026-03-10T11:37:03.921Z]   ADDED: urls <- https://www.karma-dance.net
[2026-03-10T11:37:03.921Z]   ADDED: urls <- https://www.kerjaanberes.online
[2026-03-10T11:37:03.921Z]   ADDED: urls <- https://www.kerjaaslijokowi.online
[2026-03-10T11:37:03.921Z]   ADDED: urls <- https://www.lardodicolonnata.org
[2026-03-10T11:37:03.921Z]   ADDED: urls <- https://www.letdempseydoit.com
[2026-03-10T11:37:03.921Z]   ADDED: urls <- https://www.local-store.co
[2026-03-10T11:37:03.921Z]   ADDED: urls <- https://www.londondailyreport.com
[2026-03-10T11:37:03.921Z]   ADDED: urls <- https://www.machinage.net
[2026-03-10T11:37:03.921Z]   ADDED: urls <- https://www.makanmanakita.store
[2026-03-10T11:37:03.921Z]   ADDED: urls <- https://www.makassarindonesia.online
[2026-03-10T11:37:03.921Z]   ADDED: urls <- https://www.mamacon.net
[2026-03-10T11:37:03.921Z]   ADDED: urls <- https://www.mandom-beauty.com
[2026-03-10T11:37:03.921Z]   ADDED: urls <- https://www.maskerseven.com
[2026-03-10T11:37:03.922Z]   ADDED: urls <- https://www.mbcast.co
[2026-03-10T11:37:03.922Z]   ADDED: urls <- https://www.meaning-name.net
[2026-03-10T11:37:03.922Z]   ADDED: urls <- https://www.medantembung.online
[2026-03-10T11:37:03.922Z]   ADDED: urls <- https://www.miquelpellicer.info
[2026-03-10T11:37:03.922Z]   ADDED: urls <- https://www.mlivepost.com
[2026-03-10T11:37:03.922Z]   ADDED: urls <- https://www.montessori-uk.org
[2026-03-10T11:37:03.922Z]   ADDED: urls <- https://www.montrealmemes.com
[2026-03-10T11:37:03.922Z]   ADDED: urls <- https://www.mormonartwiki.org
[2026-03-10T11:37:03.922Z]   ADDED: urls <- https://www.morningnewspost.com
[2026-03-10T11:37:03.922Z]   ADDED: urls <- https://www.mynotronsetup.com
[2026-03-10T11:37:03.922Z]   ADDED: urls <- https://www.nagioswiki.com
[2026-03-10T11:37:03.922Z]   ADDED: urls <- https://www.ncjppk.org
[2026-03-10T11:37:03.922Z]   ADDED: urls <- https://www.ncpc.info
[2026-03-10T11:37:03.922Z]   ADDED: urls <- https://www.newsnn.org
[2026-03-10T11:37:03.923Z]   ADDED: urls <- https://www.nocmuzeja.org
[2026-03-10T11:37:03.923Z]   ADDED: urls <- https://www.noraregiontrends.org
[2026-03-10T11:37:03.923Z]   ADDED: urls <- https://www.nusatenggarabarat.online
[2026-03-10T11:37:03.923Z]   ADDED: urls <- https://www.nusatenggaratimur.online
[2026-03-10T11:37:03.923Z]   ADDED: urls <- https://www.nyindependenceparty.com
[2026-03-10T11:37:03.923Z]   ADDED: urls <- https://www.obatflubatuk.com
[2026-03-10T11:37:03.923Z]   ADDED: urls <- https://www.odpodcast.co
[2026-03-10T11:37:03.923Z]   ADDED: urls <- https://www.offfast.com
[2026-03-10T11:37:03.923Z]   ADDED: urls <- https://www.officecomcomoffice.com
[2026-03-10T11:37:03.923Z]   ADDED: urls <- https://www.omfent.com
[2026-03-10T11:37:03.923Z]   ADDED: urls <- https://www.ontherightinva.com
[2026-03-10T11:37:03.923Z]   ADDED: urls <- https://www.organicgroove.net
[2026-03-10T11:37:03.923Z]   ADDED: urls <- https://www.orpostal.org
[2026-03-10T11:37:03.923Z]   ADDED: urls <- https://www.pangkalpinang.online
[2026-03-10T11:37:03.924Z]   ADDED: urls <- https://www.papuabaratdaya.online
[2026-03-10T11:37:03.924Z]   ADDED: urls <- https://www.partaimerdeka.com
[2026-03-10T11:37:03.924Z]   ADDED: urls <- https://www.payinhour.com
[2026-03-10T11:37:03.924Z]   ADDED: urls <- https://www.pemiluasongan.online
[2026-03-10T11:37:03.924Z]   ADDED: urls <- https://www.penggemar.info
[2026-03-10T11:37:03.924Z]   ADDED: urls <- https://www.perbasketan.store
[2026-03-10T11:37:03.924Z]   ADDED: urls <- https://www.persatuan.info
[2026-03-10T11:37:03.924Z]   ADDED: urls <- https://www.pesticidefreebc.org
[2026-03-10T11:37:03.924Z]   ADDED: urls <- https://www.pixtoken.co
[2026-03-10T11:37:03.924Z]   SKIP (not in footer/header): https://www.plimus.com/jsp/buynow.jsp?currency=USD&bCur=USD&quantity=1&ald=N&contractId=3245368&referrer=
[2026-03-10T11:37:03.924Z]   SKIP (not in footer/header): https://www.plimus.com/jsp/buynow.jsp?currency=USD&bCur=USD&quantity=1&ald=N&contractId=3415256&referrer=
[2026-03-10T11:37:03.924Z]   ADDED: urls <- https://www.printer-helpnumber.com
[2026-03-10T11:37:03.924Z]   ADDED: urls <- https://www.provinsi-aceh.online
[2026-03-10T11:37:03.924Z]   ADDED: urls <- https://www.rakyatindonesia.info
[2026-03-10T11:37:03.925Z]   ADDED: urls <- https://www.randommullet.com
[2026-03-10T11:37:03.925Z]   ADDED: urls <- https://www.redlinebookfestival.com
[2026-03-10T11:37:03.925Z]   ADDED: urls <- https://www.rocpridefest.org
[2026-03-10T11:37:03.925Z]   ADDED: urls <- https://www.rromaniconnect.org
[2026-03-10T11:37:03.925Z]   ADDED: urls <- https://www.sandsandhall.com
[2026-03-10T11:37:03.925Z]   ADDED: urls <- https://www.schoenenplace.com
[2026-03-10T11:37:03.926Z]   ADDED: urls <- https://www.sg-soc.com
[2026-03-10T11:37:03.926Z]   ADDED: urls <- https://www.sincerelycollins.com
[2026-03-10T11:37:03.926Z]   ADDED: urls <- https://www.skidrowismyhome.com
[2026-03-10T11:37:03.926Z]   ADDED: urls <- https://www.sonyaclark.net
[2026-03-10T11:37:03.926Z]   ADDED: urls <- https://www.sulawesiselatan.online
[2026-03-10T11:37:03.926Z]   ADDED: urls <- https://www.sumaterabarat.online
[2026-03-10T11:37:03.926Z]   ADDED: urls <- https://www.sumaterautara.online
[2026-03-10T11:37:03.926Z]   ADDED: urls <- https://www.summerlovefilm.com
[2026-03-10T11:37:03.926Z]   ADDED: urls <- https://www.tapreason.com
[2026-03-10T11:37:03.926Z]   ADDED: urls <- https://www.thefooo.com
[2026-03-10T11:37:03.926Z]   ADDED: urls <- https://www.theurbanelitist.com
[2026-03-10T11:37:03.926Z]   ADDED: urls <- https://www.thewombat.org
[2026-03-10T11:37:03.927Z]   ADDED: urls <- https://www.toapi.org
[2026-03-10T11:37:03.927Z]   ADDED: urls <- https://www.toyonavi.com
[2026-03-10T11:37:03.927Z]   ADDED: urls <- https://www.truckafloat.com
[2026-03-10T11:37:03.927Z]   ADDED: urls <- https://www.updateallapps.com
[2026-03-10T11:37:03.927Z]   ADDED: urls <- https://www.vanicinrock.org
[2026-03-10T11:37:03.927Z]   ADDED: urls <- https://www.ventureconnects.biz
[2026-03-10T11:37:03.927Z]   ADDED: urls <- https://www.vidiotsannex.com
[2026-03-10T11:37:03.927Z]   ADDED: urls <- https://www.vieetcie.com
[2026-03-10T11:37:03.927Z]   ADDED: urls <- https://www.vintagemamascottage.com
[2026-03-10T11:37:03.927Z]   ADDED: urls <- https://www.vivalastatic.com
[2026-03-10T11:37:03.927Z]   ADDED: urls <- https://www.vocesecu.com
[2026-03-10T11:37:03.927Z]   ADDED: urls <- https://www.vslhairdesign.com
[2026-03-10T11:37:03.927Z]   ADDED: urls <- https://www.wallpapersdesign.net
[2026-03-10T11:37:03.928Z]   ADDED: urls <- https://www.win-store.biz
[2026-03-10T11:37:03.928Z]   ADDED: urls <- https://www.write-mypaperforme.com
[2026-03-10T11:37:03.928Z]   ADDED: urls <- https://www.yogyakarta.online
[2026-03-10T11:37:03.928Z]   ADDED: urls <- https://www.ziofascism.net
[2026-03-10T11:37:03.928Z]   ADDED: urls <- https://wyoming-tourism.com
[2026-03-10T11:37:03.928Z]   ADDED: urls <- https://yuriyamada.info
[2026-03-10T11:37:03.928Z]   ADDED: urls <- https://zers-group.com
[2026-03-10T11:37:03.928Z] Step 2b result: added 489 uncategorized domains from footer/header
[2026-03-10T11:37:03.928Z] ── Step 3: Final dedup ──
[2026-03-10T11:37:03.928Z] Dedup: removed 0 of 500 URLs already in specialized fields
[2026-03-10T11:37:03.928Z] ── FINAL RESULT ──
[2026-03-10T11:37:03.928Z]   ws (1):
[2026-03-10T11:37:03.928Z]     - https://www.typemock.com
[2026-03-10T11:37:03.928Z]   li (1):
[2026-03-10T11:37:03.928Z]     - https://www.linkedin.com/company/typemock-ltd
[2026-03-10T11:37:03.929Z]   fb (1):
[2026-03-10T11:37:03.929Z]     - https://www.facebook.com/typemock
[2026-03-10T11:37:03.929Z]   tw (1):
[2026-03-10T11:37:03.929Z]     - https://x.com/typemock
[2026-03-10T11:37:03.929Z]   urls (500):
[2026-03-10T11:37:03.929Z]     - http://35.204.123.179/answers
[2026-03-10T11:37:03.929Z]     - http://35.204.123.179/docs
[2026-03-10T11:37:03.929Z]     - http://eepurl.com/xyMp9
[2026-03-10T11:37:03.929Z]     - http://kabupatenpati.com
[2026-03-10T11:37:03.929Z]     - https://1click2computers.com
[2026-03-10T11:37:03.929Z]     - https://2k20lockercode.com
[2026-03-10T11:37:03.929Z]     - https://abelhadesign.com
[2026-03-10T11:37:03.929Z]     - https://accrabookfest.com
[2026-03-10T11:37:03.929Z]     - https://acrosstheatlanticband.com
[2026-03-10T11:37:03.929Z]     - https://actiontogetherma.com
[2026-03-10T11:37:03.929Z]     - https://acworldtour.com
[2026-03-10T11:37:03.929Z]     - https://affiliationregisteredcelticsupporters.org
[2026-03-10T11:37:03.929Z]     - https://agenciadepubli.com
[2026-03-10T11:37:03.929Z]     - https://ahpper.org
[2026-03-10T11:37:03.930Z]     - https://airberlin-binoli.com
[2026-03-10T11:37:03.930Z]     - https://akkuschrauber-heinrich.com
[2026-03-10T11:37:03.930Z]     - https://alabama-tourism.com
[2026-03-10T11:37:03.930Z]     - https://allaboutj.me
[2026-03-10T11:37:03.930Z]     - https://amonimageparis.com
[2026-03-10T11:37:03.930Z]     - https://angelo-munich.com
[2026-03-10T11:37:03.930Z]     - https://annasewhoy.com
[2026-03-10T11:37:03.930Z]     - https://apinatbio.com
[2026-03-10T11:37:03.930Z]     - https://appsmashups.com
[2026-03-10T11:37:03.930Z]     - https://arizona-tourism.com
[2026-03-10T11:37:03.930Z]     - https://arteunhas.com
[2026-03-10T11:37:03.930Z]     - https://azhomesbykellycook.com
[2026-03-10T11:37:03.930Z]     - https://baconvstacos.com
[2026-03-10T11:37:03.930Z]     - https://badioustudies.org
[2026-03-10T11:37:03.930Z]     - https://baldness-cure.org
[2026-03-10T11:37:03.930Z]     - https://bananaleafofcolumbus.com
[2026-03-10T11:37:03.930Z]     - https://barnabeats.com
[2026-03-10T11:37:03.930Z]     - https://beercomponents.com
[2026-03-10T11:37:03.930Z]     - https://bestialdeltragaluz.com
[2026-03-10T11:37:03.930Z]     - https://bethelislandgolf.com
[2026-03-10T11:37:03.930Z]     - https://bioleaders-forum.com
[2026-03-10T11:37:03.931Z]     - https://bistro1491.com
[2026-03-10T11:37:03.931Z]     - https://blackspeachesandbakery.com
[2026-03-10T11:37:03.931Z]     - https://bmwquebec.com
[2026-03-10T11:37:03.931Z]     - https://camionesybuses.com
[2026-03-10T11:37:03.931Z]     - https://captainkelly.org
[2026-03-10T11:37:03.931Z]     - https://caracoleando.org
[2026-03-10T11:37:03.931Z]     - https://cardiorisc.com
[2026-03-10T11:37:03.931Z]     - https://cfxpaintworks.com
[2026-03-10T11:37:03.931Z]     - https://changeisfun.com
[2026-03-10T11:37:03.931Z]     - https://charioworld.com
[2026-03-10T11:37:03.931Z]     - https://cheap-omegas-watches.com
[2026-03-10T11:37:03.931Z]     - https://choicemattersmidwifecollective.com
[2026-03-10T11:37:03.931Z]     - https://christian-alliance-for-orphans.org
[2026-03-10T11:37:03.931Z]     - https://churchillsofbuckhead.com
[2026-03-10T11:37:03.931Z]     - https://cikgusiber.com
[2026-03-10T11:37:03.931Z]     - https://civilengineerlink.com
[2026-03-10T11:37:03.931Z]     - https://claytoncardinals.org
[2026-03-10T11:37:03.931Z]     - https://cleanmachinecarcare.com
[2026-03-10T11:37:03.931Z]     - https://clinique-lipofilling-tunisie.com
[2026-03-10T11:37:03.931Z]     - https://colectivocaracol.org
[2026-03-10T11:37:03.932Z]     - https://colegiosabiduria.com
[2026-03-10T11:37:03.932Z]     - https://coloradodocumentsecurity.org
[2026-03-10T11:37:03.932Z]     - https://comoquitarlacaspa.org
[2026-03-10T11:37:03.932Z]     - https://contromanoilfilm.com
[2026-03-10T11:37:03.932Z]     - https://convertyoutubevideo.org
[2026-03-10T11:37:03.932Z]     - https://coopbellaflor.org
[2026-03-10T11:37:03.932Z]     - https://cpns-indonesia.com
[2026-03-10T11:37:03.932Z]     - https://culinarycamper.com
[2026-03-10T11:37:03.932Z]     - https://davematthewsblog.com
[2026-03-10T11:37:03.932Z]     - https://daytonabeachswimming.org
[2026-03-10T11:37:03.932Z]     - https://decoratingfusion.com
[2026-03-10T11:37:03.932Z]     - https://dekolibrie.org
[2026-03-10T11:37:03.932Z]     - https://delaware-tourism.com
[2026-03-10T11:37:03.932Z]     - https://desahanmanja.com
[2026-03-10T11:37:03.932Z]     - https://descargarimo.com
[2026-03-10T11:37:03.932Z]     - https://designbygoci.com
[2026-03-10T11:37:03.932Z]     - https://destinoveracruz.com
[2026-03-10T11:37:03.932Z]     - https://dewasaku.com
[2026-03-10T11:37:03.933Z]     - https://dharmayogaandart.com
[2026-03-10T11:37:03.933Z]     - https://diegovasallo.info
[2026-03-10T11:37:03.933Z]     - https://directphotonics.com
[2026-03-10T11:37:03.933Z]     - https://diskopbanjarkab.com
[2026-03-10T11:37:03.933Z]     - https://doggyswagshop.com
[2026-03-10T11:37:03.933Z]     - https://donemlilavolta.org
[2026-03-10T11:37:03.933Z]     - https://dpuairjatimprov.com
[2026-03-10T11:37:03.933Z]     - https://economicnewsdaily.com
[2026-03-10T11:37:03.933Z]     - https://ehtsimoneortega.com
[2026-03-10T11:37:03.933Z]     - https://espaiorigens.com
[2026-03-10T11:37:03.933Z]     - https://essayray.com
[2026-03-10T11:37:03.933Z]     - https://eventbareng.com
[2026-03-10T11:37:03.933Z]     - https://evolutiontelemedicine.com
[2026-03-10T11:37:03.933Z]     - https://examsun.com
[2026-03-10T11:37:03.933Z]     - https://experimentalpoetics.com
[2026-03-10T11:37:03.933Z]     - https://facenews.org
[2026-03-10T11:37:03.933Z]     - https://fadhila.org
[2026-03-10T11:37:03.933Z]     - https://falloutfive0.com
[2026-03-10T11:37:03.933Z]     - https://fannins-collectables.com
[2026-03-10T11:37:03.933Z]     - https://farzinphoto.com
[2026-03-10T11:37:03.933Z]     - https://fashiontechsummit.me
[2026-03-10T11:37:03.934Z]     - https://fatihsultanmehmetmuzesi.com
[2026-03-10T11:37:03.934Z]     - https://fayeofficial.com
[2026-03-10T11:37:03.934Z]     - https://fenixresortsamui.com
[2026-03-10T11:37:03.934Z]     - https://fette-gallery.com
[2026-03-10T11:37:03.934Z]     - https://first2zero.com
[2026-03-10T11:37:03.934Z]     - https://fish-collection.com
[2026-03-10T11:37:03.934Z]     - https://foreignervip.com
[2026-03-10T11:37:03.934Z]     - https://forestfirehub.com
[2026-03-10T11:37:03.934Z]     - https://formcapcorp.com
[2026-03-10T11:37:03.934Z]     - https://formforthought.com
[2026-03-10T11:37:03.934Z]     - https://freeter-jutaku.org
[2026-03-10T11:37:03.934Z]     - https://frompage2stage.com
[2026-03-10T11:37:03.934Z]     - https://fukusuke.biz
[2026-03-10T11:37:03.934Z]     - https://fusioncrosstraining.com
[2026-03-10T11:37:03.934Z]     - https://g5live.com
[2026-03-10T11:37:03.934Z]     - https://garminlogin.org
[2026-03-10T11:37:03.934Z]     - https://geds-to-phds.org
[2026-03-10T11:37:03.934Z]     - https://gfrsh.com
[2026-03-10T11:37:03.934Z]     - https://gmseenet.org
[2026-03-10T11:37:03.934Z]     - https://gogakeys.com
[2026-03-10T11:37:03.934Z]     - https://gorilla-trip.com
[2026-03-10T11:37:03.935Z]     - https://grabun.com
[2026-03-10T11:37:03.935Z]     - https://granitemanhalfmarathon.com
[2026-03-10T11:37:03.935Z]     - https://greatlifequotes.org
[2026-03-10T11:37:03.935Z]     - https://greeksim.com
[2026-03-10T11:37:03.935Z]     - https://hackit-ukraine.com
[2026-03-10T11:37:03.935Z]     - https://hamachiturk.com
[2026-03-10T11:37:03.935Z]     - https://hawaii-ga-compe.com
[2026-03-10T11:37:03.935Z]     - https://heliosjournal.com
[2026-03-10T11:37:03.935Z]     - https://hitinnsmushrooms.com
[2026-03-10T11:37:03.935Z]     - https://hoeffelforsenate.com
[2026-03-10T11:37:03.935Z]     - https://holeinthewallatlanta.com
[2026-03-10T11:37:03.935Z]     - https://honestfashionstore.com
[2026-03-10T11:37:03.935Z]     - https://hotdealsproduct.com
[2026-03-10T11:37:03.935Z]     - https://hotel-aleksander.com
[2026-03-10T11:37:03.935Z]     - https://hushamericanbistro.com
[2026-03-10T11:37:03.935Z]     - https://hydra-deicers.com
[2026-03-10T11:37:03.935Z]     - https://iamgreta-derfilm.com
[2026-03-10T11:37:03.935Z]     - https://ibbgomaha.com
[2026-03-10T11:37:03.935Z]     - https://ibizcard.biz
[2026-03-10T11:37:03.935Z]     - https://iceoplexescondido.com
[2026-03-10T11:37:03.935Z]     - https://igooglemaps.com
[2026-03-10T11:37:03.936Z]     - https://iis-refunds.com
[2026-03-10T11:37:03.936Z]     - https://ilustramar.com
[2026-03-10T11:37:03.936Z]     - https://ilyenazenpapom.com
[2026-03-10T11:37:03.936Z]     - https://incubadoradeartistas.com
[2026-03-10T11:37:03.936Z]     - https://indusresearch.org
[2026-03-10T11:37:03.936Z]     - https://integraltradition.com
[2026-03-10T11:37:03.936Z]     - https://intoxicatestudios.com
[2026-03-10T11:37:03.936Z]     - https://investraction.com
[2026-03-10T11:37:03.936Z]     - https://iogwin.com
[2026-03-10T11:37:03.936Z]     - https://iowa-tourism.com
[2026-03-10T11:37:03.936Z]     - https://isd-webspace.com
[2026-03-10T11:37:03.936Z]     - https://ispank.me
[2026-03-10T11:37:03.936Z]     - https://jansoncoffeefarm.com
[2026-03-10T11:37:03.936Z]     - https://jeparainternational.com
[2026-03-10T11:37:03.936Z]     - https://jesuisuniquevetement.com
[2026-03-10T11:37:03.936Z]     - https://jornadaicofcv.org
[2026-03-10T11:37:03.936Z]     - https://juegodemonos.com
[2026-03-10T11:37:03.936Z]     - https://kansas-tourism.com
[2026-03-10T11:37:03.937Z]     - https://karocel.com
[2026-03-10T11:37:03.937Z]     - https://kbri-beirut.org
[2026-03-10T11:37:03.937Z]     - https://kevin-life.com
[2026-03-10T11:37:03.937Z]     - https://khadamat-makkah.com
[2026-03-10T11:37:03.937Z]     - https://kidselectrictoys.com
[2026-03-10T11:37:03.937Z]     - https://kitchen-k.com
[2026-03-10T11:37:03.937Z]     - https://lautre-editions.com
[2026-03-10T11:37:03.937Z]     - https://lolpetbeds.com
[2026-03-10T11:37:03.937Z]     - https://louisiana-tourism.com
[2026-03-10T11:37:03.937Z]     - https://madforarts.org
[2026-03-10T11:37:03.937Z]     - https://madisoncineworld.com
[2026-03-10T11:37:03.937Z]     - https://magic-kyoto2019.com
[2026-03-10T11:37:03.937Z]     - https://maisonmagnan.com
[2026-03-10T11:37:03.937Z]     - https://malgouyres.org
[2026-03-10T11:37:03.937Z]     - https://manipalcityandguilds.com
[2026-03-10T11:37:03.937Z]     - https://marciasflooring.com
[2026-03-10T11:37:03.937Z]     - https://marinaguiuilustracion.com
[2026-03-10T11:37:03.937Z]     - https://marriagecounselingstlouis.com
[2026-03-10T11:37:03.937Z]     - https://mashspargeboil.com
[2026-03-10T11:37:03.937Z]     - https://mcminnvillehonda.com
[2026-03-10T11:37:03.937Z]     - https://mecofancoils.com
[2026-03-10T11:37:03.938Z]     - https://mediterraneanphototours.com
[2026-03-10T11:37:03.938Z]     - https://megjayanth.com
[2026-03-10T11:37:03.938Z]     - https://mezzebarnyc.com
[2026-03-10T11:37:03.938Z]     - https://mgalleryoffineart.com
[2026-03-10T11:37:03.938Z]     - https://mic50.org
[2026-03-10T11:37:03.938Z]     - https://minetransportbr.com
[2026-03-10T11:37:03.938Z]     - https://minnesota-tourism.com
[2026-03-10T11:37:03.938Z]     - https://mobiletiperz.com
[2026-03-10T11:37:03.938Z]     - https://monmaternite.com
[2026-03-10T11:37:03.938Z]     - https://monsterrobotstudios.com
[2026-03-10T11:37:03.938Z]     - https://montealduide.org
[2026-03-10T11:37:03.938Z]     - https://mountstreetgalleries.com
[2026-03-10T11:37:03.938Z]     - https://musamachina.com
[2026-03-10T11:37:03.938Z]     - https://musashino-campus.com
[2026-03-10T11:37:03.938Z]     - https://mutiraorio2016.com
[2026-03-10T11:37:03.938Z]     - https://muzasound.com
[2026-03-10T11:37:03.938Z]     - https://myeverwrite.com
[2026-03-10T11:37:03.939Z]     - https://myfrenchmuse.com
[2026-03-10T11:37:03.939Z]     - https://nacentralohio.com
[2026-03-10T11:37:03.939Z]     - https://naxanta.org
[2026-03-10T11:37:03.939Z]     - https://newbalanceshipping.com
[2026-03-10T11:37:03.939Z]     - https://newcamerareview.com
[2026-03-10T11:37:03.939Z]     - https://nfteducation.org
[2026-03-10T11:37:03.939Z]     - https://nicholaskory.com
[2026-03-10T11:37:03.939Z]     - https://ninoslongbeach.com
[2026-03-10T11:37:03.939Z]     - https://nobswall.com
[2026-03-10T11:37:03.939Z]     - https://obshtestvo.net
[2026-03-10T11:37:03.939Z]     - https://obuzzer.com
[2026-03-10T11:37:03.939Z]     - https://ofertassoriana.com
[2026-03-10T11:37:03.939Z]     - https://ogutierrezjr.com
[2026-03-10T11:37:03.939Z]     - https://oklahoma-tourism.com
[2026-03-10T11:37:03.939Z]     - https://onetruecatholicfaith.com
[2026-03-10T11:37:03.939Z]     - https://onevent.me
[2026-03-10T11:37:03.939Z]     - https://onlinepaydayloanstbb.org
[2026-03-10T11:37:03.939Z]     - https://pa-lubuksikaping.net
[2026-03-10T11:37:03.939Z]     - https://pa-solok.net
[2026-03-10T11:37:03.939Z]     - https://pahvantpost.com
[2026-03-10T11:37:03.939Z]     - https://parentingfaculty.com
[2026-03-10T11:37:03.940Z]     - https://patentyourkiss.com
[2026-03-10T11:37:03.940Z]     - https://pdiaijawatengah.id
[2026-03-10T11:37:03.940Z]     - https://pedallingabout.com
[2026-03-10T11:37:03.940Z]     - https://perfect-world.me
[2026-03-10T11:37:03.940Z]     - https://perpustakaanstikesmuda.net
[2026-03-10T11:37:03.940Z]     - https://poggiogagliardo.com
[2026-03-10T11:37:03.940Z]     - https://proyectopazla.org
[2026-03-10T11:37:03.940Z]     - https://raco-ryukyu.com
[2026-03-10T11:37:03.940Z]     - https://radiodefensavenezuela.com
[2026-03-10T11:37:03.940Z]     - https://rakkhitavana.com
[2026-03-10T11:37:03.940Z]     - https://rawdoghawaii.com
[2026-03-10T11:37:03.940Z]     - https://redmica.org
[2026-03-10T11:37:03.940Z]     - https://reelfishingteam.com
[2026-03-10T11:37:03.940Z]     - https://reinventairmobility.com
[2026-03-10T11:37:03.940Z]     - https://renatosc.com
[2026-03-10T11:37:03.940Z]     - https://revistadibus.com
[2026-03-10T11:37:03.940Z]     - https://revistaoz.com
[2026-03-10T11:37:03.940Z]     - https://richardtracybrand.com
[2026-03-10T11:37:03.940Z]     - https://robhowzespeaks.com
[2026-03-10T11:37:03.940Z]     - https://robynphoto.com
[2026-03-10T11:37:03.940Z]     - https://romsaction.org
[2026-03-10T11:37:03.940Z]     - https://samsungduyaneller.com
[2026-03-10T11:37:03.941Z]     - https://santanderfestivaldelmar.com
[2026-03-10T11:37:03.941Z]     - https://saranghoki2.com
[2026-03-10T11:37:03.941Z]     - https://savenicksorganicfarm.org
[2026-03-10T11:37:03.941Z]     - https://scldfriends.org
[2026-03-10T11:37:03.941Z]     - https://semeantojaunafiesta.com
[2026-03-10T11:37:03.941Z]     - https://seniorsfestival.org
[2026-03-10T11:37:03.941Z]     - https://sergeantblackart.com
[2026-03-10T11:37:03.941Z]     - https://sharonfornashville.com
[2026-03-10T11:37:03.941Z]     - https://shihtzuandyou.com
[2026-03-10T11:37:03.941Z]     - https://shoeshoppe.biz
[2026-03-10T11:37:03.941Z]     - https://simplead.info
[2026-03-10T11:37:03.941Z]     - https://situskarma.com
[2026-03-10T11:37:03.941Z]     - https://sixmonthsinsudan.com
[2026-03-10T11:37:03.941Z]     - https://sman1lubuklinggau.com
[2026-03-10T11:37:03.941Z]     - https://smugglerscoveislamorada.com
[2026-03-10T11:37:03.941Z]     - https://softava.com
[2026-03-10T11:37:03.941Z]     - https://soundstringcable.com
[2026-03-10T11:37:03.941Z]     - https://stametbinakagunungsitoli.com
[2026-03-10T11:37:03.941Z]     - https://stametbuntok.com
[2026-03-10T11:37:03.941Z]     - https://stametpangkalpinang.com
[2026-03-10T11:37:03.942Z]     - https://startupfolderwindows10.com
[2026-03-10T11:37:03.942Z]     - https://stemoproduction.info
[2026-03-10T11:37:03.942Z]     - https://stikeswidyahusada.com
[2026-03-10T11:37:03.942Z]     - https://stjohnsgoshen.com
[2026-03-10T11:37:03.942Z]     - https://stuartdancininthestreets.com
[2026-03-10T11:37:03.942Z]     - https://svadba-ukr.com
[2026-03-10T11:37:03.942Z]     - https://t-visto.com
[2026-03-10T11:37:03.942Z]     - https://t4haber.com
[2026-03-10T11:37:03.942Z]     - https://tatulegal.com
[2026-03-10T11:37:03.942Z]     - https://teachmorelovemore.com
[2026-03-10T11:37:03.942Z]     - https://teatrofilodrammatici.com
[2026-03-10T11:37:03.942Z]     - https://tennessee-tourism.com
[2026-03-10T11:37:03.942Z]     - https://the4thindustrialrevolution.org
[2026-03-10T11:37:03.942Z]     - https://thefairyprincessdiaries.com
[2026-03-10T11:37:03.942Z]     - https://thehousetime.com
[2026-03-10T11:37:03.942Z]     - https://thenonadventuresofasahm.com
[2026-03-10T11:37:03.942Z]     - https://theresidencesmarmenor.com
[2026-03-10T11:37:03.942Z]     - https://theryanoreillyband.com
[2026-03-10T11:37:03.942Z]     - https://thesandmaninn.com
[2026-03-10T11:37:03.942Z]     - https://thesmartcoffeeblog.com
[2026-03-10T11:37:03.943Z]     - https://tigerairshows.com
[2026-03-10T11:37:03.943Z]     - https://timesynchro.com
[2026-03-10T11:37:03.943Z]     - https://tonashinosobaya.info
[2026-03-10T11:37:03.943Z]     - https://topcomputertablets.com
[2026-03-10T11:37:03.943Z]     - https://tourist-croatia.com
[2026-03-10T11:37:03.943Z]     - https://trikcarainternet.com
[2026-03-10T11:37:03.943Z]     - https://trinityfilmfestival.org
[2026-03-10T11:37:03.943Z]     - https://tunbridgewellsatchristmas.com
[2026-03-10T11:37:03.943Z]     - https://turbinado.org
[2026-03-10T11:37:03.943Z]     - https://tvsantaluzia.com
[2026-03-10T11:37:03.943Z]     - https://txt2png.com
[2026-03-10T11:37:03.943Z]     - https://typemock.freshdesk.com/support/home
[2026-03-10T11:37:03.943Z]     - https://ufxloops.com
[2026-03-10T11:37:03.943Z]     - https://unityplaza.org
[2026-03-10T11:37:03.943Z]     - https://univete-assomption.org
[2026-03-10T11:37:03.943Z]     - https://unleashyouridentity.com
[2026-03-10T11:37:03.943Z]     - https://unlockedspot.com
[2026-03-10T11:37:03.943Z]     - https://utah-tourism.com
[2026-03-10T11:37:03.943Z]     - https://vemaybayngoctrinh.com
[2026-03-10T11:37:03.943Z]     - https://verandi.org
[2026-03-10T11:37:03.944Z]     - https://verisgold.com
[2026-03-10T11:37:03.944Z]     - https://verohermannsambin.com
[2026-03-10T11:37:03.944Z]     - https://viewswagen.com
[2026-03-10T11:37:03.944Z]     - https://vinosdelapatagonia.com
[2026-03-10T11:37:03.944Z]     - https://vrktravel.com
[2026-03-10T11:37:03.944Z]     - https://wartasumut.com
[2026-03-10T11:37:03.944Z]     - https://wavelengthsleisurecentre.com
[2026-03-10T11:37:03.944Z]     - https://wearechangechicago.com
[2026-03-10T11:37:03.944Z]     - https://web-apteka.com
[2026-03-10T11:37:03.944Z]     - https://webiconspng.com
[2026-03-10T11:37:03.944Z]     - https://webmoneytashkent.com
[2026-03-10T11:37:03.944Z]     - https://welchavery.com
[2026-03-10T11:37:03.944Z]     - https://wesschneider.com
[2026-03-10T11:37:03.944Z]     - https://westwoodcollegegeorgia.com
[2026-03-10T11:37:03.944Z]     - https://wholeheartedwoman.org
[2026-03-10T11:37:03.945Z]     - https://wisconsinfarmland.org
[2026-03-10T11:37:03.945Z]     - https://writemyessaycheap.org
[2026-03-10T11:37:03.945Z]     - https://www.5-minutes.net
[2026-03-10T11:37:03.945Z]     - https://www.ablon-group.com
[2026-03-10T11:37:03.945Z]     - https://www.adabankia.com
[2026-03-10T11:37:03.945Z]     - https://www.airbornebook.com
[2026-03-10T11:37:03.945Z]     - https://www.aksesorishape.store
[2026-03-10T11:37:03.945Z]     - https://www.allhit.org
[2026-03-10T11:37:03.945Z]     - https://www.amesburymusicfest.com
[2026-03-10T11:37:03.945Z]     - https://www.amigando.com
[2026-03-10T11:37:03.945Z]     - https://www.arwenphoto.com
[2026-03-10T11:37:03.945Z]     - https://www.aurora-israel.co
[2026-03-10T11:37:03.945Z]     - https://www.avtomati-igrat-online.com
[2026-03-10T11:37:03.945Z]     - https://www.ayswuvalentine.com
[2026-03-10T11:37:03.945Z]     - https://www.azafransolidario.org
[2026-03-10T11:37:03.945Z]     - https://www.baileysgarden.org
[2026-03-10T11:37:03.945Z]     - https://www.balidenpasar.online
[2026-03-10T11:37:03.945Z]     - https://www.baliprov.online
[2026-03-10T11:37:03.946Z]     - https://www.bandaaceh.online
[2026-03-10T11:37:03.946Z]     - https://www.bangrakthaicuisine.com
[2026-03-10T11:37:03.946Z]     - https://www.bantencilegon.online
[2026-03-10T11:37:03.946Z]     - https://www.bekerja.info
[2026-03-10T11:37:03.946Z]     - https://www.belarusdocs.com
[2026-03-10T11:37:03.946Z]     - https://www.bengkulu.online
[2026-03-10T11:37:03.946Z]     - https://www.bethmorey.com
[2026-03-10T11:37:03.946Z]     - https://www.bhinekka.info
[2026-03-10T11:37:03.946Z]     - https://www.boommovie.org
[2026-03-10T11:37:03.946Z]     - https://www.bowedison.com
[2026-03-10T11:37:03.946Z]     - https://www.bundanagita.info
[2026-03-10T11:37:03.946Z]     - https://www.c-sn.com
[2026-03-10T11:37:03.946Z]     - https://www.canoncomij-setup.com
[2026-03-10T11:37:03.946Z]     - https://www.casaafeliz.com
[2026-03-10T11:37:03.946Z]     - https://www.cbsbb.org
[2026-03-10T11:37:03.946Z]     - https://www.ceciliascloset.com
[2026-03-10T11:37:03.946Z]     - https://www.cegmenorca.org
[2026-03-10T11:37:03.946Z]     - https://www.chapelhillsds.org
[2026-03-10T11:37:03.946Z]     - https://www.cialispillsale.com
[2026-03-10T11:37:03.946Z]     - https://www.club-wakka.com
[2026-03-10T11:37:03.946Z]     - https://www.clubhairspray.com
[2026-03-10T11:37:03.947Z]     - https://www.cmffevents.com
[2026-03-10T11:37:03.947Z]     - https://www.consciousevolutionmedia.com
[2026-03-10T11:37:03.947Z]     - https://www.coop-breizh.com
[2026-03-10T11:37:03.947Z]     - https://www.creativejuicesmusic.com
[2026-03-10T11:37:03.947Z]     - https://www.cursosmooc.org
[2026-03-10T11:37:03.947Z]     - https://www.customizabooks.com
[2026-03-10T11:37:03.947Z]     - https://www.cxsofteng.com
[2026-03-10T11:37:03.947Z]     - https://www.daerahistimewayogyakarta.online
[2026-03-10T11:37:03.947Z]     - https://www.darkwoodsmybetrothed.com
[2026-03-10T11:37:03.947Z]     - https://www.daym-karadadesign.com
[2026-03-10T11:37:03.947Z]     - https://www.dbestie.com
[2026-03-10T11:37:03.947Z]     - https://www.descubrebooks.com
[2026-03-10T11:37:03.947Z]     - https://www.dewmotion.com
[2026-03-10T11:37:03.947Z]     - https://www.differentgame.org
[2026-03-10T11:37:03.947Z]     - https://www.dkijakarta.online
[2026-03-10T11:37:03.947Z]     - https://www.duniaonlinekita.store
[2026-03-10T11:37:03.947Z]     - https://www.dwadme.com
[2026-03-10T11:37:03.947Z]     - https://www.e-siminuki.net
[2026-03-10T11:37:03.947Z]     - https://www.edgefieldfarm.com
[2026-03-10T11:37:03.947Z]     - https://www.eucaliptusbeach.com
[2026-03-10T11:37:03.947Z]     - https://www.eulacias.org
[2026-03-10T11:37:03.947Z]     - https://www.everest-gaming.org
[2026-03-10T11:37:03.947Z]     - https://www.familysquarerestaurant.com
[2026-03-10T11:37:03.948Z]     - https://www.fchatzigianis.com
[2026-03-10T11:37:03.948Z]     - https://www.federationwushu.org
[2026-03-10T11:37:03.948Z]     - https://www.festivalwallpaper.com
[2026-03-10T11:37:03.948Z]     - https://www.foodandwaterinstitute.org
[2026-03-10T11:37:03.948Z]     - https://www.footjuniors.com
[2026-03-10T11:37:03.948Z]     - https://www.frickinbrite.com
[2026-03-10T11:37:03.948Z]     - https://www.gal-pal.com
[2026-03-10T11:37:03.948Z]     - https://www.grupopunset.com
[2026-03-10T11:37:03.948Z]     - https://www.hanzawa-banker.com
[2026-03-10T11:37:03.948Z]     - https://www.harrison-marks.com
[2026-03-10T11:37:03.948Z]     - https://www.heartbreakhoteljetty.com
[2026-03-10T11:37:03.948Z]     - https://www.henrycountybattlefield.com
[2026-03-10T11:37:03.948Z]     - https://www.hizliresimupload.com
[2026-03-10T11:37:03.948Z]     - https://www.i168.net
[2026-03-10T11:37:03.948Z]     - https://www.iambermudian.com
[2026-03-10T11:37:03.948Z]     - https://www.imgcouch.com
[2026-03-10T11:37:03.948Z]     - https://www.iphone-q.com
[2026-03-10T11:37:03.948Z]     - https://www.ironbull-tanks.com
[2026-03-10T11:37:03.948Z]     - https://www.irukado.org
[2026-03-10T11:37:03.948Z]     - https://www.jackass-fan.info
[2026-03-10T11:37:03.948Z]     - https://www.jakartaultra100.com
[2026-03-10T11:37:03.948Z]     - https://www.jawabarat.online
[2026-03-10T11:37:03.949Z]     - https://www.jilloverevolution.com
[2026-03-10T11:37:03.949Z]     - https://www.jonasadolfsen.com
[2026-03-10T11:37:03.949Z]     - https://www.jtwitter.com
[2026-03-10T11:37:03.949Z]     - https://www.kampungkita.store
[2026-03-10T11:37:03.949Z]     - https://www.karma-dance.net
[2026-03-10T11:37:03.949Z]     - https://www.kerjaanberes.online
[2026-03-10T11:37:03.949Z]     - https://www.kerjaaslijokowi.online
[2026-03-10T11:37:03.949Z]     - https://www.lardodicolonnata.org
[2026-03-10T11:37:03.949Z]     - https://www.letdempseydoit.com
[2026-03-10T11:37:03.949Z]     - https://www.local-store.co
[2026-03-10T11:37:03.949Z]     - https://www.londondailyreport.com
[2026-03-10T11:37:03.949Z]     - https://www.machinage.net
[2026-03-10T11:37:03.949Z]     - https://www.makanmanakita.store
[2026-03-10T11:37:03.949Z]     - https://www.makassarindonesia.online
[2026-03-10T11:37:03.949Z]     - https://www.mamacon.net
[2026-03-10T11:37:03.949Z]     - https://www.mandom-beauty.com
[2026-03-10T11:37:03.949Z]     - https://www.maskerseven.com
[2026-03-10T11:37:03.949Z]     - https://www.mbcast.co
[2026-03-10T11:37:03.949Z]     - https://www.meaning-name.net
[2026-03-10T11:37:03.949Z]     - https://www.medantembung.online
[2026-03-10T11:37:03.949Z]     - https://www.miquelpellicer.info
[2026-03-10T11:37:03.949Z]     - https://www.mlivepost.com
[2026-03-10T11:37:03.949Z]     - https://www.montessori-uk.org
[2026-03-10T11:37:03.950Z]     - https://www.montrealmemes.com
[2026-03-10T11:37:03.950Z]     - https://www.mormonartwiki.org
[2026-03-10T11:37:03.950Z]     - https://www.morningnewspost.com
[2026-03-10T11:37:03.950Z]     - https://www.mynotronsetup.com
[2026-03-10T11:37:03.950Z]     - https://www.nagioswiki.com
[2026-03-10T11:37:03.950Z]     - https://www.ncjppk.org
[2026-03-10T11:37:03.950Z]     - https://www.ncpc.info
[2026-03-10T11:37:03.950Z]     - https://www.newsnn.org
[2026-03-10T11:37:03.950Z]     - https://www.nocmuzeja.org
[2026-03-10T11:37:03.950Z]     - https://www.noraregiontrends.org
[2026-03-10T11:37:03.950Z]     - https://www.nusatenggarabarat.online
[2026-03-10T11:37:03.950Z]     - https://www.nusatenggaratimur.online
[2026-03-10T11:37:03.950Z]     - https://www.nyindependenceparty.com
[2026-03-10T11:37:03.950Z]     - https://www.obatflubatuk.com
[2026-03-10T11:37:03.950Z]     - https://www.odpodcast.co
[2026-03-10T11:37:03.950Z]     - https://www.offfast.com
[2026-03-10T11:37:03.950Z]     - https://www.officecomcomoffice.com
[2026-03-10T11:37:03.950Z]     - https://www.omfent.com
[2026-03-10T11:37:03.950Z]     - https://www.ontherightinva.com
[2026-03-10T11:37:03.951Z]     - https://www.organicgroove.net
[2026-03-10T11:37:03.951Z]     - https://www.orpostal.org
[2026-03-10T11:37:03.951Z]     - https://www.pangkalpinang.online
[2026-03-10T11:37:03.951Z]     - https://www.papuabaratdaya.online
[2026-03-10T11:37:03.951Z]     - https://www.partaimerdeka.com
[2026-03-10T11:37:03.951Z]     - https://www.payinhour.com
[2026-03-10T11:37:03.951Z]     - https://www.pemiluasongan.online
[2026-03-10T11:37:03.951Z]     - https://www.penggemar.info
[2026-03-10T11:37:03.951Z]     - https://www.perbasketan.store
[2026-03-10T11:37:03.951Z]     - https://www.persatuan.info
[2026-03-10T11:37:03.951Z]     - https://www.pesticidefreebc.org
[2026-03-10T11:37:03.951Z]     - https://www.pixtoken.co
[2026-03-10T11:37:03.951Z]     - https://www.printer-helpnumber.com
[2026-03-10T11:37:03.951Z]     - https://www.provinsi-aceh.online
[2026-03-10T11:37:03.951Z]     - https://www.rakyatindonesia.info
[2026-03-10T11:37:03.951Z]     - https://www.randommullet.com
[2026-03-10T11:37:03.951Z]     - https://www.redlinebookfestival.com
[2026-03-10T11:37:03.951Z]     - https://www.rocpridefest.org
[2026-03-10T11:37:03.951Z]     - https://www.rromaniconnect.org
[2026-03-10T11:37:03.951Z]     - https://www.sandsandhall.com
[2026-03-10T11:37:03.951Z]     - https://www.schoenenplace.com
[2026-03-10T11:37:03.952Z]     - https://www.sg-soc.com
[2026-03-10T11:37:03.952Z]     - https://www.sincerelycollins.com
[2026-03-10T11:37:03.952Z]     - https://www.skidrowismyhome.com
[2026-03-10T11:37:03.952Z]     - https://www.sonyaclark.net
[2026-03-10T11:37:03.952Z]     - https://www.sulawesiselatan.online
[2026-03-10T11:37:03.952Z]     - https://www.sumaterabarat.online
[2026-03-10T11:37:03.952Z]     - https://www.sumaterautara.online
[2026-03-10T11:37:03.952Z]     - https://www.summerlovefilm.com
[2026-03-10T11:37:03.952Z]     - https://www.tapreason.com
[2026-03-10T11:37:03.952Z]     - https://www.thefooo.com
[2026-03-10T11:37:03.952Z]     - https://www.theurbanelitist.com
[2026-03-10T11:37:03.952Z]     - https://www.thewombat.org
[2026-03-10T11:37:03.952Z]     - https://www.toapi.org
[2026-03-10T11:37:03.952Z]     - https://www.toyonavi.com
[2026-03-10T11:37:03.952Z]     - https://www.truckafloat.com
[2026-03-10T11:37:03.952Z]     - https://www.typemock.com/about-typemock
[2026-03-10T11:37:03.952Z]     - https://www.typemock.com/blog
[2026-03-10T11:37:03.952Z]     - https://www.typemock.com/careers
[2026-03-10T11:37:03.952Z]     - https://www.typemock.com/company-profile
[2026-03-10T11:37:03.952Z]     - https://www.typemock.com/eula
[2026-03-10T11:37:03.952Z]     - https://www.typemock.com/isolator-for-build-server
[2026-03-10T11:37:03.952Z]     - https://www.typemock.com/isolator-product-page
[2026-03-10T11:37:03.953Z]     - https://www.typemock.com/isolatorpp-product-page
[2026-03-10T11:37:03.953Z]     - https://www.typemock.com/legal
[2026-03-10T11:37:03.953Z]     - https://www.typemock.com/typemocks-privacy-policy
[2026-03-10T11:37:03.953Z]     - https://www.typemock.com/virtual-patent-marking
[2026-03-10T11:37:03.953Z]     - https://www.updateallapps.com
[2026-03-10T11:37:03.953Z]     - https://www.vanicinrock.org
[2026-03-10T11:37:03.953Z]     - https://www.ventureconnects.biz
[2026-03-10T11:37:03.953Z]     - https://www.vidiotsannex.com
[2026-03-10T11:37:03.953Z]     - https://www.vieetcie.com
[2026-03-10T11:37:03.953Z]     - https://www.vintagemamascottage.com
[2026-03-10T11:37:03.953Z]     - https://www.vivalastatic.com
[2026-03-10T11:37:03.953Z]     - https://www.vocesecu.com
[2026-03-10T11:37:03.953Z]     - https://www.vslhairdesign.com
[2026-03-10T11:37:03.953Z]     - https://www.wallpapersdesign.net
[2026-03-10T11:37:03.953Z]     - https://www.win-store.biz
[2026-03-10T11:37:03.953Z]     - https://www.write-mypaperforme.com
[2026-03-10T11:37:03.953Z]     - https://www.yogyakarta.online
[2026-03-10T11:37:03.954Z]     - https://www.ziofascism.net
[2026-03-10T11:37:03.954Z]     - https://wyoming-tourism.com
[2026-03-10T11:37:03.954Z]     - https://yuriyamada.info
[2026-03-10T11:37:03.954Z]     - https://zers-group.com
[2026-03-10T11:37:03.954Z] Summary: ws:1, tw:1, fb:1, li:1, urls:500
[2026-03-10T11:37:03.954Z] Saved final result to result.json
[2026-03-10T11:37:03.958Z] Override fields: ws, li, fb, tw, urls
[2026-03-10T11:37:03.958Z] Finished at: 2026-03-10T11:37:03.958Z
