[2026-03-10T11:53:57.237Z] === Homepage AI Extractor: Promo Code ===
[2026-03-10T11:53:57.237Z] Started at: 2026-03-10T11:53:57.237Z
[2026-03-10T11:53:57.237Z] Log directory: E:\code\The Wall\mono\packages\scrapper\logs\homepage_ai_extractor\1773143637237_Promo_Code
[2026-03-10T11:53:57.237Z] Company: Promo Code
[2026-03-10T11:53:57.237Z] Website: promocode.co.il
[2026-03-10T11:53:57.237Z] cbRank: 495079
[2026-03-10T11:53:57.238Z] Reasons: h
[2026-03-10T11:53:57.238Z] Fetching: https://promocode.co.il
[2026-03-10T11:54:39.649Z] Redirected: https://promocode.co.il -> https://promocode.co.il/
[2026-03-10T11:54:39.671Z] Saved HTML (639929 bytes) to page.html
[2026-03-10T11:54:39.685Z] Extracted 821 unique links from page
[2026-03-10T11:54:39.686Z] Saved 821 links to links.json
[2026-03-10T11:54:39.690Z] No footer section found in DOM
[2026-03-10T11:54:39.690Z] Extracted header HTML (8388 chars)
[2026-03-10T11:54:39.694Z] Website (post-redirect): https://promocode.co.il/ → origin: https://promocode.co.il
[2026-03-10T11:54:39.695Z]   SUBDOMAIN: ru.promocode.co.il (added to ws)
[2026-03-10T11:54:39.695Z] Website subdomains found: 1
[2026-03-10T11:54:39.697Z] External links: 448 (of 821 total)
[2026-03-10T11:54:39.697Z] ── All external links ──
[2026-03-10T11:54:39.697Z]   EXT: http://www.linkedin.com/shareArticle?mini=true&url=https%3A%2F%2Fpromocode.co.il%2Fcoupon%2F10-off-giv-ol%2F&title=%D7%A7%D7%95%D7%A4%D7%95%D7%9F%2010%25%20%D7%94%D7%A0%D7%97%D7%94%20%26%238211%3B%20Giv-ol%20%D7%92%D7%91%D7%A2%D7%95%D7%9C%20%D7%94%D7%95%D7%A6%D7%90%D7%94%20%D7%9C%D7%90%D7%95%D7%A8&source=%D7%A4%D7%A8%D7%95%D7%9E%D7%95%20%D7%A7%D7%95%D7%93%20Promo%20Code
[2026-03-10T11:54:39.697Z]   EXT: http://www.linkedin.com/shareArticle?mini=true&url=https%3A%2F%2Fpromocode.co.il%2Fcoupon%2F10-off-golf-kids%2F&title=%D7%A7%D7%95%D7%A4%D7%95%D7%9F%2010%25%20%D7%94%D7%A0%D7%97%D7%94%20%26%238211%3B%20Golf%20Kids%20%D7%92%D7%95%D7%9C%D7%A3%20%D7%A7%D7%99%D7%93%D7%A1&source=%D7%A4%D7%A8%D7%95%D7%9E%D7%95%20%D7%A7%D7%95%D7%93%20Promo%20Code
[2026-03-10T11:54:39.698Z]   EXT: http://www.linkedin.com/shareArticle?mini=true&url=https%3A%2F%2Fpromocode.co.il%2Fcoupon%2F10-off-house-brands-iherb%2F&title=%D7%A7%D7%95%D7%A4%D7%95%D7%9F%2010%25%20%D7%94%D7%A0%D7%97%D7%94%20%D7%A2%D7%9C%20%D7%9E%D7%95%D7%AA%D7%92%D7%99%20%D7%94%D7%91%D7%99%D7%AA%20%26%238211%3B%20iHerb%20%D7%90%D7%99%D7%99%D7%94%D7%A8%D7%91&source=%D7%A4%D7%A8%D7%95%D7%9E%D7%95%20%D7%A7%D7%95%D7%93%20Promo%20Code
[2026-03-10T11:54:39.698Z]   EXT: http://www.linkedin.com/shareArticle?mini=true&url=https%3A%2F%2Fpromocode.co.il%2Fcoupon%2F10-off-intima%2F&title=%D7%A7%D7%95%D7%A4%D7%95%D7%9F%2010%25%20%D7%94%D7%A0%D7%97%D7%94%20%26%238211%3B%20INTIMA%20%D7%90%D7%99%D7%A0%D7%98%D7%99%D7%9E%D7%94&source=%D7%A4%D7%A8%D7%95%D7%9E%D7%95%20%D7%A7%D7%95%D7%93%20Promo%20Code
[2026-03-10T11:54:39.698Z]   EXT: http://www.linkedin.com/shareArticle?mini=true&url=https%3A%2F%2Fpromocode.co.il%2Fcoupon%2F10-off-milkcare%2F&title=%D7%A7%D7%95%D7%A4%D7%95%D7%9F%2010%25%20%D7%94%D7%A0%D7%97%D7%94%20%26%238211%3B%20MilkCare%20%D7%9E%D7%99%D7%9C%D7%A7%20%D7%A7%D7%99%D7%99%D7%A8&source=%D7%A4%D7%A8%D7%95%D7%9E%D7%95%20%D7%A7%D7%95%D7%93%20Promo%20Code
[2026-03-10T11:54:39.698Z]   EXT: http://www.linkedin.com/shareArticle?mini=true&url=https%3A%2F%2Fpromocode.co.il%2Fcoupon%2F10-off-over-120-iherb%2F&title=%D7%A7%D7%95%D7%A4%D7%95%D7%9F%2010%25%20%D7%94%D7%A0%D7%97%D7%94%20%D7%91%D7%A7%D7%A0%D7%99%D7%99%D7%94%20%D7%9E%D7%A2%D7%9C%20120%24%20%26%238211%3B%20iHerb%20%D7%90%D7%99%D7%99%D7%94%D7%A8%D7%91&source=%D7%A4%D7%A8%D7%95%D7%9E%D7%95%20%D7%A7%D7%95%D7%93%20Promo%20Code
[2026-03-10T11:54:39.698Z]   EXT: http://www.linkedin.com/shareArticle?mini=true&url=https%3A%2F%2Fpromocode.co.il%2Fcoupon%2F10-off-over-60-iherb%2F&title=%D7%A7%D7%95%D7%A4%D7%95%D7%9F%2010%25%20%D7%94%D7%A0%D7%97%D7%94%20%D7%91%D7%A7%D7%A0%D7%99%D7%99%D7%94%20%D7%9E%D7%A2%D7%9C%2060%24%20%26%238211%3B%20iHerb%20%D7%90%D7%99%D7%99%D7%94%D7%A8%D7%91&source=%D7%A4%D7%A8%D7%95%D7%9E%D7%95%20%D7%A7%D7%95%D7%93%20Promo%20Code
[2026-03-10T11:54:39.698Z]   EXT: http://www.linkedin.com/shareArticle?mini=true&url=https%3A%2F%2Fpromocode.co.il%2Fcoupon%2F10-off-smartcase%2F&title=%D7%A7%D7%95%D7%A4%D7%95%D7%9F%2010%25%20%D7%94%D7%A0%D7%97%D7%94%20%26%238211%3B%20SmartCase%20%D7%A1%D7%9E%D7%90%D7%A8%D7%98%20%D7%A7%D7%99%D7%99%D7%A1&source=%D7%A4%D7%A8%D7%95%D7%9E%D7%95%20%D7%A7%D7%95%D7%93%20Promo%20Code
[2026-03-10T11:54:39.698Z]   EXT: http://www.linkedin.com/shareArticle?mini=true&url=https%3A%2F%2Fpromocode.co.il%2Fcoupon%2F10-off-super-pharm%2F&title=%D7%A7%D7%95%D7%A4%D7%95%D7%9F%2010%25%20%D7%94%D7%A0%D7%97%D7%94%20%26%238211%3B%20Super%20Pharm%20%D7%A1%D7%95%D7%A4%D7%A8%20%D7%A4%D7%90%D7%A8%D7%9D&source=%D7%A4%D7%A8%D7%95%D7%9E%D7%95%20%D7%A7%D7%95%D7%93%20Promo%20Code
[2026-03-10T11:54:39.698Z]   EXT: http://www.linkedin.com/shareArticle?mini=true&url=https%3A%2F%2Fpromocode.co.il%2Fcoupon%2F10-off-terminal-x%2F&title=%D7%A7%D7%95%D7%A4%D7%95%D7%9F%2010%25%20%D7%94%D7%A0%D7%97%D7%94%20%26%238211%3B%20Terminal%20X%20%D7%98%D7%A8%D7%9E%D7%99%D7%A0%D7%9C%20%D7%90%D7%99%D7%A7%D7%A1&source=%D7%A4%D7%A8%D7%95%D7%9E%D7%95%20%D7%A7%D7%95%D7%93%20Promo%20Code
[2026-03-10T11:54:39.698Z]   EXT: http://www.linkedin.com/shareArticle?mini=true&url=https%3A%2F%2Fpromocode.co.il%2Fcoupon%2F10-off-toys-r-us%2F&title=%D7%A7%D7%95%D7%A4%D7%95%D7%9F%2010%25%20%D7%94%D7%A0%D7%97%D7%94%20%26%238211%3B%20Toys%20R%20Us%20%D7%98%D7%95%D7%99%D7%A1%20%D7%90%D7%A8%20%D7%90%D7%A1&source=%D7%A4%D7%A8%D7%95%D7%9E%D7%95%20%D7%A7%D7%95%D7%93%20Promo%20Code
[2026-03-10T11:54:39.698Z]   EXT: http://www.linkedin.com/shareArticle?mini=true&url=https%3A%2F%2Fpromocode.co.il%2Fcoupon%2F100-ils-off-over-400-ils-milega%2F&title=%D7%A7%D7%95%D7%A4%D7%95%D7%9F%20100%20%E2%82%AA%20%D7%94%D7%A0%D7%97%D7%94%20%D7%91%D7%A7%D7%A0%D7%99%D7%99%D7%94%20%D7%9E%D7%A2%D7%9C%20400%20%E2%82%AA%20%26%238211%3B%20Milega%20%D7%9E%D7%99%D7%9C%D7%92%D7%94&source=%D7%A4%D7%A8%D7%95%D7%9E%D7%95%20%D7%A7%D7%95%D7%93%20Promo%20Code
[2026-03-10T11:54:39.699Z]   EXT: http://www.linkedin.com/shareArticle?mini=true&url=https%3A%2F%2Fpromocode.co.il%2Fcoupon%2F100-off-free-gifts-temu%2F&title=%D7%A7%D7%95%D7%A4%D7%95%D7%9F%20100%25%20%D7%94%D7%A0%D7%97%D7%94%20%D7%A2%D7%9C%20%D7%9E%D7%95%D7%A6%D7%A8%D7%99%D7%9D%20%D7%95%D7%9E%D7%AA%D7%A0%D7%95%D7%AA%20%D7%91%D7%97%D7%99%D7%A0%D7%9D%20%26%238211%3B%20Temu%20%D7%98%D7%9E%D7%95&source=%D7%A4%D7%A8%D7%95%D7%9E%D7%95%20%D7%A7%D7%95%D7%93%20Promo%20Code
[2026-03-10T11:54:39.699Z]   EXT: http://www.linkedin.com/shareArticle?mini=true&url=https%3A%2F%2Fpromocode.co.il%2Fcoupon%2F15-off-beauty-bay%2F&title=%D7%A7%D7%95%D7%A4%D7%95%D7%9F%2015%25%20%D7%94%D7%A0%D7%97%D7%94%20%26%238211%3B%20Beauty%20Bay%20%D7%91%D7%99%D7%95%D7%98%D7%99%20%D7%91%D7%99%D7%99&source=%D7%A4%D7%A8%D7%95%D7%9E%D7%95%20%D7%A7%D7%95%D7%93%20Promo%20Code
[2026-03-10T11:54:39.699Z]   EXT: http://www.linkedin.com/shareArticle?mini=true&url=https%3A%2F%2Fpromocode.co.il%2Fcoupon%2F15-off-first-order-cult-beauty%2F&title=%D7%A7%D7%95%D7%A4%D7%95%D7%9F%2015%25%20%D7%94%D7%A0%D7%97%D7%94%20%D7%91%D7%A7%D7%A0%D7%99%D7%99%D7%94%20%D7%A8%D7%90%D7%A9%D7%95%D7%A0%D7%94%20%26%238211%3B%20Cult%20Beauty%20%D7%A7%D7%90%D7%9C%D7%98%20%D7%91%D7%99%D7%95%D7%98%D7%99&source=%D7%A4%D7%A8%D7%95%D7%9E%D7%95%20%D7%A7%D7%95%D7%93%20Promo%20Code
[2026-03-10T11:54:39.699Z]   EXT: http://www.linkedin.com/shareArticle?mini=true&url=https%3A%2F%2Fpromocode.co.il%2Fcoupon%2F15-off-rihoas%2F&title=%D7%A7%D7%95%D7%A4%D7%95%D7%9F%2015%25%20%D7%94%D7%A0%D7%97%D7%94%20%26%238211%3B%20Rihoas%20%D7%A8%D7%99%D7%94%D7%95%D7%90%D7%A1&source=%D7%A4%D7%A8%D7%95%D7%9E%D7%95%20%D7%A7%D7%95%D7%93%20Promo%20Code
[2026-03-10T11:54:39.699Z]   EXT: http://www.linkedin.com/shareArticle?mini=true&url=https%3A%2F%2Fpromocode.co.il%2Fcoupon%2F20-off-iherb%2F&title=%D7%A7%D7%95%D7%A4%D7%95%D7%9F%2020%25%20%D7%94%D7%A0%D7%97%D7%94%20%D7%A2%D7%9C%20%D7%94%D7%94%D7%96%D7%9E%D7%A0%D7%94%20%D7%94%D7%A8%D7%90%D7%A9%D7%95%D7%A0%D7%94%20%26%238211%3B%20iHerb%20%D7%90%D7%99%D7%99%D7%94%D7%A8%D7%91&source=%D7%A4%D7%A8%D7%95%D7%9E%D7%95%20%D7%A7%D7%95%D7%93%20Promo%20Code
[2026-03-10T11:54:39.699Z]   EXT: http://www.linkedin.com/shareArticle?mini=true&url=https%3A%2F%2Fpromocode.co.il%2Fcoupon%2F20-off-over-60-iherb%2F&title=%D7%A7%D7%95%D7%A4%D7%95%D7%9F%2020%25%20%D7%94%D7%A0%D7%97%D7%94%20%D7%91%D7%A7%D7%A0%D7%99%D7%99%D7%94%20%D7%9E%D7%A2%D7%9C%2060%24%20%26%238211%3B%20iHerb%20%D7%90%D7%99%D7%99%D7%94%D7%A8%D7%91&source=%D7%A4%D7%A8%D7%95%D7%9E%D7%95%20%D7%A7%D7%95%D7%93%20Promo%20Code
[2026-03-10T11:54:39.699Z]   EXT: http://www.linkedin.com/shareArticle?mini=true&url=https%3A%2F%2Fpromocode.co.il%2Fcoupon%2F20-off-pixelcut%2F&title=%D7%A7%D7%95%D7%A4%D7%95%D7%9F%2020%25%20%D7%94%D7%A0%D7%97%D7%94%20%26%238211%3B%20Pixelcut%20%D7%A4%D7%99%D7%A7%D7%A1%D7%9C%D7%A7%D7%90%D7%98&source=%D7%A4%D7%A8%D7%95%D7%9E%D7%95%20%D7%A7%D7%95%D7%93%20Promo%20Code
[2026-03-10T11:54:39.699Z]   EXT: http://www.linkedin.com/shareArticle?mini=true&url=https%3A%2F%2Fpromocode.co.il%2Fcoupon%2F25-off-nike%2F&title=%D7%A7%D7%95%D7%A4%D7%95%D7%9F%2025%25%20%D7%94%D7%A0%D7%97%D7%94%20%26%238211%3B%20Nike%20%D7%A0%D7%99%D7%99%D7%A7&source=%D7%A4%D7%A8%D7%95%D7%9E%D7%95%20%D7%A7%D7%95%D7%93%20Promo%20Code
[2026-03-10T11:54:39.699Z]   EXT: http://www.linkedin.com/shareArticle?mini=true&url=https%3A%2F%2Fpromocode.co.il%2Fcoupon%2F30-ils-off-smartcase%2F&title=%D7%A7%D7%95%D7%A4%D7%95%D7%9F%2030%20%E2%82%AA%20%D7%94%D7%A0%D7%97%D7%94%20%26%238211%3B%20SmartCase%20%D7%A1%D7%9E%D7%90%D7%A8%D7%98%20%D7%A7%D7%99%D7%99%D7%A1&source=%D7%A4%D7%A8%D7%95%D7%9E%D7%95%20%D7%A7%D7%95%D7%93%20Promo%20Code
[2026-03-10T11:54:39.699Z]   EXT: http://www.linkedin.com/shareArticle?mini=true&url=https%3A%2F%2Fpromocode.co.il%2Fcoupon%2F30-ils-off-wolt%2F&title=%D7%A7%D7%95%D7%A4%D7%95%D7%9F%2030%20%E2%82%AA%20%D7%94%D7%A0%D7%97%D7%94%20%26%238211%3B%20Wolt%20%D7%95%D7%95%D7%9C%D7%98&source=%D7%A4%D7%A8%D7%95%D7%9E%D7%95%20%D7%A7%D7%95%D7%93%20Promo%20Code
[2026-03-10T11:54:39.699Z]   EXT: http://www.linkedin.com/shareArticle?mini=true&url=https%3A%2F%2Fpromocode.co.il%2Fcoupon%2F30-off-cloudways%2F&title=%D7%A7%D7%95%D7%A4%D7%95%D7%9F%2030%25%20%D7%94%D7%A0%D7%97%D7%94%20%26%238211%3B%20Cloudways%20%D7%A7%D7%9C%D7%90%D7%95%D7%93%D7%95%D7%95%D7%99%D7%96&source=%D7%A4%D7%A8%D7%95%D7%9E%D7%95%20%D7%A7%D7%95%D7%93%20Promo%20Code
[2026-03-10T11:54:39.699Z]   EXT: http://www.linkedin.com/shareArticle?mini=true&url=https%3A%2F%2Fpromocode.co.il%2Fcoupon%2F30-off-gulliver%2F&title=%D7%A7%D7%95%D7%A4%D7%95%D7%9F%2030%24%20%D7%94%D7%A0%D7%97%D7%94%20%26%238211%3B%20Gulliver%20%D7%92%D7%95%D7%9C%D7%99%D7%91%D7%A8&source=%D7%A4%D7%A8%D7%95%D7%9E%D7%95%20%D7%A7%D7%95%D7%93%20Promo%20Code
[2026-03-10T11:54:39.699Z]   EXT: http://www.linkedin.com/shareArticle?mini=true&url=https%3A%2F%2Fpromocode.co.il%2Fcoupon%2F30-off-temu%2F&title=%D7%A7%D7%95%D7%A4%D7%95%D7%9F%2030%25%20%D7%94%D7%A0%D7%97%D7%94%20%26%238211%3B%20Temu%20%D7%98%D7%9E%D7%95&source=%D7%A4%D7%A8%D7%95%D7%9E%D7%95%20%D7%A7%D7%95%D7%93%20Promo%20Code
[2026-03-10T11:54:39.699Z]   EXT: http://www.linkedin.com/shareArticle?mini=true&url=https%3A%2F%2Fpromocode.co.il%2Fcoupon%2F400-ils-off-temu%2F&title=%D7%A7%D7%95%D7%A4%D7%95%D7%9F%20400%20%E2%82%AA%20%D7%94%D7%A0%D7%97%D7%94%20%26%238211%3B%20Temu%20%D7%98%D7%9E%D7%95&source=%D7%A4%D7%A8%D7%95%D7%9E%D7%95%20%D7%A7%D7%95%D7%93%20Promo%20Code
[2026-03-10T11:54:39.699Z]   EXT: http://www.linkedin.com/shareArticle?mini=true&url=https%3A%2F%2Fpromocode.co.il%2Fcoupon%2F5-off-afi-hotels%2F&title=%D7%9E%D7%91%D7%A6%D7%A2%205%25%20%D7%94%D7%A0%D7%97%D7%94%20%26%238211%3B%20AFI%20Hotels%20%D7%9E%D7%9C%D7%95%D7%A0%D7%95%D7%AA%20%D7%90%D7%A4%D7%A8%D7%99%D7%A7%D7%94%20%D7%99%D7%A9%D7%A8%D7%90%D7%9C&source=%D7%A4%D7%A8%D7%95%D7%9E%D7%95%20%D7%A7%D7%95%D7%93%20Promo%20Code
[2026-03-10T11:54:39.700Z]   EXT: http://www.linkedin.com/shareArticle?mini=true&url=https%3A%2F%2Fpromocode.co.il%2Fcoupon%2F5-off-anker%2F&title=%D7%A7%D7%95%D7%A4%D7%95%D7%9F%205%25%20%D7%94%D7%A0%D7%97%D7%94%20%26%238211%3B%20Anker%20%D7%90%D7%A0%D7%A7%D7%A8%20%D7%99%D7%A9%D7%A8%D7%90%D7%9C&source=%D7%A4%D7%A8%D7%95%D7%9E%D7%95%20%D7%A7%D7%95%D7%93%20Promo%20Code
[2026-03-10T11:54:39.700Z]   EXT: http://www.linkedin.com/shareArticle?mini=true&url=https%3A%2F%2Fpromocode.co.il%2Fcoupon%2F5-off-diamond-chef%2F&title=%D7%A7%D7%95%D7%A4%D7%95%D7%9F%205%25%20%D7%94%D7%A0%D7%97%D7%94%20%26%238211%3B%20Diamond%20Chef%20%D7%93%D7%99%D7%99%D7%9E%D7%95%D7%A0%D7%93%20%D7%A9%D7%A3&source=%D7%A4%D7%A8%D7%95%D7%9E%D7%95%20%D7%A7%D7%95%D7%93%20Promo%20Code
[2026-03-10T11:54:39.700Z]   EXT: http://www.linkedin.com/shareArticle?mini=true&url=https%3A%2F%2Fpromocode.co.il%2Fcoupon%2F5-off-iherb%2F&title=%D7%A7%D7%95%D7%A4%D7%95%D7%9F%205%25%20%D7%94%D7%A0%D7%97%D7%94%20%26%238211%3B%20iHerb%20%D7%90%D7%99%D7%99%D7%94%D7%A8%D7%91&source=%D7%A4%D7%A8%D7%95%D7%9E%D7%95%20%D7%A7%D7%95%D7%93%20Promo%20Code
[2026-03-10T11:54:39.700Z]   EXT: http://www.linkedin.com/shareArticle?mini=true&url=https%3A%2F%2Fpromocode.co.il%2Fcoupon%2F5-off-rebuild%2F&title=%D7%A7%D7%95%D7%A4%D7%95%D7%9F%205%25%20%D7%94%D7%A0%D7%97%D7%94%20%26%238211%3B%20Rebuild%20%D7%A8%D7%91%D7%99%D7%9C%D7%93&source=%D7%A4%D7%A8%D7%95%D7%9E%D7%95%20%D7%A7%D7%95%D7%93%20Promo%20Code
[2026-03-10T11:54:39.700Z]   EXT: http://www.linkedin.com/shareArticle?mini=true&url=https%3A%2F%2Fpromocode.co.il%2Fcoupon%2F5-off-revopoint%2F&title=%D7%A7%D7%95%D7%A4%D7%95%D7%9F%205%25%20%D7%94%D7%A0%D7%97%D7%94%20%26%238211%3B%20Revopoint%20%D7%A8%D7%91%D7%95%D7%A4%D7%95%D7%99%D7%A0%D7%98&source=%D7%A4%D7%A8%D7%95%D7%9E%D7%95%20%D7%A7%D7%95%D7%93%20Promo%20Code
[2026-03-10T11:54:39.700Z]   EXT: http://www.linkedin.com/shareArticle?mini=true&url=https%3A%2F%2Fpromocode.co.il%2Fcoupon%2F50-off-wolt%2F&title=%D7%A7%D7%95%D7%A4%D7%95%D7%9F%2050%20%E2%82%AA%20%D7%94%D7%A0%D7%97%D7%94%20%26%238211%3B%20Wolt%20%D7%95%D7%95%D7%9C%D7%98&source=%D7%A4%D7%A8%D7%95%D7%9E%D7%95%20%D7%A7%D7%95%D7%93%20Promo%20Code
[2026-03-10T11:54:39.700Z]   EXT: http://www.linkedin.com/shareArticle?mini=true&url=https%3A%2F%2Fpromocode.co.il%2Fcoupon%2F8-off-story-online%2F&title=%D7%A7%D7%95%D7%A4%D7%95%D7%9F%208%25%20%D7%94%D7%A0%D7%97%D7%94%20%26%238211%3B%20Story%20Online%20%D7%A1%D7%98%D7%95%D7%A8%D7%99%20%D7%90%D7%95%D7%A0%D7%9C%D7%99%D7%99%D7%9F&source=%D7%A4%D7%A8%D7%95%D7%9E%D7%95%20%D7%A7%D7%95%D7%93%20Promo%20Code
[2026-03-10T11:54:39.700Z]   EXT: http://www.linkedin.com/shareArticle?mini=true&url=https%3A%2F%2Fpromocode.co.il%2Fcoupon%2Fblack-friday-ksp%2F&title=%D7%9E%D7%91%D7%A6%D7%A2%D7%99%20%D7%91%D7%9C%D7%90%D7%A7%20%D7%A4%D7%A8%D7%99%D7%99%D7%93%D7%99%20%26%238211%3B%20KSP%20%D7%A7%D7%99%D7%99%20%D7%90%D7%A1%20%D7%A4%D7%99&source=%D7%A4%D7%A8%D7%95%D7%9E%D7%95%20%D7%A7%D7%95%D7%93%20Promo%20Code
[2026-03-10T11:54:39.700Z]   EXT: http://www.linkedin.com/shareArticle?mini=true&url=https%3A%2F%2Fpromocode.co.il%2Fcoupon%2Ffree-shipping-amika%2F&title=%D7%9E%D7%A9%D7%9C%D7%95%D7%97%20%D7%97%D7%99%D7%A0%D7%9D%20%26%238211%3B%20Amika%20%D7%90%D7%9E%D7%99%D7%A7%D7%94&source=%D7%A4%D7%A8%D7%95%D7%9E%D7%95%20%D7%A7%D7%95%D7%93%20Promo%20Code
[2026-03-10T11:54:39.700Z]   EXT: http://www.linkedin.com/shareArticle?mini=true&url=https%3A%2F%2Fpromocode.co.il%2Fcoupon%2Ffree-shipping-anker%2F&title=%D7%9E%D7%A9%D7%9C%D7%95%D7%97%20%D7%97%D7%99%D7%A0%D7%9D%20%26%238211%3B%20Anker%20%D7%90%D7%A0%D7%A7%D7%A8%20%D7%99%D7%A9%D7%A8%D7%90%D7%9C&source=%D7%A4%D7%A8%D7%95%D7%9E%D7%95%20%D7%A7%D7%95%D7%93%20Promo%20Code
[2026-03-10T11:54:39.700Z]   EXT: http://www.linkedin.com/shareArticle?mini=true&url=https%3A%2F%2Fpromocode.co.il%2Fcoupon%2Ffree-shipping-bissell%2F&title=%D7%9E%D7%A9%D7%9C%D7%95%D7%97%20%D7%97%D7%99%D7%A0%D7%9D%20%26%238211%3B%20Bissell%20%D7%91%D7%99%D7%A1%D7%9C%20%D7%99%D7%A9%D7%A8%D7%90%D7%9C&source=%D7%A4%D7%A8%D7%95%D7%9E%D7%95%20%D7%A7%D7%95%D7%93%20Promo%20Code
[2026-03-10T11:54:39.700Z]   EXT: http://www.linkedin.com/shareArticle?mini=true&url=https%3A%2F%2Fpromocode.co.il%2Fcoupon%2Fil-off-asos%2F&title=%D7%A7%D7%95%D7%A4%D7%95%D7%9F%2018%25%20%D7%94%D7%A0%D7%97%D7%94%20%26%238211%3B%20ASOS%20%D7%90%D7%A1%D7%95%D7%A1&source=%D7%A4%D7%A8%D7%95%D7%9E%D7%95%20%D7%A7%D7%95%D7%93%20Promo%20Code
[2026-03-10T11:54:39.700Z]   EXT: http://www.linkedin.com/shareArticle?mini=true&url=https%3A%2F%2Fpromocode.co.il%2Fcoupon%2Fmastercard-day-aeroflex%2F&title=%D7%A7%D7%95%D7%A4%D7%95%D7%9F%20%D7%9E%D7%90%D7%A1%D7%98%D7%A8%D7%A7%D7%90%D7%A8%D7%93%20%D7%93%D7%99%D7%99%2025%25%20%D7%94%D7%A0%D7%97%D7%94%20%D7%A2%D7%9C%20%D7%9B%D7%A8%D7%99%D7%95%D7%AA%20%26%238211%3B%20Aeroflex%20%D7%90%D7%99%D7%A8%D7%95%D7%A4%D7%9C%D7%A7%D7%A1&source=%D7%A4%D7%A8%D7%95%D7%9E%D7%95%20%D7%A7%D7%95%D7%93%20Promo%20Code
[2026-03-10T11:54:39.700Z]   EXT: http://www.linkedin.com/shareArticle?mini=true&url=https%3A%2F%2Fpromocode.co.il%2Fcoupon%2Fmastercard-day-iherb%2F&title=%D7%A7%D7%95%D7%A4%D7%95%D7%9F%20%D7%9E%D7%90%D7%A1%D7%98%D7%A8%D7%A7%D7%90%D7%A8%D7%93%20%D7%93%D7%99%D7%99%2015%25%20%D7%94%D7%A0%D7%97%D7%94%20%D7%9E%D7%A2%D7%9C%2060%24%20%26%238211%3B%20iHerb%20%D7%90%D7%99%D7%99%D7%94%D7%A8%D7%91&source=%D7%A4%D7%A8%D7%95%D7%9E%D7%95%20%D7%A7%D7%95%D7%93%20Promo%20Code
[2026-03-10T11:54:39.700Z]   EXT: http://www.linkedin.com/shareArticle?mini=true&url=https%3A%2F%2Fpromocode.co.il%2Fcoupon%2Fmastercard-day-lee-cooper%2F&title=%D7%A7%D7%95%D7%A4%D7%95%D7%9F%20%D7%9E%D7%90%D7%A1%D7%98%D7%A8%D7%A7%D7%90%D7%A8%D7%93%20%D7%93%D7%99%D7%99%2020%25%20%D7%94%D7%A0%D7%97%D7%94%20%26%238211%3B%20Lee%20Cooper%20%D7%9C%D7%99%20%D7%A7%D7%95%D7%A4%D7%A8%20%D7%99%D7%A9%D7%A8%D7%90%D7%9C&source=%D7%A4%D7%A8%D7%95%D7%9E%D7%95%20%D7%A7%D7%95%D7%93%20Promo%20Code
[2026-03-10T11:54:39.700Z]   EXT: http://www.linkedin.com/shareArticle?mini=true&url=https%3A%2F%2Fpromocode.co.il%2Fcoupon%2Fmastercard-day-mishloha%2F&title=%D7%A7%D7%95%D7%A4%D7%95%D7%9F%20%D7%9E%D7%90%D7%A1%D7%98%D7%A8%D7%A7%D7%90%D7%A8%D7%93%20%D7%93%D7%99%D7%99%2030%20%E2%82%AA%20%D7%94%D7%A0%D7%97%D7%94%20%26%238211%3B%20Mishloha%20%D7%9E%D7%A9%D7%9C%D7%95%D7%97%D7%94&source=%D7%A4%D7%A8%D7%95%D7%9E%D7%95%20%D7%A7%D7%95%D7%93%20Promo%20Code
[2026-03-10T11:54:39.700Z]   EXT: http://www.linkedin.com/shareArticle?mini=true&url=https%3A%2F%2Fpromocode.co.il%2Fcoupon%2Fmastercard-day-nintendo%2F&title=%D7%A7%D7%95%D7%A4%D7%95%D7%9F%20%D7%9E%D7%90%D7%A1%D7%98%D7%A8%D7%A7%D7%90%D7%A8%D7%93%20%D7%93%D7%99%D7%99%2010%25%20%D7%94%D7%A0%D7%97%D7%94%20%26%238211%3B%20Nintendo%20%D7%A0%D7%99%D7%A0%D7%98%D7%A0%D7%93%D7%95%20%D7%99%D7%A9%D7%A8%D7%90%D7%9C&source=%D7%A4%D7%A8%D7%95%D7%9E%D7%95%20%D7%A7%D7%95%D7%93%20Promo%20Code
[2026-03-10T11:54:39.701Z]   EXT: http://www.linkedin.com/shareArticle?mini=true&url=https%3A%2F%2Fpromocode.co.il%2Fcoupon%2Fmastercard-day-olam-hakolnoa%2F&title=%D7%A7%D7%95%D7%A4%D7%95%D7%9F%20%D7%9E%D7%90%D7%A1%D7%98%D7%A8%D7%A7%D7%90%D7%A8%D7%93%20%D7%93%D7%99%D7%99%2010%25%20%D7%94%D7%A0%D7%97%D7%94%20%26%238211%3B%20Olam%20Hakolnoa%20%D7%A2%D7%95%D7%9C%D7%9D%20%D7%94%D7%A7%D7%95%D7%9C%D7%A0%D7%95%D7%A2%20%D7%95%D7%94%D7%97%D7%A9%D7%9E%D7%9C&source=%D7%A4%D7%A8%D7%95%D7%9E%D7%95%20%D7%A7%D7%95%D7%93%20Promo%20Code
[2026-03-10T11:54:39.701Z]   EXT: http://www.linkedin.com/shareArticle?mini=true&url=https%3A%2F%2Fpromocode.co.il%2Fcoupon%2Fmastercard-day-soltam%2F&title=%D7%A7%D7%95%D7%A4%D7%95%D7%9F%20%D7%9E%D7%90%D7%A1%D7%98%D7%A8%D7%A7%D7%90%D7%A8%D7%93%20%D7%93%D7%99%D7%99%2015%25%20%D7%94%D7%A0%D7%97%D7%94%20%26%238211%3B%20Soltam%20Radad%20%D7%A1%D7%95%D7%9C%D7%AA%D7%9D%20%D7%A8%D7%93%D7%93&source=%D7%A4%D7%A8%D7%95%D7%9E%D7%95%20%D7%A7%D7%95%D7%93%20Promo%20Code
[2026-03-10T11:54:39.701Z]   EXT: http://www.linkedin.com/shareArticle?mini=true&url=https%3A%2F%2Fpromocode.co.il%2Fcoupon%2Fnovember-sale-golf-co%2F&title=%D7%9E%D7%91%D7%A6%D7%A2%20%D7%A0%D7%95%D7%91%D7%9E%D7%91%D7%A8%20%D7%A1%D7%99%D7%99%D7%9C%20%26%238211%3B%20Golf%20%26amp%3B%20Co%20%D7%92%D7%95%D7%9C%D7%A3%20%D7%90%D7%A0%D7%93%20%D7%A7%D7%95&source=%D7%A4%D7%A8%D7%95%D7%9E%D7%95%20%D7%A7%D7%95%D7%93%20Promo%20Code
[2026-03-10T11:54:39.701Z]   EXT: http://www.linkedin.com/shareArticle?mini=true&url=https%3A%2F%2Fpromocode.co.il%2Fcoupon%2Fnovember-sale-super-pharm%2F&title=%D7%9E%D7%91%D7%A6%D7%A2%D7%99%20%D7%A0%D7%95%D7%91%D7%9E%D7%91%D7%A8%20%D7%A1%D7%99%D7%99%D7%9C%20%26%238211%3B%20Super%20Pharm%20%D7%A1%D7%95%D7%A4%D7%A8%20%D7%A4%D7%90%D7%A8%D7%9D&source=%D7%A4%D7%A8%D7%95%D7%9E%D7%95%20%D7%A7%D7%95%D7%93%20Promo%20Code
[2026-03-10T11:54:39.701Z]   EXT: http://www.linkedin.com/shareArticle?mini=true&url=https%3A%2F%2Fpromocode.co.il%2Fcoupon%2Foff-aeg-olam-hakolnoa%2F&title=%D7%A7%D7%95%D7%A4%D7%95%D7%9F%2010%25%20%D7%94%D7%A0%D7%97%D7%94%20%D7%A2%D7%9C%20%D7%9E%D7%95%D7%A6%D7%A8%D7%99%20%D7%94%D7%9E%D7%95%D7%AA%D7%92%20AEG%20%D7%90%D7%99%D7%99%20%D7%90%D7%99%20%D7%92%26%238217%3B%D7%99%20%26%238211%3B%20Olam%20Hakolnoa%20%D7%A2%D7%95%D7%9C%D7%9D%20%D7%94%D7%A7%D7%95%D7%9C%D7%A0%D7%95%D7%A2%20%D7%95%D7%94%D7%97%D7%A9%D7%9E%D7%9C&source=%D7%A4%D7%A8%D7%95%D7%9E%D7%95%20%D7%A7%D7%95%D7%93%20Promo%20Code
[2026-03-10T11:54:39.701Z]   EXT: http://www.linkedin.com/shareArticle?mini=true&url=https%3A%2F%2Fpromocode.co.il%2Fcoupon%2Foff-anker%2F&title=%D7%9E%D7%91%D7%A6%D7%A2%D7%99%D7%9D%20%D7%95%D7%94%D7%A0%D7%97%D7%95%D7%AA%20%D7%A2%D7%9C%20%D7%9E%D7%92%D7%95%D7%95%D7%9F%20%D7%9E%D7%95%D7%A6%D7%A8%D7%99%D7%9D%20%26%238211%3B%20Anker%20%D7%90%D7%A0%D7%A7%D7%A8%20%D7%99%D7%A9%D7%A8%D7%90%D7%9C&source=%D7%A4%D7%A8%D7%95%D7%9E%D7%95%20%D7%A7%D7%95%D7%93%20Promo%20Code
[2026-03-10T11:54:39.701Z]   EXT: http://www.linkedin.com/shareArticle?mini=true&url=https%3A%2F%2Fpromocode.co.il%2Fcoupon%2Foff-bissell%2F&title=%D7%9E%D7%91%D7%A6%D7%A2%D7%99%D7%9D%20%D7%95%D7%94%D7%A0%D7%97%D7%95%D7%AA%20%D7%A2%D7%9C%20%D7%9E%D7%92%D7%95%D7%95%D7%9F%20%D7%9E%D7%95%D7%A6%D7%A8%D7%99%D7%9D%20%26%238211%3B%20Bissell%20%D7%91%D7%99%D7%A1%D7%9C%20%D7%99%D7%A9%D7%A8%D7%90%D7%9C&source=%D7%A4%D7%A8%D7%95%D7%9E%D7%95%20%D7%A7%D7%95%D7%93%20Promo%20Code
[2026-03-10T11:54:39.701Z]   EXT: http://www.linkedin.com/shareArticle?mini=true&url=https%3A%2F%2Fpromocode.co.il%2Fcoupon%2Foff-ceiling-mounted-lighting-fixtures-home-center%2F&title=%D7%A7%D7%95%D7%A4%D7%95%D7%9F%205%25%20%D7%94%D7%A0%D7%97%D7%94%20%D7%A2%D7%9C%20%D7%92%D7%95%D7%A4%D7%99%20%D7%AA%D7%90%D7%95%D7%A8%D7%94%20%D7%A6%D7%9E%D7%95%D7%93%D7%99%20%D7%AA%D7%A7%D7%A8%D7%94%20%26%238211%3B%20Home%20Center%20%D7%94%D7%95%D7%9D%20%D7%A1%D7%A0%D7%98%D7%A8&source=%D7%A4%D7%A8%D7%95%D7%9E%D7%95%20%D7%A7%D7%95%D7%93%20Promo%20Code
[2026-03-10T11:54:39.701Z]   EXT: http://www.linkedin.com/shareArticle?mini=true&url=https%3A%2F%2Fpromocode.co.il%2Fcoupon%2Foff-cinema-city%2F&title=%D7%9E%D7%91%D7%A6%D7%A2%D7%99%D7%9D%20%D7%A2%D7%9C%20%D7%9E%D7%92%D7%95%D7%95%D7%9F%20%D7%A1%D7%A8%D7%98%D7%99%D7%9D%20%D7%91%D7%A7%D7%95%D7%9C%D7%A0%D7%95%D7%A2%20%26%238211%3B%20Cinema%20City%20%D7%A1%D7%99%D7%A0%D7%9E%D7%94%20%D7%A1%D7%99%D7%98%D7%99&source=%D7%A4%D7%A8%D7%95%D7%9E%D7%95%20%D7%A7%D7%95%D7%93%20Promo%20Code
[2026-03-10T11:54:39.701Z]   EXT: http://www.linkedin.com/shareArticle?mini=true&url=https%3A%2F%2Fpromocode.co.il%2Fcoupon%2Foff-delta%2F&title=%D7%9E%D7%91%D7%A6%D7%A2%2015%25%20%D7%94%D7%A0%D7%97%D7%94%20%D7%91%D7%A7%D7%A0%D7%99%D7%99%D7%94%20%D7%A8%D7%90%D7%A9%D7%95%D7%A0%D7%94%20%26%238211%3B%20Delta%20%D7%93%D7%9C%D7%AA%D7%90&source=%D7%A4%D7%A8%D7%95%D7%9E%D7%95%20%D7%A7%D7%95%D7%93%20Promo%20Code
[2026-03-10T11:54:39.701Z]   EXT: http://www.linkedin.com/shareArticle?mini=true&url=https%3A%2F%2Fpromocode.co.il%2Fcoupon%2Foff-diesenhaus%2F&title=%D7%9E%D7%91%D7%A6%D7%A2%D7%99%D7%9D%20%D7%A2%D7%9C%20%D7%AA%D7%99%D7%99%D7%A8%D7%95%D7%AA%20%26%238211%3B%20Diesenhaus%20%D7%93%D7%99%D7%96%D7%A0%D7%94%D7%90%D7%95%D7%96&source=%D7%A4%D7%A8%D7%95%D7%9E%D7%95%20%D7%A7%D7%95%D7%93%20Promo%20Code
[2026-03-10T11:54:39.701Z]   EXT: http://www.linkedin.com/shareArticle?mini=true&url=https%3A%2F%2Fpromocode.co.il%2Fcoupon%2Foff-g-haun%2F&title=%D7%9E%D7%91%D7%A6%D7%A2%D7%99%D7%9D%20%D7%A2%D7%9C%20%D7%9E%D7%95%D7%A6%D7%A8%D7%99%D7%9D%20%26%238211%3B%20G.%20Haun%20%D7%92.%20%D7%97%D7%99%D7%95%D7%9F&source=%D7%A4%D7%A8%D7%95%D7%9E%D7%95%20%D7%A7%D7%95%D7%93%20Promo%20Code
[2026-03-10T11:54:39.701Z]   EXT: http://www.linkedin.com/shareArticle?mini=true&url=https%3A%2F%2Fpromocode.co.il%2Fcoupon%2Foff-gomoworld%2F&title=%D7%9E%D7%91%D7%A6%D7%A2%D7%99%D7%9D%20%D7%A2%D7%9C%20%D7%97%D7%91%D7%99%D7%9C%D7%95%D7%AA%20%D7%92%D7%9C%D7%99%D7%A9%D7%94%20%26%238211%3B%20GoMoWorld%20%D7%92%D7%95%D7%9E%D7%95%20%D7%95%D7%95%D7%A8%D7%9C%D7%93&source=%D7%A4%D7%A8%D7%95%D7%9E%D7%95%20%D7%A7%D7%95%D7%93%20Promo%20Code
[2026-03-10T11:54:39.701Z]   EXT: http://www.linkedin.com/shareArticle?mini=true&url=https%3A%2F%2Fpromocode.co.il%2Fcoupon%2Foff-hinged-wardrobes-home-center%2F&title=%D7%A7%D7%95%D7%A4%D7%95%D7%9F%206%25%20%D7%94%D7%A0%D7%97%D7%94%20%D7%A2%D7%9C%20%D7%90%D7%A8%D7%95%D7%A0%D7%95%D7%AA%20%D7%A4%D7%AA%D7%99%D7%97%D7%94%20%26%238211%3B%20Home%20Center%20%D7%94%D7%95%D7%9D%20%D7%A1%D7%A0%D7%98%D7%A8&source=%D7%A4%D7%A8%D7%95%D7%9E%D7%95%20%D7%A7%D7%95%D7%93%20Promo%20Code
[2026-03-10T11:54:39.702Z]   EXT: http://www.linkedin.com/shareArticle?mini=true&url=https%3A%2F%2Fpromocode.co.il%2Fcoupon%2Foff-kiwi-com%2F&title=%D7%9E%D7%91%D7%A6%D7%A2%D7%99%D7%9D%20%D7%95%D7%94%D7%A0%D7%97%D7%95%D7%AA%20%D7%A2%D7%9C%20%D7%AA%D7%99%D7%99%D7%A8%D7%95%D7%AA%20%26%238211%3B%20Kiwi.com%20%D7%A7%D7%99%D7%95%D7%95%D7%99%20%D7%A7%D7%95%D7%9D&source=%D7%A4%D7%A8%D7%95%D7%9E%D7%95%20%D7%A7%D7%95%D7%93%20Promo%20Code
[2026-03-10T11:54:39.702Z]   EXT: http://www.linkedin.com/shareArticle?mini=true&url=https%3A%2F%2Fpromocode.co.il%2Fcoupon%2Foff-ksp%2F&title=%D7%A7%D7%95%D7%A4%D7%95%D7%9F%20%D7%94%D7%A0%D7%97%D7%94%20%D7%9E%D7%A9%D7%AA%D7%A0%D7%94%20%26%238211%3B%20KSP%20%D7%A7%D7%99%D7%99%20%D7%90%D7%A1%20%D7%A4%D7%99&source=%D7%A4%D7%A8%D7%95%D7%9E%D7%95%20%D7%A7%D7%95%D7%93%20Promo%20Code
[2026-03-10T11:54:39.702Z]   EXT: http://www.linkedin.com/shareArticle?mini=true&url=https%3A%2F%2Fpromocode.co.il%2Fcoupon%2Foff-mayven%2F&title=%D7%9E%D7%91%D7%A6%D7%A2%D7%99%D7%9D%20%D7%95%D7%94%D7%A0%D7%97%D7%94%20%D7%A2%D7%9C%20%D7%9E%D7%92%D7%95%D7%95%D7%9F%20%D7%9E%D7%95%D7%A6%D7%A8%D7%99%D7%9D%20%26%238211%3B%20Mayven%20%D7%9E%D7%99%D7%99%D7%91%D7%9F&source=%D7%A4%D7%A8%D7%95%D7%9E%D7%95%20%D7%A7%D7%95%D7%93%20Promo%20Code
[2026-03-10T11:54:39.702Z]   EXT: http://www.linkedin.com/shareArticle?mini=true&url=https%3A%2F%2Fpromocode.co.il%2Fcoupon%2Foff-mirrors-home-center%2F&title=%D7%A7%D7%95%D7%A4%D7%95%D7%9F%2010%25%20%D7%94%D7%A0%D7%97%D7%94%20%D7%A2%D7%9C%20%D7%9E%D7%A8%D7%90%D7%95%D7%AA%20%26%238211%3B%20Home%20Center%20%D7%94%D7%95%D7%9D%20%D7%A1%D7%A0%D7%98%D7%A8&source=%D7%A4%D7%A8%D7%95%D7%9E%D7%95%20%D7%A7%D7%95%D7%93%20Promo%20Code
[2026-03-10T11:54:39.702Z]   EXT: http://www.linkedin.com/shareArticle?mini=true&url=https%3A%2F%2Fpromocode.co.il%2Fcoupon%2Foff-next%2F&title=%D7%A7%D7%95%D7%A4%D7%95%D7%9F%20%D7%94%D7%A0%D7%97%D7%94%20%26%238211%3B%20Next%20%D7%A0%D7%A7%D7%A1%D7%98&source=%D7%A4%D7%A8%D7%95%D7%9E%D7%95%20%D7%A7%D7%95%D7%93%20Promo%20Code
[2026-03-10T11:54:39.702Z]   EXT: http://www.linkedin.com/shareArticle?mini=true&url=https%3A%2F%2Fpromocode.co.il%2Fcoupon%2Foff-nike%2F&title=%D7%9E%D7%91%D7%A6%D7%A2%20%D7%A2%D7%93%2030%25%20%D7%94%D7%A0%D7%97%D7%94%20%D7%A2%D7%9C%20%D7%9E%D7%92%D7%95%D7%95%D7%9F%20%D7%A4%D7%A8%D7%99%D7%98%D7%99%D7%9D%20%26%238211%3B%20Nike%20%D7%A0%D7%99%D7%99%D7%A7&source=%D7%A4%D7%A8%D7%95%D7%9E%D7%95%20%D7%A7%D7%95%D7%93%20Promo%20Code
[2026-03-10T11:54:39.702Z]   EXT: http://www.linkedin.com/shareArticle?mini=true&url=https%3A%2F%2Fpromocode.co.il%2Fcoupon%2Foff-pandora%2F&title=%D7%9E%D7%91%D7%A6%D7%A2%D7%99%D7%9D%20%D7%A2%D7%9C%20%D7%94%D7%9E%D7%95%D7%A6%D7%A8%D7%99%D7%9D%20%D7%91%D7%A2%D7%9E%D7%95%D7%93%20%D7%94%D7%97%D7%A0%D7%95%D7%AA%20Amazon%20%D7%90%D7%9E%D7%96%D7%95%D7%9F%20%26%238211%3B%20Pandora%20%D7%A4%D7%A0%D7%93%D7%95%D7%A8%D7%94&source=%D7%A4%D7%A8%D7%95%D7%9E%D7%95%20%D7%A7%D7%95%D7%93%20Promo%20Code
[2026-03-10T11:54:39.702Z]   EXT: http://www.linkedin.com/shareArticle?mini=true&url=https%3A%2F%2Fpromocode.co.il%2Fcoupon%2Foff-proshop%2F&title=%D7%9E%D7%91%D7%A6%D7%A2%D7%99%D7%9D%20%D7%A2%D7%9C%20%D7%9E%D7%95%D7%A6%D7%A8%D7%99%D7%9D%20%26%238211%3B%20ProShop%20%D7%A4%D7%A8%D7%95%D7%A9%D7%95%D7%A4&source=%D7%A4%D7%A8%D7%95%D7%9E%D7%95%20%D7%A7%D7%95%D7%93%20Promo%20Code
[2026-03-10T11:54:39.702Z]   EXT: http://www.linkedin.com/shareArticle?mini=true&url=https%3A%2F%2Fpromocode.co.il%2Fcoupon%2Foff-secret-asos%2F&title=%D7%A7%D7%95%D7%A4%D7%95%D7%9F%20%D7%A1%D7%95%D7%93%D7%99%20%D7%A2%D7%93%2030%25%20%D7%94%D7%A0%D7%97%D7%94%20%26%238211%3B%20ASOS%20%D7%90%D7%A1%D7%95%D7%A1&source=%D7%A4%D7%A8%D7%95%D7%9E%D7%95%20%D7%A7%D7%95%D7%93%20Promo%20Code
[2026-03-10T11:54:39.702Z]   EXT: http://www.linkedin.com/shareArticle?mini=true&url=https%3A%2F%2Fpromocode.co.il%2Fcoupon%2Foff-selected-amazon%2F&title=%D7%A7%D7%95%D7%A4%D7%95%D7%9F%20%D7%94%D7%A0%D7%97%D7%94%20%D7%9E%D7%A9%D7%AA%D7%A0%D7%94%20%26%238211%3B%20Amazon%20%D7%90%D7%9E%D7%96%D7%95%D7%9F&source=%D7%A4%D7%A8%D7%95%D7%9E%D7%95%20%D7%A7%D7%95%D7%93%20Promo%20Code
[2026-03-10T11:54:39.702Z]   EXT: http://www.linkedin.com/shareArticle?mini=true&url=https%3A%2F%2Fpromocode.co.il%2Fcoupon%2Foff-sliding-wardrobes-home-center%2F&title=%D7%A7%D7%95%D7%A4%D7%95%D7%9F%206%25%20%D7%94%D7%A0%D7%97%D7%94%20%D7%A2%D7%9C%20%D7%90%D7%A8%D7%95%D7%A0%D7%95%D7%AA%20%D7%94%D7%96%D7%96%D7%94%20%26%238211%3B%20Home%20Center%20%D7%94%D7%95%D7%9D%20%D7%A1%D7%A0%D7%98%D7%A8&source=%D7%A4%D7%A8%D7%95%D7%9E%D7%95%20%D7%A7%D7%95%D7%93%20Promo%20Code
[2026-03-10T11:54:39.702Z]   EXT: http://www.linkedin.com/shareArticle?mini=true&url=https%3A%2F%2Fpromocode.co.il%2Fcoupon%2Foff-soulmate%2F&title=%D7%A7%D7%95%D7%A4%D7%95%D7%9F%20%D7%94%D7%A0%D7%97%D7%94%20%26%238211%3B%20%D7%A1%D7%95%D7%9C%D7%9E%D7%99%D7%99%D7%98%20SoulMate&source=%D7%A4%D7%A8%D7%95%D7%9E%D7%95%20%D7%A7%D7%95%D7%93%20Promo%20Code
[2026-03-10T11:54:39.702Z]   EXT: http://www.linkedin.com/shareArticle?mini=true&url=https%3A%2F%2Fpromocode.co.il%2Fcoupon%2Foff-temu%2F&title=%D7%9E%D7%91%D7%A6%D7%A2%D7%99%D7%9D%20%D7%95%D7%94%D7%A0%D7%97%D7%95%D7%AA%20%D7%A2%D7%9C%20%D7%9E%D7%95%D7%A6%D7%A8%D7%99%D7%9D%20%26%238211%3B%20Temu%20%D7%98%D7%9E%D7%95&source=%D7%A4%D7%A8%D7%95%D7%9E%D7%95%20%D7%A7%D7%95%D7%93%20Promo%20Code
[2026-03-10T11:54:39.702Z]   EXT: http://www.linkedin.com/shareArticle?mini=true&url=https%3A%2F%2Fpromocode.co.il%2Fcoupon%2Foff-trip-com%2F&title=%D7%9E%D7%91%D7%A6%D7%A2%D7%99%D7%9D%20%D7%95%D7%94%D7%A0%D7%97%D7%95%D7%AA%20%D7%A2%D7%9C%20%D7%AA%D7%99%D7%99%D7%A8%D7%95%D7%AA%20%26%238211%3B%20Trip.com%20%D7%98%D7%A8%D7%99%D7%A4%20%D7%A7%D7%95%D7%9D&source=%D7%A4%D7%A8%D7%95%D7%9E%D7%95%20%D7%A7%D7%95%D7%93%20Promo%20Code
[2026-03-10T11:54:39.702Z]   EXT: http://www.linkedin.com/shareArticle?mini=true&url=https%3A%2F%2Fpromocode.co.il%2Fcoupon%2Foff-tx-day-terminal-x%2F&title=%D7%9E%D7%91%D7%A6%D7%A2%20TX%20DAY%20%D7%A2%D7%9D%2030%25%20%D7%94%D7%A0%D7%97%D7%94%20%26%238211%3B%20Terminal%20X%20%D7%98%D7%A8%D7%9E%D7%99%D7%A0%D7%9C%20%D7%90%D7%99%D7%A7%D7%A1&source=%D7%A4%D7%A8%D7%95%D7%9E%D7%95%20%D7%A7%D7%95%D7%93%20Promo%20Code
[2026-03-10T11:54:39.703Z]   EXT: http://www.linkedin.com/shareArticle?mini=true&url=https%3A%2F%2Fpromocode.co.il%2Fcoupon%2Foff-zara%2F&title=%D7%A7%D7%95%D7%A4%D7%95%D7%9F%20%D7%94%D7%A0%D7%97%D7%94%20%26%238211%3B%20ZARA%20%D7%96%D7%90%D7%A8%D7%94&source=%D7%A4%D7%A8%D7%95%D7%9E%D7%95%20%D7%A7%D7%95%D7%93%20Promo%20Code
[2026-03-10T11:54:39.703Z]   EXT: https://api.whatsapp.com/send?text=https%3A%2F%2Fpromocode.co.il%2Fcoupon%2F10-off-giv-ol%2F
[2026-03-10T11:54:39.703Z]   EXT: https://api.whatsapp.com/send?text=https%3A%2F%2Fpromocode.co.il%2Fcoupon%2F10-off-golf-kids%2F
[2026-03-10T11:54:39.703Z]   EXT: https://api.whatsapp.com/send?text=https%3A%2F%2Fpromocode.co.il%2Fcoupon%2F10-off-house-brands-iherb%2F
[2026-03-10T11:54:39.703Z]   EXT: https://api.whatsapp.com/send?text=https%3A%2F%2Fpromocode.co.il%2Fcoupon%2F10-off-intima%2F
[2026-03-10T11:54:39.703Z]   EXT: https://api.whatsapp.com/send?text=https%3A%2F%2Fpromocode.co.il%2Fcoupon%2F10-off-milkcare%2F
[2026-03-10T11:54:39.703Z]   EXT: https://api.whatsapp.com/send?text=https%3A%2F%2Fpromocode.co.il%2Fcoupon%2F10-off-over-120-iherb%2F
[2026-03-10T11:54:39.703Z]   EXT: https://api.whatsapp.com/send?text=https%3A%2F%2Fpromocode.co.il%2Fcoupon%2F10-off-over-60-iherb%2F
[2026-03-10T11:54:39.703Z]   EXT: https://api.whatsapp.com/send?text=https%3A%2F%2Fpromocode.co.il%2Fcoupon%2F10-off-smartcase%2F
[2026-03-10T11:54:39.703Z]   EXT: https://api.whatsapp.com/send?text=https%3A%2F%2Fpromocode.co.il%2Fcoupon%2F10-off-super-pharm%2F
[2026-03-10T11:54:39.703Z]   EXT: https://api.whatsapp.com/send?text=https%3A%2F%2Fpromocode.co.il%2Fcoupon%2F10-off-terminal-x%2F
[2026-03-10T11:54:39.703Z]   EXT: https://api.whatsapp.com/send?text=https%3A%2F%2Fpromocode.co.il%2Fcoupon%2F10-off-toys-r-us%2F
[2026-03-10T11:54:39.703Z]   EXT: https://api.whatsapp.com/send?text=https%3A%2F%2Fpromocode.co.il%2Fcoupon%2F100-ils-off-over-400-ils-milega%2F
[2026-03-10T11:54:39.703Z]   EXT: https://api.whatsapp.com/send?text=https%3A%2F%2Fpromocode.co.il%2Fcoupon%2F100-off-free-gifts-temu%2F
[2026-03-10T11:54:39.703Z]   EXT: https://api.whatsapp.com/send?text=https%3A%2F%2Fpromocode.co.il%2Fcoupon%2F15-off-beauty-bay%2F
[2026-03-10T11:54:39.703Z]   EXT: https://api.whatsapp.com/send?text=https%3A%2F%2Fpromocode.co.il%2Fcoupon%2F15-off-first-order-cult-beauty%2F
[2026-03-10T11:54:39.703Z]   EXT: https://api.whatsapp.com/send?text=https%3A%2F%2Fpromocode.co.il%2Fcoupon%2F15-off-rihoas%2F
[2026-03-10T11:54:39.703Z]   EXT: https://api.whatsapp.com/send?text=https%3A%2F%2Fpromocode.co.il%2Fcoupon%2F20-off-iherb%2F
[2026-03-10T11:54:39.704Z]   EXT: https://api.whatsapp.com/send?text=https%3A%2F%2Fpromocode.co.il%2Fcoupon%2F20-off-over-60-iherb%2F
[2026-03-10T11:54:39.704Z]   EXT: https://api.whatsapp.com/send?text=https%3A%2F%2Fpromocode.co.il%2Fcoupon%2F20-off-pixelcut%2F
[2026-03-10T11:54:39.704Z]   EXT: https://api.whatsapp.com/send?text=https%3A%2F%2Fpromocode.co.il%2Fcoupon%2F25-off-nike%2F
[2026-03-10T11:54:39.704Z]   EXT: https://api.whatsapp.com/send?text=https%3A%2F%2Fpromocode.co.il%2Fcoupon%2F30-ils-off-smartcase%2F
[2026-03-10T11:54:39.704Z]   EXT: https://api.whatsapp.com/send?text=https%3A%2F%2Fpromocode.co.il%2Fcoupon%2F30-ils-off-wolt%2F
[2026-03-10T11:54:39.704Z]   EXT: https://api.whatsapp.com/send?text=https%3A%2F%2Fpromocode.co.il%2Fcoupon%2F30-off-cloudways%2F
[2026-03-10T11:54:39.704Z]   EXT: https://api.whatsapp.com/send?text=https%3A%2F%2Fpromocode.co.il%2Fcoupon%2F30-off-gulliver%2F
[2026-03-10T11:54:39.704Z]   EXT: https://api.whatsapp.com/send?text=https%3A%2F%2Fpromocode.co.il%2Fcoupon%2F30-off-temu%2F
[2026-03-10T11:54:39.704Z]   EXT: https://api.whatsapp.com/send?text=https%3A%2F%2Fpromocode.co.il%2Fcoupon%2F400-ils-off-temu%2F
[2026-03-10T11:54:39.704Z]   EXT: https://api.whatsapp.com/send?text=https%3A%2F%2Fpromocode.co.il%2Fcoupon%2F5-off-afi-hotels%2F
[2026-03-10T11:54:39.704Z]   EXT: https://api.whatsapp.com/send?text=https%3A%2F%2Fpromocode.co.il%2Fcoupon%2F5-off-anker%2F
[2026-03-10T11:54:39.704Z]   EXT: https://api.whatsapp.com/send?text=https%3A%2F%2Fpromocode.co.il%2Fcoupon%2F5-off-diamond-chef%2F
[2026-03-10T11:54:39.704Z]   EXT: https://api.whatsapp.com/send?text=https%3A%2F%2Fpromocode.co.il%2Fcoupon%2F5-off-iherb%2F
[2026-03-10T11:54:39.704Z]   EXT: https://api.whatsapp.com/send?text=https%3A%2F%2Fpromocode.co.il%2Fcoupon%2F5-off-rebuild%2F
[2026-03-10T11:54:39.704Z]   EXT: https://api.whatsapp.com/send?text=https%3A%2F%2Fpromocode.co.il%2Fcoupon%2F5-off-revopoint%2F
[2026-03-10T11:54:39.704Z]   EXT: https://api.whatsapp.com/send?text=https%3A%2F%2Fpromocode.co.il%2Fcoupon%2F50-off-wolt%2F
[2026-03-10T11:54:39.704Z]   EXT: https://api.whatsapp.com/send?text=https%3A%2F%2Fpromocode.co.il%2Fcoupon%2F8-off-story-online%2F
[2026-03-10T11:54:39.704Z]   EXT: https://api.whatsapp.com/send?text=https%3A%2F%2Fpromocode.co.il%2Fcoupon%2Fblack-friday-ksp%2F
[2026-03-10T11:54:39.704Z]   EXT: https://api.whatsapp.com/send?text=https%3A%2F%2Fpromocode.co.il%2Fcoupon%2Ffree-shipping-amika%2F
[2026-03-10T11:54:39.704Z]   EXT: https://api.whatsapp.com/send?text=https%3A%2F%2Fpromocode.co.il%2Fcoupon%2Ffree-shipping-anker%2F
[2026-03-10T11:54:39.704Z]   EXT: https://api.whatsapp.com/send?text=https%3A%2F%2Fpromocode.co.il%2Fcoupon%2Ffree-shipping-bissell%2F
[2026-03-10T11:54:39.704Z]   EXT: https://api.whatsapp.com/send?text=https%3A%2F%2Fpromocode.co.il%2Fcoupon%2Fil-off-asos%2F
[2026-03-10T11:54:39.704Z]   EXT: https://api.whatsapp.com/send?text=https%3A%2F%2Fpromocode.co.il%2Fcoupon%2Fmastercard-day-aeroflex%2F
[2026-03-10T11:54:39.704Z]   EXT: https://api.whatsapp.com/send?text=https%3A%2F%2Fpromocode.co.il%2Fcoupon%2Fmastercard-day-iherb%2F
[2026-03-10T11:54:39.705Z]   EXT: https://api.whatsapp.com/send?text=https%3A%2F%2Fpromocode.co.il%2Fcoupon%2Fmastercard-day-lee-cooper%2F
[2026-03-10T11:54:39.705Z]   EXT: https://api.whatsapp.com/send?text=https%3A%2F%2Fpromocode.co.il%2Fcoupon%2Fmastercard-day-mishloha%2F
[2026-03-10T11:54:39.705Z]   EXT: https://api.whatsapp.com/send?text=https%3A%2F%2Fpromocode.co.il%2Fcoupon%2Fmastercard-day-nintendo%2F
[2026-03-10T11:54:39.705Z]   EXT: https://api.whatsapp.com/send?text=https%3A%2F%2Fpromocode.co.il%2Fcoupon%2Fmastercard-day-olam-hakolnoa%2F
[2026-03-10T11:54:39.705Z]   EXT: https://api.whatsapp.com/send?text=https%3A%2F%2Fpromocode.co.il%2Fcoupon%2Fmastercard-day-soltam%2F
[2026-03-10T11:54:39.705Z]   EXT: https://api.whatsapp.com/send?text=https%3A%2F%2Fpromocode.co.il%2Fcoupon%2Fnovember-sale-golf-co%2F
[2026-03-10T11:54:39.705Z]   EXT: https://api.whatsapp.com/send?text=https%3A%2F%2Fpromocode.co.il%2Fcoupon%2Fnovember-sale-super-pharm%2F
[2026-03-10T11:54:39.705Z]   EXT: https://api.whatsapp.com/send?text=https%3A%2F%2Fpromocode.co.il%2Fcoupon%2Foff-aeg-olam-hakolnoa%2F
[2026-03-10T11:54:39.705Z]   EXT: https://api.whatsapp.com/send?text=https%3A%2F%2Fpromocode.co.il%2Fcoupon%2Foff-anker%2F
[2026-03-10T11:54:39.705Z]   EXT: https://api.whatsapp.com/send?text=https%3A%2F%2Fpromocode.co.il%2Fcoupon%2Foff-bissell%2F
[2026-03-10T11:54:39.705Z]   EXT: https://api.whatsapp.com/send?text=https%3A%2F%2Fpromocode.co.il%2Fcoupon%2Foff-ceiling-mounted-lighting-fixtures-home-center%2F
[2026-03-10T11:54:39.705Z]   EXT: https://api.whatsapp.com/send?text=https%3A%2F%2Fpromocode.co.il%2Fcoupon%2Foff-cinema-city%2F
[2026-03-10T11:54:39.705Z]   EXT: https://api.whatsapp.com/send?text=https%3A%2F%2Fpromocode.co.il%2Fcoupon%2Foff-delta%2F
[2026-03-10T11:54:39.705Z]   EXT: https://api.whatsapp.com/send?text=https%3A%2F%2Fpromocode.co.il%2Fcoupon%2Foff-diesenhaus%2F
[2026-03-10T11:54:39.705Z]   EXT: https://api.whatsapp.com/send?text=https%3A%2F%2Fpromocode.co.il%2Fcoupon%2Foff-g-haun%2F
[2026-03-10T11:54:39.705Z]   EXT: https://api.whatsapp.com/send?text=https%3A%2F%2Fpromocode.co.il%2Fcoupon%2Foff-gomoworld%2F
[2026-03-10T11:54:39.705Z]   EXT: https://api.whatsapp.com/send?text=https%3A%2F%2Fpromocode.co.il%2Fcoupon%2Foff-hinged-wardrobes-home-center%2F
[2026-03-10T11:54:39.705Z]   EXT: https://api.whatsapp.com/send?text=https%3A%2F%2Fpromocode.co.il%2Fcoupon%2Foff-kiwi-com%2F
[2026-03-10T11:54:39.705Z]   EXT: https://api.whatsapp.com/send?text=https%3A%2F%2Fpromocode.co.il%2Fcoupon%2Foff-ksp%2F
[2026-03-10T11:54:39.706Z]   EXT: https://api.whatsapp.com/send?text=https%3A%2F%2Fpromocode.co.il%2Fcoupon%2Foff-mayven%2F
[2026-03-10T11:54:39.706Z]   EXT: https://api.whatsapp.com/send?text=https%3A%2F%2Fpromocode.co.il%2Fcoupon%2Foff-mirrors-home-center%2F
[2026-03-10T11:54:39.706Z]   EXT: https://api.whatsapp.com/send?text=https%3A%2F%2Fpromocode.co.il%2Fcoupon%2Foff-next%2F
[2026-03-10T11:54:39.706Z]   EXT: https://api.whatsapp.com/send?text=https%3A%2F%2Fpromocode.co.il%2Fcoupon%2Foff-nike%2F
[2026-03-10T11:54:39.706Z]   EXT: https://api.whatsapp.com/send?text=https%3A%2F%2Fpromocode.co.il%2Fcoupon%2Foff-pandora%2F
[2026-03-10T11:54:39.706Z]   EXT: https://api.whatsapp.com/send?text=https%3A%2F%2Fpromocode.co.il%2Fcoupon%2Foff-proshop%2F
[2026-03-10T11:54:39.706Z]   EXT: https://api.whatsapp.com/send?text=https%3A%2F%2Fpromocode.co.il%2Fcoupon%2Foff-secret-asos%2F
[2026-03-10T11:54:39.706Z]   EXT: https://api.whatsapp.com/send?text=https%3A%2F%2Fpromocode.co.il%2Fcoupon%2Foff-selected-amazon%2F
[2026-03-10T11:54:39.706Z]   EXT: https://api.whatsapp.com/send?text=https%3A%2F%2Fpromocode.co.il%2Fcoupon%2Foff-sliding-wardrobes-home-center%2F
[2026-03-10T11:54:39.706Z]   EXT: https://api.whatsapp.com/send?text=https%3A%2F%2Fpromocode.co.il%2Fcoupon%2Foff-soulmate%2F
[2026-03-10T11:54:39.706Z]   EXT: https://api.whatsapp.com/send?text=https%3A%2F%2Fpromocode.co.il%2Fcoupon%2Foff-temu%2F
[2026-03-10T11:54:39.706Z]   EXT: https://api.whatsapp.com/send?text=https%3A%2F%2Fpromocode.co.il%2Fcoupon%2Foff-trip-com%2F
[2026-03-10T11:54:39.706Z]   EXT: https://api.whatsapp.com/send?text=https%3A%2F%2Fpromocode.co.il%2Fcoupon%2Foff-tx-day-terminal-x%2F
[2026-03-10T11:54:39.706Z]   EXT: https://api.whatsapp.com/send?text=https%3A%2F%2Fpromocode.co.il%2Fcoupon%2Foff-zara%2F
[2026-03-10T11:54:39.706Z]   EXT: https://shopx.co.il
[2026-03-10T11:54:39.706Z]   EXT: https://t.me/share/url?url=https%3A%2F%2Fpromocode.co.il%2Fcoupon%2F10-off-giv-ol%2F&text=%D7%A7%D7%95%D7%A4%D7%95%D7%9F%2010%25%20%D7%94%D7%A0%D7%97%D7%94%20%26%238211%3B%20Giv-ol%20%D7%92%D7%91%D7%A2%D7%95%D7%9C%20%D7%94%D7%95%D7%A6%D7%90%D7%94%20%D7%9C%D7%90%D7%95%D7%A8
[2026-03-10T11:54:39.706Z]   EXT: https://t.me/share/url?url=https%3A%2F%2Fpromocode.co.il%2Fcoupon%2F10-off-golf-kids%2F&text=%D7%A7%D7%95%D7%A4%D7%95%D7%9F%2010%25%20%D7%94%D7%A0%D7%97%D7%94%20%26%238211%3B%20Golf%20Kids%20%D7%92%D7%95%D7%9C%D7%A3%20%D7%A7%D7%99%D7%93%D7%A1
[2026-03-10T11:54:39.706Z]   EXT: https://t.me/share/url?url=https%3A%2F%2Fpromocode.co.il%2Fcoupon%2F10-off-house-brands-iherb%2F&text=%D7%A7%D7%95%D7%A4%D7%95%D7%9F%2010%25%20%D7%94%D7%A0%D7%97%D7%94%20%D7%A2%D7%9C%20%D7%9E%D7%95%D7%AA%D7%92%D7%99%20%D7%94%D7%91%D7%99%D7%AA%20%26%238211%3B%20iHerb%20%D7%90%D7%99%D7%99%D7%94%D7%A8%D7%91
[2026-03-10T11:54:39.707Z]   EXT: https://t.me/share/url?url=https%3A%2F%2Fpromocode.co.il%2Fcoupon%2F10-off-intima%2F&text=%D7%A7%D7%95%D7%A4%D7%95%D7%9F%2010%25%20%D7%94%D7%A0%D7%97%D7%94%20%26%238211%3B%20INTIMA%20%D7%90%D7%99%D7%A0%D7%98%D7%99%D7%9E%D7%94
[2026-03-10T11:54:39.707Z]   EXT: https://t.me/share/url?url=https%3A%2F%2Fpromocode.co.il%2Fcoupon%2F10-off-milkcare%2F&text=%D7%A7%D7%95%D7%A4%D7%95%D7%9F%2010%25%20%D7%94%D7%A0%D7%97%D7%94%20%26%238211%3B%20MilkCare%20%D7%9E%D7%99%D7%9C%D7%A7%20%D7%A7%D7%99%D7%99%D7%A8
[2026-03-10T11:54:39.707Z]   EXT: https://t.me/share/url?url=https%3A%2F%2Fpromocode.co.il%2Fcoupon%2F10-off-over-120-iherb%2F&text=%D7%A7%D7%95%D7%A4%D7%95%D7%9F%2010%25%20%D7%94%D7%A0%D7%97%D7%94%20%D7%91%D7%A7%D7%A0%D7%99%D7%99%D7%94%20%D7%9E%D7%A2%D7%9C%20120%24%20%26%238211%3B%20iHerb%20%D7%90%D7%99%D7%99%D7%94%D7%A8%D7%91
[2026-03-10T11:54:39.707Z]   EXT: https://t.me/share/url?url=https%3A%2F%2Fpromocode.co.il%2Fcoupon%2F10-off-over-60-iherb%2F&text=%D7%A7%D7%95%D7%A4%D7%95%D7%9F%2010%25%20%D7%94%D7%A0%D7%97%D7%94%20%D7%91%D7%A7%D7%A0%D7%99%D7%99%D7%94%20%D7%9E%D7%A2%D7%9C%2060%24%20%26%238211%3B%20iHerb%20%D7%90%D7%99%D7%99%D7%94%D7%A8%D7%91
[2026-03-10T11:54:39.707Z]   EXT: https://t.me/share/url?url=https%3A%2F%2Fpromocode.co.il%2Fcoupon%2F10-off-smartcase%2F&text=%D7%A7%D7%95%D7%A4%D7%95%D7%9F%2010%25%20%D7%94%D7%A0%D7%97%D7%94%20%26%238211%3B%20SmartCase%20%D7%A1%D7%9E%D7%90%D7%A8%D7%98%20%D7%A7%D7%99%D7%99%D7%A1
[2026-03-10T11:54:39.707Z]   EXT: https://t.me/share/url?url=https%3A%2F%2Fpromocode.co.il%2Fcoupon%2F10-off-super-pharm%2F&text=%D7%A7%D7%95%D7%A4%D7%95%D7%9F%2010%25%20%D7%94%D7%A0%D7%97%D7%94%20%26%238211%3B%20Super%20Pharm%20%D7%A1%D7%95%D7%A4%D7%A8%20%D7%A4%D7%90%D7%A8%D7%9D
[2026-03-10T11:54:39.707Z]   EXT: https://t.me/share/url?url=https%3A%2F%2Fpromocode.co.il%2Fcoupon%2F10-off-terminal-x%2F&text=%D7%A7%D7%95%D7%A4%D7%95%D7%9F%2010%25%20%D7%94%D7%A0%D7%97%D7%94%20%26%238211%3B%20Terminal%20X%20%D7%98%D7%A8%D7%9E%D7%99%D7%A0%D7%9C%20%D7%90%D7%99%D7%A7%D7%A1
[2026-03-10T11:54:39.707Z]   EXT: https://t.me/share/url?url=https%3A%2F%2Fpromocode.co.il%2Fcoupon%2F10-off-toys-r-us%2F&text=%D7%A7%D7%95%D7%A4%D7%95%D7%9F%2010%25%20%D7%94%D7%A0%D7%97%D7%94%20%26%238211%3B%20Toys%20R%20Us%20%D7%98%D7%95%D7%99%D7%A1%20%D7%90%D7%A8%20%D7%90%D7%A1
[2026-03-10T11:54:39.707Z]   EXT: https://t.me/share/url?url=https%3A%2F%2Fpromocode.co.il%2Fcoupon%2F100-ils-off-over-400-ils-milega%2F&text=%D7%A7%D7%95%D7%A4%D7%95%D7%9F%20100%20%E2%82%AA%20%D7%94%D7%A0%D7%97%D7%94%20%D7%91%D7%A7%D7%A0%D7%99%D7%99%D7%94%20%D7%9E%D7%A2%D7%9C%20400%20%E2%82%AA%20%26%238211%3B%20Milega%20%D7%9E%D7%99%D7%9C%D7%92%D7%94
[2026-03-10T11:54:39.707Z]   EXT: https://t.me/share/url?url=https%3A%2F%2Fpromocode.co.il%2Fcoupon%2F100-off-free-gifts-temu%2F&text=%D7%A7%D7%95%D7%A4%D7%95%D7%9F%20100%25%20%D7%94%D7%A0%D7%97%D7%94%20%D7%A2%D7%9C%20%D7%9E%D7%95%D7%A6%D7%A8%D7%99%D7%9D%20%D7%95%D7%9E%D7%AA%D7%A0%D7%95%D7%AA%20%D7%91%D7%97%D7%99%D7%A0%D7%9D%20%26%238211%3B%20Temu%20%D7%98%D7%9E%D7%95
[2026-03-10T11:54:39.707Z]   EXT: https://t.me/share/url?url=https%3A%2F%2Fpromocode.co.il%2Fcoupon%2F15-off-beauty-bay%2F&text=%D7%A7%D7%95%D7%A4%D7%95%D7%9F%2015%25%20%D7%94%D7%A0%D7%97%D7%94%20%26%238211%3B%20Beauty%20Bay%20%D7%91%D7%99%D7%95%D7%98%D7%99%20%D7%91%D7%99%D7%99
[2026-03-10T11:54:39.707Z]   EXT: https://t.me/share/url?url=https%3A%2F%2Fpromocode.co.il%2Fcoupon%2F15-off-first-order-cult-beauty%2F&text=%D7%A7%D7%95%D7%A4%D7%95%D7%9F%2015%25%20%D7%94%D7%A0%D7%97%D7%94%20%D7%91%D7%A7%D7%A0%D7%99%D7%99%D7%94%20%D7%A8%D7%90%D7%A9%D7%95%D7%A0%D7%94%20%26%238211%3B%20Cult%20Beauty%20%D7%A7%D7%90%D7%9C%D7%98%20%D7%91%D7%99%D7%95%D7%98%D7%99
[2026-03-10T11:54:39.707Z]   EXT: https://t.me/share/url?url=https%3A%2F%2Fpromocode.co.il%2Fcoupon%2F15-off-rihoas%2F&text=%D7%A7%D7%95%D7%A4%D7%95%D7%9F%2015%25%20%D7%94%D7%A0%D7%97%D7%94%20%26%238211%3B%20Rihoas%20%D7%A8%D7%99%D7%94%D7%95%D7%90%D7%A1
[2026-03-10T11:54:39.707Z]   EXT: https://t.me/share/url?url=https%3A%2F%2Fpromocode.co.il%2Fcoupon%2F20-off-iherb%2F&text=%D7%A7%D7%95%D7%A4%D7%95%D7%9F%2020%25%20%D7%94%D7%A0%D7%97%D7%94%20%D7%A2%D7%9C%20%D7%94%D7%94%D7%96%D7%9E%D7%A0%D7%94%20%D7%94%D7%A8%D7%90%D7%A9%D7%95%D7%A0%D7%94%20%26%238211%3B%20iHerb%20%D7%90%D7%99%D7%99%D7%94%D7%A8%D7%91
[2026-03-10T11:54:39.707Z]   EXT: https://t.me/share/url?url=https%3A%2F%2Fpromocode.co.il%2Fcoupon%2F20-off-over-60-iherb%2F&text=%D7%A7%D7%95%D7%A4%D7%95%D7%9F%2020%25%20%D7%94%D7%A0%D7%97%D7%94%20%D7%91%D7%A7%D7%A0%D7%99%D7%99%D7%94%20%D7%9E%D7%A2%D7%9C%2060%24%20%26%238211%3B%20iHerb%20%D7%90%D7%99%D7%99%D7%94%D7%A8%D7%91
[2026-03-10T11:54:39.707Z]   EXT: https://t.me/share/url?url=https%3A%2F%2Fpromocode.co.il%2Fcoupon%2F20-off-pixelcut%2F&text=%D7%A7%D7%95%D7%A4%D7%95%D7%9F%2020%25%20%D7%94%D7%A0%D7%97%D7%94%20%26%238211%3B%20Pixelcut%20%D7%A4%D7%99%D7%A7%D7%A1%D7%9C%D7%A7%D7%90%D7%98
[2026-03-10T11:54:39.707Z]   EXT: https://t.me/share/url?url=https%3A%2F%2Fpromocode.co.il%2Fcoupon%2F25-off-nike%2F&text=%D7%A7%D7%95%D7%A4%D7%95%D7%9F%2025%25%20%D7%94%D7%A0%D7%97%D7%94%20%26%238211%3B%20Nike%20%D7%A0%D7%99%D7%99%D7%A7
[2026-03-10T11:54:39.708Z]   EXT: https://t.me/share/url?url=https%3A%2F%2Fpromocode.co.il%2Fcoupon%2F30-ils-off-smartcase%2F&text=%D7%A7%D7%95%D7%A4%D7%95%D7%9F%2030%20%E2%82%AA%20%D7%94%D7%A0%D7%97%D7%94%20%26%238211%3B%20SmartCase%20%D7%A1%D7%9E%D7%90%D7%A8%D7%98%20%D7%A7%D7%99%D7%99%D7%A1
[2026-03-10T11:54:39.708Z]   EXT: https://t.me/share/url?url=https%3A%2F%2Fpromocode.co.il%2Fcoupon%2F30-ils-off-wolt%2F&text=%D7%A7%D7%95%D7%A4%D7%95%D7%9F%2030%20%E2%82%AA%20%D7%94%D7%A0%D7%97%D7%94%20%26%238211%3B%20Wolt%20%D7%95%D7%95%D7%9C%D7%98
[2026-03-10T11:54:39.708Z]   EXT: https://t.me/share/url?url=https%3A%2F%2Fpromocode.co.il%2Fcoupon%2F30-off-cloudways%2F&text=%D7%A7%D7%95%D7%A4%D7%95%D7%9F%2030%25%20%D7%94%D7%A0%D7%97%D7%94%20%26%238211%3B%20Cloudways%20%D7%A7%D7%9C%D7%90%D7%95%D7%93%D7%95%D7%95%D7%99%D7%96
[2026-03-10T11:54:39.708Z]   EXT: https://t.me/share/url?url=https%3A%2F%2Fpromocode.co.il%2Fcoupon%2F30-off-gulliver%2F&text=%D7%A7%D7%95%D7%A4%D7%95%D7%9F%2030%24%20%D7%94%D7%A0%D7%97%D7%94%20%26%238211%3B%20Gulliver%20%D7%92%D7%95%D7%9C%D7%99%D7%91%D7%A8
[2026-03-10T11:54:39.708Z]   EXT: https://t.me/share/url?url=https%3A%2F%2Fpromocode.co.il%2Fcoupon%2F30-off-temu%2F&text=%D7%A7%D7%95%D7%A4%D7%95%D7%9F%2030%25%20%D7%94%D7%A0%D7%97%D7%94%20%26%238211%3B%20Temu%20%D7%98%D7%9E%D7%95
[2026-03-10T11:54:39.708Z]   EXT: https://t.me/share/url?url=https%3A%2F%2Fpromocode.co.il%2Fcoupon%2F400-ils-off-temu%2F&text=%D7%A7%D7%95%D7%A4%D7%95%D7%9F%20400%20%E2%82%AA%20%D7%94%D7%A0%D7%97%D7%94%20%26%238211%3B%20Temu%20%D7%98%D7%9E%D7%95
[2026-03-10T11:54:39.708Z]   EXT: https://t.me/share/url?url=https%3A%2F%2Fpromocode.co.il%2Fcoupon%2F5-off-afi-hotels%2F&text=%D7%9E%D7%91%D7%A6%D7%A2%205%25%20%D7%94%D7%A0%D7%97%D7%94%20%26%238211%3B%20AFI%20Hotels%20%D7%9E%D7%9C%D7%95%D7%A0%D7%95%D7%AA%20%D7%90%D7%A4%D7%A8%D7%99%D7%A7%D7%94%20%D7%99%D7%A9%D7%A8%D7%90%D7%9C
[2026-03-10T11:54:39.708Z]   EXT: https://t.me/share/url?url=https%3A%2F%2Fpromocode.co.il%2Fcoupon%2F5-off-anker%2F&text=%D7%A7%D7%95%D7%A4%D7%95%D7%9F%205%25%20%D7%94%D7%A0%D7%97%D7%94%20%26%238211%3B%20Anker%20%D7%90%D7%A0%D7%A7%D7%A8%20%D7%99%D7%A9%D7%A8%D7%90%D7%9C
[2026-03-10T11:54:39.708Z]   EXT: https://t.me/share/url?url=https%3A%2F%2Fpromocode.co.il%2Fcoupon%2F5-off-diamond-chef%2F&text=%D7%A7%D7%95%D7%A4%D7%95%D7%9F%205%25%20%D7%94%D7%A0%D7%97%D7%94%20%26%238211%3B%20Diamond%20Chef%20%D7%93%D7%99%D7%99%D7%9E%D7%95%D7%A0%D7%93%20%D7%A9%D7%A3
[2026-03-10T11:54:39.708Z]   EXT: https://t.me/share/url?url=https%3A%2F%2Fpromocode.co.il%2Fcoupon%2F5-off-iherb%2F&text=%D7%A7%D7%95%D7%A4%D7%95%D7%9F%205%25%20%D7%94%D7%A0%D7%97%D7%94%20%26%238211%3B%20iHerb%20%D7%90%D7%99%D7%99%D7%94%D7%A8%D7%91
[2026-03-10T11:54:39.708Z]   EXT: https://t.me/share/url?url=https%3A%2F%2Fpromocode.co.il%2Fcoupon%2F5-off-rebuild%2F&text=%D7%A7%D7%95%D7%A4%D7%95%D7%9F%205%25%20%D7%94%D7%A0%D7%97%D7%94%20%26%238211%3B%20Rebuild%20%D7%A8%D7%91%D7%99%D7%9C%D7%93
[2026-03-10T11:54:39.708Z]   EXT: https://t.me/share/url?url=https%3A%2F%2Fpromocode.co.il%2Fcoupon%2F5-off-revopoint%2F&text=%D7%A7%D7%95%D7%A4%D7%95%D7%9F%205%25%20%D7%94%D7%A0%D7%97%D7%94%20%26%238211%3B%20Revopoint%20%D7%A8%D7%91%D7%95%D7%A4%D7%95%D7%99%D7%A0%D7%98
[2026-03-10T11:54:39.708Z]   EXT: https://t.me/share/url?url=https%3A%2F%2Fpromocode.co.il%2Fcoupon%2F50-off-wolt%2F&text=%D7%A7%D7%95%D7%A4%D7%95%D7%9F%2050%20%E2%82%AA%20%D7%94%D7%A0%D7%97%D7%94%20%26%238211%3B%20Wolt%20%D7%95%D7%95%D7%9C%D7%98
[2026-03-10T11:54:39.708Z]   EXT: https://t.me/share/url?url=https%3A%2F%2Fpromocode.co.il%2Fcoupon%2F8-off-story-online%2F&text=%D7%A7%D7%95%D7%A4%D7%95%D7%9F%208%25%20%D7%94%D7%A0%D7%97%D7%94%20%26%238211%3B%20Story%20Online%20%D7%A1%D7%98%D7%95%D7%A8%D7%99%20%D7%90%D7%95%D7%A0%D7%9C%D7%99%D7%99%D7%9F
[2026-03-10T11:54:39.708Z]   EXT: https://t.me/share/url?url=https%3A%2F%2Fpromocode.co.il%2Fcoupon%2Fblack-friday-ksp%2F&text=%D7%9E%D7%91%D7%A6%D7%A2%D7%99%20%D7%91%D7%9C%D7%90%D7%A7%20%D7%A4%D7%A8%D7%99%D7%99%D7%93%D7%99%20%26%238211%3B%20KSP%20%D7%A7%D7%99%D7%99%20%D7%90%D7%A1%20%D7%A4%D7%99
[2026-03-10T11:54:39.708Z]   EXT: https://t.me/share/url?url=https%3A%2F%2Fpromocode.co.il%2Fcoupon%2Ffree-shipping-amika%2F&text=%D7%9E%D7%A9%D7%9C%D7%95%D7%97%20%D7%97%D7%99%D7%A0%D7%9D%20%26%238211%3B%20Amika%20%D7%90%D7%9E%D7%99%D7%A7%D7%94
[2026-03-10T11:54:39.708Z]   EXT: https://t.me/share/url?url=https%3A%2F%2Fpromocode.co.il%2Fcoupon%2Ffree-shipping-anker%2F&text=%D7%9E%D7%A9%D7%9C%D7%95%D7%97%20%D7%97%D7%99%D7%A0%D7%9D%20%26%238211%3B%20Anker%20%D7%90%D7%A0%D7%A7%D7%A8%20%D7%99%D7%A9%D7%A8%D7%90%D7%9C
[2026-03-10T11:54:39.708Z]   EXT: https://t.me/share/url?url=https%3A%2F%2Fpromocode.co.il%2Fcoupon%2Ffree-shipping-bissell%2F&text=%D7%9E%D7%A9%D7%9C%D7%95%D7%97%20%D7%97%D7%99%D7%A0%D7%9D%20%26%238211%3B%20Bissell%20%D7%91%D7%99%D7%A1%D7%9C%20%D7%99%D7%A9%D7%A8%D7%90%D7%9C
[2026-03-10T11:54:39.708Z]   EXT: https://t.me/share/url?url=https%3A%2F%2Fpromocode.co.il%2Fcoupon%2Fil-off-asos%2F&text=%D7%A7%D7%95%D7%A4%D7%95%D7%9F%2018%25%20%D7%94%D7%A0%D7%97%D7%94%20%26%238211%3B%20ASOS%20%D7%90%D7%A1%D7%95%D7%A1
[2026-03-10T11:54:39.709Z]   EXT: https://t.me/share/url?url=https%3A%2F%2Fpromocode.co.il%2Fcoupon%2Fmastercard-day-aeroflex%2F&text=%D7%A7%D7%95%D7%A4%D7%95%D7%9F%20%D7%9E%D7%90%D7%A1%D7%98%D7%A8%D7%A7%D7%90%D7%A8%D7%93%20%D7%93%D7%99%D7%99%2025%25%20%D7%94%D7%A0%D7%97%D7%94%20%D7%A2%D7%9C%20%D7%9B%D7%A8%D7%99%D7%95%D7%AA%20%26%238211%3B%20Aeroflex%20%D7%90%D7%99%D7%A8%D7%95%D7%A4%D7%9C%D7%A7%D7%A1
[2026-03-10T11:54:39.709Z]   EXT: https://t.me/share/url?url=https%3A%2F%2Fpromocode.co.il%2Fcoupon%2Fmastercard-day-iherb%2F&text=%D7%A7%D7%95%D7%A4%D7%95%D7%9F%20%D7%9E%D7%90%D7%A1%D7%98%D7%A8%D7%A7%D7%90%D7%A8%D7%93%20%D7%93%D7%99%D7%99%2015%25%20%D7%94%D7%A0%D7%97%D7%94%20%D7%9E%D7%A2%D7%9C%2060%24%20%26%238211%3B%20iHerb%20%D7%90%D7%99%D7%99%D7%94%D7%A8%D7%91
[2026-03-10T11:54:39.709Z]   EXT: https://t.me/share/url?url=https%3A%2F%2Fpromocode.co.il%2Fcoupon%2Fmastercard-day-lee-cooper%2F&text=%D7%A7%D7%95%D7%A4%D7%95%D7%9F%20%D7%9E%D7%90%D7%A1%D7%98%D7%A8%D7%A7%D7%90%D7%A8%D7%93%20%D7%93%D7%99%D7%99%2020%25%20%D7%94%D7%A0%D7%97%D7%94%20%26%238211%3B%20Lee%20Cooper%20%D7%9C%D7%99%20%D7%A7%D7%95%D7%A4%D7%A8%20%D7%99%D7%A9%D7%A8%D7%90%D7%9C
[2026-03-10T11:54:39.709Z]   EXT: https://t.me/share/url?url=https%3A%2F%2Fpromocode.co.il%2Fcoupon%2Fmastercard-day-mishloha%2F&text=%D7%A7%D7%95%D7%A4%D7%95%D7%9F%20%D7%9E%D7%90%D7%A1%D7%98%D7%A8%D7%A7%D7%90%D7%A8%D7%93%20%D7%93%D7%99%D7%99%2030%20%E2%82%AA%20%D7%94%D7%A0%D7%97%D7%94%20%26%238211%3B%20Mishloha%20%D7%9E%D7%A9%D7%9C%D7%95%D7%97%D7%94
[2026-03-10T11:54:39.709Z]   EXT: https://t.me/share/url?url=https%3A%2F%2Fpromocode.co.il%2Fcoupon%2Fmastercard-day-nintendo%2F&text=%D7%A7%D7%95%D7%A4%D7%95%D7%9F%20%D7%9E%D7%90%D7%A1%D7%98%D7%A8%D7%A7%D7%90%D7%A8%D7%93%20%D7%93%D7%99%D7%99%2010%25%20%D7%94%D7%A0%D7%97%D7%94%20%26%238211%3B%20Nintendo%20%D7%A0%D7%99%D7%A0%D7%98%D7%A0%D7%93%D7%95%20%D7%99%D7%A9%D7%A8%D7%90%D7%9C
[2026-03-10T11:54:39.709Z]   EXT: https://t.me/share/url?url=https%3A%2F%2Fpromocode.co.il%2Fcoupon%2Fmastercard-day-olam-hakolnoa%2F&text=%D7%A7%D7%95%D7%A4%D7%95%D7%9F%20%D7%9E%D7%90%D7%A1%D7%98%D7%A8%D7%A7%D7%90%D7%A8%D7%93%20%D7%93%D7%99%D7%99%2010%25%20%D7%94%D7%A0%D7%97%D7%94%20%26%238211%3B%20Olam%20Hakolnoa%20%D7%A2%D7%95%D7%9C%D7%9D%20%D7%94%D7%A7%D7%95%D7%9C%D7%A0%D7%95%D7%A2%20%D7%95%D7%94%D7%97%D7%A9%D7%9E%D7%9C
[2026-03-10T11:54:39.709Z]   EXT: https://t.me/share/url?url=https%3A%2F%2Fpromocode.co.il%2Fcoupon%2Fmastercard-day-soltam%2F&text=%D7%A7%D7%95%D7%A4%D7%95%D7%9F%20%D7%9E%D7%90%D7%A1%D7%98%D7%A8%D7%A7%D7%90%D7%A8%D7%93%20%D7%93%D7%99%D7%99%2015%25%20%D7%94%D7%A0%D7%97%D7%94%20%26%238211%3B%20Soltam%20Radad%20%D7%A1%D7%95%D7%9C%D7%AA%D7%9D%20%D7%A8%D7%93%D7%93
[2026-03-10T11:54:39.709Z]   EXT: https://t.me/share/url?url=https%3A%2F%2Fpromocode.co.il%2Fcoupon%2Fnovember-sale-golf-co%2F&text=%D7%9E%D7%91%D7%A6%D7%A2%20%D7%A0%D7%95%D7%91%D7%9E%D7%91%D7%A8%20%D7%A1%D7%99%D7%99%D7%9C%20%26%238211%3B%20Golf%20%26amp%3B%20Co%20%D7%92%D7%95%D7%9C%D7%A3%20%D7%90%D7%A0%D7%93%20%D7%A7%D7%95
[2026-03-10T11:54:39.709Z]   EXT: https://t.me/share/url?url=https%3A%2F%2Fpromocode.co.il%2Fcoupon%2Fnovember-sale-super-pharm%2F&text=%D7%9E%D7%91%D7%A6%D7%A2%D7%99%20%D7%A0%D7%95%D7%91%D7%9E%D7%91%D7%A8%20%D7%A1%D7%99%D7%99%D7%9C%20%26%238211%3B%20Super%20Pharm%20%D7%A1%D7%95%D7%A4%D7%A8%20%D7%A4%D7%90%D7%A8%D7%9D
[2026-03-10T11:54:39.709Z]   EXT: https://t.me/share/url?url=https%3A%2F%2Fpromocode.co.il%2Fcoupon%2Foff-aeg-olam-hakolnoa%2F&text=%D7%A7%D7%95%D7%A4%D7%95%D7%9F%2010%25%20%D7%94%D7%A0%D7%97%D7%94%20%D7%A2%D7%9C%20%D7%9E%D7%95%D7%A6%D7%A8%D7%99%20%D7%94%D7%9E%D7%95%D7%AA%D7%92%20AEG%20%D7%90%D7%99%D7%99%20%D7%90%D7%99%20%D7%92%26%238217%3B%D7%99%20%26%238211%3B%20Olam%20Hakolnoa%20%D7%A2%D7%95%D7%9C%D7%9D%20%D7%94%D7%A7%D7%95%D7%9C%D7%A0%D7%95%D7%A2%20%D7%95%D7%94%D7%97%D7%A9%D7%9E%D7%9C
[2026-03-10T11:54:39.709Z]   EXT: https://t.me/share/url?url=https%3A%2F%2Fpromocode.co.il%2Fcoupon%2Foff-anker%2F&text=%D7%9E%D7%91%D7%A6%D7%A2%D7%99%D7%9D%20%D7%95%D7%94%D7%A0%D7%97%D7%95%D7%AA%20%D7%A2%D7%9C%20%D7%9E%D7%92%D7%95%D7%95%D7%9F%20%D7%9E%D7%95%D7%A6%D7%A8%D7%99%D7%9D%20%26%238211%3B%20Anker%20%D7%90%D7%A0%D7%A7%D7%A8%20%D7%99%D7%A9%D7%A8%D7%90%D7%9C
[2026-03-10T11:54:39.709Z]   EXT: https://t.me/share/url?url=https%3A%2F%2Fpromocode.co.il%2Fcoupon%2Foff-bissell%2F&text=%D7%9E%D7%91%D7%A6%D7%A2%D7%99%D7%9D%20%D7%95%D7%94%D7%A0%D7%97%D7%95%D7%AA%20%D7%A2%D7%9C%20%D7%9E%D7%92%D7%95%D7%95%D7%9F%20%D7%9E%D7%95%D7%A6%D7%A8%D7%99%D7%9D%20%26%238211%3B%20Bissell%20%D7%91%D7%99%D7%A1%D7%9C%20%D7%99%D7%A9%D7%A8%D7%90%D7%9C
[2026-03-10T11:54:39.709Z]   EXT: https://t.me/share/url?url=https%3A%2F%2Fpromocode.co.il%2Fcoupon%2Foff-ceiling-mounted-lighting-fixtures-home-center%2F&text=%D7%A7%D7%95%D7%A4%D7%95%D7%9F%205%25%20%D7%94%D7%A0%D7%97%D7%94%20%D7%A2%D7%9C%20%D7%92%D7%95%D7%A4%D7%99%20%D7%AA%D7%90%D7%95%D7%A8%D7%94%20%D7%A6%D7%9E%D7%95%D7%93%D7%99%20%D7%AA%D7%A7%D7%A8%D7%94%20%26%238211%3B%20Home%20Center%20%D7%94%D7%95%D7%9D%20%D7%A1%D7%A0%D7%98%D7%A8
[2026-03-10T11:54:39.709Z]   EXT: https://t.me/share/url?url=https%3A%2F%2Fpromocode.co.il%2Fcoupon%2Foff-cinema-city%2F&text=%D7%9E%D7%91%D7%A6%D7%A2%D7%99%D7%9D%20%D7%A2%D7%9C%20%D7%9E%D7%92%D7%95%D7%95%D7%9F%20%D7%A1%D7%A8%D7%98%D7%99%D7%9D%20%D7%91%D7%A7%D7%95%D7%9C%D7%A0%D7%95%D7%A2%20%26%238211%3B%20Cinema%20City%20%D7%A1%D7%99%D7%A0%D7%9E%D7%94%20%D7%A1%D7%99%D7%98%D7%99
[2026-03-10T11:54:39.709Z]   EXT: https://t.me/share/url?url=https%3A%2F%2Fpromocode.co.il%2Fcoupon%2Foff-delta%2F&text=%D7%9E%D7%91%D7%A6%D7%A2%2015%25%20%D7%94%D7%A0%D7%97%D7%94%20%D7%91%D7%A7%D7%A0%D7%99%D7%99%D7%94%20%D7%A8%D7%90%D7%A9%D7%95%D7%A0%D7%94%20%26%238211%3B%20Delta%20%D7%93%D7%9C%D7%AA%D7%90
[2026-03-10T11:54:39.709Z]   EXT: https://t.me/share/url?url=https%3A%2F%2Fpromocode.co.il%2Fcoupon%2Foff-diesenhaus%2F&text=%D7%9E%D7%91%D7%A6%D7%A2%D7%99%D7%9D%20%D7%A2%D7%9C%20%D7%AA%D7%99%D7%99%D7%A8%D7%95%D7%AA%20%26%238211%3B%20Diesenhaus%20%D7%93%D7%99%D7%96%D7%A0%D7%94%D7%90%D7%95%D7%96
[2026-03-10T11:54:39.710Z]   EXT: https://t.me/share/url?url=https%3A%2F%2Fpromocode.co.il%2Fcoupon%2Foff-g-haun%2F&text=%D7%9E%D7%91%D7%A6%D7%A2%D7%99%D7%9D%20%D7%A2%D7%9C%20%D7%9E%D7%95%D7%A6%D7%A8%D7%99%D7%9D%20%26%238211%3B%20G.%20Haun%20%D7%92.%20%D7%97%D7%99%D7%95%D7%9F
[2026-03-10T11:54:39.710Z]   EXT: https://t.me/share/url?url=https%3A%2F%2Fpromocode.co.il%2Fcoupon%2Foff-gomoworld%2F&text=%D7%9E%D7%91%D7%A6%D7%A2%D7%99%D7%9D%20%D7%A2%D7%9C%20%D7%97%D7%91%D7%99%D7%9C%D7%95%D7%AA%20%D7%92%D7%9C%D7%99%D7%A9%D7%94%20%26%238211%3B%20GoMoWorld%20%D7%92%D7%95%D7%9E%D7%95%20%D7%95%D7%95%D7%A8%D7%9C%D7%93
[2026-03-10T11:54:39.710Z]   EXT: https://t.me/share/url?url=https%3A%2F%2Fpromocode.co.il%2Fcoupon%2Foff-hinged-wardrobes-home-center%2F&text=%D7%A7%D7%95%D7%A4%D7%95%D7%9F%206%25%20%D7%94%D7%A0%D7%97%D7%94%20%D7%A2%D7%9C%20%D7%90%D7%A8%D7%95%D7%A0%D7%95%D7%AA%20%D7%A4%D7%AA%D7%99%D7%97%D7%94%20%26%238211%3B%20Home%20Center%20%D7%94%D7%95%D7%9D%20%D7%A1%D7%A0%D7%98%D7%A8
[2026-03-10T11:54:39.710Z]   EXT: https://t.me/share/url?url=https%3A%2F%2Fpromocode.co.il%2Fcoupon%2Foff-kiwi-com%2F&text=%D7%9E%D7%91%D7%A6%D7%A2%D7%99%D7%9D%20%D7%95%D7%94%D7%A0%D7%97%D7%95%D7%AA%20%D7%A2%D7%9C%20%D7%AA%D7%99%D7%99%D7%A8%D7%95%D7%AA%20%26%238211%3B%20Kiwi.com%20%D7%A7%D7%99%D7%95%D7%95%D7%99%20%D7%A7%D7%95%D7%9D
[2026-03-10T11:54:39.710Z]   EXT: https://t.me/share/url?url=https%3A%2F%2Fpromocode.co.il%2Fcoupon%2Foff-ksp%2F&text=%D7%A7%D7%95%D7%A4%D7%95%D7%9F%20%D7%94%D7%A0%D7%97%D7%94%20%D7%9E%D7%A9%D7%AA%D7%A0%D7%94%20%26%238211%3B%20KSP%20%D7%A7%D7%99%D7%99%20%D7%90%D7%A1%20%D7%A4%D7%99
[2026-03-10T11:54:39.710Z]   EXT: https://t.me/share/url?url=https%3A%2F%2Fpromocode.co.il%2Fcoupon%2Foff-mayven%2F&text=%D7%9E%D7%91%D7%A6%D7%A2%D7%99%D7%9D%20%D7%95%D7%94%D7%A0%D7%97%D7%94%20%D7%A2%D7%9C%20%D7%9E%D7%92%D7%95%D7%95%D7%9F%20%D7%9E%D7%95%D7%A6%D7%A8%D7%99%D7%9D%20%26%238211%3B%20Mayven%20%D7%9E%D7%99%D7%99%D7%91%D7%9F
[2026-03-10T11:54:39.710Z]   EXT: https://t.me/share/url?url=https%3A%2F%2Fpromocode.co.il%2Fcoupon%2Foff-mirrors-home-center%2F&text=%D7%A7%D7%95%D7%A4%D7%95%D7%9F%2010%25%20%D7%94%D7%A0%D7%97%D7%94%20%D7%A2%D7%9C%20%D7%9E%D7%A8%D7%90%D7%95%D7%AA%20%26%238211%3B%20Home%20Center%20%D7%94%D7%95%D7%9D%20%D7%A1%D7%A0%D7%98%D7%A8
[2026-03-10T11:54:39.710Z]   EXT: https://t.me/share/url?url=https%3A%2F%2Fpromocode.co.il%2Fcoupon%2Foff-next%2F&text=%D7%A7%D7%95%D7%A4%D7%95%D7%9F%20%D7%94%D7%A0%D7%97%D7%94%20%26%238211%3B%20Next%20%D7%A0%D7%A7%D7%A1%D7%98
[2026-03-10T11:54:39.710Z]   EXT: https://t.me/share/url?url=https%3A%2F%2Fpromocode.co.il%2Fcoupon%2Foff-nike%2F&text=%D7%9E%D7%91%D7%A6%D7%A2%20%D7%A2%D7%93%2030%25%20%D7%94%D7%A0%D7%97%D7%94%20%D7%A2%D7%9C%20%D7%9E%D7%92%D7%95%D7%95%D7%9F%20%D7%A4%D7%A8%D7%99%D7%98%D7%99%D7%9D%20%26%238211%3B%20Nike%20%D7%A0%D7%99%D7%99%D7%A7
[2026-03-10T11:54:39.710Z]   EXT: https://t.me/share/url?url=https%3A%2F%2Fpromocode.co.il%2Fcoupon%2Foff-pandora%2F&text=%D7%9E%D7%91%D7%A6%D7%A2%D7%99%D7%9D%20%D7%A2%D7%9C%20%D7%94%D7%9E%D7%95%D7%A6%D7%A8%D7%99%D7%9D%20%D7%91%D7%A2%D7%9E%D7%95%D7%93%20%D7%94%D7%97%D7%A0%D7%95%D7%AA%20Amazon%20%D7%90%D7%9E%D7%96%D7%95%D7%9F%20%26%238211%3B%20Pandora%20%D7%A4%D7%A0%D7%93%D7%95%D7%A8%D7%94
[2026-03-10T11:54:39.710Z]   EXT: https://t.me/share/url?url=https%3A%2F%2Fpromocode.co.il%2Fcoupon%2Foff-proshop%2F&text=%D7%9E%D7%91%D7%A6%D7%A2%D7%99%D7%9D%20%D7%A2%D7%9C%20%D7%9E%D7%95%D7%A6%D7%A8%D7%99%D7%9D%20%26%238211%3B%20ProShop%20%D7%A4%D7%A8%D7%95%D7%A9%D7%95%D7%A4
[2026-03-10T11:54:39.710Z]   EXT: https://t.me/share/url?url=https%3A%2F%2Fpromocode.co.il%2Fcoupon%2Foff-secret-asos%2F&text=%D7%A7%D7%95%D7%A4%D7%95%D7%9F%20%D7%A1%D7%95%D7%93%D7%99%20%D7%A2%D7%93%2030%25%20%D7%94%D7%A0%D7%97%D7%94%20%26%238211%3B%20ASOS%20%D7%90%D7%A1%D7%95%D7%A1
[2026-03-10T11:54:39.710Z]   EXT: https://t.me/share/url?url=https%3A%2F%2Fpromocode.co.il%2Fcoupon%2Foff-selected-amazon%2F&text=%D7%A7%D7%95%D7%A4%D7%95%D7%9F%20%D7%94%D7%A0%D7%97%D7%94%20%D7%9E%D7%A9%D7%AA%D7%A0%D7%94%20%26%238211%3B%20Amazon%20%D7%90%D7%9E%D7%96%D7%95%D7%9F
[2026-03-10T11:54:39.710Z]   EXT: https://t.me/share/url?url=https%3A%2F%2Fpromocode.co.il%2Fcoupon%2Foff-sliding-wardrobes-home-center%2F&text=%D7%A7%D7%95%D7%A4%D7%95%D7%9F%206%25%20%D7%94%D7%A0%D7%97%D7%94%20%D7%A2%D7%9C%20%D7%90%D7%A8%D7%95%D7%A0%D7%95%D7%AA%20%D7%94%D7%96%D7%96%D7%94%20%26%238211%3B%20Home%20Center%20%D7%94%D7%95%D7%9D%20%D7%A1%D7%A0%D7%98%D7%A8
[2026-03-10T11:54:39.711Z]   EXT: https://t.me/share/url?url=https%3A%2F%2Fpromocode.co.il%2Fcoupon%2Foff-soulmate%2F&text=%D7%A7%D7%95%D7%A4%D7%95%D7%9F%20%D7%94%D7%A0%D7%97%D7%94%20%26%238211%3B%20%D7%A1%D7%95%D7%9C%D7%9E%D7%99%D7%99%D7%98%20SoulMate
[2026-03-10T11:54:39.711Z]   EXT: https://t.me/share/url?url=https%3A%2F%2Fpromocode.co.il%2Fcoupon%2Foff-temu%2F&text=%D7%9E%D7%91%D7%A6%D7%A2%D7%99%D7%9D%20%D7%95%D7%94%D7%A0%D7%97%D7%95%D7%AA%20%D7%A2%D7%9C%20%D7%9E%D7%95%D7%A6%D7%A8%D7%99%D7%9D%20%26%238211%3B%20Temu%20%D7%98%D7%9E%D7%95
[2026-03-10T11:54:39.711Z]   EXT: https://t.me/share/url?url=https%3A%2F%2Fpromocode.co.il%2Fcoupon%2Foff-trip-com%2F&text=%D7%9E%D7%91%D7%A6%D7%A2%D7%99%D7%9D%20%D7%95%D7%94%D7%A0%D7%97%D7%95%D7%AA%20%D7%A2%D7%9C%20%D7%AA%D7%99%D7%99%D7%A8%D7%95%D7%AA%20%26%238211%3B%20Trip.com%20%D7%98%D7%A8%D7%99%D7%A4%20%D7%A7%D7%95%D7%9D
[2026-03-10T11:54:39.711Z]   EXT: https://t.me/share/url?url=https%3A%2F%2Fpromocode.co.il%2Fcoupon%2Foff-tx-day-terminal-x%2F&text=%D7%9E%D7%91%D7%A6%D7%A2%20TX%20DAY%20%D7%A2%D7%9D%2030%25%20%D7%94%D7%A0%D7%97%D7%94%20%26%238211%3B%20Terminal%20X%20%D7%98%D7%A8%D7%9E%D7%99%D7%A0%D7%9C%20%D7%90%D7%99%D7%A7%D7%A1
[2026-03-10T11:54:39.711Z]   EXT: https://t.me/share/url?url=https%3A%2F%2Fpromocode.co.il%2Fcoupon%2Foff-zara%2F&text=%D7%A7%D7%95%D7%A4%D7%95%D7%9F%20%D7%94%D7%A0%D7%97%D7%94%20%26%238211%3B%20ZARA%20%D7%96%D7%90%D7%A8%D7%94
[2026-03-10T11:54:39.711Z]   EXT: https://twitter.com/intent/tweet?source=%D7%A4%D7%A8%D7%95%D7%9E%D7%95%20%D7%A7%D7%95%D7%93%20Promo%20Code&text=https%3A%2F%2Fpromocode.co.il%2Fcoupon%2F10-off-giv-ol%2F
[2026-03-10T11:54:39.711Z]   EXT: https://twitter.com/intent/tweet?source=%D7%A4%D7%A8%D7%95%D7%9E%D7%95%20%D7%A7%D7%95%D7%93%20Promo%20Code&text=https%3A%2F%2Fpromocode.co.il%2Fcoupon%2F10-off-golf-kids%2F
[2026-03-10T11:54:39.711Z]   EXT: https://twitter.com/intent/tweet?source=%D7%A4%D7%A8%D7%95%D7%9E%D7%95%20%D7%A7%D7%95%D7%93%20Promo%20Code&text=https%3A%2F%2Fpromocode.co.il%2Fcoupon%2F10-off-house-brands-iherb%2F
[2026-03-10T11:54:39.711Z]   EXT: https://twitter.com/intent/tweet?source=%D7%A4%D7%A8%D7%95%D7%9E%D7%95%20%D7%A7%D7%95%D7%93%20Promo%20Code&text=https%3A%2F%2Fpromocode.co.il%2Fcoupon%2F10-off-intima%2F
[2026-03-10T11:54:39.711Z]   EXT: https://twitter.com/intent/tweet?source=%D7%A4%D7%A8%D7%95%D7%9E%D7%95%20%D7%A7%D7%95%D7%93%20Promo%20Code&text=https%3A%2F%2Fpromocode.co.il%2Fcoupon%2F10-off-milkcare%2F
[2026-03-10T11:54:39.711Z]   EXT: https://twitter.com/intent/tweet?source=%D7%A4%D7%A8%D7%95%D7%9E%D7%95%20%D7%A7%D7%95%D7%93%20Promo%20Code&text=https%3A%2F%2Fpromocode.co.il%2Fcoupon%2F10-off-over-120-iherb%2F
[2026-03-10T11:54:39.711Z]   EXT: https://twitter.com/intent/tweet?source=%D7%A4%D7%A8%D7%95%D7%9E%D7%95%20%D7%A7%D7%95%D7%93%20Promo%20Code&text=https%3A%2F%2Fpromocode.co.il%2Fcoupon%2F10-off-over-60-iherb%2F
[2026-03-10T11:54:39.711Z]   EXT: https://twitter.com/intent/tweet?source=%D7%A4%D7%A8%D7%95%D7%9E%D7%95%20%D7%A7%D7%95%D7%93%20Promo%20Code&text=https%3A%2F%2Fpromocode.co.il%2Fcoupon%2F10-off-smartcase%2F
[2026-03-10T11:54:39.711Z]   EXT: https://twitter.com/intent/tweet?source=%D7%A4%D7%A8%D7%95%D7%9E%D7%95%20%D7%A7%D7%95%D7%93%20Promo%20Code&text=https%3A%2F%2Fpromocode.co.il%2Fcoupon%2F10-off-super-pharm%2F
[2026-03-10T11:54:39.711Z]   EXT: https://twitter.com/intent/tweet?source=%D7%A4%D7%A8%D7%95%D7%9E%D7%95%20%D7%A7%D7%95%D7%93%20Promo%20Code&text=https%3A%2F%2Fpromocode.co.il%2Fcoupon%2F10-off-terminal-x%2F
[2026-03-10T11:54:39.711Z]   EXT: https://twitter.com/intent/tweet?source=%D7%A4%D7%A8%D7%95%D7%9E%D7%95%20%D7%A7%D7%95%D7%93%20Promo%20Code&text=https%3A%2F%2Fpromocode.co.il%2Fcoupon%2F10-off-toys-r-us%2F
[2026-03-10T11:54:39.712Z]   EXT: https://twitter.com/intent/tweet?source=%D7%A4%D7%A8%D7%95%D7%9E%D7%95%20%D7%A7%D7%95%D7%93%20Promo%20Code&text=https%3A%2F%2Fpromocode.co.il%2Fcoupon%2F100-ils-off-over-400-ils-milega%2F
[2026-03-10T11:54:39.712Z]   EXT: https://twitter.com/intent/tweet?source=%D7%A4%D7%A8%D7%95%D7%9E%D7%95%20%D7%A7%D7%95%D7%93%20Promo%20Code&text=https%3A%2F%2Fpromocode.co.il%2Fcoupon%2F100-off-free-gifts-temu%2F
[2026-03-10T11:54:39.712Z]   EXT: https://twitter.com/intent/tweet?source=%D7%A4%D7%A8%D7%95%D7%9E%D7%95%20%D7%A7%D7%95%D7%93%20Promo%20Code&text=https%3A%2F%2Fpromocode.co.il%2Fcoupon%2F15-off-beauty-bay%2F
[2026-03-10T11:54:39.712Z]   EXT: https://twitter.com/intent/tweet?source=%D7%A4%D7%A8%D7%95%D7%9E%D7%95%20%D7%A7%D7%95%D7%93%20Promo%20Code&text=https%3A%2F%2Fpromocode.co.il%2Fcoupon%2F15-off-first-order-cult-beauty%2F
[2026-03-10T11:54:39.712Z]   EXT: https://twitter.com/intent/tweet?source=%D7%A4%D7%A8%D7%95%D7%9E%D7%95%20%D7%A7%D7%95%D7%93%20Promo%20Code&text=https%3A%2F%2Fpromocode.co.il%2Fcoupon%2F15-off-rihoas%2F
[2026-03-10T11:54:39.712Z]   EXT: https://twitter.com/intent/tweet?source=%D7%A4%D7%A8%D7%95%D7%9E%D7%95%20%D7%A7%D7%95%D7%93%20Promo%20Code&text=https%3A%2F%2Fpromocode.co.il%2Fcoupon%2F20-off-iherb%2F
[2026-03-10T11:54:39.712Z]   EXT: https://twitter.com/intent/tweet?source=%D7%A4%D7%A8%D7%95%D7%9E%D7%95%20%D7%A7%D7%95%D7%93%20Promo%20Code&text=https%3A%2F%2Fpromocode.co.il%2Fcoupon%2F20-off-over-60-iherb%2F
[2026-03-10T11:54:39.712Z]   EXT: https://twitter.com/intent/tweet?source=%D7%A4%D7%A8%D7%95%D7%9E%D7%95%20%D7%A7%D7%95%D7%93%20Promo%20Code&text=https%3A%2F%2Fpromocode.co.il%2Fcoupon%2F20-off-pixelcut%2F
[2026-03-10T11:54:39.712Z]   EXT: https://twitter.com/intent/tweet?source=%D7%A4%D7%A8%D7%95%D7%9E%D7%95%20%D7%A7%D7%95%D7%93%20Promo%20Code&text=https%3A%2F%2Fpromocode.co.il%2Fcoupon%2F25-off-nike%2F
[2026-03-10T11:54:39.712Z]   EXT: https://twitter.com/intent/tweet?source=%D7%A4%D7%A8%D7%95%D7%9E%D7%95%20%D7%A7%D7%95%D7%93%20Promo%20Code&text=https%3A%2F%2Fpromocode.co.il%2Fcoupon%2F30-ils-off-smartcase%2F
[2026-03-10T11:54:39.712Z]   EXT: https://twitter.com/intent/tweet?source=%D7%A4%D7%A8%D7%95%D7%9E%D7%95%20%D7%A7%D7%95%D7%93%20Promo%20Code&text=https%3A%2F%2Fpromocode.co.il%2Fcoupon%2F30-ils-off-wolt%2F
[2026-03-10T11:54:39.712Z]   EXT: https://twitter.com/intent/tweet?source=%D7%A4%D7%A8%D7%95%D7%9E%D7%95%20%D7%A7%D7%95%D7%93%20Promo%20Code&text=https%3A%2F%2Fpromocode.co.il%2Fcoupon%2F30-off-cloudways%2F
[2026-03-10T11:54:39.712Z]   EXT: https://twitter.com/intent/tweet?source=%D7%A4%D7%A8%D7%95%D7%9E%D7%95%20%D7%A7%D7%95%D7%93%20Promo%20Code&text=https%3A%2F%2Fpromocode.co.il%2Fcoupon%2F30-off-gulliver%2F
[2026-03-10T11:54:39.712Z]   EXT: https://twitter.com/intent/tweet?source=%D7%A4%D7%A8%D7%95%D7%9E%D7%95%20%D7%A7%D7%95%D7%93%20Promo%20Code&text=https%3A%2F%2Fpromocode.co.il%2Fcoupon%2F30-off-temu%2F
[2026-03-10T11:54:39.712Z]   EXT: https://twitter.com/intent/tweet?source=%D7%A4%D7%A8%D7%95%D7%9E%D7%95%20%D7%A7%D7%95%D7%93%20Promo%20Code&text=https%3A%2F%2Fpromocode.co.il%2Fcoupon%2F400-ils-off-temu%2F
[2026-03-10T11:54:39.713Z]   EXT: https://twitter.com/intent/tweet?source=%D7%A4%D7%A8%D7%95%D7%9E%D7%95%20%D7%A7%D7%95%D7%93%20Promo%20Code&text=https%3A%2F%2Fpromocode.co.il%2Fcoupon%2F5-off-afi-hotels%2F
[2026-03-10T11:54:39.713Z]   EXT: https://twitter.com/intent/tweet?source=%D7%A4%D7%A8%D7%95%D7%9E%D7%95%20%D7%A7%D7%95%D7%93%20Promo%20Code&text=https%3A%2F%2Fpromocode.co.il%2Fcoupon%2F5-off-anker%2F
[2026-03-10T11:54:39.713Z]   EXT: https://twitter.com/intent/tweet?source=%D7%A4%D7%A8%D7%95%D7%9E%D7%95%20%D7%A7%D7%95%D7%93%20Promo%20Code&text=https%3A%2F%2Fpromocode.co.il%2Fcoupon%2F5-off-diamond-chef%2F
[2026-03-10T11:54:39.713Z]   EXT: https://twitter.com/intent/tweet?source=%D7%A4%D7%A8%D7%95%D7%9E%D7%95%20%D7%A7%D7%95%D7%93%20Promo%20Code&text=https%3A%2F%2Fpromocode.co.il%2Fcoupon%2F5-off-iherb%2F
[2026-03-10T11:54:39.713Z]   EXT: https://twitter.com/intent/tweet?source=%D7%A4%D7%A8%D7%95%D7%9E%D7%95%20%D7%A7%D7%95%D7%93%20Promo%20Code&text=https%3A%2F%2Fpromocode.co.il%2Fcoupon%2F5-off-rebuild%2F
[2026-03-10T11:54:39.713Z]   EXT: https://twitter.com/intent/tweet?source=%D7%A4%D7%A8%D7%95%D7%9E%D7%95%20%D7%A7%D7%95%D7%93%20Promo%20Code&text=https%3A%2F%2Fpromocode.co.il%2Fcoupon%2F5-off-revopoint%2F
[2026-03-10T11:54:39.713Z]   EXT: https://twitter.com/intent/tweet?source=%D7%A4%D7%A8%D7%95%D7%9E%D7%95%20%D7%A7%D7%95%D7%93%20Promo%20Code&text=https%3A%2F%2Fpromocode.co.il%2Fcoupon%2F50-off-wolt%2F
[2026-03-10T11:54:39.713Z]   EXT: https://twitter.com/intent/tweet?source=%D7%A4%D7%A8%D7%95%D7%9E%D7%95%20%D7%A7%D7%95%D7%93%20Promo%20Code&text=https%3A%2F%2Fpromocode.co.il%2Fcoupon%2F8-off-story-online%2F
[2026-03-10T11:54:39.713Z]   EXT: https://twitter.com/intent/tweet?source=%D7%A4%D7%A8%D7%95%D7%9E%D7%95%20%D7%A7%D7%95%D7%93%20Promo%20Code&text=https%3A%2F%2Fpromocode.co.il%2Fcoupon%2Fblack-friday-ksp%2F
[2026-03-10T11:54:39.713Z]   EXT: https://twitter.com/intent/tweet?source=%D7%A4%D7%A8%D7%95%D7%9E%D7%95%20%D7%A7%D7%95%D7%93%20Promo%20Code&text=https%3A%2F%2Fpromocode.co.il%2Fcoupon%2Ffree-shipping-amika%2F
[2026-03-10T11:54:39.713Z]   EXT: https://twitter.com/intent/tweet?source=%D7%A4%D7%A8%D7%95%D7%9E%D7%95%20%D7%A7%D7%95%D7%93%20Promo%20Code&text=https%3A%2F%2Fpromocode.co.il%2Fcoupon%2Ffree-shipping-anker%2F
[2026-03-10T11:54:39.713Z]   EXT: https://twitter.com/intent/tweet?source=%D7%A4%D7%A8%D7%95%D7%9E%D7%95%20%D7%A7%D7%95%D7%93%20Promo%20Code&text=https%3A%2F%2Fpromocode.co.il%2Fcoupon%2Ffree-shipping-bissell%2F
[2026-03-10T11:54:39.713Z]   EXT: https://twitter.com/intent/tweet?source=%D7%A4%D7%A8%D7%95%D7%9E%D7%95%20%D7%A7%D7%95%D7%93%20Promo%20Code&text=https%3A%2F%2Fpromocode.co.il%2Fcoupon%2Fil-off-asos%2F
[2026-03-10T11:54:39.713Z]   EXT: https://twitter.com/intent/tweet?source=%D7%A4%D7%A8%D7%95%D7%9E%D7%95%20%D7%A7%D7%95%D7%93%20Promo%20Code&text=https%3A%2F%2Fpromocode.co.il%2Fcoupon%2Fmastercard-day-aeroflex%2F
[2026-03-10T11:54:39.713Z]   EXT: https://twitter.com/intent/tweet?source=%D7%A4%D7%A8%D7%95%D7%9E%D7%95%20%D7%A7%D7%95%D7%93%20Promo%20Code&text=https%3A%2F%2Fpromocode.co.il%2Fcoupon%2Fmastercard-day-iherb%2F
[2026-03-10T11:54:39.713Z]   EXT: https://twitter.com/intent/tweet?source=%D7%A4%D7%A8%D7%95%D7%9E%D7%95%20%D7%A7%D7%95%D7%93%20Promo%20Code&text=https%3A%2F%2Fpromocode.co.il%2Fcoupon%2Fmastercard-day-lee-cooper%2F
[2026-03-10T11:54:39.713Z]   EXT: https://twitter.com/intent/tweet?source=%D7%A4%D7%A8%D7%95%D7%9E%D7%95%20%D7%A7%D7%95%D7%93%20Promo%20Code&text=https%3A%2F%2Fpromocode.co.il%2Fcoupon%2Fmastercard-day-mishloha%2F
[2026-03-10T11:54:39.714Z]   EXT: https://twitter.com/intent/tweet?source=%D7%A4%D7%A8%D7%95%D7%9E%D7%95%20%D7%A7%D7%95%D7%93%20Promo%20Code&text=https%3A%2F%2Fpromocode.co.il%2Fcoupon%2Fmastercard-day-nintendo%2F
[2026-03-10T11:54:39.714Z]   EXT: https://twitter.com/intent/tweet?source=%D7%A4%D7%A8%D7%95%D7%9E%D7%95%20%D7%A7%D7%95%D7%93%20Promo%20Code&text=https%3A%2F%2Fpromocode.co.il%2Fcoupon%2Fmastercard-day-olam-hakolnoa%2F
[2026-03-10T11:54:39.714Z]   EXT: https://twitter.com/intent/tweet?source=%D7%A4%D7%A8%D7%95%D7%9E%D7%95%20%D7%A7%D7%95%D7%93%20Promo%20Code&text=https%3A%2F%2Fpromocode.co.il%2Fcoupon%2Fmastercard-day-soltam%2F
[2026-03-10T11:54:39.714Z]   EXT: https://twitter.com/intent/tweet?source=%D7%A4%D7%A8%D7%95%D7%9E%D7%95%20%D7%A7%D7%95%D7%93%20Promo%20Code&text=https%3A%2F%2Fpromocode.co.il%2Fcoupon%2Fnovember-sale-golf-co%2F
[2026-03-10T11:54:39.714Z]   EXT: https://twitter.com/intent/tweet?source=%D7%A4%D7%A8%D7%95%D7%9E%D7%95%20%D7%A7%D7%95%D7%93%20Promo%20Code&text=https%3A%2F%2Fpromocode.co.il%2Fcoupon%2Fnovember-sale-super-pharm%2F
[2026-03-10T11:54:39.714Z]   EXT: https://twitter.com/intent/tweet?source=%D7%A4%D7%A8%D7%95%D7%9E%D7%95%20%D7%A7%D7%95%D7%93%20Promo%20Code&text=https%3A%2F%2Fpromocode.co.il%2Fcoupon%2Foff-aeg-olam-hakolnoa%2F
[2026-03-10T11:54:39.714Z]   EXT: https://twitter.com/intent/tweet?source=%D7%A4%D7%A8%D7%95%D7%9E%D7%95%20%D7%A7%D7%95%D7%93%20Promo%20Code&text=https%3A%2F%2Fpromocode.co.il%2Fcoupon%2Foff-anker%2F
[2026-03-10T11:54:39.714Z]   EXT: https://twitter.com/intent/tweet?source=%D7%A4%D7%A8%D7%95%D7%9E%D7%95%20%D7%A7%D7%95%D7%93%20Promo%20Code&text=https%3A%2F%2Fpromocode.co.il%2Fcoupon%2Foff-bissell%2F
[2026-03-10T11:54:39.714Z]   EXT: https://twitter.com/intent/tweet?source=%D7%A4%D7%A8%D7%95%D7%9E%D7%95%20%D7%A7%D7%95%D7%93%20Promo%20Code&text=https%3A%2F%2Fpromocode.co.il%2Fcoupon%2Foff-ceiling-mounted-lighting-fixtures-home-center%2F
[2026-03-10T11:54:39.714Z]   EXT: https://twitter.com/intent/tweet?source=%D7%A4%D7%A8%D7%95%D7%9E%D7%95%20%D7%A7%D7%95%D7%93%20Promo%20Code&text=https%3A%2F%2Fpromocode.co.il%2Fcoupon%2Foff-cinema-city%2F
[2026-03-10T11:54:39.714Z]   EXT: https://twitter.com/intent/tweet?source=%D7%A4%D7%A8%D7%95%D7%9E%D7%95%20%D7%A7%D7%95%D7%93%20Promo%20Code&text=https%3A%2F%2Fpromocode.co.il%2Fcoupon%2Foff-delta%2F
[2026-03-10T11:54:39.714Z]   EXT: https://twitter.com/intent/tweet?source=%D7%A4%D7%A8%D7%95%D7%9E%D7%95%20%D7%A7%D7%95%D7%93%20Promo%20Code&text=https%3A%2F%2Fpromocode.co.il%2Fcoupon%2Foff-diesenhaus%2F
[2026-03-10T11:54:39.714Z]   EXT: https://twitter.com/intent/tweet?source=%D7%A4%D7%A8%D7%95%D7%9E%D7%95%20%D7%A7%D7%95%D7%93%20Promo%20Code&text=https%3A%2F%2Fpromocode.co.il%2Fcoupon%2Foff-g-haun%2F
[2026-03-10T11:54:39.714Z]   EXT: https://twitter.com/intent/tweet?source=%D7%A4%D7%A8%D7%95%D7%9E%D7%95%20%D7%A7%D7%95%D7%93%20Promo%20Code&text=https%3A%2F%2Fpromocode.co.il%2Fcoupon%2Foff-gomoworld%2F
[2026-03-10T11:54:39.714Z]   EXT: https://twitter.com/intent/tweet?source=%D7%A4%D7%A8%D7%95%D7%9E%D7%95%20%D7%A7%D7%95%D7%93%20Promo%20Code&text=https%3A%2F%2Fpromocode.co.il%2Fcoupon%2Foff-hinged-wardrobes-home-center%2F
[2026-03-10T11:54:39.714Z]   EXT: https://twitter.com/intent/tweet?source=%D7%A4%D7%A8%D7%95%D7%9E%D7%95%20%D7%A7%D7%95%D7%93%20Promo%20Code&text=https%3A%2F%2Fpromocode.co.il%2Fcoupon%2Foff-kiwi-com%2F
[2026-03-10T11:54:39.715Z]   EXT: https://twitter.com/intent/tweet?source=%D7%A4%D7%A8%D7%95%D7%9E%D7%95%20%D7%A7%D7%95%D7%93%20Promo%20Code&text=https%3A%2F%2Fpromocode.co.il%2Fcoupon%2Foff-ksp%2F
[2026-03-10T11:54:39.715Z]   EXT: https://twitter.com/intent/tweet?source=%D7%A4%D7%A8%D7%95%D7%9E%D7%95%20%D7%A7%D7%95%D7%93%20Promo%20Code&text=https%3A%2F%2Fpromocode.co.il%2Fcoupon%2Foff-mayven%2F
[2026-03-10T11:54:39.715Z]   EXT: https://twitter.com/intent/tweet?source=%D7%A4%D7%A8%D7%95%D7%9E%D7%95%20%D7%A7%D7%95%D7%93%20Promo%20Code&text=https%3A%2F%2Fpromocode.co.il%2Fcoupon%2Foff-mirrors-home-center%2F
[2026-03-10T11:54:39.715Z]   EXT: https://twitter.com/intent/tweet?source=%D7%A4%D7%A8%D7%95%D7%9E%D7%95%20%D7%A7%D7%95%D7%93%20Promo%20Code&text=https%3A%2F%2Fpromocode.co.il%2Fcoupon%2Foff-next%2F
[2026-03-10T11:54:39.715Z]   EXT: https://twitter.com/intent/tweet?source=%D7%A4%D7%A8%D7%95%D7%9E%D7%95%20%D7%A7%D7%95%D7%93%20Promo%20Code&text=https%3A%2F%2Fpromocode.co.il%2Fcoupon%2Foff-nike%2F
[2026-03-10T11:54:39.715Z]   EXT: https://twitter.com/intent/tweet?source=%D7%A4%D7%A8%D7%95%D7%9E%D7%95%20%D7%A7%D7%95%D7%93%20Promo%20Code&text=https%3A%2F%2Fpromocode.co.il%2Fcoupon%2Foff-pandora%2F
[2026-03-10T11:54:39.715Z]   EXT: https://twitter.com/intent/tweet?source=%D7%A4%D7%A8%D7%95%D7%9E%D7%95%20%D7%A7%D7%95%D7%93%20Promo%20Code&text=https%3A%2F%2Fpromocode.co.il%2Fcoupon%2Foff-proshop%2F
[2026-03-10T11:54:39.715Z]   EXT: https://twitter.com/intent/tweet?source=%D7%A4%D7%A8%D7%95%D7%9E%D7%95%20%D7%A7%D7%95%D7%93%20Promo%20Code&text=https%3A%2F%2Fpromocode.co.il%2Fcoupon%2Foff-secret-asos%2F
[2026-03-10T11:54:39.715Z]   EXT: https://twitter.com/intent/tweet?source=%D7%A4%D7%A8%D7%95%D7%9E%D7%95%20%D7%A7%D7%95%D7%93%20Promo%20Code&text=https%3A%2F%2Fpromocode.co.il%2Fcoupon%2Foff-selected-amazon%2F
[2026-03-10T11:54:39.715Z]   EXT: https://twitter.com/intent/tweet?source=%D7%A4%D7%A8%D7%95%D7%9E%D7%95%20%D7%A7%D7%95%D7%93%20Promo%20Code&text=https%3A%2F%2Fpromocode.co.il%2Fcoupon%2Foff-sliding-wardrobes-home-center%2F
[2026-03-10T11:54:39.715Z]   EXT: https://twitter.com/intent/tweet?source=%D7%A4%D7%A8%D7%95%D7%9E%D7%95%20%D7%A7%D7%95%D7%93%20Promo%20Code&text=https%3A%2F%2Fpromocode.co.il%2Fcoupon%2Foff-soulmate%2F
[2026-03-10T11:54:39.715Z]   EXT: https://twitter.com/intent/tweet?source=%D7%A4%D7%A8%D7%95%D7%9E%D7%95%20%D7%A7%D7%95%D7%93%20Promo%20Code&text=https%3A%2F%2Fpromocode.co.il%2Fcoupon%2Foff-temu%2F
[2026-03-10T11:54:39.715Z]   EXT: https://twitter.com/intent/tweet?source=%D7%A4%D7%A8%D7%95%D7%9E%D7%95%20%D7%A7%D7%95%D7%93%20Promo%20Code&text=https%3A%2F%2Fpromocode.co.il%2Fcoupon%2Foff-trip-com%2F
[2026-03-10T11:54:39.715Z]   EXT: https://twitter.com/intent/tweet?source=%D7%A4%D7%A8%D7%95%D7%9E%D7%95%20%D7%A7%D7%95%D7%93%20Promo%20Code&text=https%3A%2F%2Fpromocode.co.il%2Fcoupon%2Foff-tx-day-terminal-x%2F
[2026-03-10T11:54:39.715Z]   EXT: https://twitter.com/intent/tweet?source=%D7%A4%D7%A8%D7%95%D7%9E%D7%95%20%D7%A7%D7%95%D7%93%20Promo%20Code&text=https%3A%2F%2Fpromocode.co.il%2Fcoupon%2Foff-zara%2F
[2026-03-10T11:54:39.715Z]   EXT: https://www.facebook.com/promocode.il
[2026-03-10T11:54:39.715Z]   EXT: https://www.facebook.com/sharer/sharer.php?u=https%3A%2F%2Fpromocode.co.il%2Fcoupon%2F10-off-giv-ol%2F
[2026-03-10T11:54:39.716Z]   EXT: https://www.facebook.com/sharer/sharer.php?u=https%3A%2F%2Fpromocode.co.il%2Fcoupon%2F10-off-golf-kids%2F
[2026-03-10T11:54:39.716Z]   EXT: https://www.facebook.com/sharer/sharer.php?u=https%3A%2F%2Fpromocode.co.il%2Fcoupon%2F10-off-house-brands-iherb%2F
[2026-03-10T11:54:39.716Z]   EXT: https://www.facebook.com/sharer/sharer.php?u=https%3A%2F%2Fpromocode.co.il%2Fcoupon%2F10-off-intima%2F
[2026-03-10T11:54:39.716Z]   EXT: https://www.facebook.com/sharer/sharer.php?u=https%3A%2F%2Fpromocode.co.il%2Fcoupon%2F10-off-milkcare%2F
[2026-03-10T11:54:39.716Z]   EXT: https://www.facebook.com/sharer/sharer.php?u=https%3A%2F%2Fpromocode.co.il%2Fcoupon%2F10-off-over-120-iherb%2F
[2026-03-10T11:54:39.716Z]   EXT: https://www.facebook.com/sharer/sharer.php?u=https%3A%2F%2Fpromocode.co.il%2Fcoupon%2F10-off-over-60-iherb%2F
[2026-03-10T11:54:39.716Z]   EXT: https://www.facebook.com/sharer/sharer.php?u=https%3A%2F%2Fpromocode.co.il%2Fcoupon%2F10-off-smartcase%2F
[2026-03-10T11:54:39.716Z]   EXT: https://www.facebook.com/sharer/sharer.php?u=https%3A%2F%2Fpromocode.co.il%2Fcoupon%2F10-off-super-pharm%2F
[2026-03-10T11:54:39.716Z]   EXT: https://www.facebook.com/sharer/sharer.php?u=https%3A%2F%2Fpromocode.co.il%2Fcoupon%2F10-off-terminal-x%2F
[2026-03-10T11:54:39.716Z]   EXT: https://www.facebook.com/sharer/sharer.php?u=https%3A%2F%2Fpromocode.co.il%2Fcoupon%2F10-off-toys-r-us%2F
[2026-03-10T11:54:39.716Z]   EXT: https://www.facebook.com/sharer/sharer.php?u=https%3A%2F%2Fpromocode.co.il%2Fcoupon%2F100-ils-off-over-400-ils-milega%2F
[2026-03-10T11:54:39.716Z]   EXT: https://www.facebook.com/sharer/sharer.php?u=https%3A%2F%2Fpromocode.co.il%2Fcoupon%2F100-off-free-gifts-temu%2F
[2026-03-10T11:54:39.716Z]   EXT: https://www.facebook.com/sharer/sharer.php?u=https%3A%2F%2Fpromocode.co.il%2Fcoupon%2F15-off-beauty-bay%2F
[2026-03-10T11:54:39.716Z]   EXT: https://www.facebook.com/sharer/sharer.php?u=https%3A%2F%2Fpromocode.co.il%2Fcoupon%2F15-off-first-order-cult-beauty%2F
[2026-03-10T11:54:39.716Z]   EXT: https://www.facebook.com/sharer/sharer.php?u=https%3A%2F%2Fpromocode.co.il%2Fcoupon%2F15-off-rihoas%2F
[2026-03-10T11:54:39.716Z]   EXT: https://www.facebook.com/sharer/sharer.php?u=https%3A%2F%2Fpromocode.co.il%2Fcoupon%2F20-off-iherb%2F
[2026-03-10T11:54:39.717Z]   EXT: https://www.facebook.com/sharer/sharer.php?u=https%3A%2F%2Fpromocode.co.il%2Fcoupon%2F20-off-over-60-iherb%2F
[2026-03-10T11:54:39.717Z]   EXT: https://www.facebook.com/sharer/sharer.php?u=https%3A%2F%2Fpromocode.co.il%2Fcoupon%2F20-off-pixelcut%2F
[2026-03-10T11:54:39.717Z]   EXT: https://www.facebook.com/sharer/sharer.php?u=https%3A%2F%2Fpromocode.co.il%2Fcoupon%2F25-off-nike%2F
[2026-03-10T11:54:39.717Z]   EXT: https://www.facebook.com/sharer/sharer.php?u=https%3A%2F%2Fpromocode.co.il%2Fcoupon%2F30-ils-off-smartcase%2F
[2026-03-10T11:54:39.717Z]   EXT: https://www.facebook.com/sharer/sharer.php?u=https%3A%2F%2Fpromocode.co.il%2Fcoupon%2F30-ils-off-wolt%2F
[2026-03-10T11:54:39.717Z]   EXT: https://www.facebook.com/sharer/sharer.php?u=https%3A%2F%2Fpromocode.co.il%2Fcoupon%2F30-off-cloudways%2F
[2026-03-10T11:54:39.717Z]   EXT: https://www.facebook.com/sharer/sharer.php?u=https%3A%2F%2Fpromocode.co.il%2Fcoupon%2F30-off-gulliver%2F
[2026-03-10T11:54:39.717Z]   EXT: https://www.facebook.com/sharer/sharer.php?u=https%3A%2F%2Fpromocode.co.il%2Fcoupon%2F30-off-temu%2F
[2026-03-10T11:54:39.717Z]   EXT: https://www.facebook.com/sharer/sharer.php?u=https%3A%2F%2Fpromocode.co.il%2Fcoupon%2F400-ils-off-temu%2F
[2026-03-10T11:54:39.717Z]   EXT: https://www.facebook.com/sharer/sharer.php?u=https%3A%2F%2Fpromocode.co.il%2Fcoupon%2F5-off-afi-hotels%2F
[2026-03-10T11:54:39.717Z]   EXT: https://www.facebook.com/sharer/sharer.php?u=https%3A%2F%2Fpromocode.co.il%2Fcoupon%2F5-off-anker%2F
[2026-03-10T11:54:39.717Z]   EXT: https://www.facebook.com/sharer/sharer.php?u=https%3A%2F%2Fpromocode.co.il%2Fcoupon%2F5-off-diamond-chef%2F
[2026-03-10T11:54:39.717Z]   EXT: https://www.facebook.com/sharer/sharer.php?u=https%3A%2F%2Fpromocode.co.il%2Fcoupon%2F5-off-iherb%2F
[2026-03-10T11:54:39.717Z]   EXT: https://www.facebook.com/sharer/sharer.php?u=https%3A%2F%2Fpromocode.co.il%2Fcoupon%2F5-off-rebuild%2F
[2026-03-10T11:54:39.717Z]   EXT: https://www.facebook.com/sharer/sharer.php?u=https%3A%2F%2Fpromocode.co.il%2Fcoupon%2F5-off-revopoint%2F
[2026-03-10T11:54:39.717Z]   EXT: https://www.facebook.com/sharer/sharer.php?u=https%3A%2F%2Fpromocode.co.il%2Fcoupon%2F50-off-wolt%2F
[2026-03-10T11:54:39.717Z]   EXT: https://www.facebook.com/sharer/sharer.php?u=https%3A%2F%2Fpromocode.co.il%2Fcoupon%2F8-off-story-online%2F
[2026-03-10T11:54:39.717Z]   EXT: https://www.facebook.com/sharer/sharer.php?u=https%3A%2F%2Fpromocode.co.il%2Fcoupon%2Fblack-friday-ksp%2F
[2026-03-10T11:54:39.717Z]   EXT: https://www.facebook.com/sharer/sharer.php?u=https%3A%2F%2Fpromocode.co.il%2Fcoupon%2Ffree-shipping-amika%2F
[2026-03-10T11:54:39.718Z]   EXT: https://www.facebook.com/sharer/sharer.php?u=https%3A%2F%2Fpromocode.co.il%2Fcoupon%2Ffree-shipping-anker%2F
[2026-03-10T11:54:39.718Z]   EXT: https://www.facebook.com/sharer/sharer.php?u=https%3A%2F%2Fpromocode.co.il%2Fcoupon%2Ffree-shipping-bissell%2F
[2026-03-10T11:54:39.718Z]   EXT: https://www.facebook.com/sharer/sharer.php?u=https%3A%2F%2Fpromocode.co.il%2Fcoupon%2Fil-off-asos%2F
[2026-03-10T11:54:39.718Z]   EXT: https://www.facebook.com/sharer/sharer.php?u=https%3A%2F%2Fpromocode.co.il%2Fcoupon%2Fmastercard-day-aeroflex%2F
[2026-03-10T11:54:39.718Z]   EXT: https://www.facebook.com/sharer/sharer.php?u=https%3A%2F%2Fpromocode.co.il%2Fcoupon%2Fmastercard-day-iherb%2F
[2026-03-10T11:54:39.718Z]   EXT: https://www.facebook.com/sharer/sharer.php?u=https%3A%2F%2Fpromocode.co.il%2Fcoupon%2Fmastercard-day-lee-cooper%2F
[2026-03-10T11:54:39.718Z]   EXT: https://www.facebook.com/sharer/sharer.php?u=https%3A%2F%2Fpromocode.co.il%2Fcoupon%2Fmastercard-day-mishloha%2F
[2026-03-10T11:54:39.718Z]   EXT: https://www.facebook.com/sharer/sharer.php?u=https%3A%2F%2Fpromocode.co.il%2Fcoupon%2Fmastercard-day-nintendo%2F
[2026-03-10T11:54:39.718Z]   EXT: https://www.facebook.com/sharer/sharer.php?u=https%3A%2F%2Fpromocode.co.il%2Fcoupon%2Fmastercard-day-olam-hakolnoa%2F
[2026-03-10T11:54:39.718Z]   EXT: https://www.facebook.com/sharer/sharer.php?u=https%3A%2F%2Fpromocode.co.il%2Fcoupon%2Fmastercard-day-soltam%2F
[2026-03-10T11:54:39.718Z]   EXT: https://www.facebook.com/sharer/sharer.php?u=https%3A%2F%2Fpromocode.co.il%2Fcoupon%2Fnovember-sale-golf-co%2F
[2026-03-10T11:54:39.718Z]   EXT: https://www.facebook.com/sharer/sharer.php?u=https%3A%2F%2Fpromocode.co.il%2Fcoupon%2Fnovember-sale-super-pharm%2F
[2026-03-10T11:54:39.718Z]   EXT: https://www.facebook.com/sharer/sharer.php?u=https%3A%2F%2Fpromocode.co.il%2Fcoupon%2Foff-aeg-olam-hakolnoa%2F
[2026-03-10T11:54:39.718Z]   EXT: https://www.facebook.com/sharer/sharer.php?u=https%3A%2F%2Fpromocode.co.il%2Fcoupon%2Foff-anker%2F
[2026-03-10T11:54:39.718Z]   EXT: https://www.facebook.com/sharer/sharer.php?u=https%3A%2F%2Fpromocode.co.il%2Fcoupon%2Foff-bissell%2F
[2026-03-10T11:54:39.718Z]   EXT: https://www.facebook.com/sharer/sharer.php?u=https%3A%2F%2Fpromocode.co.il%2Fcoupon%2Foff-ceiling-mounted-lighting-fixtures-home-center%2F
[2026-03-10T11:54:39.718Z]   EXT: https://www.facebook.com/sharer/sharer.php?u=https%3A%2F%2Fpromocode.co.il%2Fcoupon%2Foff-cinema-city%2F
[2026-03-10T11:54:39.718Z]   EXT: https://www.facebook.com/sharer/sharer.php?u=https%3A%2F%2Fpromocode.co.il%2Fcoupon%2Foff-delta%2F
[2026-03-10T11:54:39.719Z]   EXT: https://www.facebook.com/sharer/sharer.php?u=https%3A%2F%2Fpromocode.co.il%2Fcoupon%2Foff-diesenhaus%2F
[2026-03-10T11:54:39.719Z]   EXT: https://www.facebook.com/sharer/sharer.php?u=https%3A%2F%2Fpromocode.co.il%2Fcoupon%2Foff-g-haun%2F
[2026-03-10T11:54:39.719Z]   EXT: https://www.facebook.com/sharer/sharer.php?u=https%3A%2F%2Fpromocode.co.il%2Fcoupon%2Foff-gomoworld%2F
[2026-03-10T11:54:39.719Z]   EXT: https://www.facebook.com/sharer/sharer.php?u=https%3A%2F%2Fpromocode.co.il%2Fcoupon%2Foff-hinged-wardrobes-home-center%2F
[2026-03-10T11:54:39.719Z]   EXT: https://www.facebook.com/sharer/sharer.php?u=https%3A%2F%2Fpromocode.co.il%2Fcoupon%2Foff-kiwi-com%2F
[2026-03-10T11:54:39.719Z]   EXT: https://www.facebook.com/sharer/sharer.php?u=https%3A%2F%2Fpromocode.co.il%2Fcoupon%2Foff-ksp%2F
[2026-03-10T11:54:39.719Z]   EXT: https://www.facebook.com/sharer/sharer.php?u=https%3A%2F%2Fpromocode.co.il%2Fcoupon%2Foff-mayven%2F
[2026-03-10T11:54:39.719Z]   EXT: https://www.facebook.com/sharer/sharer.php?u=https%3A%2F%2Fpromocode.co.il%2Fcoupon%2Foff-mirrors-home-center%2F
[2026-03-10T11:54:39.719Z]   EXT: https://www.facebook.com/sharer/sharer.php?u=https%3A%2F%2Fpromocode.co.il%2Fcoupon%2Foff-next%2F
[2026-03-10T11:54:39.719Z]   EXT: https://www.facebook.com/sharer/sharer.php?u=https%3A%2F%2Fpromocode.co.il%2Fcoupon%2Foff-nike%2F
[2026-03-10T11:54:39.719Z]   EXT: https://www.facebook.com/sharer/sharer.php?u=https%3A%2F%2Fpromocode.co.il%2Fcoupon%2Foff-pandora%2F
[2026-03-10T11:54:39.719Z]   EXT: https://www.facebook.com/sharer/sharer.php?u=https%3A%2F%2Fpromocode.co.il%2Fcoupon%2Foff-proshop%2F
[2026-03-10T11:54:39.719Z]   EXT: https://www.facebook.com/sharer/sharer.php?u=https%3A%2F%2Fpromocode.co.il%2Fcoupon%2Foff-secret-asos%2F
[2026-03-10T11:54:39.719Z]   EXT: https://www.facebook.com/sharer/sharer.php?u=https%3A%2F%2Fpromocode.co.il%2Fcoupon%2Foff-selected-amazon%2F
[2026-03-10T11:54:39.719Z]   EXT: https://www.facebook.com/sharer/sharer.php?u=https%3A%2F%2Fpromocode.co.il%2Fcoupon%2Foff-sliding-wardrobes-home-center%2F
[2026-03-10T11:54:39.719Z]   EXT: https://www.facebook.com/sharer/sharer.php?u=https%3A%2F%2Fpromocode.co.il%2Fcoupon%2Foff-soulmate%2F
[2026-03-10T11:54:39.719Z]   EXT: https://www.facebook.com/sharer/sharer.php?u=https%3A%2F%2Fpromocode.co.il%2Fcoupon%2Foff-temu%2F
[2026-03-10T11:54:39.719Z]   EXT: https://www.facebook.com/sharer/sharer.php?u=https%3A%2F%2Fpromocode.co.il%2Fcoupon%2Foff-trip-com%2F
[2026-03-10T11:54:39.719Z]   EXT: https://www.facebook.com/sharer/sharer.php?u=https%3A%2F%2Fpromocode.co.il%2Fcoupon%2Foff-tx-day-terminal-x%2F
[2026-03-10T11:54:39.719Z]   EXT: https://www.facebook.com/sharer/sharer.php?u=https%3A%2F%2Fpromocode.co.il%2Fcoupon%2Foff-zara%2F
[2026-03-10T11:54:39.719Z]   EXT: https://www.instagram.com/promocode.il
[2026-03-10T11:54:39.720Z]   EXT: https://www.tumblr.com/share/link?url=https%3A%2F%2Fpromocode.co.il%2Fcoupon%2F10-off-giv-ol%2F&name=%D7%A7%D7%95%D7%A4%D7%95%D7%9F%2010%25%20%D7%94%D7%A0%D7%97%D7%94%20%26%238211%3B%20Giv-ol%20%D7%92%D7%91%D7%A2%D7%95%D7%9C%20%D7%94%D7%95%D7%A6%D7%90%D7%94%20%D7%9C%D7%90%D7%95%D7%A8
[2026-03-10T11:54:39.720Z]   EXT: https://www.tumblr.com/share/link?url=https%3A%2F%2Fpromocode.co.il%2Fcoupon%2F10-off-golf-kids%2F&name=%D7%A7%D7%95%D7%A4%D7%95%D7%9F%2010%25%20%D7%94%D7%A0%D7%97%D7%94%20%26%238211%3B%20Golf%20Kids%20%D7%92%D7%95%D7%9C%D7%A3%20%D7%A7%D7%99%D7%93%D7%A1
[2026-03-10T11:54:39.720Z]   EXT: https://www.tumblr.com/share/link?url=https%3A%2F%2Fpromocode.co.il%2Fcoupon%2F10-off-house-brands-iherb%2F&name=%D7%A7%D7%95%D7%A4%D7%95%D7%9F%2010%25%20%D7%94%D7%A0%D7%97%D7%94%20%D7%A2%D7%9C%20%D7%9E%D7%95%D7%AA%D7%92%D7%99%20%D7%94%D7%91%D7%99%D7%AA%20%26%238211%3B%20iHerb%20%D7%90%D7%99%D7%99%D7%94%D7%A8%D7%91
[2026-03-10T11:54:39.720Z]   EXT: https://www.tumblr.com/share/link?url=https%3A%2F%2Fpromocode.co.il%2Fcoupon%2F10-off-intima%2F&name=%D7%A7%D7%95%D7%A4%D7%95%D7%9F%2010%25%20%D7%94%D7%A0%D7%97%D7%94%20%26%238211%3B%20INTIMA%20%D7%90%D7%99%D7%A0%D7%98%D7%99%D7%9E%D7%94
[2026-03-10T11:54:39.720Z]   EXT: https://www.tumblr.com/share/link?url=https%3A%2F%2Fpromocode.co.il%2Fcoupon%2F10-off-milkcare%2F&name=%D7%A7%D7%95%D7%A4%D7%95%D7%9F%2010%25%20%D7%94%D7%A0%D7%97%D7%94%20%26%238211%3B%20MilkCare%20%D7%9E%D7%99%D7%9C%D7%A7%20%D7%A7%D7%99%D7%99%D7%A8
[2026-03-10T11:54:39.720Z]   EXT: https://www.tumblr.com/share/link?url=https%3A%2F%2Fpromocode.co.il%2Fcoupon%2F10-off-over-120-iherb%2F&name=%D7%A7%D7%95%D7%A4%D7%95%D7%9F%2010%25%20%D7%94%D7%A0%D7%97%D7%94%20%D7%91%D7%A7%D7%A0%D7%99%D7%99%D7%94%20%D7%9E%D7%A2%D7%9C%20120%24%20%26%238211%3B%20iHerb%20%D7%90%D7%99%D7%99%D7%94%D7%A8%D7%91
[2026-03-10T11:54:39.720Z]   EXT: https://www.tumblr.com/share/link?url=https%3A%2F%2Fpromocode.co.il%2Fcoupon%2F10-off-over-60-iherb%2F&name=%D7%A7%D7%95%D7%A4%D7%95%D7%9F%2010%25%20%D7%94%D7%A0%D7%97%D7%94%20%D7%91%D7%A7%D7%A0%D7%99%D7%99%D7%94%20%D7%9E%D7%A2%D7%9C%2060%24%20%26%238211%3B%20iHerb%20%D7%90%D7%99%D7%99%D7%94%D7%A8%D7%91
[2026-03-10T11:54:39.720Z]   EXT: https://www.tumblr.com/share/link?url=https%3A%2F%2Fpromocode.co.il%2Fcoupon%2F10-off-smartcase%2F&name=%D7%A7%D7%95%D7%A4%D7%95%D7%9F%2010%25%20%D7%94%D7%A0%D7%97%D7%94%20%26%238211%3B%20SmartCase%20%D7%A1%D7%9E%D7%90%D7%A8%D7%98%20%D7%A7%D7%99%D7%99%D7%A1
[2026-03-10T11:54:39.720Z]   EXT: https://www.tumblr.com/share/link?url=https%3A%2F%2Fpromocode.co.il%2Fcoupon%2F10-off-super-pharm%2F&name=%D7%A7%D7%95%D7%A4%D7%95%D7%9F%2010%25%20%D7%94%D7%A0%D7%97%D7%94%20%26%238211%3B%20Super%20Pharm%20%D7%A1%D7%95%D7%A4%D7%A8%20%D7%A4%D7%90%D7%A8%D7%9D
[2026-03-10T11:54:39.720Z]   EXT: https://www.tumblr.com/share/link?url=https%3A%2F%2Fpromocode.co.il%2Fcoupon%2F10-off-terminal-x%2F&name=%D7%A7%D7%95%D7%A4%D7%95%D7%9F%2010%25%20%D7%94%D7%A0%D7%97%D7%94%20%26%238211%3B%20Terminal%20X%20%D7%98%D7%A8%D7%9E%D7%99%D7%A0%D7%9C%20%D7%90%D7%99%D7%A7%D7%A1
[2026-03-10T11:54:39.720Z]   EXT: https://www.tumblr.com/share/link?url=https%3A%2F%2Fpromocode.co.il%2Fcoupon%2F10-off-toys-r-us%2F&name=%D7%A7%D7%95%D7%A4%D7%95%D7%9F%2010%25%20%D7%94%D7%A0%D7%97%D7%94%20%26%238211%3B%20Toys%20R%20Us%20%D7%98%D7%95%D7%99%D7%A1%20%D7%90%D7%A8%20%D7%90%D7%A1
[2026-03-10T11:54:39.720Z]   EXT: https://www.tumblr.com/share/link?url=https%3A%2F%2Fpromocode.co.il%2Fcoupon%2F100-ils-off-over-400-ils-milega%2F&name=%D7%A7%D7%95%D7%A4%D7%95%D7%9F%20100%20%E2%82%AA%20%D7%94%D7%A0%D7%97%D7%94%20%D7%91%D7%A7%D7%A0%D7%99%D7%99%D7%94%20%D7%9E%D7%A2%D7%9C%20400%20%E2%82%AA%20%26%238211%3B%20Milega%20%D7%9E%D7%99%D7%9C%D7%92%D7%94
[2026-03-10T11:54:39.720Z]   EXT: https://www.tumblr.com/share/link?url=https%3A%2F%2Fpromocode.co.il%2Fcoupon%2F100-off-free-gifts-temu%2F&name=%D7%A7%D7%95%D7%A4%D7%95%D7%9F%20100%25%20%D7%94%D7%A0%D7%97%D7%94%20%D7%A2%D7%9C%20%D7%9E%D7%95%D7%A6%D7%A8%D7%99%D7%9D%20%D7%95%D7%9E%D7%AA%D7%A0%D7%95%D7%AA%20%D7%91%D7%97%D7%99%D7%A0%D7%9D%20%26%238211%3B%20Temu%20%D7%98%D7%9E%D7%95
[2026-03-10T11:54:39.720Z]   EXT: https://www.tumblr.com/share/link?url=https%3A%2F%2Fpromocode.co.il%2Fcoupon%2F15-off-beauty-bay%2F&name=%D7%A7%D7%95%D7%A4%D7%95%D7%9F%2015%25%20%D7%94%D7%A0%D7%97%D7%94%20%26%238211%3B%20Beauty%20Bay%20%D7%91%D7%99%D7%95%D7%98%D7%99%20%D7%91%D7%99%D7%99
[2026-03-10T11:54:39.721Z]   EXT: https://www.tumblr.com/share/link?url=https%3A%2F%2Fpromocode.co.il%2Fcoupon%2F15-off-first-order-cult-beauty%2F&name=%D7%A7%D7%95%D7%A4%D7%95%D7%9F%2015%25%20%D7%94%D7%A0%D7%97%D7%94%20%D7%91%D7%A7%D7%A0%D7%99%D7%99%D7%94%20%D7%A8%D7%90%D7%A9%D7%95%D7%A0%D7%94%20%26%238211%3B%20Cult%20Beauty%20%D7%A7%D7%90%D7%9C%D7%98%20%D7%91%D7%99%D7%95%D7%98%D7%99
[2026-03-10T11:54:39.721Z]   EXT: https://www.tumblr.com/share/link?url=https%3A%2F%2Fpromocode.co.il%2Fcoupon%2F15-off-rihoas%2F&name=%D7%A7%D7%95%D7%A4%D7%95%D7%9F%2015%25%20%D7%94%D7%A0%D7%97%D7%94%20%26%238211%3B%20Rihoas%20%D7%A8%D7%99%D7%94%D7%95%D7%90%D7%A1
[2026-03-10T11:54:39.721Z]   EXT: https://www.tumblr.com/share/link?url=https%3A%2F%2Fpromocode.co.il%2Fcoupon%2F20-off-iherb%2F&name=%D7%A7%D7%95%D7%A4%D7%95%D7%9F%2020%25%20%D7%94%D7%A0%D7%97%D7%94%20%D7%A2%D7%9C%20%D7%94%D7%94%D7%96%D7%9E%D7%A0%D7%94%20%D7%94%D7%A8%D7%90%D7%A9%D7%95%D7%A0%D7%94%20%26%238211%3B%20iHerb%20%D7%90%D7%99%D7%99%D7%94%D7%A8%D7%91
[2026-03-10T11:54:39.721Z]   EXT: https://www.tumblr.com/share/link?url=https%3A%2F%2Fpromocode.co.il%2Fcoupon%2F20-off-over-60-iherb%2F&name=%D7%A7%D7%95%D7%A4%D7%95%D7%9F%2020%25%20%D7%94%D7%A0%D7%97%D7%94%20%D7%91%D7%A7%D7%A0%D7%99%D7%99%D7%94%20%D7%9E%D7%A2%D7%9C%2060%24%20%26%238211%3B%20iHerb%20%D7%90%D7%99%D7%99%D7%94%D7%A8%D7%91
[2026-03-10T11:54:39.721Z]   EXT: https://www.tumblr.com/share/link?url=https%3A%2F%2Fpromocode.co.il%2Fcoupon%2F20-off-pixelcut%2F&name=%D7%A7%D7%95%D7%A4%D7%95%D7%9F%2020%25%20%D7%94%D7%A0%D7%97%D7%94%20%26%238211%3B%20Pixelcut%20%D7%A4%D7%99%D7%A7%D7%A1%D7%9C%D7%A7%D7%90%D7%98
[2026-03-10T11:54:39.721Z]   EXT: https://www.tumblr.com/share/link?url=https%3A%2F%2Fpromocode.co.il%2Fcoupon%2F25-off-nike%2F&name=%D7%A7%D7%95%D7%A4%D7%95%D7%9F%2025%25%20%D7%94%D7%A0%D7%97%D7%94%20%26%238211%3B%20Nike%20%D7%A0%D7%99%D7%99%D7%A7
[2026-03-10T11:54:39.721Z]   EXT: https://www.tumblr.com/share/link?url=https%3A%2F%2Fpromocode.co.il%2Fcoupon%2F30-ils-off-smartcase%2F&name=%D7%A7%D7%95%D7%A4%D7%95%D7%9F%2030%20%E2%82%AA%20%D7%94%D7%A0%D7%97%D7%94%20%26%238211%3B%20SmartCase%20%D7%A1%D7%9E%D7%90%D7%A8%D7%98%20%D7%A7%D7%99%D7%99%D7%A1
[2026-03-10T11:54:39.721Z]   EXT: https://www.tumblr.com/share/link?url=https%3A%2F%2Fpromocode.co.il%2Fcoupon%2F30-ils-off-wolt%2F&name=%D7%A7%D7%95%D7%A4%D7%95%D7%9F%2030%20%E2%82%AA%20%D7%94%D7%A0%D7%97%D7%94%20%26%238211%3B%20Wolt%20%D7%95%D7%95%D7%9C%D7%98
[2026-03-10T11:54:39.721Z]   EXT: https://www.tumblr.com/share/link?url=https%3A%2F%2Fpromocode.co.il%2Fcoupon%2F30-off-cloudways%2F&name=%D7%A7%D7%95%D7%A4%D7%95%D7%9F%2030%25%20%D7%94%D7%A0%D7%97%D7%94%20%26%238211%3B%20Cloudways%20%D7%A7%D7%9C%D7%90%D7%95%D7%93%D7%95%D7%95%D7%99%D7%96
[2026-03-10T11:54:39.721Z]   EXT: https://www.tumblr.com/share/link?url=https%3A%2F%2Fpromocode.co.il%2Fcoupon%2F30-off-gulliver%2F&name=%D7%A7%D7%95%D7%A4%D7%95%D7%9F%2030%24%20%D7%94%D7%A0%D7%97%D7%94%20%26%238211%3B%20Gulliver%20%D7%92%D7%95%D7%9C%D7%99%D7%91%D7%A8
[2026-03-10T11:54:39.721Z]   EXT: https://www.tumblr.com/share/link?url=https%3A%2F%2Fpromocode.co.il%2Fcoupon%2F30-off-temu%2F&name=%D7%A7%D7%95%D7%A4%D7%95%D7%9F%2030%25%20%D7%94%D7%A0%D7%97%D7%94%20%26%238211%3B%20Temu%20%D7%98%D7%9E%D7%95
[2026-03-10T11:54:39.721Z]   EXT: https://www.tumblr.com/share/link?url=https%3A%2F%2Fpromocode.co.il%2Fcoupon%2F400-ils-off-temu%2F&name=%D7%A7%D7%95%D7%A4%D7%95%D7%9F%20400%20%E2%82%AA%20%D7%94%D7%A0%D7%97%D7%94%20%26%238211%3B%20Temu%20%D7%98%D7%9E%D7%95
[2026-03-10T11:54:39.721Z]   EXT: https://www.tumblr.com/share/link?url=https%3A%2F%2Fpromocode.co.il%2Fcoupon%2F5-off-afi-hotels%2F&name=%D7%9E%D7%91%D7%A6%D7%A2%205%25%20%D7%94%D7%A0%D7%97%D7%94%20%26%238211%3B%20AFI%20Hotels%20%D7%9E%D7%9C%D7%95%D7%A0%D7%95%D7%AA%20%D7%90%D7%A4%D7%A8%D7%99%D7%A7%D7%94%20%D7%99%D7%A9%D7%A8%D7%90%D7%9C
[2026-03-10T11:54:39.721Z]   EXT: https://www.tumblr.com/share/link?url=https%3A%2F%2Fpromocode.co.il%2Fcoupon%2F5-off-anker%2F&name=%D7%A7%D7%95%D7%A4%D7%95%D7%9F%205%25%20%D7%94%D7%A0%D7%97%D7%94%20%26%238211%3B%20Anker%20%D7%90%D7%A0%D7%A7%D7%A8%20%D7%99%D7%A9%D7%A8%D7%90%D7%9C
[2026-03-10T11:54:39.721Z]   EXT: https://www.tumblr.com/share/link?url=https%3A%2F%2Fpromocode.co.il%2Fcoupon%2F5-off-diamond-chef%2F&name=%D7%A7%D7%95%D7%A4%D7%95%D7%9F%205%25%20%D7%94%D7%A0%D7%97%D7%94%20%26%238211%3B%20Diamond%20Chef%20%D7%93%D7%99%D7%99%D7%9E%D7%95%D7%A0%D7%93%20%D7%A9%D7%A3
[2026-03-10T11:54:39.721Z]   EXT: https://www.tumblr.com/share/link?url=https%3A%2F%2Fpromocode.co.il%2Fcoupon%2F5-off-iherb%2F&name=%D7%A7%D7%95%D7%A4%D7%95%D7%9F%205%25%20%D7%94%D7%A0%D7%97%D7%94%20%26%238211%3B%20iHerb%20%D7%90%D7%99%D7%99%D7%94%D7%A8%D7%91
[2026-03-10T11:54:39.722Z]   EXT: https://www.tumblr.com/share/link?url=https%3A%2F%2Fpromocode.co.il%2Fcoupon%2F5-off-rebuild%2F&name=%D7%A7%D7%95%D7%A4%D7%95%D7%9F%205%25%20%D7%94%D7%A0%D7%97%D7%94%20%26%238211%3B%20Rebuild%20%D7%A8%D7%91%D7%99%D7%9C%D7%93
[2026-03-10T11:54:39.722Z]   EXT: https://www.tumblr.com/share/link?url=https%3A%2F%2Fpromocode.co.il%2Fcoupon%2F5-off-revopoint%2F&name=%D7%A7%D7%95%D7%A4%D7%95%D7%9F%205%25%20%D7%94%D7%A0%D7%97%D7%94%20%26%238211%3B%20Revopoint%20%D7%A8%D7%91%D7%95%D7%A4%D7%95%D7%99%D7%A0%D7%98
[2026-03-10T11:54:39.722Z]   EXT: https://www.tumblr.com/share/link?url=https%3A%2F%2Fpromocode.co.il%2Fcoupon%2F50-off-wolt%2F&name=%D7%A7%D7%95%D7%A4%D7%95%D7%9F%2050%20%E2%82%AA%20%D7%94%D7%A0%D7%97%D7%94%20%26%238211%3B%20Wolt%20%D7%95%D7%95%D7%9C%D7%98
[2026-03-10T11:54:39.722Z]   EXT: https://www.tumblr.com/share/link?url=https%3A%2F%2Fpromocode.co.il%2Fcoupon%2F8-off-story-online%2F&name=%D7%A7%D7%95%D7%A4%D7%95%D7%9F%208%25%20%D7%94%D7%A0%D7%97%D7%94%20%26%238211%3B%20Story%20Online%20%D7%A1%D7%98%D7%95%D7%A8%D7%99%20%D7%90%D7%95%D7%A0%D7%9C%D7%99%D7%99%D7%9F
[2026-03-10T11:54:39.722Z]   EXT: https://www.tumblr.com/share/link?url=https%3A%2F%2Fpromocode.co.il%2Fcoupon%2Fblack-friday-ksp%2F&name=%D7%9E%D7%91%D7%A6%D7%A2%D7%99%20%D7%91%D7%9C%D7%90%D7%A7%20%D7%A4%D7%A8%D7%99%D7%99%D7%93%D7%99%20%26%238211%3B%20KSP%20%D7%A7%D7%99%D7%99%20%D7%90%D7%A1%20%D7%A4%D7%99
[2026-03-10T11:54:39.722Z]   EXT: https://www.tumblr.com/share/link?url=https%3A%2F%2Fpromocode.co.il%2Fcoupon%2Ffree-shipping-amika%2F&name=%D7%9E%D7%A9%D7%9C%D7%95%D7%97%20%D7%97%D7%99%D7%A0%D7%9D%20%26%238211%3B%20Amika%20%D7%90%D7%9E%D7%99%D7%A7%D7%94
[2026-03-10T11:54:39.722Z]   EXT: https://www.tumblr.com/share/link?url=https%3A%2F%2Fpromocode.co.il%2Fcoupon%2Ffree-shipping-anker%2F&name=%D7%9E%D7%A9%D7%9C%D7%95%D7%97%20%D7%97%D7%99%D7%A0%D7%9D%20%26%238211%3B%20Anker%20%D7%90%D7%A0%D7%A7%D7%A8%20%D7%99%D7%A9%D7%A8%D7%90%D7%9C
[2026-03-10T11:54:39.722Z]   EXT: https://www.tumblr.com/share/link?url=https%3A%2F%2Fpromocode.co.il%2Fcoupon%2Ffree-shipping-bissell%2F&name=%D7%9E%D7%A9%D7%9C%D7%95%D7%97%20%D7%97%D7%99%D7%A0%D7%9D%20%26%238211%3B%20Bissell%20%D7%91%D7%99%D7%A1%D7%9C%20%D7%99%D7%A9%D7%A8%D7%90%D7%9C
[2026-03-10T11:54:39.722Z]   EXT: https://www.tumblr.com/share/link?url=https%3A%2F%2Fpromocode.co.il%2Fcoupon%2Fil-off-asos%2F&name=%D7%A7%D7%95%D7%A4%D7%95%D7%9F%2018%25%20%D7%94%D7%A0%D7%97%D7%94%20%26%238211%3B%20ASOS%20%D7%90%D7%A1%D7%95%D7%A1
[2026-03-10T11:54:39.722Z]   EXT: https://www.tumblr.com/share/link?url=https%3A%2F%2Fpromocode.co.il%2Fcoupon%2Fmastercard-day-aeroflex%2F&name=%D7%A7%D7%95%D7%A4%D7%95%D7%9F%20%D7%9E%D7%90%D7%A1%D7%98%D7%A8%D7%A7%D7%90%D7%A8%D7%93%20%D7%93%D7%99%D7%99%2025%25%20%D7%94%D7%A0%D7%97%D7%94%20%D7%A2%D7%9C%20%D7%9B%D7%A8%D7%99%D7%95%D7%AA%20%26%238211%3B%20Aeroflex%20%D7%90%D7%99%D7%A8%D7%95%D7%A4%D7%9C%D7%A7%D7%A1
[2026-03-10T11:54:39.722Z]   EXT: https://www.tumblr.com/share/link?url=https%3A%2F%2Fpromocode.co.il%2Fcoupon%2Fmastercard-day-iherb%2F&name=%D7%A7%D7%95%D7%A4%D7%95%D7%9F%20%D7%9E%D7%90%D7%A1%D7%98%D7%A8%D7%A7%D7%90%D7%A8%D7%93%20%D7%93%D7%99%D7%99%2015%25%20%D7%94%D7%A0%D7%97%D7%94%20%D7%9E%D7%A2%D7%9C%2060%24%20%26%238211%3B%20iHerb%20%D7%90%D7%99%D7%99%D7%94%D7%A8%D7%91
[2026-03-10T11:54:39.722Z]   EXT: https://www.tumblr.com/share/link?url=https%3A%2F%2Fpromocode.co.il%2Fcoupon%2Fmastercard-day-lee-cooper%2F&name=%D7%A7%D7%95%D7%A4%D7%95%D7%9F%20%D7%9E%D7%90%D7%A1%D7%98%D7%A8%D7%A7%D7%90%D7%A8%D7%93%20%D7%93%D7%99%D7%99%2020%25%20%D7%94%D7%A0%D7%97%D7%94%20%26%238211%3B%20Lee%20Cooper%20%D7%9C%D7%99%20%D7%A7%D7%95%D7%A4%D7%A8%20%D7%99%D7%A9%D7%A8%D7%90%D7%9C
[2026-03-10T11:54:39.722Z]   EXT: https://www.tumblr.com/share/link?url=https%3A%2F%2Fpromocode.co.il%2Fcoupon%2Fmastercard-day-mishloha%2F&name=%D7%A7%D7%95%D7%A4%D7%95%D7%9F%20%D7%9E%D7%90%D7%A1%D7%98%D7%A8%D7%A7%D7%90%D7%A8%D7%93%20%D7%93%D7%99%D7%99%2030%20%E2%82%AA%20%D7%94%D7%A0%D7%97%D7%94%20%26%238211%3B%20Mishloha%20%D7%9E%D7%A9%D7%9C%D7%95%D7%97%D7%94
[2026-03-10T11:54:39.722Z]   EXT: https://www.tumblr.com/share/link?url=https%3A%2F%2Fpromocode.co.il%2Fcoupon%2Fmastercard-day-nintendo%2F&name=%D7%A7%D7%95%D7%A4%D7%95%D7%9F%20%D7%9E%D7%90%D7%A1%D7%98%D7%A8%D7%A7%D7%90%D7%A8%D7%93%20%D7%93%D7%99%D7%99%2010%25%20%D7%94%D7%A0%D7%97%D7%94%20%26%238211%3B%20Nintendo%20%D7%A0%D7%99%D7%A0%D7%98%D7%A0%D7%93%D7%95%20%D7%99%D7%A9%D7%A8%D7%90%D7%9C
[2026-03-10T11:54:39.722Z]   EXT: https://www.tumblr.com/share/link?url=https%3A%2F%2Fpromocode.co.il%2Fcoupon%2Fmastercard-day-olam-hakolnoa%2F&name=%D7%A7%D7%95%D7%A4%D7%95%D7%9F%20%D7%9E%D7%90%D7%A1%D7%98%D7%A8%D7%A7%D7%90%D7%A8%D7%93%20%D7%93%D7%99%D7%99%2010%25%20%D7%94%D7%A0%D7%97%D7%94%20%26%238211%3B%20Olam%20Hakolnoa%20%D7%A2%D7%95%D7%9C%D7%9D%20%D7%94%D7%A7%D7%95%D7%9C%D7%A0%D7%95%D7%A2%20%D7%95%D7%94%D7%97%D7%A9%D7%9E%D7%9C
[2026-03-10T11:54:39.723Z]   EXT: https://www.tumblr.com/share/link?url=https%3A%2F%2Fpromocode.co.il%2Fcoupon%2Fmastercard-day-soltam%2F&name=%D7%A7%D7%95%D7%A4%D7%95%D7%9F%20%D7%9E%D7%90%D7%A1%D7%98%D7%A8%D7%A7%D7%90%D7%A8%D7%93%20%D7%93%D7%99%D7%99%2015%25%20%D7%94%D7%A0%D7%97%D7%94%20%26%238211%3B%20Soltam%20Radad%20%D7%A1%D7%95%D7%9C%D7%AA%D7%9D%20%D7%A8%D7%93%D7%93
[2026-03-10T11:54:39.723Z]   EXT: https://www.tumblr.com/share/link?url=https%3A%2F%2Fpromocode.co.il%2Fcoupon%2Fnovember-sale-golf-co%2F&name=%D7%9E%D7%91%D7%A6%D7%A2%20%D7%A0%D7%95%D7%91%D7%9E%D7%91%D7%A8%20%D7%A1%D7%99%D7%99%D7%9C%20%26%238211%3B%20Golf%20%26amp%3B%20Co%20%D7%92%D7%95%D7%9C%D7%A3%20%D7%90%D7%A0%D7%93%20%D7%A7%D7%95
[2026-03-10T11:54:39.723Z]   EXT: https://www.tumblr.com/share/link?url=https%3A%2F%2Fpromocode.co.il%2Fcoupon%2Fnovember-sale-super-pharm%2F&name=%D7%9E%D7%91%D7%A6%D7%A2%D7%99%20%D7%A0%D7%95%D7%91%D7%9E%D7%91%D7%A8%20%D7%A1%D7%99%D7%99%D7%9C%20%26%238211%3B%20Super%20Pharm%20%D7%A1%D7%95%D7%A4%D7%A8%20%D7%A4%D7%90%D7%A8%D7%9D
[2026-03-10T11:54:39.723Z]   EXT: https://www.tumblr.com/share/link?url=https%3A%2F%2Fpromocode.co.il%2Fcoupon%2Foff-aeg-olam-hakolnoa%2F&name=%D7%A7%D7%95%D7%A4%D7%95%D7%9F%2010%25%20%D7%94%D7%A0%D7%97%D7%94%20%D7%A2%D7%9C%20%D7%9E%D7%95%D7%A6%D7%A8%D7%99%20%D7%94%D7%9E%D7%95%D7%AA%D7%92%20AEG%20%D7%90%D7%99%D7%99%20%D7%90%D7%99%20%D7%92%26%238217%3B%D7%99%20%26%238211%3B%20Olam%20Hakolnoa%20%D7%A2%D7%95%D7%9C%D7%9D%20%D7%94%D7%A7%D7%95%D7%9C%D7%A0%D7%95%D7%A2%20%D7%95%D7%94%D7%97%D7%A9%D7%9E%D7%9C
[2026-03-10T11:54:39.723Z]   EXT: https://www.tumblr.com/share/link?url=https%3A%2F%2Fpromocode.co.il%2Fcoupon%2Foff-anker%2F&name=%D7%9E%D7%91%D7%A6%D7%A2%D7%99%D7%9D%20%D7%95%D7%94%D7%A0%D7%97%D7%95%D7%AA%20%D7%A2%D7%9C%20%D7%9E%D7%92%D7%95%D7%95%D7%9F%20%D7%9E%D7%95%D7%A6%D7%A8%D7%99%D7%9D%20%26%238211%3B%20Anker%20%D7%90%D7%A0%D7%A7%D7%A8%20%D7%99%D7%A9%D7%A8%D7%90%D7%9C
[2026-03-10T11:54:39.723Z]   EXT: https://www.tumblr.com/share/link?url=https%3A%2F%2Fpromocode.co.il%2Fcoupon%2Foff-bissell%2F&name=%D7%9E%D7%91%D7%A6%D7%A2%D7%99%D7%9D%20%D7%95%D7%94%D7%A0%D7%97%D7%95%D7%AA%20%D7%A2%D7%9C%20%D7%9E%D7%92%D7%95%D7%95%D7%9F%20%D7%9E%D7%95%D7%A6%D7%A8%D7%99%D7%9D%20%26%238211%3B%20Bissell%20%D7%91%D7%99%D7%A1%D7%9C%20%D7%99%D7%A9%D7%A8%D7%90%D7%9C
[2026-03-10T11:54:39.723Z]   EXT: https://www.tumblr.com/share/link?url=https%3A%2F%2Fpromocode.co.il%2Fcoupon%2Foff-ceiling-mounted-lighting-fixtures-home-center%2F&name=%D7%A7%D7%95%D7%A4%D7%95%D7%9F%205%25%20%D7%94%D7%A0%D7%97%D7%94%20%D7%A2%D7%9C%20%D7%92%D7%95%D7%A4%D7%99%20%D7%AA%D7%90%D7%95%D7%A8%D7%94%20%D7%A6%D7%9E%D7%95%D7%93%D7%99%20%D7%AA%D7%A7%D7%A8%D7%94%20%26%238211%3B%20Home%20Center%20%D7%94%D7%95%D7%9D%20%D7%A1%D7%A0%D7%98%D7%A8
[2026-03-10T11:54:39.723Z]   EXT: https://www.tumblr.com/share/link?url=https%3A%2F%2Fpromocode.co.il%2Fcoupon%2Foff-cinema-city%2F&name=%D7%9E%D7%91%D7%A6%D7%A2%D7%99%D7%9D%20%D7%A2%D7%9C%20%D7%9E%D7%92%D7%95%D7%95%D7%9F%20%D7%A1%D7%A8%D7%98%D7%99%D7%9D%20%D7%91%D7%A7%D7%95%D7%9C%D7%A0%D7%95%D7%A2%20%26%238211%3B%20Cinema%20City%20%D7%A1%D7%99%D7%A0%D7%9E%D7%94%20%D7%A1%D7%99%D7%98%D7%99
[2026-03-10T11:54:39.723Z]   EXT: https://www.tumblr.com/share/link?url=https%3A%2F%2Fpromocode.co.il%2Fcoupon%2Foff-delta%2F&name=%D7%9E%D7%91%D7%A6%D7%A2%2015%25%20%D7%94%D7%A0%D7%97%D7%94%20%D7%91%D7%A7%D7%A0%D7%99%D7%99%D7%94%20%D7%A8%D7%90%D7%A9%D7%95%D7%A0%D7%94%20%26%238211%3B%20Delta%20%D7%93%D7%9C%D7%AA%D7%90
[2026-03-10T11:54:39.723Z]   EXT: https://www.tumblr.com/share/link?url=https%3A%2F%2Fpromocode.co.il%2Fcoupon%2Foff-diesenhaus%2F&name=%D7%9E%D7%91%D7%A6%D7%A2%D7%99%D7%9D%20%D7%A2%D7%9C%20%D7%AA%D7%99%D7%99%D7%A8%D7%95%D7%AA%20%26%238211%3B%20Diesenhaus%20%D7%93%D7%99%D7%96%D7%A0%D7%94%D7%90%D7%95%D7%96
[2026-03-10T11:54:39.723Z]   EXT: https://www.tumblr.com/share/link?url=https%3A%2F%2Fpromocode.co.il%2Fcoupon%2Foff-g-haun%2F&name=%D7%9E%D7%91%D7%A6%D7%A2%D7%99%D7%9D%20%D7%A2%D7%9C%20%D7%9E%D7%95%D7%A6%D7%A8%D7%99%D7%9D%20%26%238211%3B%20G.%20Haun%20%D7%92.%20%D7%97%D7%99%D7%95%D7%9F
[2026-03-10T11:54:39.723Z]   EXT: https://www.tumblr.com/share/link?url=https%3A%2F%2Fpromocode.co.il%2Fcoupon%2Foff-gomoworld%2F&name=%D7%9E%D7%91%D7%A6%D7%A2%D7%99%D7%9D%20%D7%A2%D7%9C%20%D7%97%D7%91%D7%99%D7%9C%D7%95%D7%AA%20%D7%92%D7%9C%D7%99%D7%A9%D7%94%20%26%238211%3B%20GoMoWorld%20%D7%92%D7%95%D7%9E%D7%95%20%D7%95%D7%95%D7%A8%D7%9C%D7%93
[2026-03-10T11:54:39.723Z]   EXT: https://www.tumblr.com/share/link?url=https%3A%2F%2Fpromocode.co.il%2Fcoupon%2Foff-hinged-wardrobes-home-center%2F&name=%D7%A7%D7%95%D7%A4%D7%95%D7%9F%206%25%20%D7%94%D7%A0%D7%97%D7%94%20%D7%A2%D7%9C%20%D7%90%D7%A8%D7%95%D7%A0%D7%95%D7%AA%20%D7%A4%D7%AA%D7%99%D7%97%D7%94%20%26%238211%3B%20Home%20Center%20%D7%94%D7%95%D7%9D%20%D7%A1%D7%A0%D7%98%D7%A8
[2026-03-10T11:54:39.723Z]   EXT: https://www.tumblr.com/share/link?url=https%3A%2F%2Fpromocode.co.il%2Fcoupon%2Foff-kiwi-com%2F&name=%D7%9E%D7%91%D7%A6%D7%A2%D7%99%D7%9D%20%D7%95%D7%94%D7%A0%D7%97%D7%95%D7%AA%20%D7%A2%D7%9C%20%D7%AA%D7%99%D7%99%D7%A8%D7%95%D7%AA%20%26%238211%3B%20Kiwi.com%20%D7%A7%D7%99%D7%95%D7%95%D7%99%20%D7%A7%D7%95%D7%9D
[2026-03-10T11:54:39.723Z]   EXT: https://www.tumblr.com/share/link?url=https%3A%2F%2Fpromocode.co.il%2Fcoupon%2Foff-ksp%2F&name=%D7%A7%D7%95%D7%A4%D7%95%D7%9F%20%D7%94%D7%A0%D7%97%D7%94%20%D7%9E%D7%A9%D7%AA%D7%A0%D7%94%20%26%238211%3B%20KSP%20%D7%A7%D7%99%D7%99%20%D7%90%D7%A1%20%D7%A4%D7%99
[2026-03-10T11:54:39.724Z]   EXT: https://www.tumblr.com/share/link?url=https%3A%2F%2Fpromocode.co.il%2Fcoupon%2Foff-mayven%2F&name=%D7%9E%D7%91%D7%A6%D7%A2%D7%99%D7%9D%20%D7%95%D7%94%D7%A0%D7%97%D7%94%20%D7%A2%D7%9C%20%D7%9E%D7%92%D7%95%D7%95%D7%9F%20%D7%9E%D7%95%D7%A6%D7%A8%D7%99%D7%9D%20%26%238211%3B%20Mayven%20%D7%9E%D7%99%D7%99%D7%91%D7%9F
[2026-03-10T11:54:39.724Z]   EXT: https://www.tumblr.com/share/link?url=https%3A%2F%2Fpromocode.co.il%2Fcoupon%2Foff-mirrors-home-center%2F&name=%D7%A7%D7%95%D7%A4%D7%95%D7%9F%2010%25%20%D7%94%D7%A0%D7%97%D7%94%20%D7%A2%D7%9C%20%D7%9E%D7%A8%D7%90%D7%95%D7%AA%20%26%238211%3B%20Home%20Center%20%D7%94%D7%95%D7%9D%20%D7%A1%D7%A0%D7%98%D7%A8
[2026-03-10T11:54:39.724Z]   EXT: https://www.tumblr.com/share/link?url=https%3A%2F%2Fpromocode.co.il%2Fcoupon%2Foff-next%2F&name=%D7%A7%D7%95%D7%A4%D7%95%D7%9F%20%D7%94%D7%A0%D7%97%D7%94%20%26%238211%3B%20Next%20%D7%A0%D7%A7%D7%A1%D7%98
[2026-03-10T11:54:39.724Z]   EXT: https://www.tumblr.com/share/link?url=https%3A%2F%2Fpromocode.co.il%2Fcoupon%2Foff-nike%2F&name=%D7%9E%D7%91%D7%A6%D7%A2%20%D7%A2%D7%93%2030%25%20%D7%94%D7%A0%D7%97%D7%94%20%D7%A2%D7%9C%20%D7%9E%D7%92%D7%95%D7%95%D7%9F%20%D7%A4%D7%A8%D7%99%D7%98%D7%99%D7%9D%20%26%238211%3B%20Nike%20%D7%A0%D7%99%D7%99%D7%A7
[2026-03-10T11:54:39.724Z]   EXT: https://www.tumblr.com/share/link?url=https%3A%2F%2Fpromocode.co.il%2Fcoupon%2Foff-pandora%2F&name=%D7%9E%D7%91%D7%A6%D7%A2%D7%99%D7%9D%20%D7%A2%D7%9C%20%D7%94%D7%9E%D7%95%D7%A6%D7%A8%D7%99%D7%9D%20%D7%91%D7%A2%D7%9E%D7%95%D7%93%20%D7%94%D7%97%D7%A0%D7%95%D7%AA%20Amazon%20%D7%90%D7%9E%D7%96%D7%95%D7%9F%20%26%238211%3B%20Pandora%20%D7%A4%D7%A0%D7%93%D7%95%D7%A8%D7%94
[2026-03-10T11:54:39.724Z]   EXT: https://www.tumblr.com/share/link?url=https%3A%2F%2Fpromocode.co.il%2Fcoupon%2Foff-proshop%2F&name=%D7%9E%D7%91%D7%A6%D7%A2%D7%99%D7%9D%20%D7%A2%D7%9C%20%D7%9E%D7%95%D7%A6%D7%A8%D7%99%D7%9D%20%26%238211%3B%20ProShop%20%D7%A4%D7%A8%D7%95%D7%A9%D7%95%D7%A4
[2026-03-10T11:54:39.724Z]   EXT: https://www.tumblr.com/share/link?url=https%3A%2F%2Fpromocode.co.il%2Fcoupon%2Foff-secret-asos%2F&name=%D7%A7%D7%95%D7%A4%D7%95%D7%9F%20%D7%A1%D7%95%D7%93%D7%99%20%D7%A2%D7%93%2030%25%20%D7%94%D7%A0%D7%97%D7%94%20%26%238211%3B%20ASOS%20%D7%90%D7%A1%D7%95%D7%A1
[2026-03-10T11:54:39.724Z]   EXT: https://www.tumblr.com/share/link?url=https%3A%2F%2Fpromocode.co.il%2Fcoupon%2Foff-selected-amazon%2F&name=%D7%A7%D7%95%D7%A4%D7%95%D7%9F%20%D7%94%D7%A0%D7%97%D7%94%20%D7%9E%D7%A9%D7%AA%D7%A0%D7%94%20%26%238211%3B%20Amazon%20%D7%90%D7%9E%D7%96%D7%95%D7%9F
[2026-03-10T11:54:39.724Z]   EXT: https://www.tumblr.com/share/link?url=https%3A%2F%2Fpromocode.co.il%2Fcoupon%2Foff-sliding-wardrobes-home-center%2F&name=%D7%A7%D7%95%D7%A4%D7%95%D7%9F%206%25%20%D7%94%D7%A0%D7%97%D7%94%20%D7%A2%D7%9C%20%D7%90%D7%A8%D7%95%D7%A0%D7%95%D7%AA%20%D7%94%D7%96%D7%96%D7%94%20%26%238211%3B%20Home%20Center%20%D7%94%D7%95%D7%9D%20%D7%A1%D7%A0%D7%98%D7%A8
[2026-03-10T11:54:39.724Z]   EXT: https://www.tumblr.com/share/link?url=https%3A%2F%2Fpromocode.co.il%2Fcoupon%2Foff-soulmate%2F&name=%D7%A7%D7%95%D7%A4%D7%95%D7%9F%20%D7%94%D7%A0%D7%97%D7%94%20%26%238211%3B%20%D7%A1%D7%95%D7%9C%D7%9E%D7%99%D7%99%D7%98%20SoulMate
[2026-03-10T11:54:39.724Z]   EXT: https://www.tumblr.com/share/link?url=https%3A%2F%2Fpromocode.co.il%2Fcoupon%2Foff-temu%2F&name=%D7%9E%D7%91%D7%A6%D7%A2%D7%99%D7%9D%20%D7%95%D7%94%D7%A0%D7%97%D7%95%D7%AA%20%D7%A2%D7%9C%20%D7%9E%D7%95%D7%A6%D7%A8%D7%99%D7%9D%20%26%238211%3B%20Temu%20%D7%98%D7%9E%D7%95
[2026-03-10T11:54:39.724Z]   EXT: https://www.tumblr.com/share/link?url=https%3A%2F%2Fpromocode.co.il%2Fcoupon%2Foff-trip-com%2F&name=%D7%9E%D7%91%D7%A6%D7%A2%D7%99%D7%9D%20%D7%95%D7%94%D7%A0%D7%97%D7%95%D7%AA%20%D7%A2%D7%9C%20%D7%AA%D7%99%D7%99%D7%A8%D7%95%D7%AA%20%26%238211%3B%20Trip.com%20%D7%98%D7%A8%D7%99%D7%A4%20%D7%A7%D7%95%D7%9D
[2026-03-10T11:54:39.724Z]   EXT: https://www.tumblr.com/share/link?url=https%3A%2F%2Fpromocode.co.il%2Fcoupon%2Foff-tx-day-terminal-x%2F&name=%D7%9E%D7%91%D7%A6%D7%A2%20TX%20DAY%20%D7%A2%D7%9D%2030%25%20%D7%94%D7%A0%D7%97%D7%94%20%26%238211%3B%20Terminal%20X%20%D7%98%D7%A8%D7%9E%D7%99%D7%A0%D7%9C%20%D7%90%D7%99%D7%A7%D7%A1
[2026-03-10T11:54:39.724Z]   EXT: https://www.tumblr.com/share/link?url=https%3A%2F%2Fpromocode.co.il%2Fcoupon%2Foff-zara%2F&name=%D7%A7%D7%95%D7%A4%D7%95%D7%9F%20%D7%94%D7%A0%D7%97%D7%94%20%26%238211%3B%20ZARA%20%D7%96%D7%90%D7%A8%D7%94
[2026-03-10T11:54:39.724Z]   EXT: https://x.com/promocodeil
[2026-03-10T11:54:39.724Z] ── Step 1: Programmatic categorization ──
[2026-03-10T11:54:39.725Z]   UNCATEGORIZED: https://api.whatsapp.com/send?text=https%3A%2F%2Fpromocode.co.il%2Fcoupon%2F10-off-giv-ol%2F
[2026-03-10T11:54:39.725Z]   UNCATEGORIZED: https://api.whatsapp.com/send?text=https%3A%2F%2Fpromocode.co.il%2Fcoupon%2F10-off-golf-kids%2F
[2026-03-10T11:54:39.725Z]   UNCATEGORIZED: https://api.whatsapp.com/send?text=https%3A%2F%2Fpromocode.co.il%2Fcoupon%2F10-off-house-brands-iherb%2F
[2026-03-10T11:54:39.725Z]   UNCATEGORIZED: https://api.whatsapp.com/send?text=https%3A%2F%2Fpromocode.co.il%2Fcoupon%2F10-off-intima%2F
[2026-03-10T11:54:39.726Z]   UNCATEGORIZED: https://api.whatsapp.com/send?text=https%3A%2F%2Fpromocode.co.il%2Fcoupon%2F10-off-milkcare%2F
[2026-03-10T11:54:39.726Z]   UNCATEGORIZED: https://api.whatsapp.com/send?text=https%3A%2F%2Fpromocode.co.il%2Fcoupon%2F10-off-over-120-iherb%2F
[2026-03-10T11:54:39.726Z]   UNCATEGORIZED: https://api.whatsapp.com/send?text=https%3A%2F%2Fpromocode.co.il%2Fcoupon%2F10-off-over-60-iherb%2F
[2026-03-10T11:54:39.726Z]   UNCATEGORIZED: https://api.whatsapp.com/send?text=https%3A%2F%2Fpromocode.co.il%2Fcoupon%2F10-off-smartcase%2F
[2026-03-10T11:54:39.726Z]   UNCATEGORIZED: https://api.whatsapp.com/send?text=https%3A%2F%2Fpromocode.co.il%2Fcoupon%2F10-off-super-pharm%2F
[2026-03-10T11:54:39.726Z]   UNCATEGORIZED: https://api.whatsapp.com/send?text=https%3A%2F%2Fpromocode.co.il%2Fcoupon%2F10-off-terminal-x%2F
[2026-03-10T11:54:39.726Z]   UNCATEGORIZED: https://api.whatsapp.com/send?text=https%3A%2F%2Fpromocode.co.il%2Fcoupon%2F10-off-toys-r-us%2F
[2026-03-10T11:54:39.726Z]   UNCATEGORIZED: https://api.whatsapp.com/send?text=https%3A%2F%2Fpromocode.co.il%2Fcoupon%2F100-ils-off-over-400-ils-milega%2F
[2026-03-10T11:54:39.726Z]   UNCATEGORIZED: https://api.whatsapp.com/send?text=https%3A%2F%2Fpromocode.co.il%2Fcoupon%2F100-off-free-gifts-temu%2F
[2026-03-10T11:54:39.726Z]   UNCATEGORIZED: https://api.whatsapp.com/send?text=https%3A%2F%2Fpromocode.co.il%2Fcoupon%2F15-off-beauty-bay%2F
[2026-03-10T11:54:39.726Z]   UNCATEGORIZED: https://api.whatsapp.com/send?text=https%3A%2F%2Fpromocode.co.il%2Fcoupon%2F15-off-first-order-cult-beauty%2F
[2026-03-10T11:54:39.726Z]   UNCATEGORIZED: https://api.whatsapp.com/send?text=https%3A%2F%2Fpromocode.co.il%2Fcoupon%2F15-off-rihoas%2F
[2026-03-10T11:54:39.726Z]   UNCATEGORIZED: https://api.whatsapp.com/send?text=https%3A%2F%2Fpromocode.co.il%2Fcoupon%2F20-off-iherb%2F
[2026-03-10T11:54:39.727Z]   UNCATEGORIZED: https://api.whatsapp.com/send?text=https%3A%2F%2Fpromocode.co.il%2Fcoupon%2F20-off-over-60-iherb%2F
[2026-03-10T11:54:39.727Z]   UNCATEGORIZED: https://api.whatsapp.com/send?text=https%3A%2F%2Fpromocode.co.il%2Fcoupon%2F20-off-pixelcut%2F
[2026-03-10T11:54:39.727Z]   UNCATEGORIZED: https://api.whatsapp.com/send?text=https%3A%2F%2Fpromocode.co.il%2Fcoupon%2F25-off-nike%2F
[2026-03-10T11:54:39.727Z]   UNCATEGORIZED: https://api.whatsapp.com/send?text=https%3A%2F%2Fpromocode.co.il%2Fcoupon%2F30-ils-off-smartcase%2F
[2026-03-10T11:54:39.727Z]   UNCATEGORIZED: https://api.whatsapp.com/send?text=https%3A%2F%2Fpromocode.co.il%2Fcoupon%2F30-ils-off-wolt%2F
[2026-03-10T11:54:39.727Z]   UNCATEGORIZED: https://api.whatsapp.com/send?text=https%3A%2F%2Fpromocode.co.il%2Fcoupon%2F30-off-cloudways%2F
[2026-03-10T11:54:39.727Z]   UNCATEGORIZED: https://api.whatsapp.com/send?text=https%3A%2F%2Fpromocode.co.il%2Fcoupon%2F30-off-gulliver%2F
[2026-03-10T11:54:39.727Z]   UNCATEGORIZED: https://api.whatsapp.com/send?text=https%3A%2F%2Fpromocode.co.il%2Fcoupon%2F30-off-temu%2F
[2026-03-10T11:54:39.727Z]   UNCATEGORIZED: https://api.whatsapp.com/send?text=https%3A%2F%2Fpromocode.co.il%2Fcoupon%2F400-ils-off-temu%2F
[2026-03-10T11:54:39.727Z]   UNCATEGORIZED: https://api.whatsapp.com/send?text=https%3A%2F%2Fpromocode.co.il%2Fcoupon%2F5-off-afi-hotels%2F
[2026-03-10T11:54:39.727Z]   UNCATEGORIZED: https://api.whatsapp.com/send?text=https%3A%2F%2Fpromocode.co.il%2Fcoupon%2F5-off-anker%2F
[2026-03-10T11:54:39.727Z]   UNCATEGORIZED: https://api.whatsapp.com/send?text=https%3A%2F%2Fpromocode.co.il%2Fcoupon%2F5-off-diamond-chef%2F
[2026-03-10T11:54:39.727Z]   UNCATEGORIZED: https://api.whatsapp.com/send?text=https%3A%2F%2Fpromocode.co.il%2Fcoupon%2F5-off-iherb%2F
[2026-03-10T11:54:39.727Z]   UNCATEGORIZED: https://api.whatsapp.com/send?text=https%3A%2F%2Fpromocode.co.il%2Fcoupon%2F5-off-rebuild%2F
[2026-03-10T11:54:39.728Z]   UNCATEGORIZED: https://api.whatsapp.com/send?text=https%3A%2F%2Fpromocode.co.il%2Fcoupon%2F5-off-revopoint%2F
[2026-03-10T11:54:39.728Z]   UNCATEGORIZED: https://api.whatsapp.com/send?text=https%3A%2F%2Fpromocode.co.il%2Fcoupon%2F50-off-wolt%2F
[2026-03-10T11:54:39.728Z]   UNCATEGORIZED: https://api.whatsapp.com/send?text=https%3A%2F%2Fpromocode.co.il%2Fcoupon%2F8-off-story-online%2F
[2026-03-10T11:54:39.728Z]   UNCATEGORIZED: https://api.whatsapp.com/send?text=https%3A%2F%2Fpromocode.co.il%2Fcoupon%2Fblack-friday-ksp%2F
[2026-03-10T11:54:39.728Z]   UNCATEGORIZED: https://api.whatsapp.com/send?text=https%3A%2F%2Fpromocode.co.il%2Fcoupon%2Ffree-shipping-amika%2F
[2026-03-10T11:54:39.728Z]   UNCATEGORIZED: https://api.whatsapp.com/send?text=https%3A%2F%2Fpromocode.co.il%2Fcoupon%2Ffree-shipping-anker%2F
[2026-03-10T11:54:39.728Z]   UNCATEGORIZED: https://api.whatsapp.com/send?text=https%3A%2F%2Fpromocode.co.il%2Fcoupon%2Ffree-shipping-bissell%2F
[2026-03-10T11:54:39.728Z]   UNCATEGORIZED: https://api.whatsapp.com/send?text=https%3A%2F%2Fpromocode.co.il%2Fcoupon%2Fil-off-asos%2F
[2026-03-10T11:54:39.728Z]   UNCATEGORIZED: https://api.whatsapp.com/send?text=https%3A%2F%2Fpromocode.co.il%2Fcoupon%2Fmastercard-day-aeroflex%2F
[2026-03-10T11:54:39.728Z]   UNCATEGORIZED: https://api.whatsapp.com/send?text=https%3A%2F%2Fpromocode.co.il%2Fcoupon%2Fmastercard-day-iherb%2F
[2026-03-10T11:54:39.728Z]   UNCATEGORIZED: https://api.whatsapp.com/send?text=https%3A%2F%2Fpromocode.co.il%2Fcoupon%2Fmastercard-day-lee-cooper%2F
[2026-03-10T11:54:39.728Z]   UNCATEGORIZED: https://api.whatsapp.com/send?text=https%3A%2F%2Fpromocode.co.il%2Fcoupon%2Fmastercard-day-mishloha%2F
[2026-03-10T11:54:39.728Z]   UNCATEGORIZED: https://api.whatsapp.com/send?text=https%3A%2F%2Fpromocode.co.il%2Fcoupon%2Fmastercard-day-nintendo%2F
[2026-03-10T11:54:39.729Z]   UNCATEGORIZED: https://api.whatsapp.com/send?text=https%3A%2F%2Fpromocode.co.il%2Fcoupon%2Fmastercard-day-olam-hakolnoa%2F
[2026-03-10T11:54:39.729Z]   UNCATEGORIZED: https://api.whatsapp.com/send?text=https%3A%2F%2Fpromocode.co.il%2Fcoupon%2Fmastercard-day-soltam%2F
[2026-03-10T11:54:39.729Z]   UNCATEGORIZED: https://api.whatsapp.com/send?text=https%3A%2F%2Fpromocode.co.il%2Fcoupon%2Fnovember-sale-golf-co%2F
[2026-03-10T11:54:39.729Z]   UNCATEGORIZED: https://api.whatsapp.com/send?text=https%3A%2F%2Fpromocode.co.il%2Fcoupon%2Fnovember-sale-super-pharm%2F
[2026-03-10T11:54:39.729Z]   UNCATEGORIZED: https://api.whatsapp.com/send?text=https%3A%2F%2Fpromocode.co.il%2Fcoupon%2Foff-aeg-olam-hakolnoa%2F
[2026-03-10T11:54:39.729Z]   UNCATEGORIZED: https://api.whatsapp.com/send?text=https%3A%2F%2Fpromocode.co.il%2Fcoupon%2Foff-anker%2F
[2026-03-10T11:54:39.729Z]   UNCATEGORIZED: https://api.whatsapp.com/send?text=https%3A%2F%2Fpromocode.co.il%2Fcoupon%2Foff-bissell%2F
[2026-03-10T11:54:39.729Z]   UNCATEGORIZED: https://api.whatsapp.com/send?text=https%3A%2F%2Fpromocode.co.il%2Fcoupon%2Foff-ceiling-mounted-lighting-fixtures-home-center%2F
[2026-03-10T11:54:39.729Z]   UNCATEGORIZED: https://api.whatsapp.com/send?text=https%3A%2F%2Fpromocode.co.il%2Fcoupon%2Foff-cinema-city%2F
[2026-03-10T11:54:39.729Z]   UNCATEGORIZED: https://api.whatsapp.com/send?text=https%3A%2F%2Fpromocode.co.il%2Fcoupon%2Foff-delta%2F
[2026-03-10T11:54:39.729Z]   UNCATEGORIZED: https://api.whatsapp.com/send?text=https%3A%2F%2Fpromocode.co.il%2Fcoupon%2Foff-diesenhaus%2F
[2026-03-10T11:54:39.730Z]   UNCATEGORIZED: https://api.whatsapp.com/send?text=https%3A%2F%2Fpromocode.co.il%2Fcoupon%2Foff-g-haun%2F
[2026-03-10T11:54:39.730Z]   UNCATEGORIZED: https://api.whatsapp.com/send?text=https%3A%2F%2Fpromocode.co.il%2Fcoupon%2Foff-gomoworld%2F
[2026-03-10T11:54:39.730Z]   UNCATEGORIZED: https://api.whatsapp.com/send?text=https%3A%2F%2Fpromocode.co.il%2Fcoupon%2Foff-hinged-wardrobes-home-center%2F
[2026-03-10T11:54:39.730Z]   UNCATEGORIZED: https://api.whatsapp.com/send?text=https%3A%2F%2Fpromocode.co.il%2Fcoupon%2Foff-kiwi-com%2F
[2026-03-10T11:54:39.730Z]   UNCATEGORIZED: https://api.whatsapp.com/send?text=https%3A%2F%2Fpromocode.co.il%2Fcoupon%2Foff-ksp%2F
[2026-03-10T11:54:39.730Z]   UNCATEGORIZED: https://api.whatsapp.com/send?text=https%3A%2F%2Fpromocode.co.il%2Fcoupon%2Foff-mayven%2F
[2026-03-10T11:54:39.730Z]   UNCATEGORIZED: https://api.whatsapp.com/send?text=https%3A%2F%2Fpromocode.co.il%2Fcoupon%2Foff-mirrors-home-center%2F
[2026-03-10T11:54:39.730Z]   UNCATEGORIZED: https://api.whatsapp.com/send?text=https%3A%2F%2Fpromocode.co.il%2Fcoupon%2Foff-next%2F
[2026-03-10T11:54:39.731Z]   UNCATEGORIZED: https://api.whatsapp.com/send?text=https%3A%2F%2Fpromocode.co.il%2Fcoupon%2Foff-nike%2F
[2026-03-10T11:54:39.731Z]   UNCATEGORIZED: https://api.whatsapp.com/send?text=https%3A%2F%2Fpromocode.co.il%2Fcoupon%2Foff-pandora%2F
[2026-03-10T11:54:39.731Z]   UNCATEGORIZED: https://api.whatsapp.com/send?text=https%3A%2F%2Fpromocode.co.il%2Fcoupon%2Foff-proshop%2F
[2026-03-10T11:54:39.731Z]   UNCATEGORIZED: https://api.whatsapp.com/send?text=https%3A%2F%2Fpromocode.co.il%2Fcoupon%2Foff-secret-asos%2F
[2026-03-10T11:54:39.731Z]   UNCATEGORIZED: https://api.whatsapp.com/send?text=https%3A%2F%2Fpromocode.co.il%2Fcoupon%2Foff-selected-amazon%2F
[2026-03-10T11:54:39.731Z]   UNCATEGORIZED: https://api.whatsapp.com/send?text=https%3A%2F%2Fpromocode.co.il%2Fcoupon%2Foff-sliding-wardrobes-home-center%2F
[2026-03-10T11:54:39.731Z]   UNCATEGORIZED: https://api.whatsapp.com/send?text=https%3A%2F%2Fpromocode.co.il%2Fcoupon%2Foff-soulmate%2F
[2026-03-10T11:54:39.731Z]   UNCATEGORIZED: https://api.whatsapp.com/send?text=https%3A%2F%2Fpromocode.co.il%2Fcoupon%2Foff-temu%2F
[2026-03-10T11:54:39.731Z]   UNCATEGORIZED: https://api.whatsapp.com/send?text=https%3A%2F%2Fpromocode.co.il%2Fcoupon%2Foff-trip-com%2F
[2026-03-10T11:54:39.731Z]   UNCATEGORIZED: https://api.whatsapp.com/send?text=https%3A%2F%2Fpromocode.co.il%2Fcoupon%2Foff-tx-day-terminal-x%2F
[2026-03-10T11:54:39.731Z]   UNCATEGORIZED: https://api.whatsapp.com/send?text=https%3A%2F%2Fpromocode.co.il%2Fcoupon%2Foff-zara%2F
[2026-03-10T11:54:39.731Z]   UNCATEGORIZED: https://shopx.co.il
[2026-03-10T11:54:39.732Z]   UNCATEGORIZED: https://t.me/share/url?url=https%3A%2F%2Fpromocode.co.il%2Fcoupon%2F10-off-giv-ol%2F&text=%D7%A7%D7%95%D7%A4%D7%95%D7%9F%2010%25%20%D7%94%D7%A0%D7%97%D7%94%20%26%238211%3B%20Giv-ol%20%D7%92%D7%91%D7%A2%D7%95%D7%9C%20%D7%94%D7%95%D7%A6%D7%90%D7%94%20%D7%9C%D7%90%D7%95%D7%A8
[2026-03-10T11:54:39.732Z]   UNCATEGORIZED: https://t.me/share/url?url=https%3A%2F%2Fpromocode.co.il%2Fcoupon%2F10-off-golf-kids%2F&text=%D7%A7%D7%95%D7%A4%D7%95%D7%9F%2010%25%20%D7%94%D7%A0%D7%97%D7%94%20%26%238211%3B%20Golf%20Kids%20%D7%92%D7%95%D7%9C%D7%A3%20%D7%A7%D7%99%D7%93%D7%A1
[2026-03-10T11:54:39.732Z]   UNCATEGORIZED: https://t.me/share/url?url=https%3A%2F%2Fpromocode.co.il%2Fcoupon%2F10-off-house-brands-iherb%2F&text=%D7%A7%D7%95%D7%A4%D7%95%D7%9F%2010%25%20%D7%94%D7%A0%D7%97%D7%94%20%D7%A2%D7%9C%20%D7%9E%D7%95%D7%AA%D7%92%D7%99%20%D7%94%D7%91%D7%99%D7%AA%20%26%238211%3B%20iHerb%20%D7%90%D7%99%D7%99%D7%94%D7%A8%D7%91
[2026-03-10T11:54:39.732Z]   UNCATEGORIZED: https://t.me/share/url?url=https%3A%2F%2Fpromocode.co.il%2Fcoupon%2F10-off-intima%2F&text=%D7%A7%D7%95%D7%A4%D7%95%D7%9F%2010%25%20%D7%94%D7%A0%D7%97%D7%94%20%26%238211%3B%20INTIMA%20%D7%90%D7%99%D7%A0%D7%98%D7%99%D7%9E%D7%94
[2026-03-10T11:54:39.732Z]   UNCATEGORIZED: https://t.me/share/url?url=https%3A%2F%2Fpromocode.co.il%2Fcoupon%2F10-off-milkcare%2F&text=%D7%A7%D7%95%D7%A4%D7%95%D7%9F%2010%25%20%D7%94%D7%A0%D7%97%D7%94%20%26%238211%3B%20MilkCare%20%D7%9E%D7%99%D7%9C%D7%A7%20%D7%A7%D7%99%D7%99%D7%A8
[2026-03-10T11:54:39.732Z]   UNCATEGORIZED: https://t.me/share/url?url=https%3A%2F%2Fpromocode.co.il%2Fcoupon%2F10-off-over-120-iherb%2F&text=%D7%A7%D7%95%D7%A4%D7%95%D7%9F%2010%25%20%D7%94%D7%A0%D7%97%D7%94%20%D7%91%D7%A7%D7%A0%D7%99%D7%99%D7%94%20%D7%9E%D7%A2%D7%9C%20120%24%20%26%238211%3B%20iHerb%20%D7%90%D7%99%D7%99%D7%94%D7%A8%D7%91
[2026-03-10T11:54:39.733Z]   UNCATEGORIZED: https://t.me/share/url?url=https%3A%2F%2Fpromocode.co.il%2Fcoupon%2F10-off-over-60-iherb%2F&text=%D7%A7%D7%95%D7%A4%D7%95%D7%9F%2010%25%20%D7%94%D7%A0%D7%97%D7%94%20%D7%91%D7%A7%D7%A0%D7%99%D7%99%D7%94%20%D7%9E%D7%A2%D7%9C%2060%24%20%26%238211%3B%20iHerb%20%D7%90%D7%99%D7%99%D7%94%D7%A8%D7%91
[2026-03-10T11:54:39.733Z]   UNCATEGORIZED: https://t.me/share/url?url=https%3A%2F%2Fpromocode.co.il%2Fcoupon%2F10-off-smartcase%2F&text=%D7%A7%D7%95%D7%A4%D7%95%D7%9F%2010%25%20%D7%94%D7%A0%D7%97%D7%94%20%26%238211%3B%20SmartCase%20%D7%A1%D7%9E%D7%90%D7%A8%D7%98%20%D7%A7%D7%99%D7%99%D7%A1
[2026-03-10T11:54:39.733Z]   UNCATEGORIZED: https://t.me/share/url?url=https%3A%2F%2Fpromocode.co.il%2Fcoupon%2F10-off-super-pharm%2F&text=%D7%A7%D7%95%D7%A4%D7%95%D7%9F%2010%25%20%D7%94%D7%A0%D7%97%D7%94%20%26%238211%3B%20Super%20Pharm%20%D7%A1%D7%95%D7%A4%D7%A8%20%D7%A4%D7%90%D7%A8%D7%9D
[2026-03-10T11:54:39.733Z]   UNCATEGORIZED: https://t.me/share/url?url=https%3A%2F%2Fpromocode.co.il%2Fcoupon%2F10-off-terminal-x%2F&text=%D7%A7%D7%95%D7%A4%D7%95%D7%9F%2010%25%20%D7%94%D7%A0%D7%97%D7%94%20%26%238211%3B%20Terminal%20X%20%D7%98%D7%A8%D7%9E%D7%99%D7%A0%D7%9C%20%D7%90%D7%99%D7%A7%D7%A1
[2026-03-10T11:54:39.733Z]   UNCATEGORIZED: https://t.me/share/url?url=https%3A%2F%2Fpromocode.co.il%2Fcoupon%2F10-off-toys-r-us%2F&text=%D7%A7%D7%95%D7%A4%D7%95%D7%9F%2010%25%20%D7%94%D7%A0%D7%97%D7%94%20%26%238211%3B%20Toys%20R%20Us%20%D7%98%D7%95%D7%99%D7%A1%20%D7%90%D7%A8%20%D7%90%D7%A1
[2026-03-10T11:54:39.733Z]   UNCATEGORIZED: https://t.me/share/url?url=https%3A%2F%2Fpromocode.co.il%2Fcoupon%2F100-ils-off-over-400-ils-milega%2F&text=%D7%A7%D7%95%D7%A4%D7%95%D7%9F%20100%20%E2%82%AA%20%D7%94%D7%A0%D7%97%D7%94%20%D7%91%D7%A7%D7%A0%D7%99%D7%99%D7%94%20%D7%9E%D7%A2%D7%9C%20400%20%E2%82%AA%20%26%238211%3B%20Milega%20%D7%9E%D7%99%D7%9C%D7%92%D7%94
[2026-03-10T11:54:39.733Z]   UNCATEGORIZED: https://t.me/share/url?url=https%3A%2F%2Fpromocode.co.il%2Fcoupon%2F100-off-free-gifts-temu%2F&text=%D7%A7%D7%95%D7%A4%D7%95%D7%9F%20100%25%20%D7%94%D7%A0%D7%97%D7%94%20%D7%A2%D7%9C%20%D7%9E%D7%95%D7%A6%D7%A8%D7%99%D7%9D%20%D7%95%D7%9E%D7%AA%D7%A0%D7%95%D7%AA%20%D7%91%D7%97%D7%99%D7%A0%D7%9D%20%26%238211%3B%20Temu%20%D7%98%D7%9E%D7%95
[2026-03-10T11:54:39.733Z]   UNCATEGORIZED: https://t.me/share/url?url=https%3A%2F%2Fpromocode.co.il%2Fcoupon%2F15-off-beauty-bay%2F&text=%D7%A7%D7%95%D7%A4%D7%95%D7%9F%2015%25%20%D7%94%D7%A0%D7%97%D7%94%20%26%238211%3B%20Beauty%20Bay%20%D7%91%D7%99%D7%95%D7%98%D7%99%20%D7%91%D7%99%D7%99
[2026-03-10T11:54:39.733Z]   UNCATEGORIZED: https://t.me/share/url?url=https%3A%2F%2Fpromocode.co.il%2Fcoupon%2F15-off-first-order-cult-beauty%2F&text=%D7%A7%D7%95%D7%A4%D7%95%D7%9F%2015%25%20%D7%94%D7%A0%D7%97%D7%94%20%D7%91%D7%A7%D7%A0%D7%99%D7%99%D7%94%20%D7%A8%D7%90%D7%A9%D7%95%D7%A0%D7%94%20%26%238211%3B%20Cult%20Beauty%20%D7%A7%D7%90%D7%9C%D7%98%20%D7%91%D7%99%D7%95%D7%98%D7%99
[2026-03-10T11:54:39.733Z]   UNCATEGORIZED: https://t.me/share/url?url=https%3A%2F%2Fpromocode.co.il%2Fcoupon%2F15-off-rihoas%2F&text=%D7%A7%D7%95%D7%A4%D7%95%D7%9F%2015%25%20%D7%94%D7%A0%D7%97%D7%94%20%26%238211%3B%20Rihoas%20%D7%A8%D7%99%D7%94%D7%95%D7%90%D7%A1
[2026-03-10T11:54:39.733Z]   UNCATEGORIZED: https://t.me/share/url?url=https%3A%2F%2Fpromocode.co.il%2Fcoupon%2F20-off-iherb%2F&text=%D7%A7%D7%95%D7%A4%D7%95%D7%9F%2020%25%20%D7%94%D7%A0%D7%97%D7%94%20%D7%A2%D7%9C%20%D7%94%D7%94%D7%96%D7%9E%D7%A0%D7%94%20%D7%94%D7%A8%D7%90%D7%A9%D7%95%D7%A0%D7%94%20%26%238211%3B%20iHerb%20%D7%90%D7%99%D7%99%D7%94%D7%A8%D7%91
[2026-03-10T11:54:39.733Z]   UNCATEGORIZED: https://t.me/share/url?url=https%3A%2F%2Fpromocode.co.il%2Fcoupon%2F20-off-over-60-iherb%2F&text=%D7%A7%D7%95%D7%A4%D7%95%D7%9F%2020%25%20%D7%94%D7%A0%D7%97%D7%94%20%D7%91%D7%A7%D7%A0%D7%99%D7%99%D7%94%20%D7%9E%D7%A2%D7%9C%2060%24%20%26%238211%3B%20iHerb%20%D7%90%D7%99%D7%99%D7%94%D7%A8%D7%91
[2026-03-10T11:54:39.734Z]   UNCATEGORIZED: https://t.me/share/url?url=https%3A%2F%2Fpromocode.co.il%2Fcoupon%2F20-off-pixelcut%2F&text=%D7%A7%D7%95%D7%A4%D7%95%D7%9F%2020%25%20%D7%94%D7%A0%D7%97%D7%94%20%26%238211%3B%20Pixelcut%20%D7%A4%D7%99%D7%A7%D7%A1%D7%9C%D7%A7%D7%90%D7%98
[2026-03-10T11:54:39.734Z]   UNCATEGORIZED: https://t.me/share/url?url=https%3A%2F%2Fpromocode.co.il%2Fcoupon%2F25-off-nike%2F&text=%D7%A7%D7%95%D7%A4%D7%95%D7%9F%2025%25%20%D7%94%D7%A0%D7%97%D7%94%20%26%238211%3B%20Nike%20%D7%A0%D7%99%D7%99%D7%A7
[2026-03-10T11:54:39.734Z]   UNCATEGORIZED: https://t.me/share/url?url=https%3A%2F%2Fpromocode.co.il%2Fcoupon%2F30-ils-off-smartcase%2F&text=%D7%A7%D7%95%D7%A4%D7%95%D7%9F%2030%20%E2%82%AA%20%D7%94%D7%A0%D7%97%D7%94%20%26%238211%3B%20SmartCase%20%D7%A1%D7%9E%D7%90%D7%A8%D7%98%20%D7%A7%D7%99%D7%99%D7%A1
[2026-03-10T11:54:39.734Z]   UNCATEGORIZED: https://t.me/share/url?url=https%3A%2F%2Fpromocode.co.il%2Fcoupon%2F30-ils-off-wolt%2F&text=%D7%A7%D7%95%D7%A4%D7%95%D7%9F%2030%20%E2%82%AA%20%D7%94%D7%A0%D7%97%D7%94%20%26%238211%3B%20Wolt%20%D7%95%D7%95%D7%9C%D7%98
[2026-03-10T11:54:39.734Z]   UNCATEGORIZED: https://t.me/share/url?url=https%3A%2F%2Fpromocode.co.il%2Fcoupon%2F30-off-cloudways%2F&text=%D7%A7%D7%95%D7%A4%D7%95%D7%9F%2030%25%20%D7%94%D7%A0%D7%97%D7%94%20%26%238211%3B%20Cloudways%20%D7%A7%D7%9C%D7%90%D7%95%D7%93%D7%95%D7%95%D7%99%D7%96
[2026-03-10T11:54:39.734Z]   UNCATEGORIZED: https://t.me/share/url?url=https%3A%2F%2Fpromocode.co.il%2Fcoupon%2F30-off-gulliver%2F&text=%D7%A7%D7%95%D7%A4%D7%95%D7%9F%2030%24%20%D7%94%D7%A0%D7%97%D7%94%20%26%238211%3B%20Gulliver%20%D7%92%D7%95%D7%9C%D7%99%D7%91%D7%A8
[2026-03-10T11:54:39.734Z]   UNCATEGORIZED: https://t.me/share/url?url=https%3A%2F%2Fpromocode.co.il%2Fcoupon%2F30-off-temu%2F&text=%D7%A7%D7%95%D7%A4%D7%95%D7%9F%2030%25%20%D7%94%D7%A0%D7%97%D7%94%20%26%238211%3B%20Temu%20%D7%98%D7%9E%D7%95
[2026-03-10T11:54:39.734Z]   UNCATEGORIZED: https://t.me/share/url?url=https%3A%2F%2Fpromocode.co.il%2Fcoupon%2F400-ils-off-temu%2F&text=%D7%A7%D7%95%D7%A4%D7%95%D7%9F%20400%20%E2%82%AA%20%D7%94%D7%A0%D7%97%D7%94%20%26%238211%3B%20Temu%20%D7%98%D7%9E%D7%95
[2026-03-10T11:54:39.734Z]   UNCATEGORIZED: https://t.me/share/url?url=https%3A%2F%2Fpromocode.co.il%2Fcoupon%2F5-off-afi-hotels%2F&text=%D7%9E%D7%91%D7%A6%D7%A2%205%25%20%D7%94%D7%A0%D7%97%D7%94%20%26%238211%3B%20AFI%20Hotels%20%D7%9E%D7%9C%D7%95%D7%A0%D7%95%D7%AA%20%D7%90%D7%A4%D7%A8%D7%99%D7%A7%D7%94%20%D7%99%D7%A9%D7%A8%D7%90%D7%9C
[2026-03-10T11:54:39.734Z]   UNCATEGORIZED: https://t.me/share/url?url=https%3A%2F%2Fpromocode.co.il%2Fcoupon%2F5-off-anker%2F&text=%D7%A7%D7%95%D7%A4%D7%95%D7%9F%205%25%20%D7%94%D7%A0%D7%97%D7%94%20%26%238211%3B%20Anker%20%D7%90%D7%A0%D7%A7%D7%A8%20%D7%99%D7%A9%D7%A8%D7%90%D7%9C
[2026-03-10T11:54:39.734Z]   UNCATEGORIZED: https://t.me/share/url?url=https%3A%2F%2Fpromocode.co.il%2Fcoupon%2F5-off-diamond-chef%2F&text=%D7%A7%D7%95%D7%A4%D7%95%D7%9F%205%25%20%D7%94%D7%A0%D7%97%D7%94%20%26%238211%3B%20Diamond%20Chef%20%D7%93%D7%99%D7%99%D7%9E%D7%95%D7%A0%D7%93%20%D7%A9%D7%A3
[2026-03-10T11:54:39.734Z]   UNCATEGORIZED: https://t.me/share/url?url=https%3A%2F%2Fpromocode.co.il%2Fcoupon%2F5-off-iherb%2F&text=%D7%A7%D7%95%D7%A4%D7%95%D7%9F%205%25%20%D7%94%D7%A0%D7%97%D7%94%20%26%238211%3B%20iHerb%20%D7%90%D7%99%D7%99%D7%94%D7%A8%D7%91
[2026-03-10T11:54:39.734Z]   UNCATEGORIZED: https://t.me/share/url?url=https%3A%2F%2Fpromocode.co.il%2Fcoupon%2F5-off-rebuild%2F&text=%D7%A7%D7%95%D7%A4%D7%95%D7%9F%205%25%20%D7%94%D7%A0%D7%97%D7%94%20%26%238211%3B%20Rebuild%20%D7%A8%D7%91%D7%99%D7%9C%D7%93
[2026-03-10T11:54:39.735Z]   UNCATEGORIZED: https://t.me/share/url?url=https%3A%2F%2Fpromocode.co.il%2Fcoupon%2F5-off-revopoint%2F&text=%D7%A7%D7%95%D7%A4%D7%95%D7%9F%205%25%20%D7%94%D7%A0%D7%97%D7%94%20%26%238211%3B%20Revopoint%20%D7%A8%D7%91%D7%95%D7%A4%D7%95%D7%99%D7%A0%D7%98
[2026-03-10T11:54:39.735Z]   UNCATEGORIZED: https://t.me/share/url?url=https%3A%2F%2Fpromocode.co.il%2Fcoupon%2F50-off-wolt%2F&text=%D7%A7%D7%95%D7%A4%D7%95%D7%9F%2050%20%E2%82%AA%20%D7%94%D7%A0%D7%97%D7%94%20%26%238211%3B%20Wolt%20%D7%95%D7%95%D7%9C%D7%98
[2026-03-10T11:54:39.735Z]   UNCATEGORIZED: https://t.me/share/url?url=https%3A%2F%2Fpromocode.co.il%2Fcoupon%2F8-off-story-online%2F&text=%D7%A7%D7%95%D7%A4%D7%95%D7%9F%208%25%20%D7%94%D7%A0%D7%97%D7%94%20%26%238211%3B%20Story%20Online%20%D7%A1%D7%98%D7%95%D7%A8%D7%99%20%D7%90%D7%95%D7%A0%D7%9C%D7%99%D7%99%D7%9F
[2026-03-10T11:54:39.735Z]   UNCATEGORIZED: https://t.me/share/url?url=https%3A%2F%2Fpromocode.co.il%2Fcoupon%2Fblack-friday-ksp%2F&text=%D7%9E%D7%91%D7%A6%D7%A2%D7%99%20%D7%91%D7%9C%D7%90%D7%A7%20%D7%A4%D7%A8%D7%99%D7%99%D7%93%D7%99%20%26%238211%3B%20KSP%20%D7%A7%D7%99%D7%99%20%D7%90%D7%A1%20%D7%A4%D7%99
[2026-03-10T11:54:39.735Z]   UNCATEGORIZED: https://t.me/share/url?url=https%3A%2F%2Fpromocode.co.il%2Fcoupon%2Ffree-shipping-amika%2F&text=%D7%9E%D7%A9%D7%9C%D7%95%D7%97%20%D7%97%D7%99%D7%A0%D7%9D%20%26%238211%3B%20Amika%20%D7%90%D7%9E%D7%99%D7%A7%D7%94
[2026-03-10T11:54:39.735Z]   UNCATEGORIZED: https://t.me/share/url?url=https%3A%2F%2Fpromocode.co.il%2Fcoupon%2Ffree-shipping-anker%2F&text=%D7%9E%D7%A9%D7%9C%D7%95%D7%97%20%D7%97%D7%99%D7%A0%D7%9D%20%26%238211%3B%20Anker%20%D7%90%D7%A0%D7%A7%D7%A8%20%D7%99%D7%A9%D7%A8%D7%90%D7%9C
[2026-03-10T11:54:39.735Z]   UNCATEGORIZED: https://t.me/share/url?url=https%3A%2F%2Fpromocode.co.il%2Fcoupon%2Ffree-shipping-bissell%2F&text=%D7%9E%D7%A9%D7%9C%D7%95%D7%97%20%D7%97%D7%99%D7%A0%D7%9D%20%26%238211%3B%20Bissell%20%D7%91%D7%99%D7%A1%D7%9C%20%D7%99%D7%A9%D7%A8%D7%90%D7%9C
[2026-03-10T11:54:39.735Z]   UNCATEGORIZED: https://t.me/share/url?url=https%3A%2F%2Fpromocode.co.il%2Fcoupon%2Fil-off-asos%2F&text=%D7%A7%D7%95%D7%A4%D7%95%D7%9F%2018%25%20%D7%94%D7%A0%D7%97%D7%94%20%26%238211%3B%20ASOS%20%D7%90%D7%A1%D7%95%D7%A1
[2026-03-10T11:54:39.735Z]   UNCATEGORIZED: https://t.me/share/url?url=https%3A%2F%2Fpromocode.co.il%2Fcoupon%2Fmastercard-day-aeroflex%2F&text=%D7%A7%D7%95%D7%A4%D7%95%D7%9F%20%D7%9E%D7%90%D7%A1%D7%98%D7%A8%D7%A7%D7%90%D7%A8%D7%93%20%D7%93%D7%99%D7%99%2025%25%20%D7%94%D7%A0%D7%97%D7%94%20%D7%A2%D7%9C%20%D7%9B%D7%A8%D7%99%D7%95%D7%AA%20%26%238211%3B%20Aeroflex%20%D7%90%D7%99%D7%A8%D7%95%D7%A4%D7%9C%D7%A7%D7%A1
[2026-03-10T11:54:39.735Z]   UNCATEGORIZED: https://t.me/share/url?url=https%3A%2F%2Fpromocode.co.il%2Fcoupon%2Fmastercard-day-iherb%2F&text=%D7%A7%D7%95%D7%A4%D7%95%D7%9F%20%D7%9E%D7%90%D7%A1%D7%98%D7%A8%D7%A7%D7%90%D7%A8%D7%93%20%D7%93%D7%99%D7%99%2015%25%20%D7%94%D7%A0%D7%97%D7%94%20%D7%9E%D7%A2%D7%9C%2060%24%20%26%238211%3B%20iHerb%20%D7%90%D7%99%D7%99%D7%94%D7%A8%D7%91
[2026-03-10T11:54:39.735Z]   UNCATEGORIZED: https://t.me/share/url?url=https%3A%2F%2Fpromocode.co.il%2Fcoupon%2Fmastercard-day-lee-cooper%2F&text=%D7%A7%D7%95%D7%A4%D7%95%D7%9F%20%D7%9E%D7%90%D7%A1%D7%98%D7%A8%D7%A7%D7%90%D7%A8%D7%93%20%D7%93%D7%99%D7%99%2020%25%20%D7%94%D7%A0%D7%97%D7%94%20%26%238211%3B%20Lee%20Cooper%20%D7%9C%D7%99%20%D7%A7%D7%95%D7%A4%D7%A8%20%D7%99%D7%A9%D7%A8%D7%90%D7%9C
[2026-03-10T11:54:39.735Z]   UNCATEGORIZED: https://t.me/share/url?url=https%3A%2F%2Fpromocode.co.il%2Fcoupon%2Fmastercard-day-mishloha%2F&text=%D7%A7%D7%95%D7%A4%D7%95%D7%9F%20%D7%9E%D7%90%D7%A1%D7%98%D7%A8%D7%A7%D7%90%D7%A8%D7%93%20%D7%93%D7%99%D7%99%2030%20%E2%82%AA%20%D7%94%D7%A0%D7%97%D7%94%20%26%238211%3B%20Mishloha%20%D7%9E%D7%A9%D7%9C%D7%95%D7%97%D7%94
[2026-03-10T11:54:39.736Z]   UNCATEGORIZED: https://t.me/share/url?url=https%3A%2F%2Fpromocode.co.il%2Fcoupon%2Fmastercard-day-nintendo%2F&text=%D7%A7%D7%95%D7%A4%D7%95%D7%9F%20%D7%9E%D7%90%D7%A1%D7%98%D7%A8%D7%A7%D7%90%D7%A8%D7%93%20%D7%93%D7%99%D7%99%2010%25%20%D7%94%D7%A0%D7%97%D7%94%20%26%238211%3B%20Nintendo%20%D7%A0%D7%99%D7%A0%D7%98%D7%A0%D7%93%D7%95%20%D7%99%D7%A9%D7%A8%D7%90%D7%9C
[2026-03-10T11:54:39.736Z]   UNCATEGORIZED: https://t.me/share/url?url=https%3A%2F%2Fpromocode.co.il%2Fcoupon%2Fmastercard-day-olam-hakolnoa%2F&text=%D7%A7%D7%95%D7%A4%D7%95%D7%9F%20%D7%9E%D7%90%D7%A1%D7%98%D7%A8%D7%A7%D7%90%D7%A8%D7%93%20%D7%93%D7%99%D7%99%2010%25%20%D7%94%D7%A0%D7%97%D7%94%20%26%238211%3B%20Olam%20Hakolnoa%20%D7%A2%D7%95%D7%9C%D7%9D%20%D7%94%D7%A7%D7%95%D7%9C%D7%A0%D7%95%D7%A2%20%D7%95%D7%94%D7%97%D7%A9%D7%9E%D7%9C
[2026-03-10T11:54:39.736Z]   UNCATEGORIZED: https://t.me/share/url?url=https%3A%2F%2Fpromocode.co.il%2Fcoupon%2Fmastercard-day-soltam%2F&text=%D7%A7%D7%95%D7%A4%D7%95%D7%9F%20%D7%9E%D7%90%D7%A1%D7%98%D7%A8%D7%A7%D7%90%D7%A8%D7%93%20%D7%93%D7%99%D7%99%2015%25%20%D7%94%D7%A0%D7%97%D7%94%20%26%238211%3B%20Soltam%20Radad%20%D7%A1%D7%95%D7%9C%D7%AA%D7%9D%20%D7%A8%D7%93%D7%93
[2026-03-10T11:54:39.736Z]   UNCATEGORIZED: https://t.me/share/url?url=https%3A%2F%2Fpromocode.co.il%2Fcoupon%2Fnovember-sale-golf-co%2F&text=%D7%9E%D7%91%D7%A6%D7%A2%20%D7%A0%D7%95%D7%91%D7%9E%D7%91%D7%A8%20%D7%A1%D7%99%D7%99%D7%9C%20%26%238211%3B%20Golf%20%26amp%3B%20Co%20%D7%92%D7%95%D7%9C%D7%A3%20%D7%90%D7%A0%D7%93%20%D7%A7%D7%95
[2026-03-10T11:54:39.736Z]   UNCATEGORIZED: https://t.me/share/url?url=https%3A%2F%2Fpromocode.co.il%2Fcoupon%2Fnovember-sale-super-pharm%2F&text=%D7%9E%D7%91%D7%A6%D7%A2%D7%99%20%D7%A0%D7%95%D7%91%D7%9E%D7%91%D7%A8%20%D7%A1%D7%99%D7%99%D7%9C%20%26%238211%3B%20Super%20Pharm%20%D7%A1%D7%95%D7%A4%D7%A8%20%D7%A4%D7%90%D7%A8%D7%9D
[2026-03-10T11:54:39.736Z]   UNCATEGORIZED: https://t.me/share/url?url=https%3A%2F%2Fpromocode.co.il%2Fcoupon%2Foff-aeg-olam-hakolnoa%2F&text=%D7%A7%D7%95%D7%A4%D7%95%D7%9F%2010%25%20%D7%94%D7%A0%D7%97%D7%94%20%D7%A2%D7%9C%20%D7%9E%D7%95%D7%A6%D7%A8%D7%99%20%D7%94%D7%9E%D7%95%D7%AA%D7%92%20AEG%20%D7%90%D7%99%D7%99%20%D7%90%D7%99%20%D7%92%26%238217%3B%D7%99%20%26%238211%3B%20Olam%20Hakolnoa%20%D7%A2%D7%95%D7%9C%D7%9D%20%D7%94%D7%A7%D7%95%D7%9C%D7%A0%D7%95%D7%A2%20%D7%95%D7%94%D7%97%D7%A9%D7%9E%D7%9C
[2026-03-10T11:54:39.736Z]   UNCATEGORIZED: https://t.me/share/url?url=https%3A%2F%2Fpromocode.co.il%2Fcoupon%2Foff-anker%2F&text=%D7%9E%D7%91%D7%A6%D7%A2%D7%99%D7%9D%20%D7%95%D7%94%D7%A0%D7%97%D7%95%D7%AA%20%D7%A2%D7%9C%20%D7%9E%D7%92%D7%95%D7%95%D7%9F%20%D7%9E%D7%95%D7%A6%D7%A8%D7%99%D7%9D%20%26%238211%3B%20Anker%20%D7%90%D7%A0%D7%A7%D7%A8%20%D7%99%D7%A9%D7%A8%D7%90%D7%9C
[2026-03-10T11:54:39.736Z]   UNCATEGORIZED: https://t.me/share/url?url=https%3A%2F%2Fpromocode.co.il%2Fcoupon%2Foff-bissell%2F&text=%D7%9E%D7%91%D7%A6%D7%A2%D7%99%D7%9D%20%D7%95%D7%94%D7%A0%D7%97%D7%95%D7%AA%20%D7%A2%D7%9C%20%D7%9E%D7%92%D7%95%D7%95%D7%9F%20%D7%9E%D7%95%D7%A6%D7%A8%D7%99%D7%9D%20%26%238211%3B%20Bissell%20%D7%91%D7%99%D7%A1%D7%9C%20%D7%99%D7%A9%D7%A8%D7%90%D7%9C
[2026-03-10T11:54:39.736Z]   UNCATEGORIZED: https://t.me/share/url?url=https%3A%2F%2Fpromocode.co.il%2Fcoupon%2Foff-ceiling-mounted-lighting-fixtures-home-center%2F&text=%D7%A7%D7%95%D7%A4%D7%95%D7%9F%205%25%20%D7%94%D7%A0%D7%97%D7%94%20%D7%A2%D7%9C%20%D7%92%D7%95%D7%A4%D7%99%20%D7%AA%D7%90%D7%95%D7%A8%D7%94%20%D7%A6%D7%9E%D7%95%D7%93%D7%99%20%D7%AA%D7%A7%D7%A8%D7%94%20%26%238211%3B%20Home%20Center%20%D7%94%D7%95%D7%9D%20%D7%A1%D7%A0%D7%98%D7%A8
[2026-03-10T11:54:39.737Z]   UNCATEGORIZED: https://t.me/share/url?url=https%3A%2F%2Fpromocode.co.il%2Fcoupon%2Foff-cinema-city%2F&text=%D7%9E%D7%91%D7%A6%D7%A2%D7%99%D7%9D%20%D7%A2%D7%9C%20%D7%9E%D7%92%D7%95%D7%95%D7%9F%20%D7%A1%D7%A8%D7%98%D7%99%D7%9D%20%D7%91%D7%A7%D7%95%D7%9C%D7%A0%D7%95%D7%A2%20%26%238211%3B%20Cinema%20City%20%D7%A1%D7%99%D7%A0%D7%9E%D7%94%20%D7%A1%D7%99%D7%98%D7%99
[2026-03-10T11:54:39.737Z]   UNCATEGORIZED: https://t.me/share/url?url=https%3A%2F%2Fpromocode.co.il%2Fcoupon%2Foff-delta%2F&text=%D7%9E%D7%91%D7%A6%D7%A2%2015%25%20%D7%94%D7%A0%D7%97%D7%94%20%D7%91%D7%A7%D7%A0%D7%99%D7%99%D7%94%20%D7%A8%D7%90%D7%A9%D7%95%D7%A0%D7%94%20%26%238211%3B%20Delta%20%D7%93%D7%9C%D7%AA%D7%90
[2026-03-10T11:54:39.737Z]   UNCATEGORIZED: https://t.me/share/url?url=https%3A%2F%2Fpromocode.co.il%2Fcoupon%2Foff-diesenhaus%2F&text=%D7%9E%D7%91%D7%A6%D7%A2%D7%99%D7%9D%20%D7%A2%D7%9C%20%D7%AA%D7%99%D7%99%D7%A8%D7%95%D7%AA%20%26%238211%3B%20Diesenhaus%20%D7%93%D7%99%D7%96%D7%A0%D7%94%D7%90%D7%95%D7%96
[2026-03-10T11:54:39.737Z]   UNCATEGORIZED: https://t.me/share/url?url=https%3A%2F%2Fpromocode.co.il%2Fcoupon%2Foff-g-haun%2F&text=%D7%9E%D7%91%D7%A6%D7%A2%D7%99%D7%9D%20%D7%A2%D7%9C%20%D7%9E%D7%95%D7%A6%D7%A8%D7%99%D7%9D%20%26%238211%3B%20G.%20Haun%20%D7%92.%20%D7%97%D7%99%D7%95%D7%9F
[2026-03-10T11:54:39.737Z]   UNCATEGORIZED: https://t.me/share/url?url=https%3A%2F%2Fpromocode.co.il%2Fcoupon%2Foff-gomoworld%2F&text=%D7%9E%D7%91%D7%A6%D7%A2%D7%99%D7%9D%20%D7%A2%D7%9C%20%D7%97%D7%91%D7%99%D7%9C%D7%95%D7%AA%20%D7%92%D7%9C%D7%99%D7%A9%D7%94%20%26%238211%3B%20GoMoWorld%20%D7%92%D7%95%D7%9E%D7%95%20%D7%95%D7%95%D7%A8%D7%9C%D7%93
[2026-03-10T11:54:39.737Z]   UNCATEGORIZED: https://t.me/share/url?url=https%3A%2F%2Fpromocode.co.il%2Fcoupon%2Foff-hinged-wardrobes-home-center%2F&text=%D7%A7%D7%95%D7%A4%D7%95%D7%9F%206%25%20%D7%94%D7%A0%D7%97%D7%94%20%D7%A2%D7%9C%20%D7%90%D7%A8%D7%95%D7%A0%D7%95%D7%AA%20%D7%A4%D7%AA%D7%99%D7%97%D7%94%20%26%238211%3B%20Home%20Center%20%D7%94%D7%95%D7%9D%20%D7%A1%D7%A0%D7%98%D7%A8
[2026-03-10T11:54:39.737Z]   UNCATEGORIZED: https://t.me/share/url?url=https%3A%2F%2Fpromocode.co.il%2Fcoupon%2Foff-kiwi-com%2F&text=%D7%9E%D7%91%D7%A6%D7%A2%D7%99%D7%9D%20%D7%95%D7%94%D7%A0%D7%97%D7%95%D7%AA%20%D7%A2%D7%9C%20%D7%AA%D7%99%D7%99%D7%A8%D7%95%D7%AA%20%26%238211%3B%20Kiwi.com%20%D7%A7%D7%99%D7%95%D7%95%D7%99%20%D7%A7%D7%95%D7%9D
[2026-03-10T11:54:39.737Z]   UNCATEGORIZED: https://t.me/share/url?url=https%3A%2F%2Fpromocode.co.il%2Fcoupon%2Foff-ksp%2F&text=%D7%A7%D7%95%D7%A4%D7%95%D7%9F%20%D7%94%D7%A0%D7%97%D7%94%20%D7%9E%D7%A9%D7%AA%D7%A0%D7%94%20%26%238211%3B%20KSP%20%D7%A7%D7%99%D7%99%20%D7%90%D7%A1%20%D7%A4%D7%99
[2026-03-10T11:54:39.737Z]   UNCATEGORIZED: https://t.me/share/url?url=https%3A%2F%2Fpromocode.co.il%2Fcoupon%2Foff-mayven%2F&text=%D7%9E%D7%91%D7%A6%D7%A2%D7%99%D7%9D%20%D7%95%D7%94%D7%A0%D7%97%D7%94%20%D7%A2%D7%9C%20%D7%9E%D7%92%D7%95%D7%95%D7%9F%20%D7%9E%D7%95%D7%A6%D7%A8%D7%99%D7%9D%20%26%238211%3B%20Mayven%20%D7%9E%D7%99%D7%99%D7%91%D7%9F
[2026-03-10T11:54:39.737Z]   UNCATEGORIZED: https://t.me/share/url?url=https%3A%2F%2Fpromocode.co.il%2Fcoupon%2Foff-mirrors-home-center%2F&text=%D7%A7%D7%95%D7%A4%D7%95%D7%9F%2010%25%20%D7%94%D7%A0%D7%97%D7%94%20%D7%A2%D7%9C%20%D7%9E%D7%A8%D7%90%D7%95%D7%AA%20%26%238211%3B%20Home%20Center%20%D7%94%D7%95%D7%9D%20%D7%A1%D7%A0%D7%98%D7%A8
[2026-03-10T11:54:39.737Z]   UNCATEGORIZED: https://t.me/share/url?url=https%3A%2F%2Fpromocode.co.il%2Fcoupon%2Foff-next%2F&text=%D7%A7%D7%95%D7%A4%D7%95%D7%9F%20%D7%94%D7%A0%D7%97%D7%94%20%26%238211%3B%20Next%20%D7%A0%D7%A7%D7%A1%D7%98
[2026-03-10T11:54:39.737Z]   UNCATEGORIZED: https://t.me/share/url?url=https%3A%2F%2Fpromocode.co.il%2Fcoupon%2Foff-nike%2F&text=%D7%9E%D7%91%D7%A6%D7%A2%20%D7%A2%D7%93%2030%25%20%D7%94%D7%A0%D7%97%D7%94%20%D7%A2%D7%9C%20%D7%9E%D7%92%D7%95%D7%95%D7%9F%20%D7%A4%D7%A8%D7%99%D7%98%D7%99%D7%9D%20%26%238211%3B%20Nike%20%D7%A0%D7%99%D7%99%D7%A7
[2026-03-10T11:54:39.737Z]   UNCATEGORIZED: https://t.me/share/url?url=https%3A%2F%2Fpromocode.co.il%2Fcoupon%2Foff-pandora%2F&text=%D7%9E%D7%91%D7%A6%D7%A2%D7%99%D7%9D%20%D7%A2%D7%9C%20%D7%94%D7%9E%D7%95%D7%A6%D7%A8%D7%99%D7%9D%20%D7%91%D7%A2%D7%9E%D7%95%D7%93%20%D7%94%D7%97%D7%A0%D7%95%D7%AA%20Amazon%20%D7%90%D7%9E%D7%96%D7%95%D7%9F%20%26%238211%3B%20Pandora%20%D7%A4%D7%A0%D7%93%D7%95%D7%A8%D7%94
[2026-03-10T11:54:39.738Z]   UNCATEGORIZED: https://t.me/share/url?url=https%3A%2F%2Fpromocode.co.il%2Fcoupon%2Foff-proshop%2F&text=%D7%9E%D7%91%D7%A6%D7%A2%D7%99%D7%9D%20%D7%A2%D7%9C%20%D7%9E%D7%95%D7%A6%D7%A8%D7%99%D7%9D%20%26%238211%3B%20ProShop%20%D7%A4%D7%A8%D7%95%D7%A9%D7%95%D7%A4
[2026-03-10T11:54:39.738Z]   UNCATEGORIZED: https://t.me/share/url?url=https%3A%2F%2Fpromocode.co.il%2Fcoupon%2Foff-secret-asos%2F&text=%D7%A7%D7%95%D7%A4%D7%95%D7%9F%20%D7%A1%D7%95%D7%93%D7%99%20%D7%A2%D7%93%2030%25%20%D7%94%D7%A0%D7%97%D7%94%20%26%238211%3B%20ASOS%20%D7%90%D7%A1%D7%95%D7%A1
[2026-03-10T11:54:39.738Z]   UNCATEGORIZED: https://t.me/share/url?url=https%3A%2F%2Fpromocode.co.il%2Fcoupon%2Foff-selected-amazon%2F&text=%D7%A7%D7%95%D7%A4%D7%95%D7%9F%20%D7%94%D7%A0%D7%97%D7%94%20%D7%9E%D7%A9%D7%AA%D7%A0%D7%94%20%26%238211%3B%20Amazon%20%D7%90%D7%9E%D7%96%D7%95%D7%9F
[2026-03-10T11:54:39.738Z]   UNCATEGORIZED: https://t.me/share/url?url=https%3A%2F%2Fpromocode.co.il%2Fcoupon%2Foff-sliding-wardrobes-home-center%2F&text=%D7%A7%D7%95%D7%A4%D7%95%D7%9F%206%25%20%D7%94%D7%A0%D7%97%D7%94%20%D7%A2%D7%9C%20%D7%90%D7%A8%D7%95%D7%A0%D7%95%D7%AA%20%D7%94%D7%96%D7%96%D7%94%20%26%238211%3B%20Home%20Center%20%D7%94%D7%95%D7%9D%20%D7%A1%D7%A0%D7%98%D7%A8
[2026-03-10T11:54:39.738Z]   UNCATEGORIZED: https://t.me/share/url?url=https%3A%2F%2Fpromocode.co.il%2Fcoupon%2Foff-soulmate%2F&text=%D7%A7%D7%95%D7%A4%D7%95%D7%9F%20%D7%94%D7%A0%D7%97%D7%94%20%26%238211%3B%20%D7%A1%D7%95%D7%9C%D7%9E%D7%99%D7%99%D7%98%20SoulMate
[2026-03-10T11:54:39.738Z]   UNCATEGORIZED: https://t.me/share/url?url=https%3A%2F%2Fpromocode.co.il%2Fcoupon%2Foff-temu%2F&text=%D7%9E%D7%91%D7%A6%D7%A2%D7%99%D7%9D%20%D7%95%D7%94%D7%A0%D7%97%D7%95%D7%AA%20%D7%A2%D7%9C%20%D7%9E%D7%95%D7%A6%D7%A8%D7%99%D7%9D%20%26%238211%3B%20Temu%20%D7%98%D7%9E%D7%95
[2026-03-10T11:54:39.738Z]   UNCATEGORIZED: https://t.me/share/url?url=https%3A%2F%2Fpromocode.co.il%2Fcoupon%2Foff-trip-com%2F&text=%D7%9E%D7%91%D7%A6%D7%A2%D7%99%D7%9D%20%D7%95%D7%94%D7%A0%D7%97%D7%95%D7%AA%20%D7%A2%D7%9C%20%D7%AA%D7%99%D7%99%D7%A8%D7%95%D7%AA%20%26%238211%3B%20Trip.com%20%D7%98%D7%A8%D7%99%D7%A4%20%D7%A7%D7%95%D7%9D
[2026-03-10T11:54:39.738Z]   UNCATEGORIZED: https://t.me/share/url?url=https%3A%2F%2Fpromocode.co.il%2Fcoupon%2Foff-tx-day-terminal-x%2F&text=%D7%9E%D7%91%D7%A6%D7%A2%20TX%20DAY%20%D7%A2%D7%9D%2030%25%20%D7%94%D7%A0%D7%97%D7%94%20%26%238211%3B%20Terminal%20X%20%D7%98%D7%A8%D7%9E%D7%99%D7%A0%D7%9C%20%D7%90%D7%99%D7%A7%D7%A1
[2026-03-10T11:54:39.738Z]   UNCATEGORIZED: https://t.me/share/url?url=https%3A%2F%2Fpromocode.co.il%2Fcoupon%2Foff-zara%2F&text=%D7%A7%D7%95%D7%A4%D7%95%D7%9F%20%D7%94%D7%A0%D7%97%D7%94%20%26%238211%3B%20ZARA%20%D7%96%D7%90%D7%A8%D7%94
[2026-03-10T11:54:39.739Z]   REGEX: fb <- https://www.facebook.com/promocode.il
[2026-03-10T11:54:39.740Z]   REGEX: ig <- https://www.instagram.com/promocode.il
[2026-03-10T11:54:39.740Z]   UNCATEGORIZED: https://www.tumblr.com/share/link?url=https%3A%2F%2Fpromocode.co.il%2Fcoupon%2F10-off-giv-ol%2F&name=%D7%A7%D7%95%D7%A4%D7%95%D7%9F%2010%25%20%D7%94%D7%A0%D7%97%D7%94%20%26%238211%3B%20Giv-ol%20%D7%92%D7%91%D7%A2%D7%95%D7%9C%20%D7%94%D7%95%D7%A6%D7%90%D7%94%20%D7%9C%D7%90%D7%95%D7%A8
[2026-03-10T11:54:39.740Z]   UNCATEGORIZED: https://www.tumblr.com/share/link?url=https%3A%2F%2Fpromocode.co.il%2Fcoupon%2F10-off-golf-kids%2F&name=%D7%A7%D7%95%D7%A4%D7%95%D7%9F%2010%25%20%D7%94%D7%A0%D7%97%D7%94%20%26%238211%3B%20Golf%20Kids%20%D7%92%D7%95%D7%9C%D7%A3%20%D7%A7%D7%99%D7%93%D7%A1
[2026-03-10T11:54:39.740Z]   UNCATEGORIZED: https://www.tumblr.com/share/link?url=https%3A%2F%2Fpromocode.co.il%2Fcoupon%2F10-off-house-brands-iherb%2F&name=%D7%A7%D7%95%D7%A4%D7%95%D7%9F%2010%25%20%D7%94%D7%A0%D7%97%D7%94%20%D7%A2%D7%9C%20%D7%9E%D7%95%D7%AA%D7%92%D7%99%20%D7%94%D7%91%D7%99%D7%AA%20%26%238211%3B%20iHerb%20%D7%90%D7%99%D7%99%D7%94%D7%A8%D7%91
[2026-03-10T11:54:39.740Z]   UNCATEGORIZED: https://www.tumblr.com/share/link?url=https%3A%2F%2Fpromocode.co.il%2Fcoupon%2F10-off-intima%2F&name=%D7%A7%D7%95%D7%A4%D7%95%D7%9F%2010%25%20%D7%94%D7%A0%D7%97%D7%94%20%26%238211%3B%20INTIMA%20%D7%90%D7%99%D7%A0%D7%98%D7%99%D7%9E%D7%94
[2026-03-10T11:54:39.740Z]   UNCATEGORIZED: https://www.tumblr.com/share/link?url=https%3A%2F%2Fpromocode.co.il%2Fcoupon%2F10-off-milkcare%2F&name=%D7%A7%D7%95%D7%A4%D7%95%D7%9F%2010%25%20%D7%94%D7%A0%D7%97%D7%94%20%26%238211%3B%20MilkCare%20%D7%9E%D7%99%D7%9C%D7%A7%20%D7%A7%D7%99%D7%99%D7%A8
[2026-03-10T11:54:39.741Z]   UNCATEGORIZED: https://www.tumblr.com/share/link?url=https%3A%2F%2Fpromocode.co.il%2Fcoupon%2F10-off-over-120-iherb%2F&name=%D7%A7%D7%95%D7%A4%D7%95%D7%9F%2010%25%20%D7%94%D7%A0%D7%97%D7%94%20%D7%91%D7%A7%D7%A0%D7%99%D7%99%D7%94%20%D7%9E%D7%A2%D7%9C%20120%24%20%26%238211%3B%20iHerb%20%D7%90%D7%99%D7%99%D7%94%D7%A8%D7%91
[2026-03-10T11:54:39.741Z]   UNCATEGORIZED: https://www.tumblr.com/share/link?url=https%3A%2F%2Fpromocode.co.il%2Fcoupon%2F10-off-over-60-iherb%2F&name=%D7%A7%D7%95%D7%A4%D7%95%D7%9F%2010%25%20%D7%94%D7%A0%D7%97%D7%94%20%D7%91%D7%A7%D7%A0%D7%99%D7%99%D7%94%20%D7%9E%D7%A2%D7%9C%2060%24%20%26%238211%3B%20iHerb%20%D7%90%D7%99%D7%99%D7%94%D7%A8%D7%91
[2026-03-10T11:54:39.741Z]   UNCATEGORIZED: https://www.tumblr.com/share/link?url=https%3A%2F%2Fpromocode.co.il%2Fcoupon%2F10-off-smartcase%2F&name=%D7%A7%D7%95%D7%A4%D7%95%D7%9F%2010%25%20%D7%94%D7%A0%D7%97%D7%94%20%26%238211%3B%20SmartCase%20%D7%A1%D7%9E%D7%90%D7%A8%D7%98%20%D7%A7%D7%99%D7%99%D7%A1
[2026-03-10T11:54:39.741Z]   UNCATEGORIZED: https://www.tumblr.com/share/link?url=https%3A%2F%2Fpromocode.co.il%2Fcoupon%2F10-off-super-pharm%2F&name=%D7%A7%D7%95%D7%A4%D7%95%D7%9F%2010%25%20%D7%94%D7%A0%D7%97%D7%94%20%26%238211%3B%20Super%20Pharm%20%D7%A1%D7%95%D7%A4%D7%A8%20%D7%A4%D7%90%D7%A8%D7%9D
[2026-03-10T11:54:39.741Z]   UNCATEGORIZED: https://www.tumblr.com/share/link?url=https%3A%2F%2Fpromocode.co.il%2Fcoupon%2F10-off-terminal-x%2F&name=%D7%A7%D7%95%D7%A4%D7%95%D7%9F%2010%25%20%D7%94%D7%A0%D7%97%D7%94%20%26%238211%3B%20Terminal%20X%20%D7%98%D7%A8%D7%9E%D7%99%D7%A0%D7%9C%20%D7%90%D7%99%D7%A7%D7%A1
[2026-03-10T11:54:39.741Z]   UNCATEGORIZED: https://www.tumblr.com/share/link?url=https%3A%2F%2Fpromocode.co.il%2Fcoupon%2F10-off-toys-r-us%2F&name=%D7%A7%D7%95%D7%A4%D7%95%D7%9F%2010%25%20%D7%94%D7%A0%D7%97%D7%94%20%26%238211%3B%20Toys%20R%20Us%20%D7%98%D7%95%D7%99%D7%A1%20%D7%90%D7%A8%20%D7%90%D7%A1
[2026-03-10T11:54:39.741Z]   UNCATEGORIZED: https://www.tumblr.com/share/link?url=https%3A%2F%2Fpromocode.co.il%2Fcoupon%2F100-ils-off-over-400-ils-milega%2F&name=%D7%A7%D7%95%D7%A4%D7%95%D7%9F%20100%20%E2%82%AA%20%D7%94%D7%A0%D7%97%D7%94%20%D7%91%D7%A7%D7%A0%D7%99%D7%99%D7%94%20%D7%9E%D7%A2%D7%9C%20400%20%E2%82%AA%20%26%238211%3B%20Milega%20%D7%9E%D7%99%D7%9C%D7%92%D7%94
[2026-03-10T11:54:39.741Z]   UNCATEGORIZED: https://www.tumblr.com/share/link?url=https%3A%2F%2Fpromocode.co.il%2Fcoupon%2F100-off-free-gifts-temu%2F&name=%D7%A7%D7%95%D7%A4%D7%95%D7%9F%20100%25%20%D7%94%D7%A0%D7%97%D7%94%20%D7%A2%D7%9C%20%D7%9E%D7%95%D7%A6%D7%A8%D7%99%D7%9D%20%D7%95%D7%9E%D7%AA%D7%A0%D7%95%D7%AA%20%D7%91%D7%97%D7%99%D7%A0%D7%9D%20%26%238211%3B%20Temu%20%D7%98%D7%9E%D7%95
[2026-03-10T11:54:39.741Z]   UNCATEGORIZED: https://www.tumblr.com/share/link?url=https%3A%2F%2Fpromocode.co.il%2Fcoupon%2F15-off-beauty-bay%2F&name=%D7%A7%D7%95%D7%A4%D7%95%D7%9F%2015%25%20%D7%94%D7%A0%D7%97%D7%94%20%26%238211%3B%20Beauty%20Bay%20%D7%91%D7%99%D7%95%D7%98%D7%99%20%D7%91%D7%99%D7%99
[2026-03-10T11:54:39.741Z]   UNCATEGORIZED: https://www.tumblr.com/share/link?url=https%3A%2F%2Fpromocode.co.il%2Fcoupon%2F15-off-first-order-cult-beauty%2F&name=%D7%A7%D7%95%D7%A4%D7%95%D7%9F%2015%25%20%D7%94%D7%A0%D7%97%D7%94%20%D7%91%D7%A7%D7%A0%D7%99%D7%99%D7%94%20%D7%A8%D7%90%D7%A9%D7%95%D7%A0%D7%94%20%26%238211%3B%20Cult%20Beauty%20%D7%A7%D7%90%D7%9C%D7%98%20%D7%91%D7%99%D7%95%D7%98%D7%99
[2026-03-10T11:54:39.742Z]   UNCATEGORIZED: https://www.tumblr.com/share/link?url=https%3A%2F%2Fpromocode.co.il%2Fcoupon%2F15-off-rihoas%2F&name=%D7%A7%D7%95%D7%A4%D7%95%D7%9F%2015%25%20%D7%94%D7%A0%D7%97%D7%94%20%26%238211%3B%20Rihoas%20%D7%A8%D7%99%D7%94%D7%95%D7%90%D7%A1
[2026-03-10T11:54:39.742Z]   UNCATEGORIZED: https://www.tumblr.com/share/link?url=https%3A%2F%2Fpromocode.co.il%2Fcoupon%2F20-off-iherb%2F&name=%D7%A7%D7%95%D7%A4%D7%95%D7%9F%2020%25%20%D7%94%D7%A0%D7%97%D7%94%20%D7%A2%D7%9C%20%D7%94%D7%94%D7%96%D7%9E%D7%A0%D7%94%20%D7%94%D7%A8%D7%90%D7%A9%D7%95%D7%A0%D7%94%20%26%238211%3B%20iHerb%20%D7%90%D7%99%D7%99%D7%94%D7%A8%D7%91
[2026-03-10T11:54:39.742Z]   UNCATEGORIZED: https://www.tumblr.com/share/link?url=https%3A%2F%2Fpromocode.co.il%2Fcoupon%2F20-off-over-60-iherb%2F&name=%D7%A7%D7%95%D7%A4%D7%95%D7%9F%2020%25%20%D7%94%D7%A0%D7%97%D7%94%20%D7%91%D7%A7%D7%A0%D7%99%D7%99%D7%94%20%D7%9E%D7%A2%D7%9C%2060%24%20%26%238211%3B%20iHerb%20%D7%90%D7%99%D7%99%D7%94%D7%A8%D7%91
[2026-03-10T11:54:39.742Z]   UNCATEGORIZED: https://www.tumblr.com/share/link?url=https%3A%2F%2Fpromocode.co.il%2Fcoupon%2F20-off-pixelcut%2F&name=%D7%A7%D7%95%D7%A4%D7%95%D7%9F%2020%25%20%D7%94%D7%A0%D7%97%D7%94%20%26%238211%3B%20Pixelcut%20%D7%A4%D7%99%D7%A7%D7%A1%D7%9C%D7%A7%D7%90%D7%98
[2026-03-10T11:54:39.742Z]   UNCATEGORIZED: https://www.tumblr.com/share/link?url=https%3A%2F%2Fpromocode.co.il%2Fcoupon%2F25-off-nike%2F&name=%D7%A7%D7%95%D7%A4%D7%95%D7%9F%2025%25%20%D7%94%D7%A0%D7%97%D7%94%20%26%238211%3B%20Nike%20%D7%A0%D7%99%D7%99%D7%A7
[2026-03-10T11:54:39.742Z]   UNCATEGORIZED: https://www.tumblr.com/share/link?url=https%3A%2F%2Fpromocode.co.il%2Fcoupon%2F30-ils-off-smartcase%2F&name=%D7%A7%D7%95%D7%A4%D7%95%D7%9F%2030%20%E2%82%AA%20%D7%94%D7%A0%D7%97%D7%94%20%26%238211%3B%20SmartCase%20%D7%A1%D7%9E%D7%90%D7%A8%D7%98%20%D7%A7%D7%99%D7%99%D7%A1
[2026-03-10T11:54:39.742Z]   UNCATEGORIZED: https://www.tumblr.com/share/link?url=https%3A%2F%2Fpromocode.co.il%2Fcoupon%2F30-ils-off-wolt%2F&name=%D7%A7%D7%95%D7%A4%D7%95%D7%9F%2030%20%E2%82%AA%20%D7%94%D7%A0%D7%97%D7%94%20%26%238211%3B%20Wolt%20%D7%95%D7%95%D7%9C%D7%98
[2026-03-10T11:54:39.742Z]   UNCATEGORIZED: https://www.tumblr.com/share/link?url=https%3A%2F%2Fpromocode.co.il%2Fcoupon%2F30-off-cloudways%2F&name=%D7%A7%D7%95%D7%A4%D7%95%D7%9F%2030%25%20%D7%94%D7%A0%D7%97%D7%94%20%26%238211%3B%20Cloudways%20%D7%A7%D7%9C%D7%90%D7%95%D7%93%D7%95%D7%95%D7%99%D7%96
[2026-03-10T11:54:39.742Z]   UNCATEGORIZED: https://www.tumblr.com/share/link?url=https%3A%2F%2Fpromocode.co.il%2Fcoupon%2F30-off-gulliver%2F&name=%D7%A7%D7%95%D7%A4%D7%95%D7%9F%2030%24%20%D7%94%D7%A0%D7%97%D7%94%20%26%238211%3B%20Gulliver%20%D7%92%D7%95%D7%9C%D7%99%D7%91%D7%A8
[2026-03-10T11:54:39.742Z]   UNCATEGORIZED: https://www.tumblr.com/share/link?url=https%3A%2F%2Fpromocode.co.il%2Fcoupon%2F30-off-temu%2F&name=%D7%A7%D7%95%D7%A4%D7%95%D7%9F%2030%25%20%D7%94%D7%A0%D7%97%D7%94%20%26%238211%3B%20Temu%20%D7%98%D7%9E%D7%95
[2026-03-10T11:54:39.742Z]   UNCATEGORIZED: https://www.tumblr.com/share/link?url=https%3A%2F%2Fpromocode.co.il%2Fcoupon%2F400-ils-off-temu%2F&name=%D7%A7%D7%95%D7%A4%D7%95%D7%9F%20400%20%E2%82%AA%20%D7%94%D7%A0%D7%97%D7%94%20%26%238211%3B%20Temu%20%D7%98%D7%9E%D7%95
[2026-03-10T11:54:39.742Z]   UNCATEGORIZED: https://www.tumblr.com/share/link?url=https%3A%2F%2Fpromocode.co.il%2Fcoupon%2F5-off-afi-hotels%2F&name=%D7%9E%D7%91%D7%A6%D7%A2%205%25%20%D7%94%D7%A0%D7%97%D7%94%20%26%238211%3B%20AFI%20Hotels%20%D7%9E%D7%9C%D7%95%D7%A0%D7%95%D7%AA%20%D7%90%D7%A4%D7%A8%D7%99%D7%A7%D7%94%20%D7%99%D7%A9%D7%A8%D7%90%D7%9C
[2026-03-10T11:54:39.742Z]   UNCATEGORIZED: https://www.tumblr.com/share/link?url=https%3A%2F%2Fpromocode.co.il%2Fcoupon%2F5-off-anker%2F&name=%D7%A7%D7%95%D7%A4%D7%95%D7%9F%205%25%20%D7%94%D7%A0%D7%97%D7%94%20%26%238211%3B%20Anker%20%D7%90%D7%A0%D7%A7%D7%A8%20%D7%99%D7%A9%D7%A8%D7%90%D7%9C
[2026-03-10T11:54:39.743Z]   UNCATEGORIZED: https://www.tumblr.com/share/link?url=https%3A%2F%2Fpromocode.co.il%2Fcoupon%2F5-off-diamond-chef%2F&name=%D7%A7%D7%95%D7%A4%D7%95%D7%9F%205%25%20%D7%94%D7%A0%D7%97%D7%94%20%26%238211%3B%20Diamond%20Chef%20%D7%93%D7%99%D7%99%D7%9E%D7%95%D7%A0%D7%93%20%D7%A9%D7%A3
[2026-03-10T11:54:39.743Z]   UNCATEGORIZED: https://www.tumblr.com/share/link?url=https%3A%2F%2Fpromocode.co.il%2Fcoupon%2F5-off-iherb%2F&name=%D7%A7%D7%95%D7%A4%D7%95%D7%9F%205%25%20%D7%94%D7%A0%D7%97%D7%94%20%26%238211%3B%20iHerb%20%D7%90%D7%99%D7%99%D7%94%D7%A8%D7%91
[2026-03-10T11:54:39.743Z]   UNCATEGORIZED: https://www.tumblr.com/share/link?url=https%3A%2F%2Fpromocode.co.il%2Fcoupon%2F5-off-rebuild%2F&name=%D7%A7%D7%95%D7%A4%D7%95%D7%9F%205%25%20%D7%94%D7%A0%D7%97%D7%94%20%26%238211%3B%20Rebuild%20%D7%A8%D7%91%D7%99%D7%9C%D7%93
[2026-03-10T11:54:39.743Z]   UNCATEGORIZED: https://www.tumblr.com/share/link?url=https%3A%2F%2Fpromocode.co.il%2Fcoupon%2F5-off-revopoint%2F&name=%D7%A7%D7%95%D7%A4%D7%95%D7%9F%205%25%20%D7%94%D7%A0%D7%97%D7%94%20%26%238211%3B%20Revopoint%20%D7%A8%D7%91%D7%95%D7%A4%D7%95%D7%99%D7%A0%D7%98
[2026-03-10T11:54:39.743Z]   UNCATEGORIZED: https://www.tumblr.com/share/link?url=https%3A%2F%2Fpromocode.co.il%2Fcoupon%2F50-off-wolt%2F&name=%D7%A7%D7%95%D7%A4%D7%95%D7%9F%2050%20%E2%82%AA%20%D7%94%D7%A0%D7%97%D7%94%20%26%238211%3B%20Wolt%20%D7%95%D7%95%D7%9C%D7%98
[2026-03-10T11:54:39.743Z]   UNCATEGORIZED: https://www.tumblr.com/share/link?url=https%3A%2F%2Fpromocode.co.il%2Fcoupon%2F8-off-story-online%2F&name=%D7%A7%D7%95%D7%A4%D7%95%D7%9F%208%25%20%D7%94%D7%A0%D7%97%D7%94%20%26%238211%3B%20Story%20Online%20%D7%A1%D7%98%D7%95%D7%A8%D7%99%20%D7%90%D7%95%D7%A0%D7%9C%D7%99%D7%99%D7%9F
[2026-03-10T11:54:39.743Z]   UNCATEGORIZED: https://www.tumblr.com/share/link?url=https%3A%2F%2Fpromocode.co.il%2Fcoupon%2Fblack-friday-ksp%2F&name=%D7%9E%D7%91%D7%A6%D7%A2%D7%99%20%D7%91%D7%9C%D7%90%D7%A7%20%D7%A4%D7%A8%D7%99%D7%99%D7%93%D7%99%20%26%238211%3B%20KSP%20%D7%A7%D7%99%D7%99%20%D7%90%D7%A1%20%D7%A4%D7%99
[2026-03-10T11:54:39.743Z]   UNCATEGORIZED: https://www.tumblr.com/share/link?url=https%3A%2F%2Fpromocode.co.il%2Fcoupon%2Ffree-shipping-amika%2F&name=%D7%9E%D7%A9%D7%9C%D7%95%D7%97%20%D7%97%D7%99%D7%A0%D7%9D%20%26%238211%3B%20Amika%20%D7%90%D7%9E%D7%99%D7%A7%D7%94
[2026-03-10T11:54:39.743Z]   UNCATEGORIZED: https://www.tumblr.com/share/link?url=https%3A%2F%2Fpromocode.co.il%2Fcoupon%2Ffree-shipping-anker%2F&name=%D7%9E%D7%A9%D7%9C%D7%95%D7%97%20%D7%97%D7%99%D7%A0%D7%9D%20%26%238211%3B%20Anker%20%D7%90%D7%A0%D7%A7%D7%A8%20%D7%99%D7%A9%D7%A8%D7%90%D7%9C
[2026-03-10T11:54:39.743Z]   UNCATEGORIZED: https://www.tumblr.com/share/link?url=https%3A%2F%2Fpromocode.co.il%2Fcoupon%2Ffree-shipping-bissell%2F&name=%D7%9E%D7%A9%D7%9C%D7%95%D7%97%20%D7%97%D7%99%D7%A0%D7%9D%20%26%238211%3B%20Bissell%20%D7%91%D7%99%D7%A1%D7%9C%20%D7%99%D7%A9%D7%A8%D7%90%D7%9C
[2026-03-10T11:54:39.743Z]   UNCATEGORIZED: https://www.tumblr.com/share/link?url=https%3A%2F%2Fpromocode.co.il%2Fcoupon%2Fil-off-asos%2F&name=%D7%A7%D7%95%D7%A4%D7%95%D7%9F%2018%25%20%D7%94%D7%A0%D7%97%D7%94%20%26%238211%3B%20ASOS%20%D7%90%D7%A1%D7%95%D7%A1
[2026-03-10T11:54:39.743Z]   UNCATEGORIZED: https://www.tumblr.com/share/link?url=https%3A%2F%2Fpromocode.co.il%2Fcoupon%2Fmastercard-day-aeroflex%2F&name=%D7%A7%D7%95%D7%A4%D7%95%D7%9F%20%D7%9E%D7%90%D7%A1%D7%98%D7%A8%D7%A7%D7%90%D7%A8%D7%93%20%D7%93%D7%99%D7%99%2025%25%20%D7%94%D7%A0%D7%97%D7%94%20%D7%A2%D7%9C%20%D7%9B%D7%A8%D7%99%D7%95%D7%AA%20%26%238211%3B%20Aeroflex%20%D7%90%D7%99%D7%A8%D7%95%D7%A4%D7%9C%D7%A7%D7%A1
[2026-03-10T11:54:39.744Z]   UNCATEGORIZED: https://www.tumblr.com/share/link?url=https%3A%2F%2Fpromocode.co.il%2Fcoupon%2Fmastercard-day-iherb%2F&name=%D7%A7%D7%95%D7%A4%D7%95%D7%9F%20%D7%9E%D7%90%D7%A1%D7%98%D7%A8%D7%A7%D7%90%D7%A8%D7%93%20%D7%93%D7%99%D7%99%2015%25%20%D7%94%D7%A0%D7%97%D7%94%20%D7%9E%D7%A2%D7%9C%2060%24%20%26%238211%3B%20iHerb%20%D7%90%D7%99%D7%99%D7%94%D7%A8%D7%91
[2026-03-10T11:54:39.744Z]   UNCATEGORIZED: https://www.tumblr.com/share/link?url=https%3A%2F%2Fpromocode.co.il%2Fcoupon%2Fmastercard-day-lee-cooper%2F&name=%D7%A7%D7%95%D7%A4%D7%95%D7%9F%20%D7%9E%D7%90%D7%A1%D7%98%D7%A8%D7%A7%D7%90%D7%A8%D7%93%20%D7%93%D7%99%D7%99%2020%25%20%D7%94%D7%A0%D7%97%D7%94%20%26%238211%3B%20Lee%20Cooper%20%D7%9C%D7%99%20%D7%A7%D7%95%D7%A4%D7%A8%20%D7%99%D7%A9%D7%A8%D7%90%D7%9C
[2026-03-10T11:54:39.744Z]   UNCATEGORIZED: https://www.tumblr.com/share/link?url=https%3A%2F%2Fpromocode.co.il%2Fcoupon%2Fmastercard-day-mishloha%2F&name=%D7%A7%D7%95%D7%A4%D7%95%D7%9F%20%D7%9E%D7%90%D7%A1%D7%98%D7%A8%D7%A7%D7%90%D7%A8%D7%93%20%D7%93%D7%99%D7%99%2030%20%E2%82%AA%20%D7%94%D7%A0%D7%97%D7%94%20%26%238211%3B%20Mishloha%20%D7%9E%D7%A9%D7%9C%D7%95%D7%97%D7%94
[2026-03-10T11:54:39.744Z]   UNCATEGORIZED: https://www.tumblr.com/share/link?url=https%3A%2F%2Fpromocode.co.il%2Fcoupon%2Fmastercard-day-nintendo%2F&name=%D7%A7%D7%95%D7%A4%D7%95%D7%9F%20%D7%9E%D7%90%D7%A1%D7%98%D7%A8%D7%A7%D7%90%D7%A8%D7%93%20%D7%93%D7%99%D7%99%2010%25%20%D7%94%D7%A0%D7%97%D7%94%20%26%238211%3B%20Nintendo%20%D7%A0%D7%99%D7%A0%D7%98%D7%A0%D7%93%D7%95%20%D7%99%D7%A9%D7%A8%D7%90%D7%9C
[2026-03-10T11:54:39.744Z]   UNCATEGORIZED: https://www.tumblr.com/share/link?url=https%3A%2F%2Fpromocode.co.il%2Fcoupon%2Fmastercard-day-olam-hakolnoa%2F&name=%D7%A7%D7%95%D7%A4%D7%95%D7%9F%20%D7%9E%D7%90%D7%A1%D7%98%D7%A8%D7%A7%D7%90%D7%A8%D7%93%20%D7%93%D7%99%D7%99%2010%25%20%D7%94%D7%A0%D7%97%D7%94%20%26%238211%3B%20Olam%20Hakolnoa%20%D7%A2%D7%95%D7%9C%D7%9D%20%D7%94%D7%A7%D7%95%D7%9C%D7%A0%D7%95%D7%A2%20%D7%95%D7%94%D7%97%D7%A9%D7%9E%D7%9C
[2026-03-10T11:54:39.744Z]   UNCATEGORIZED: https://www.tumblr.com/share/link?url=https%3A%2F%2Fpromocode.co.il%2Fcoupon%2Fmastercard-day-soltam%2F&name=%D7%A7%D7%95%D7%A4%D7%95%D7%9F%20%D7%9E%D7%90%D7%A1%D7%98%D7%A8%D7%A7%D7%90%D7%A8%D7%93%20%D7%93%D7%99%D7%99%2015%25%20%D7%94%D7%A0%D7%97%D7%94%20%26%238211%3B%20Soltam%20Radad%20%D7%A1%D7%95%D7%9C%D7%AA%D7%9D%20%D7%A8%D7%93%D7%93
[2026-03-10T11:54:39.744Z]   UNCATEGORIZED: https://www.tumblr.com/share/link?url=https%3A%2F%2Fpromocode.co.il%2Fcoupon%2Fnovember-sale-golf-co%2F&name=%D7%9E%D7%91%D7%A6%D7%A2%20%D7%A0%D7%95%D7%91%D7%9E%D7%91%D7%A8%20%D7%A1%D7%99%D7%99%D7%9C%20%26%238211%3B%20Golf%20%26amp%3B%20Co%20%D7%92%D7%95%D7%9C%D7%A3%20%D7%90%D7%A0%D7%93%20%D7%A7%D7%95
[2026-03-10T11:54:39.744Z]   UNCATEGORIZED: https://www.tumblr.com/share/link?url=https%3A%2F%2Fpromocode.co.il%2Fcoupon%2Fnovember-sale-super-pharm%2F&name=%D7%9E%D7%91%D7%A6%D7%A2%D7%99%20%D7%A0%D7%95%D7%91%D7%9E%D7%91%D7%A8%20%D7%A1%D7%99%D7%99%D7%9C%20%26%238211%3B%20Super%20Pharm%20%D7%A1%D7%95%D7%A4%D7%A8%20%D7%A4%D7%90%D7%A8%D7%9D
[2026-03-10T11:54:39.744Z]   UNCATEGORIZED: https://www.tumblr.com/share/link?url=https%3A%2F%2Fpromocode.co.il%2Fcoupon%2Foff-aeg-olam-hakolnoa%2F&name=%D7%A7%D7%95%D7%A4%D7%95%D7%9F%2010%25%20%D7%94%D7%A0%D7%97%D7%94%20%D7%A2%D7%9C%20%D7%9E%D7%95%D7%A6%D7%A8%D7%99%20%D7%94%D7%9E%D7%95%D7%AA%D7%92%20AEG%20%D7%90%D7%99%D7%99%20%D7%90%D7%99%20%D7%92%26%238217%3B%D7%99%20%26%238211%3B%20Olam%20Hakolnoa%20%D7%A2%D7%95%D7%9C%D7%9D%20%D7%94%D7%A7%D7%95%D7%9C%D7%A0%D7%95%D7%A2%20%D7%95%D7%94%D7%97%D7%A9%D7%9E%D7%9C
[2026-03-10T11:54:39.745Z]   UNCATEGORIZED: https://www.tumblr.com/share/link?url=https%3A%2F%2Fpromocode.co.il%2Fcoupon%2Foff-anker%2F&name=%D7%9E%D7%91%D7%A6%D7%A2%D7%99%D7%9D%20%D7%95%D7%94%D7%A0%D7%97%D7%95%D7%AA%20%D7%A2%D7%9C%20%D7%9E%D7%92%D7%95%D7%95%D7%9F%20%D7%9E%D7%95%D7%A6%D7%A8%D7%99%D7%9D%20%26%238211%3B%20Anker%20%D7%90%D7%A0%D7%A7%D7%A8%20%D7%99%D7%A9%D7%A8%D7%90%D7%9C
[2026-03-10T11:54:39.745Z]   UNCATEGORIZED: https://www.tumblr.com/share/link?url=https%3A%2F%2Fpromocode.co.il%2Fcoupon%2Foff-bissell%2F&name=%D7%9E%D7%91%D7%A6%D7%A2%D7%99%D7%9D%20%D7%95%D7%94%D7%A0%D7%97%D7%95%D7%AA%20%D7%A2%D7%9C%20%D7%9E%D7%92%D7%95%D7%95%D7%9F%20%D7%9E%D7%95%D7%A6%D7%A8%D7%99%D7%9D%20%26%238211%3B%20Bissell%20%D7%91%D7%99%D7%A1%D7%9C%20%D7%99%D7%A9%D7%A8%D7%90%D7%9C
[2026-03-10T11:54:39.745Z]   UNCATEGORIZED: https://www.tumblr.com/share/link?url=https%3A%2F%2Fpromocode.co.il%2Fcoupon%2Foff-ceiling-mounted-lighting-fixtures-home-center%2F&name=%D7%A7%D7%95%D7%A4%D7%95%D7%9F%205%25%20%D7%94%D7%A0%D7%97%D7%94%20%D7%A2%D7%9C%20%D7%92%D7%95%D7%A4%D7%99%20%D7%AA%D7%90%D7%95%D7%A8%D7%94%20%D7%A6%D7%9E%D7%95%D7%93%D7%99%20%D7%AA%D7%A7%D7%A8%D7%94%20%26%238211%3B%20Home%20Center%20%D7%94%D7%95%D7%9D%20%D7%A1%D7%A0%D7%98%D7%A8
[2026-03-10T11:54:39.745Z]   UNCATEGORIZED: https://www.tumblr.com/share/link?url=https%3A%2F%2Fpromocode.co.il%2Fcoupon%2Foff-cinema-city%2F&name=%D7%9E%D7%91%D7%A6%D7%A2%D7%99%D7%9D%20%D7%A2%D7%9C%20%D7%9E%D7%92%D7%95%D7%95%D7%9F%20%D7%A1%D7%A8%D7%98%D7%99%D7%9D%20%D7%91%D7%A7%D7%95%D7%9C%D7%A0%D7%95%D7%A2%20%26%238211%3B%20Cinema%20City%20%D7%A1%D7%99%D7%A0%D7%9E%D7%94%20%D7%A1%D7%99%D7%98%D7%99
[2026-03-10T11:54:39.745Z]   UNCATEGORIZED: https://www.tumblr.com/share/link?url=https%3A%2F%2Fpromocode.co.il%2Fcoupon%2Foff-delta%2F&name=%D7%9E%D7%91%D7%A6%D7%A2%2015%25%20%D7%94%D7%A0%D7%97%D7%94%20%D7%91%D7%A7%D7%A0%D7%99%D7%99%D7%94%20%D7%A8%D7%90%D7%A9%D7%95%D7%A0%D7%94%20%26%238211%3B%20Delta%20%D7%93%D7%9C%D7%AA%D7%90
[2026-03-10T11:54:39.745Z]   UNCATEGORIZED: https://www.tumblr.com/share/link?url=https%3A%2F%2Fpromocode.co.il%2Fcoupon%2Foff-diesenhaus%2F&name=%D7%9E%D7%91%D7%A6%D7%A2%D7%99%D7%9D%20%D7%A2%D7%9C%20%D7%AA%D7%99%D7%99%D7%A8%D7%95%D7%AA%20%26%238211%3B%20Diesenhaus%20%D7%93%D7%99%D7%96%D7%A0%D7%94%D7%90%D7%95%D7%96
[2026-03-10T11:54:39.745Z]   UNCATEGORIZED: https://www.tumblr.com/share/link?url=https%3A%2F%2Fpromocode.co.il%2Fcoupon%2Foff-g-haun%2F&name=%D7%9E%D7%91%D7%A6%D7%A2%D7%99%D7%9D%20%D7%A2%D7%9C%20%D7%9E%D7%95%D7%A6%D7%A8%D7%99%D7%9D%20%26%238211%3B%20G.%20Haun%20%D7%92.%20%D7%97%D7%99%D7%95%D7%9F
[2026-03-10T11:54:39.745Z]   UNCATEGORIZED: https://www.tumblr.com/share/link?url=https%3A%2F%2Fpromocode.co.il%2Fcoupon%2Foff-gomoworld%2F&name=%D7%9E%D7%91%D7%A6%D7%A2%D7%99%D7%9D%20%D7%A2%D7%9C%20%D7%97%D7%91%D7%99%D7%9C%D7%95%D7%AA%20%D7%92%D7%9C%D7%99%D7%A9%D7%94%20%26%238211%3B%20GoMoWorld%20%D7%92%D7%95%D7%9E%D7%95%20%D7%95%D7%95%D7%A8%D7%9C%D7%93
[2026-03-10T11:54:39.746Z]   UNCATEGORIZED: https://www.tumblr.com/share/link?url=https%3A%2F%2Fpromocode.co.il%2Fcoupon%2Foff-hinged-wardrobes-home-center%2F&name=%D7%A7%D7%95%D7%A4%D7%95%D7%9F%206%25%20%D7%94%D7%A0%D7%97%D7%94%20%D7%A2%D7%9C%20%D7%90%D7%A8%D7%95%D7%A0%D7%95%D7%AA%20%D7%A4%D7%AA%D7%99%D7%97%D7%94%20%26%238211%3B%20Home%20Center%20%D7%94%D7%95%D7%9D%20%D7%A1%D7%A0%D7%98%D7%A8
[2026-03-10T11:54:39.746Z]   UNCATEGORIZED: https://www.tumblr.com/share/link?url=https%3A%2F%2Fpromocode.co.il%2Fcoupon%2Foff-kiwi-com%2F&name=%D7%9E%D7%91%D7%A6%D7%A2%D7%99%D7%9D%20%D7%95%D7%94%D7%A0%D7%97%D7%95%D7%AA%20%D7%A2%D7%9C%20%D7%AA%D7%99%D7%99%D7%A8%D7%95%D7%AA%20%26%238211%3B%20Kiwi.com%20%D7%A7%D7%99%D7%95%D7%95%D7%99%20%D7%A7%D7%95%D7%9D
[2026-03-10T11:54:39.746Z]   UNCATEGORIZED: https://www.tumblr.com/share/link?url=https%3A%2F%2Fpromocode.co.il%2Fcoupon%2Foff-ksp%2F&name=%D7%A7%D7%95%D7%A4%D7%95%D7%9F%20%D7%94%D7%A0%D7%97%D7%94%20%D7%9E%D7%A9%D7%AA%D7%A0%D7%94%20%26%238211%3B%20KSP%20%D7%A7%D7%99%D7%99%20%D7%90%D7%A1%20%D7%A4%D7%99
[2026-03-10T11:54:39.746Z]   UNCATEGORIZED: https://www.tumblr.com/share/link?url=https%3A%2F%2Fpromocode.co.il%2Fcoupon%2Foff-mayven%2F&name=%D7%9E%D7%91%D7%A6%D7%A2%D7%99%D7%9D%20%D7%95%D7%94%D7%A0%D7%97%D7%94%20%D7%A2%D7%9C%20%D7%9E%D7%92%D7%95%D7%95%D7%9F%20%D7%9E%D7%95%D7%A6%D7%A8%D7%99%D7%9D%20%26%238211%3B%20Mayven%20%D7%9E%D7%99%D7%99%D7%91%D7%9F
[2026-03-10T11:54:39.746Z]   UNCATEGORIZED: https://www.tumblr.com/share/link?url=https%3A%2F%2Fpromocode.co.il%2Fcoupon%2Foff-mirrors-home-center%2F&name=%D7%A7%D7%95%D7%A4%D7%95%D7%9F%2010%25%20%D7%94%D7%A0%D7%97%D7%94%20%D7%A2%D7%9C%20%D7%9E%D7%A8%D7%90%D7%95%D7%AA%20%26%238211%3B%20Home%20Center%20%D7%94%D7%95%D7%9D%20%D7%A1%D7%A0%D7%98%D7%A8
[2026-03-10T11:54:39.746Z]   UNCATEGORIZED: https://www.tumblr.com/share/link?url=https%3A%2F%2Fpromocode.co.il%2Fcoupon%2Foff-next%2F&name=%D7%A7%D7%95%D7%A4%D7%95%D7%9F%20%D7%94%D7%A0%D7%97%D7%94%20%26%238211%3B%20Next%20%D7%A0%D7%A7%D7%A1%D7%98
[2026-03-10T11:54:39.746Z]   UNCATEGORIZED: https://www.tumblr.com/share/link?url=https%3A%2F%2Fpromocode.co.il%2Fcoupon%2Foff-nike%2F&name=%D7%9E%D7%91%D7%A6%D7%A2%20%D7%A2%D7%93%2030%25%20%D7%94%D7%A0%D7%97%D7%94%20%D7%A2%D7%9C%20%D7%9E%D7%92%D7%95%D7%95%D7%9F%20%D7%A4%D7%A8%D7%99%D7%98%D7%99%D7%9D%20%26%238211%3B%20Nike%20%D7%A0%D7%99%D7%99%D7%A7
[2026-03-10T11:54:39.746Z]   UNCATEGORIZED: https://www.tumblr.com/share/link?url=https%3A%2F%2Fpromocode.co.il%2Fcoupon%2Foff-pandora%2F&name=%D7%9E%D7%91%D7%A6%D7%A2%D7%99%D7%9D%20%D7%A2%D7%9C%20%D7%94%D7%9E%D7%95%D7%A6%D7%A8%D7%99%D7%9D%20%D7%91%D7%A2%D7%9E%D7%95%D7%93%20%D7%94%D7%97%D7%A0%D7%95%D7%AA%20Amazon%20%D7%90%D7%9E%D7%96%D7%95%D7%9F%20%26%238211%3B%20Pandora%20%D7%A4%D7%A0%D7%93%D7%95%D7%A8%D7%94
[2026-03-10T11:54:39.746Z]   UNCATEGORIZED: https://www.tumblr.com/share/link?url=https%3A%2F%2Fpromocode.co.il%2Fcoupon%2Foff-proshop%2F&name=%D7%9E%D7%91%D7%A6%D7%A2%D7%99%D7%9D%20%D7%A2%D7%9C%20%D7%9E%D7%95%D7%A6%D7%A8%D7%99%D7%9D%20%26%238211%3B%20ProShop%20%D7%A4%D7%A8%D7%95%D7%A9%D7%95%D7%A4
[2026-03-10T11:54:39.746Z]   UNCATEGORIZED: https://www.tumblr.com/share/link?url=https%3A%2F%2Fpromocode.co.il%2Fcoupon%2Foff-secret-asos%2F&name=%D7%A7%D7%95%D7%A4%D7%95%D7%9F%20%D7%A1%D7%95%D7%93%D7%99%20%D7%A2%D7%93%2030%25%20%D7%94%D7%A0%D7%97%D7%94%20%26%238211%3B%20ASOS%20%D7%90%D7%A1%D7%95%D7%A1
[2026-03-10T11:54:39.747Z]   UNCATEGORIZED: https://www.tumblr.com/share/link?url=https%3A%2F%2Fpromocode.co.il%2Fcoupon%2Foff-selected-amazon%2F&name=%D7%A7%D7%95%D7%A4%D7%95%D7%9F%20%D7%94%D7%A0%D7%97%D7%94%20%D7%9E%D7%A9%D7%AA%D7%A0%D7%94%20%26%238211%3B%20Amazon%20%D7%90%D7%9E%D7%96%D7%95%D7%9F
[2026-03-10T11:54:39.747Z]   UNCATEGORIZED: https://www.tumblr.com/share/link?url=https%3A%2F%2Fpromocode.co.il%2Fcoupon%2Foff-sliding-wardrobes-home-center%2F&name=%D7%A7%D7%95%D7%A4%D7%95%D7%9F%206%25%20%D7%94%D7%A0%D7%97%D7%94%20%D7%A2%D7%9C%20%D7%90%D7%A8%D7%95%D7%A0%D7%95%D7%AA%20%D7%94%D7%96%D7%96%D7%94%20%26%238211%3B%20Home%20Center%20%D7%94%D7%95%D7%9D%20%D7%A1%D7%A0%D7%98%D7%A8
[2026-03-10T11:54:39.747Z]   UNCATEGORIZED: https://www.tumblr.com/share/link?url=https%3A%2F%2Fpromocode.co.il%2Fcoupon%2Foff-soulmate%2F&name=%D7%A7%D7%95%D7%A4%D7%95%D7%9F%20%D7%94%D7%A0%D7%97%D7%94%20%26%238211%3B%20%D7%A1%D7%95%D7%9C%D7%9E%D7%99%D7%99%D7%98%20SoulMate
[2026-03-10T11:54:39.747Z]   UNCATEGORIZED: https://www.tumblr.com/share/link?url=https%3A%2F%2Fpromocode.co.il%2Fcoupon%2Foff-temu%2F&name=%D7%9E%D7%91%D7%A6%D7%A2%D7%99%D7%9D%20%D7%95%D7%94%D7%A0%D7%97%D7%95%D7%AA%20%D7%A2%D7%9C%20%D7%9E%D7%95%D7%A6%D7%A8%D7%99%D7%9D%20%26%238211%3B%20Temu%20%D7%98%D7%9E%D7%95
[2026-03-10T11:54:39.747Z]   UNCATEGORIZED: https://www.tumblr.com/share/link?url=https%3A%2F%2Fpromocode.co.il%2Fcoupon%2Foff-trip-com%2F&name=%D7%9E%D7%91%D7%A6%D7%A2%D7%99%D7%9D%20%D7%95%D7%94%D7%A0%D7%97%D7%95%D7%AA%20%D7%A2%D7%9C%20%D7%AA%D7%99%D7%99%D7%A8%D7%95%D7%AA%20%26%238211%3B%20Trip.com%20%D7%98%D7%A8%D7%99%D7%A4%20%D7%A7%D7%95%D7%9D
[2026-03-10T11:54:39.747Z]   UNCATEGORIZED: https://www.tumblr.com/share/link?url=https%3A%2F%2Fpromocode.co.il%2Fcoupon%2Foff-tx-day-terminal-x%2F&name=%D7%9E%D7%91%D7%A6%D7%A2%20TX%20DAY%20%D7%A2%D7%9D%2030%25%20%D7%94%D7%A0%D7%97%D7%94%20%26%238211%3B%20Terminal%20X%20%D7%98%D7%A8%D7%9E%D7%99%D7%A0%D7%9C%20%D7%90%D7%99%D7%A7%D7%A1
[2026-03-10T11:54:39.747Z]   UNCATEGORIZED: https://www.tumblr.com/share/link?url=https%3A%2F%2Fpromocode.co.il%2Fcoupon%2Foff-zara%2F&name=%D7%A7%D7%95%D7%A4%D7%95%D7%9F%20%D7%94%D7%A0%D7%97%D7%94%20%26%238211%3B%20ZARA%20%D7%96%D7%90%D7%A8%D7%94
[2026-03-10T11:54:39.747Z]   REGEX: tw <- https://x.com/promocodeil
[2026-03-10T11:54:39.747Z] ── Step 1b: Resolving 222 regex-domain URLs via redirect ──
[2026-03-10T11:54:39.747Z]   SKIP (regex domain, no match): http://www.linkedin.com/shareArticle?mini=true&url=https%3A%2F%2Fpromocode.co.il%2Fcoupon%2F10-off-giv-ol%2F&title=%D7%A7%D7%95%D7%A4%D7%95%D7%9F%2010%25%20%D7%94%D7%A0%D7%97%D7%94%20%26%238211%3B%20Giv-ol%20%D7%92%D7%91%D7%A2%D7%95%D7%9C%20%D7%94%D7%95%D7%A6%D7%90%D7%94%20%D7%9C%D7%90%D7%95%D7%A8&source=%D7%A4%D7%A8%D7%95%D7%9E%D7%95%20%D7%A7%D7%95%D7%93%20Promo%20Code
[2026-03-10T11:54:39.747Z]   SKIP (regex domain, no match): http://www.linkedin.com/shareArticle?mini=true&url=https%3A%2F%2Fpromocode.co.il%2Fcoupon%2F10-off-golf-kids%2F&title=%D7%A7%D7%95%D7%A4%D7%95%D7%9F%2010%25%20%D7%94%D7%A0%D7%97%D7%94%20%26%238211%3B%20Golf%20Kids%20%D7%92%D7%95%D7%9C%D7%A3%20%D7%A7%D7%99%D7%93%D7%A1&source=%D7%A4%D7%A8%D7%95%D7%9E%D7%95%20%D7%A7%D7%95%D7%93%20Promo%20Code
[2026-03-10T11:54:39.748Z]   SKIP (regex domain, no match): http://www.linkedin.com/shareArticle?mini=true&url=https%3A%2F%2Fpromocode.co.il%2Fcoupon%2F10-off-house-brands-iherb%2F&title=%D7%A7%D7%95%D7%A4%D7%95%D7%9F%2010%25%20%D7%94%D7%A0%D7%97%D7%94%20%D7%A2%D7%9C%20%D7%9E%D7%95%D7%AA%D7%92%D7%99%20%D7%94%D7%91%D7%99%D7%AA%20%26%238211%3B%20iHerb%20%D7%90%D7%99%D7%99%D7%94%D7%A8%D7%91&source=%D7%A4%D7%A8%D7%95%D7%9E%D7%95%20%D7%A7%D7%95%D7%93%20Promo%20Code
[2026-03-10T11:54:39.748Z]   SKIP (regex domain, no match): http://www.linkedin.com/shareArticle?mini=true&url=https%3A%2F%2Fpromocode.co.il%2Fcoupon%2F10-off-intima%2F&title=%D7%A7%D7%95%D7%A4%D7%95%D7%9F%2010%25%20%D7%94%D7%A0%D7%97%D7%94%20%26%238211%3B%20INTIMA%20%D7%90%D7%99%D7%A0%D7%98%D7%99%D7%9E%D7%94&source=%D7%A4%D7%A8%D7%95%D7%9E%D7%95%20%D7%A7%D7%95%D7%93%20Promo%20Code
[2026-03-10T11:54:39.748Z]   SKIP (regex domain, no match): http://www.linkedin.com/shareArticle?mini=true&url=https%3A%2F%2Fpromocode.co.il%2Fcoupon%2F10-off-milkcare%2F&title=%D7%A7%D7%95%D7%A4%D7%95%D7%9F%2010%25%20%D7%94%D7%A0%D7%97%D7%94%20%26%238211%3B%20MilkCare%20%D7%9E%D7%99%D7%9C%D7%A7%20%D7%A7%D7%99%D7%99%D7%A8&source=%D7%A4%D7%A8%D7%95%D7%9E%D7%95%20%D7%A7%D7%95%D7%93%20Promo%20Code
[2026-03-10T11:54:39.748Z]   SKIP (regex domain, no match): http://www.linkedin.com/shareArticle?mini=true&url=https%3A%2F%2Fpromocode.co.il%2Fcoupon%2F10-off-over-120-iherb%2F&title=%D7%A7%D7%95%D7%A4%D7%95%D7%9F%2010%25%20%D7%94%D7%A0%D7%97%D7%94%20%D7%91%D7%A7%D7%A0%D7%99%D7%99%D7%94%20%D7%9E%D7%A2%D7%9C%20120%24%20%26%238211%3B%20iHerb%20%D7%90%D7%99%D7%99%D7%94%D7%A8%D7%91&source=%D7%A4%D7%A8%D7%95%D7%9E%D7%95%20%D7%A7%D7%95%D7%93%20Promo%20Code
[2026-03-10T11:54:39.748Z]   SKIP (regex domain, no match): http://www.linkedin.com/shareArticle?mini=true&url=https%3A%2F%2Fpromocode.co.il%2Fcoupon%2F10-off-over-60-iherb%2F&title=%D7%A7%D7%95%D7%A4%D7%95%D7%9F%2010%25%20%D7%94%D7%A0%D7%97%D7%94%20%D7%91%D7%A7%D7%A0%D7%99%D7%99%D7%94%20%D7%9E%D7%A2%D7%9C%2060%24%20%26%238211%3B%20iHerb%20%D7%90%D7%99%D7%99%D7%94%D7%A8%D7%91&source=%D7%A4%D7%A8%D7%95%D7%9E%D7%95%20%D7%A7%D7%95%D7%93%20Promo%20Code
[2026-03-10T11:54:39.748Z]   SKIP (regex domain, no match): http://www.linkedin.com/shareArticle?mini=true&url=https%3A%2F%2Fpromocode.co.il%2Fcoupon%2F10-off-smartcase%2F&title=%D7%A7%D7%95%D7%A4%D7%95%D7%9F%2010%25%20%D7%94%D7%A0%D7%97%D7%94%20%26%238211%3B%20SmartCase%20%D7%A1%D7%9E%D7%90%D7%A8%D7%98%20%D7%A7%D7%99%D7%99%D7%A1&source=%D7%A4%D7%A8%D7%95%D7%9E%D7%95%20%D7%A7%D7%95%D7%93%20Promo%20Code
[2026-03-10T11:54:39.748Z]   SKIP (regex domain, no match): http://www.linkedin.com/shareArticle?mini=true&url=https%3A%2F%2Fpromocode.co.il%2Fcoupon%2F10-off-super-pharm%2F&title=%D7%A7%D7%95%D7%A4%D7%95%D7%9F%2010%25%20%D7%94%D7%A0%D7%97%D7%94%20%26%238211%3B%20Super%20Pharm%20%D7%A1%D7%95%D7%A4%D7%A8%20%D7%A4%D7%90%D7%A8%D7%9D&source=%D7%A4%D7%A8%D7%95%D7%9E%D7%95%20%D7%A7%D7%95%D7%93%20Promo%20Code
[2026-03-10T11:54:39.748Z]   SKIP (regex domain, no match): http://www.linkedin.com/shareArticle?mini=true&url=https%3A%2F%2Fpromocode.co.il%2Fcoupon%2F10-off-terminal-x%2F&title=%D7%A7%D7%95%D7%A4%D7%95%D7%9F%2010%25%20%D7%94%D7%A0%D7%97%D7%94%20%26%238211%3B%20Terminal%20X%20%D7%98%D7%A8%D7%9E%D7%99%D7%A0%D7%9C%20%D7%90%D7%99%D7%A7%D7%A1&source=%D7%A4%D7%A8%D7%95%D7%9E%D7%95%20%D7%A7%D7%95%D7%93%20Promo%20Code
[2026-03-10T11:54:39.748Z]   SKIP (regex domain, no match): http://www.linkedin.com/shareArticle?mini=true&url=https%3A%2F%2Fpromocode.co.il%2Fcoupon%2F10-off-toys-r-us%2F&title=%D7%A7%D7%95%D7%A4%D7%95%D7%9F%2010%25%20%D7%94%D7%A0%D7%97%D7%94%20%26%238211%3B%20Toys%20R%20Us%20%D7%98%D7%95%D7%99%D7%A1%20%D7%90%D7%A8%20%D7%90%D7%A1&source=%D7%A4%D7%A8%D7%95%D7%9E%D7%95%20%D7%A7%D7%95%D7%93%20Promo%20Code
[2026-03-10T11:54:39.748Z]   SKIP (regex domain, no match): http://www.linkedin.com/shareArticle?mini=true&url=https%3A%2F%2Fpromocode.co.il%2Fcoupon%2F100-ils-off-over-400-ils-milega%2F&title=%D7%A7%D7%95%D7%A4%D7%95%D7%9F%20100%20%E2%82%AA%20%D7%94%D7%A0%D7%97%D7%94%20%D7%91%D7%A7%D7%A0%D7%99%D7%99%D7%94%20%D7%9E%D7%A2%D7%9C%20400%20%E2%82%AA%20%26%238211%3B%20Milega%20%D7%9E%D7%99%D7%9C%D7%92%D7%94&source=%D7%A4%D7%A8%D7%95%D7%9E%D7%95%20%D7%A7%D7%95%D7%93%20Promo%20Code
[2026-03-10T11:54:39.748Z]   SKIP (regex domain, no match): http://www.linkedin.com/shareArticle?mini=true&url=https%3A%2F%2Fpromocode.co.il%2Fcoupon%2F100-off-free-gifts-temu%2F&title=%D7%A7%D7%95%D7%A4%D7%95%D7%9F%20100%25%20%D7%94%D7%A0%D7%97%D7%94%20%D7%A2%D7%9C%20%D7%9E%D7%95%D7%A6%D7%A8%D7%99%D7%9D%20%D7%95%D7%9E%D7%AA%D7%A0%D7%95%D7%AA%20%D7%91%D7%97%D7%99%D7%A0%D7%9D%20%26%238211%3B%20Temu%20%D7%98%D7%9E%D7%95&source=%D7%A4%D7%A8%D7%95%D7%9E%D7%95%20%D7%A7%D7%95%D7%93%20Promo%20Code
[2026-03-10T11:54:39.748Z]   SKIP (regex domain, no match): http://www.linkedin.com/shareArticle?mini=true&url=https%3A%2F%2Fpromocode.co.il%2Fcoupon%2F15-off-beauty-bay%2F&title=%D7%A7%D7%95%D7%A4%D7%95%D7%9F%2015%25%20%D7%94%D7%A0%D7%97%D7%94%20%26%238211%3B%20Beauty%20Bay%20%D7%91%D7%99%D7%95%D7%98%D7%99%20%D7%91%D7%99%D7%99&source=%D7%A4%D7%A8%D7%95%D7%9E%D7%95%20%D7%A7%D7%95%D7%93%20Promo%20Code
[2026-03-10T11:54:39.748Z]   SKIP (regex domain, no match): http://www.linkedin.com/shareArticle?mini=true&url=https%3A%2F%2Fpromocode.co.il%2Fcoupon%2F15-off-first-order-cult-beauty%2F&title=%D7%A7%D7%95%D7%A4%D7%95%D7%9F%2015%25%20%D7%94%D7%A0%D7%97%D7%94%20%D7%91%D7%A7%D7%A0%D7%99%D7%99%D7%94%20%D7%A8%D7%90%D7%A9%D7%95%D7%A0%D7%94%20%26%238211%3B%20Cult%20Beauty%20%D7%A7%D7%90%D7%9C%D7%98%20%D7%91%D7%99%D7%95%D7%98%D7%99&source=%D7%A4%D7%A8%D7%95%D7%9E%D7%95%20%D7%A7%D7%95%D7%93%20Promo%20Code
[2026-03-10T11:54:39.749Z]   SKIP (regex domain, no match): http://www.linkedin.com/shareArticle?mini=true&url=https%3A%2F%2Fpromocode.co.il%2Fcoupon%2F15-off-rihoas%2F&title=%D7%A7%D7%95%D7%A4%D7%95%D7%9F%2015%25%20%D7%94%D7%A0%D7%97%D7%94%20%26%238211%3B%20Rihoas%20%D7%A8%D7%99%D7%94%D7%95%D7%90%D7%A1&source=%D7%A4%D7%A8%D7%95%D7%9E%D7%95%20%D7%A7%D7%95%D7%93%20Promo%20Code
[2026-03-10T11:54:39.749Z]   SKIP (regex domain, no match): http://www.linkedin.com/shareArticle?mini=true&url=https%3A%2F%2Fpromocode.co.il%2Fcoupon%2F20-off-iherb%2F&title=%D7%A7%D7%95%D7%A4%D7%95%D7%9F%2020%25%20%D7%94%D7%A0%D7%97%D7%94%20%D7%A2%D7%9C%20%D7%94%D7%94%D7%96%D7%9E%D7%A0%D7%94%20%D7%94%D7%A8%D7%90%D7%A9%D7%95%D7%A0%D7%94%20%26%238211%3B%20iHerb%20%D7%90%D7%99%D7%99%D7%94%D7%A8%D7%91&source=%D7%A4%D7%A8%D7%95%D7%9E%D7%95%20%D7%A7%D7%95%D7%93%20Promo%20Code
[2026-03-10T11:54:39.749Z]   SKIP (regex domain, no match): http://www.linkedin.com/shareArticle?mini=true&url=https%3A%2F%2Fpromocode.co.il%2Fcoupon%2F20-off-over-60-iherb%2F&title=%D7%A7%D7%95%D7%A4%D7%95%D7%9F%2020%25%20%D7%94%D7%A0%D7%97%D7%94%20%D7%91%D7%A7%D7%A0%D7%99%D7%99%D7%94%20%D7%9E%D7%A2%D7%9C%2060%24%20%26%238211%3B%20iHerb%20%D7%90%D7%99%D7%99%D7%94%D7%A8%D7%91&source=%D7%A4%D7%A8%D7%95%D7%9E%D7%95%20%D7%A7%D7%95%D7%93%20Promo%20Code
[2026-03-10T11:54:39.749Z]   SKIP (regex domain, no match): http://www.linkedin.com/shareArticle?mini=true&url=https%3A%2F%2Fpromocode.co.il%2Fcoupon%2F20-off-pixelcut%2F&title=%D7%A7%D7%95%D7%A4%D7%95%D7%9F%2020%25%20%D7%94%D7%A0%D7%97%D7%94%20%26%238211%3B%20Pixelcut%20%D7%A4%D7%99%D7%A7%D7%A1%D7%9C%D7%A7%D7%90%D7%98&source=%D7%A4%D7%A8%D7%95%D7%9E%D7%95%20%D7%A7%D7%95%D7%93%20Promo%20Code
[2026-03-10T11:54:39.749Z]   SKIP (regex domain, no match): http://www.linkedin.com/shareArticle?mini=true&url=https%3A%2F%2Fpromocode.co.il%2Fcoupon%2F25-off-nike%2F&title=%D7%A7%D7%95%D7%A4%D7%95%D7%9F%2025%25%20%D7%94%D7%A0%D7%97%D7%94%20%26%238211%3B%20Nike%20%D7%A0%D7%99%D7%99%D7%A7&source=%D7%A4%D7%A8%D7%95%D7%9E%D7%95%20%D7%A7%D7%95%D7%93%20Promo%20Code
[2026-03-10T11:54:39.749Z]   SKIP (regex domain, no match): http://www.linkedin.com/shareArticle?mini=true&url=https%3A%2F%2Fpromocode.co.il%2Fcoupon%2F30-ils-off-smartcase%2F&title=%D7%A7%D7%95%D7%A4%D7%95%D7%9F%2030%20%E2%82%AA%20%D7%94%D7%A0%D7%97%D7%94%20%26%238211%3B%20SmartCase%20%D7%A1%D7%9E%D7%90%D7%A8%D7%98%20%D7%A7%D7%99%D7%99%D7%A1&source=%D7%A4%D7%A8%D7%95%D7%9E%D7%95%20%D7%A7%D7%95%D7%93%20Promo%20Code
[2026-03-10T11:54:39.749Z]   SKIP (regex domain, no match): http://www.linkedin.com/shareArticle?mini=true&url=https%3A%2F%2Fpromocode.co.il%2Fcoupon%2F30-ils-off-wolt%2F&title=%D7%A7%D7%95%D7%A4%D7%95%D7%9F%2030%20%E2%82%AA%20%D7%94%D7%A0%D7%97%D7%94%20%26%238211%3B%20Wolt%20%D7%95%D7%95%D7%9C%D7%98&source=%D7%A4%D7%A8%D7%95%D7%9E%D7%95%20%D7%A7%D7%95%D7%93%20Promo%20Code
[2026-03-10T11:54:39.749Z]   SKIP (regex domain, no match): http://www.linkedin.com/shareArticle?mini=true&url=https%3A%2F%2Fpromocode.co.il%2Fcoupon%2F30-off-cloudways%2F&title=%D7%A7%D7%95%D7%A4%D7%95%D7%9F%2030%25%20%D7%94%D7%A0%D7%97%D7%94%20%26%238211%3B%20Cloudways%20%D7%A7%D7%9C%D7%90%D7%95%D7%93%D7%95%D7%95%D7%99%D7%96&source=%D7%A4%D7%A8%D7%95%D7%9E%D7%95%20%D7%A7%D7%95%D7%93%20Promo%20Code
[2026-03-10T11:54:39.749Z]   SKIP (regex domain, no match): http://www.linkedin.com/shareArticle?mini=true&url=https%3A%2F%2Fpromocode.co.il%2Fcoupon%2F30-off-gulliver%2F&title=%D7%A7%D7%95%D7%A4%D7%95%D7%9F%2030%24%20%D7%94%D7%A0%D7%97%D7%94%20%26%238211%3B%20Gulliver%20%D7%92%D7%95%D7%9C%D7%99%D7%91%D7%A8&source=%D7%A4%D7%A8%D7%95%D7%9E%D7%95%20%D7%A7%D7%95%D7%93%20Promo%20Code
[2026-03-10T11:54:39.749Z]   SKIP (regex domain, no match): http://www.linkedin.com/shareArticle?mini=true&url=https%3A%2F%2Fpromocode.co.il%2Fcoupon%2F30-off-temu%2F&title=%D7%A7%D7%95%D7%A4%D7%95%D7%9F%2030%25%20%D7%94%D7%A0%D7%97%D7%94%20%26%238211%3B%20Temu%20%D7%98%D7%9E%D7%95&source=%D7%A4%D7%A8%D7%95%D7%9E%D7%95%20%D7%A7%D7%95%D7%93%20Promo%20Code
[2026-03-10T11:54:39.749Z]   SKIP (regex domain, no match): http://www.linkedin.com/shareArticle?mini=true&url=https%3A%2F%2Fpromocode.co.il%2Fcoupon%2F400-ils-off-temu%2F&title=%D7%A7%D7%95%D7%A4%D7%95%D7%9F%20400%20%E2%82%AA%20%D7%94%D7%A0%D7%97%D7%94%20%26%238211%3B%20Temu%20%D7%98%D7%9E%D7%95&source=%D7%A4%D7%A8%D7%95%D7%9E%D7%95%20%D7%A7%D7%95%D7%93%20Promo%20Code
[2026-03-10T11:54:39.749Z]   SKIP (regex domain, no match): http://www.linkedin.com/shareArticle?mini=true&url=https%3A%2F%2Fpromocode.co.il%2Fcoupon%2F5-off-afi-hotels%2F&title=%D7%9E%D7%91%D7%A6%D7%A2%205%25%20%D7%94%D7%A0%D7%97%D7%94%20%26%238211%3B%20AFI%20Hotels%20%D7%9E%D7%9C%D7%95%D7%A0%D7%95%D7%AA%20%D7%90%D7%A4%D7%A8%D7%99%D7%A7%D7%94%20%D7%99%D7%A9%D7%A8%D7%90%D7%9C&source=%D7%A4%D7%A8%D7%95%D7%9E%D7%95%20%D7%A7%D7%95%D7%93%20Promo%20Code
[2026-03-10T11:54:39.749Z]   SKIP (regex domain, no match): http://www.linkedin.com/shareArticle?mini=true&url=https%3A%2F%2Fpromocode.co.il%2Fcoupon%2F5-off-anker%2F&title=%D7%A7%D7%95%D7%A4%D7%95%D7%9F%205%25%20%D7%94%D7%A0%D7%97%D7%94%20%26%238211%3B%20Anker%20%D7%90%D7%A0%D7%A7%D7%A8%20%D7%99%D7%A9%D7%A8%D7%90%D7%9C&source=%D7%A4%D7%A8%D7%95%D7%9E%D7%95%20%D7%A7%D7%95%D7%93%20Promo%20Code
[2026-03-10T11:54:39.749Z]   SKIP (regex domain, no match): http://www.linkedin.com/shareArticle?mini=true&url=https%3A%2F%2Fpromocode.co.il%2Fcoupon%2F5-off-diamond-chef%2F&title=%D7%A7%D7%95%D7%A4%D7%95%D7%9F%205%25%20%D7%94%D7%A0%D7%97%D7%94%20%26%238211%3B%20Diamond%20Chef%20%D7%93%D7%99%D7%99%D7%9E%D7%95%D7%A0%D7%93%20%D7%A9%D7%A3&source=%D7%A4%D7%A8%D7%95%D7%9E%D7%95%20%D7%A7%D7%95%D7%93%20Promo%20Code
[2026-03-10T11:54:39.749Z]   SKIP (regex domain, no match): http://www.linkedin.com/shareArticle?mini=true&url=https%3A%2F%2Fpromocode.co.il%2Fcoupon%2F5-off-iherb%2F&title=%D7%A7%D7%95%D7%A4%D7%95%D7%9F%205%25%20%D7%94%D7%A0%D7%97%D7%94%20%26%238211%3B%20iHerb%20%D7%90%D7%99%D7%99%D7%94%D7%A8%D7%91&source=%D7%A4%D7%A8%D7%95%D7%9E%D7%95%20%D7%A7%D7%95%D7%93%20Promo%20Code
[2026-03-10T11:54:39.749Z]   SKIP (regex domain, no match): http://www.linkedin.com/shareArticle?mini=true&url=https%3A%2F%2Fpromocode.co.il%2Fcoupon%2F5-off-rebuild%2F&title=%D7%A7%D7%95%D7%A4%D7%95%D7%9F%205%25%20%D7%94%D7%A0%D7%97%D7%94%20%26%238211%3B%20Rebuild%20%D7%A8%D7%91%D7%99%D7%9C%D7%93&source=%D7%A4%D7%A8%D7%95%D7%9E%D7%95%20%D7%A7%D7%95%D7%93%20Promo%20Code
[2026-03-10T11:54:39.750Z]   SKIP (regex domain, no match): http://www.linkedin.com/shareArticle?mini=true&url=https%3A%2F%2Fpromocode.co.il%2Fcoupon%2F5-off-revopoint%2F&title=%D7%A7%D7%95%D7%A4%D7%95%D7%9F%205%25%20%D7%94%D7%A0%D7%97%D7%94%20%26%238211%3B%20Revopoint%20%D7%A8%D7%91%D7%95%D7%A4%D7%95%D7%99%D7%A0%D7%98&source=%D7%A4%D7%A8%D7%95%D7%9E%D7%95%20%D7%A7%D7%95%D7%93%20Promo%20Code
[2026-03-10T11:54:39.750Z]   SKIP (regex domain, no match): http://www.linkedin.com/shareArticle?mini=true&url=https%3A%2F%2Fpromocode.co.il%2Fcoupon%2F50-off-wolt%2F&title=%D7%A7%D7%95%D7%A4%D7%95%D7%9F%2050%20%E2%82%AA%20%D7%94%D7%A0%D7%97%D7%94%20%26%238211%3B%20Wolt%20%D7%95%D7%95%D7%9C%D7%98&source=%D7%A4%D7%A8%D7%95%D7%9E%D7%95%20%D7%A7%D7%95%D7%93%20Promo%20Code
[2026-03-10T11:54:39.750Z]   SKIP (regex domain, no match): http://www.linkedin.com/shareArticle?mini=true&url=https%3A%2F%2Fpromocode.co.il%2Fcoupon%2F8-off-story-online%2F&title=%D7%A7%D7%95%D7%A4%D7%95%D7%9F%208%25%20%D7%94%D7%A0%D7%97%D7%94%20%26%238211%3B%20Story%20Online%20%D7%A1%D7%98%D7%95%D7%A8%D7%99%20%D7%90%D7%95%D7%A0%D7%9C%D7%99%D7%99%D7%9F&source=%D7%A4%D7%A8%D7%95%D7%9E%D7%95%20%D7%A7%D7%95%D7%93%20Promo%20Code
[2026-03-10T11:54:39.750Z]   SKIP (regex domain, no match): http://www.linkedin.com/shareArticle?mini=true&url=https%3A%2F%2Fpromocode.co.il%2Fcoupon%2Fblack-friday-ksp%2F&title=%D7%9E%D7%91%D7%A6%D7%A2%D7%99%20%D7%91%D7%9C%D7%90%D7%A7%20%D7%A4%D7%A8%D7%99%D7%99%D7%93%D7%99%20%26%238211%3B%20KSP%20%D7%A7%D7%99%D7%99%20%D7%90%D7%A1%20%D7%A4%D7%99&source=%D7%A4%D7%A8%D7%95%D7%9E%D7%95%20%D7%A7%D7%95%D7%93%20Promo%20Code
[2026-03-10T11:54:39.750Z]   SKIP (regex domain, no match): http://www.linkedin.com/shareArticle?mini=true&url=https%3A%2F%2Fpromocode.co.il%2Fcoupon%2Ffree-shipping-amika%2F&title=%D7%9E%D7%A9%D7%9C%D7%95%D7%97%20%D7%97%D7%99%D7%A0%D7%9D%20%26%238211%3B%20Amika%20%D7%90%D7%9E%D7%99%D7%A7%D7%94&source=%D7%A4%D7%A8%D7%95%D7%9E%D7%95%20%D7%A7%D7%95%D7%93%20Promo%20Code
[2026-03-10T11:54:39.750Z]   SKIP (regex domain, no match): http://www.linkedin.com/shareArticle?mini=true&url=https%3A%2F%2Fpromocode.co.il%2Fcoupon%2Ffree-shipping-anker%2F&title=%D7%9E%D7%A9%D7%9C%D7%95%D7%97%20%D7%97%D7%99%D7%A0%D7%9D%20%26%238211%3B%20Anker%20%D7%90%D7%A0%D7%A7%D7%A8%20%D7%99%D7%A9%D7%A8%D7%90%D7%9C&source=%D7%A4%D7%A8%D7%95%D7%9E%D7%95%20%D7%A7%D7%95%D7%93%20Promo%20Code
[2026-03-10T11:54:39.750Z]   SKIP (regex domain, no match): http://www.linkedin.com/shareArticle?mini=true&url=https%3A%2F%2Fpromocode.co.il%2Fcoupon%2Ffree-shipping-bissell%2F&title=%D7%9E%D7%A9%D7%9C%D7%95%D7%97%20%D7%97%D7%99%D7%A0%D7%9D%20%26%238211%3B%20Bissell%20%D7%91%D7%99%D7%A1%D7%9C%20%D7%99%D7%A9%D7%A8%D7%90%D7%9C&source=%D7%A4%D7%A8%D7%95%D7%9E%D7%95%20%D7%A7%D7%95%D7%93%20Promo%20Code
[2026-03-10T11:54:39.750Z]   SKIP (regex domain, no match): http://www.linkedin.com/shareArticle?mini=true&url=https%3A%2F%2Fpromocode.co.il%2Fcoupon%2Fil-off-asos%2F&title=%D7%A7%D7%95%D7%A4%D7%95%D7%9F%2018%25%20%D7%94%D7%A0%D7%97%D7%94%20%26%238211%3B%20ASOS%20%D7%90%D7%A1%D7%95%D7%A1&source=%D7%A4%D7%A8%D7%95%D7%9E%D7%95%20%D7%A7%D7%95%D7%93%20Promo%20Code
[2026-03-10T11:54:39.750Z]   SKIP (regex domain, no match): http://www.linkedin.com/shareArticle?mini=true&url=https%3A%2F%2Fpromocode.co.il%2Fcoupon%2Fmastercard-day-aeroflex%2F&title=%D7%A7%D7%95%D7%A4%D7%95%D7%9F%20%D7%9E%D7%90%D7%A1%D7%98%D7%A8%D7%A7%D7%90%D7%A8%D7%93%20%D7%93%D7%99%D7%99%2025%25%20%D7%94%D7%A0%D7%97%D7%94%20%D7%A2%D7%9C%20%D7%9B%D7%A8%D7%99%D7%95%D7%AA%20%26%238211%3B%20Aeroflex%20%D7%90%D7%99%D7%A8%D7%95%D7%A4%D7%9C%D7%A7%D7%A1&source=%D7%A4%D7%A8%D7%95%D7%9E%D7%95%20%D7%A7%D7%95%D7%93%20Promo%20Code
[2026-03-10T11:54:39.750Z]   SKIP (regex domain, no match): http://www.linkedin.com/shareArticle?mini=true&url=https%3A%2F%2Fpromocode.co.il%2Fcoupon%2Fmastercard-day-iherb%2F&title=%D7%A7%D7%95%D7%A4%D7%95%D7%9F%20%D7%9E%D7%90%D7%A1%D7%98%D7%A8%D7%A7%D7%90%D7%A8%D7%93%20%D7%93%D7%99%D7%99%2015%25%20%D7%94%D7%A0%D7%97%D7%94%20%D7%9E%D7%A2%D7%9C%2060%24%20%26%238211%3B%20iHerb%20%D7%90%D7%99%D7%99%D7%94%D7%A8%D7%91&source=%D7%A4%D7%A8%D7%95%D7%9E%D7%95%20%D7%A7%D7%95%D7%93%20Promo%20Code
[2026-03-10T11:54:39.750Z]   SKIP (regex domain, no match): http://www.linkedin.com/shareArticle?mini=true&url=https%3A%2F%2Fpromocode.co.il%2Fcoupon%2Fmastercard-day-lee-cooper%2F&title=%D7%A7%D7%95%D7%A4%D7%95%D7%9F%20%D7%9E%D7%90%D7%A1%D7%98%D7%A8%D7%A7%D7%90%D7%A8%D7%93%20%D7%93%D7%99%D7%99%2020%25%20%D7%94%D7%A0%D7%97%D7%94%20%26%238211%3B%20Lee%20Cooper%20%D7%9C%D7%99%20%D7%A7%D7%95%D7%A4%D7%A8%20%D7%99%D7%A9%D7%A8%D7%90%D7%9C&source=%D7%A4%D7%A8%D7%95%D7%9E%D7%95%20%D7%A7%D7%95%D7%93%20Promo%20Code
[2026-03-10T11:54:39.750Z]   SKIP (regex domain, no match): http://www.linkedin.com/shareArticle?mini=true&url=https%3A%2F%2Fpromocode.co.il%2Fcoupon%2Fmastercard-day-mishloha%2F&title=%D7%A7%D7%95%D7%A4%D7%95%D7%9F%20%D7%9E%D7%90%D7%A1%D7%98%D7%A8%D7%A7%D7%90%D7%A8%D7%93%20%D7%93%D7%99%D7%99%2030%20%E2%82%AA%20%D7%94%D7%A0%D7%97%D7%94%20%26%238211%3B%20Mishloha%20%D7%9E%D7%A9%D7%9C%D7%95%D7%97%D7%94&source=%D7%A4%D7%A8%D7%95%D7%9E%D7%95%20%D7%A7%D7%95%D7%93%20Promo%20Code
[2026-03-10T11:54:39.750Z]   SKIP (regex domain, no match): http://www.linkedin.com/shareArticle?mini=true&url=https%3A%2F%2Fpromocode.co.il%2Fcoupon%2Fmastercard-day-nintendo%2F&title=%D7%A7%D7%95%D7%A4%D7%95%D7%9F%20%D7%9E%D7%90%D7%A1%D7%98%D7%A8%D7%A7%D7%90%D7%A8%D7%93%20%D7%93%D7%99%D7%99%2010%25%20%D7%94%D7%A0%D7%97%D7%94%20%26%238211%3B%20Nintendo%20%D7%A0%D7%99%D7%A0%D7%98%D7%A0%D7%93%D7%95%20%D7%99%D7%A9%D7%A8%D7%90%D7%9C&source=%D7%A4%D7%A8%D7%95%D7%9E%D7%95%20%D7%A7%D7%95%D7%93%20Promo%20Code
[2026-03-10T11:54:39.750Z]   SKIP (regex domain, no match): http://www.linkedin.com/shareArticle?mini=true&url=https%3A%2F%2Fpromocode.co.il%2Fcoupon%2Fmastercard-day-olam-hakolnoa%2F&title=%D7%A7%D7%95%D7%A4%D7%95%D7%9F%20%D7%9E%D7%90%D7%A1%D7%98%D7%A8%D7%A7%D7%90%D7%A8%D7%93%20%D7%93%D7%99%D7%99%2010%25%20%D7%94%D7%A0%D7%97%D7%94%20%26%238211%3B%20Olam%20Hakolnoa%20%D7%A2%D7%95%D7%9C%D7%9D%20%D7%94%D7%A7%D7%95%D7%9C%D7%A0%D7%95%D7%A2%20%D7%95%D7%94%D7%97%D7%A9%D7%9E%D7%9C&source=%D7%A4%D7%A8%D7%95%D7%9E%D7%95%20%D7%A7%D7%95%D7%93%20Promo%20Code
[2026-03-10T11:54:39.751Z]   SKIP (regex domain, no match): http://www.linkedin.com/shareArticle?mini=true&url=https%3A%2F%2Fpromocode.co.il%2Fcoupon%2Fmastercard-day-soltam%2F&title=%D7%A7%D7%95%D7%A4%D7%95%D7%9F%20%D7%9E%D7%90%D7%A1%D7%98%D7%A8%D7%A7%D7%90%D7%A8%D7%93%20%D7%93%D7%99%D7%99%2015%25%20%D7%94%D7%A0%D7%97%D7%94%20%26%238211%3B%20Soltam%20Radad%20%D7%A1%D7%95%D7%9C%D7%AA%D7%9D%20%D7%A8%D7%93%D7%93&source=%D7%A4%D7%A8%D7%95%D7%9E%D7%95%20%D7%A7%D7%95%D7%93%20Promo%20Code
[2026-03-10T11:54:39.751Z]   SKIP (regex domain, no match): http://www.linkedin.com/shareArticle?mini=true&url=https%3A%2F%2Fpromocode.co.il%2Fcoupon%2Fnovember-sale-golf-co%2F&title=%D7%9E%D7%91%D7%A6%D7%A2%20%D7%A0%D7%95%D7%91%D7%9E%D7%91%D7%A8%20%D7%A1%D7%99%D7%99%D7%9C%20%26%238211%3B%20Golf%20%26amp%3B%20Co%20%D7%92%D7%95%D7%9C%D7%A3%20%D7%90%D7%A0%D7%93%20%D7%A7%D7%95&source=%D7%A4%D7%A8%D7%95%D7%9E%D7%95%20%D7%A7%D7%95%D7%93%20Promo%20Code
[2026-03-10T11:54:39.751Z]   SKIP (regex domain, no match): http://www.linkedin.com/shareArticle?mini=true&url=https%3A%2F%2Fpromocode.co.il%2Fcoupon%2Fnovember-sale-super-pharm%2F&title=%D7%9E%D7%91%D7%A6%D7%A2%D7%99%20%D7%A0%D7%95%D7%91%D7%9E%D7%91%D7%A8%20%D7%A1%D7%99%D7%99%D7%9C%20%26%238211%3B%20Super%20Pharm%20%D7%A1%D7%95%D7%A4%D7%A8%20%D7%A4%D7%90%D7%A8%D7%9D&source=%D7%A4%D7%A8%D7%95%D7%9E%D7%95%20%D7%A7%D7%95%D7%93%20Promo%20Code
[2026-03-10T11:54:39.751Z]   SKIP (regex domain, no match): http://www.linkedin.com/shareArticle?mini=true&url=https%3A%2F%2Fpromocode.co.il%2Fcoupon%2Foff-aeg-olam-hakolnoa%2F&title=%D7%A7%D7%95%D7%A4%D7%95%D7%9F%2010%25%20%D7%94%D7%A0%D7%97%D7%94%20%D7%A2%D7%9C%20%D7%9E%D7%95%D7%A6%D7%A8%D7%99%20%D7%94%D7%9E%D7%95%D7%AA%D7%92%20AEG%20%D7%90%D7%99%D7%99%20%D7%90%D7%99%20%D7%92%26%238217%3B%D7%99%20%26%238211%3B%20Olam%20Hakolnoa%20%D7%A2%D7%95%D7%9C%D7%9D%20%D7%94%D7%A7%D7%95%D7%9C%D7%A0%D7%95%D7%A2%20%D7%95%D7%94%D7%97%D7%A9%D7%9E%D7%9C&source=%D7%A4%D7%A8%D7%95%D7%9E%D7%95%20%D7%A7%D7%95%D7%93%20Promo%20Code
[2026-03-10T11:54:39.751Z]   SKIP (regex domain, no match): http://www.linkedin.com/shareArticle?mini=true&url=https%3A%2F%2Fpromocode.co.il%2Fcoupon%2Foff-anker%2F&title=%D7%9E%D7%91%D7%A6%D7%A2%D7%99%D7%9D%20%D7%95%D7%94%D7%A0%D7%97%D7%95%D7%AA%20%D7%A2%D7%9C%20%D7%9E%D7%92%D7%95%D7%95%D7%9F%20%D7%9E%D7%95%D7%A6%D7%A8%D7%99%D7%9D%20%26%238211%3B%20Anker%20%D7%90%D7%A0%D7%A7%D7%A8%20%D7%99%D7%A9%D7%A8%D7%90%D7%9C&source=%D7%A4%D7%A8%D7%95%D7%9E%D7%95%20%D7%A7%D7%95%D7%93%20Promo%20Code
[2026-03-10T11:54:39.751Z]   SKIP (regex domain, no match): http://www.linkedin.com/shareArticle?mini=true&url=https%3A%2F%2Fpromocode.co.il%2Fcoupon%2Foff-bissell%2F&title=%D7%9E%D7%91%D7%A6%D7%A2%D7%99%D7%9D%20%D7%95%D7%94%D7%A0%D7%97%D7%95%D7%AA%20%D7%A2%D7%9C%20%D7%9E%D7%92%D7%95%D7%95%D7%9F%20%D7%9E%D7%95%D7%A6%D7%A8%D7%99%D7%9D%20%26%238211%3B%20Bissell%20%D7%91%D7%99%D7%A1%D7%9C%20%D7%99%D7%A9%D7%A8%D7%90%D7%9C&source=%D7%A4%D7%A8%D7%95%D7%9E%D7%95%20%D7%A7%D7%95%D7%93%20Promo%20Code
[2026-03-10T11:54:39.751Z]   SKIP (regex domain, no match): http://www.linkedin.com/shareArticle?mini=true&url=https%3A%2F%2Fpromocode.co.il%2Fcoupon%2Foff-ceiling-mounted-lighting-fixtures-home-center%2F&title=%D7%A7%D7%95%D7%A4%D7%95%D7%9F%205%25%20%D7%94%D7%A0%D7%97%D7%94%20%D7%A2%D7%9C%20%D7%92%D7%95%D7%A4%D7%99%20%D7%AA%D7%90%D7%95%D7%A8%D7%94%20%D7%A6%D7%9E%D7%95%D7%93%D7%99%20%D7%AA%D7%A7%D7%A8%D7%94%20%26%238211%3B%20Home%20Center%20%D7%94%D7%95%D7%9D%20%D7%A1%D7%A0%D7%98%D7%A8&source=%D7%A4%D7%A8%D7%95%D7%9E%D7%95%20%D7%A7%D7%95%D7%93%20Promo%20Code
[2026-03-10T11:54:39.751Z]   SKIP (regex domain, no match): http://www.linkedin.com/shareArticle?mini=true&url=https%3A%2F%2Fpromocode.co.il%2Fcoupon%2Foff-cinema-city%2F&title=%D7%9E%D7%91%D7%A6%D7%A2%D7%99%D7%9D%20%D7%A2%D7%9C%20%D7%9E%D7%92%D7%95%D7%95%D7%9F%20%D7%A1%D7%A8%D7%98%D7%99%D7%9D%20%D7%91%D7%A7%D7%95%D7%9C%D7%A0%D7%95%D7%A2%20%26%238211%3B%20Cinema%20City%20%D7%A1%D7%99%D7%A0%D7%9E%D7%94%20%D7%A1%D7%99%D7%98%D7%99&source=%D7%A4%D7%A8%D7%95%D7%9E%D7%95%20%D7%A7%D7%95%D7%93%20Promo%20Code
[2026-03-10T11:54:39.751Z]   SKIP (regex domain, no match): http://www.linkedin.com/shareArticle?mini=true&url=https%3A%2F%2Fpromocode.co.il%2Fcoupon%2Foff-delta%2F&title=%D7%9E%D7%91%D7%A6%D7%A2%2015%25%20%D7%94%D7%A0%D7%97%D7%94%20%D7%91%D7%A7%D7%A0%D7%99%D7%99%D7%94%20%D7%A8%D7%90%D7%A9%D7%95%D7%A0%D7%94%20%26%238211%3B%20Delta%20%D7%93%D7%9C%D7%AA%D7%90&source=%D7%A4%D7%A8%D7%95%D7%9E%D7%95%20%D7%A7%D7%95%D7%93%20Promo%20Code
[2026-03-10T11:54:39.751Z]   SKIP (regex domain, no match): http://www.linkedin.com/shareArticle?mini=true&url=https%3A%2F%2Fpromocode.co.il%2Fcoupon%2Foff-diesenhaus%2F&title=%D7%9E%D7%91%D7%A6%D7%A2%D7%99%D7%9D%20%D7%A2%D7%9C%20%D7%AA%D7%99%D7%99%D7%A8%D7%95%D7%AA%20%26%238211%3B%20Diesenhaus%20%D7%93%D7%99%D7%96%D7%A0%D7%94%D7%90%D7%95%D7%96&source=%D7%A4%D7%A8%D7%95%D7%9E%D7%95%20%D7%A7%D7%95%D7%93%20Promo%20Code
[2026-03-10T11:54:39.751Z]   SKIP (regex domain, no match): http://www.linkedin.com/shareArticle?mini=true&url=https%3A%2F%2Fpromocode.co.il%2Fcoupon%2Foff-g-haun%2F&title=%D7%9E%D7%91%D7%A6%D7%A2%D7%99%D7%9D%20%D7%A2%D7%9C%20%D7%9E%D7%95%D7%A6%D7%A8%D7%99%D7%9D%20%26%238211%3B%20G.%20Haun%20%D7%92.%20%D7%97%D7%99%D7%95%D7%9F&source=%D7%A4%D7%A8%D7%95%D7%9E%D7%95%20%D7%A7%D7%95%D7%93%20Promo%20Code
[2026-03-10T11:54:39.751Z]   SKIP (regex domain, no match): http://www.linkedin.com/shareArticle?mini=true&url=https%3A%2F%2Fpromocode.co.il%2Fcoupon%2Foff-gomoworld%2F&title=%D7%9E%D7%91%D7%A6%D7%A2%D7%99%D7%9D%20%D7%A2%D7%9C%20%D7%97%D7%91%D7%99%D7%9C%D7%95%D7%AA%20%D7%92%D7%9C%D7%99%D7%A9%D7%94%20%26%238211%3B%20GoMoWorld%20%D7%92%D7%95%D7%9E%D7%95%20%D7%95%D7%95%D7%A8%D7%9C%D7%93&source=%D7%A4%D7%A8%D7%95%D7%9E%D7%95%20%D7%A7%D7%95%D7%93%20Promo%20Code
[2026-03-10T11:54:39.751Z]   SKIP (regex domain, no match): http://www.linkedin.com/shareArticle?mini=true&url=https%3A%2F%2Fpromocode.co.il%2Fcoupon%2Foff-hinged-wardrobes-home-center%2F&title=%D7%A7%D7%95%D7%A4%D7%95%D7%9F%206%25%20%D7%94%D7%A0%D7%97%D7%94%20%D7%A2%D7%9C%20%D7%90%D7%A8%D7%95%D7%A0%D7%95%D7%AA%20%D7%A4%D7%AA%D7%99%D7%97%D7%94%20%26%238211%3B%20Home%20Center%20%D7%94%D7%95%D7%9D%20%D7%A1%D7%A0%D7%98%D7%A8&source=%D7%A4%D7%A8%D7%95%D7%9E%D7%95%20%D7%A7%D7%95%D7%93%20Promo%20Code
[2026-03-10T11:54:39.752Z]   SKIP (regex domain, no match): http://www.linkedin.com/shareArticle?mini=true&url=https%3A%2F%2Fpromocode.co.il%2Fcoupon%2Foff-kiwi-com%2F&title=%D7%9E%D7%91%D7%A6%D7%A2%D7%99%D7%9D%20%D7%95%D7%94%D7%A0%D7%97%D7%95%D7%AA%20%D7%A2%D7%9C%20%D7%AA%D7%99%D7%99%D7%A8%D7%95%D7%AA%20%26%238211%3B%20Kiwi.com%20%D7%A7%D7%99%D7%95%D7%95%D7%99%20%D7%A7%D7%95%D7%9D&source=%D7%A4%D7%A8%D7%95%D7%9E%D7%95%20%D7%A7%D7%95%D7%93%20Promo%20Code
[2026-03-10T11:54:39.752Z]   SKIP (regex domain, no match): http://www.linkedin.com/shareArticle?mini=true&url=https%3A%2F%2Fpromocode.co.il%2Fcoupon%2Foff-ksp%2F&title=%D7%A7%D7%95%D7%A4%D7%95%D7%9F%20%D7%94%D7%A0%D7%97%D7%94%20%D7%9E%D7%A9%D7%AA%D7%A0%D7%94%20%26%238211%3B%20KSP%20%D7%A7%D7%99%D7%99%20%D7%90%D7%A1%20%D7%A4%D7%99&source=%D7%A4%D7%A8%D7%95%D7%9E%D7%95%20%D7%A7%D7%95%D7%93%20Promo%20Code
[2026-03-10T11:54:39.752Z]   SKIP (regex domain, no match): http://www.linkedin.com/shareArticle?mini=true&url=https%3A%2F%2Fpromocode.co.il%2Fcoupon%2Foff-mayven%2F&title=%D7%9E%D7%91%D7%A6%D7%A2%D7%99%D7%9D%20%D7%95%D7%94%D7%A0%D7%97%D7%94%20%D7%A2%D7%9C%20%D7%9E%D7%92%D7%95%D7%95%D7%9F%20%D7%9E%D7%95%D7%A6%D7%A8%D7%99%D7%9D%20%26%238211%3B%20Mayven%20%D7%9E%D7%99%D7%99%D7%91%D7%9F&source=%D7%A4%D7%A8%D7%95%D7%9E%D7%95%20%D7%A7%D7%95%D7%93%20Promo%20Code
[2026-03-10T11:54:39.752Z]   SKIP (regex domain, no match): http://www.linkedin.com/shareArticle?mini=true&url=https%3A%2F%2Fpromocode.co.il%2Fcoupon%2Foff-mirrors-home-center%2F&title=%D7%A7%D7%95%D7%A4%D7%95%D7%9F%2010%25%20%D7%94%D7%A0%D7%97%D7%94%20%D7%A2%D7%9C%20%D7%9E%D7%A8%D7%90%D7%95%D7%AA%20%26%238211%3B%20Home%20Center%20%D7%94%D7%95%D7%9D%20%D7%A1%D7%A0%D7%98%D7%A8&source=%D7%A4%D7%A8%D7%95%D7%9E%D7%95%20%D7%A7%D7%95%D7%93%20Promo%20Code
[2026-03-10T11:54:39.752Z]   SKIP (regex domain, no match): http://www.linkedin.com/shareArticle?mini=true&url=https%3A%2F%2Fpromocode.co.il%2Fcoupon%2Foff-next%2F&title=%D7%A7%D7%95%D7%A4%D7%95%D7%9F%20%D7%94%D7%A0%D7%97%D7%94%20%26%238211%3B%20Next%20%D7%A0%D7%A7%D7%A1%D7%98&source=%D7%A4%D7%A8%D7%95%D7%9E%D7%95%20%D7%A7%D7%95%D7%93%20Promo%20Code
[2026-03-10T11:54:39.752Z]   SKIP (regex domain, no match): http://www.linkedin.com/shareArticle?mini=true&url=https%3A%2F%2Fpromocode.co.il%2Fcoupon%2Foff-nike%2F&title=%D7%9E%D7%91%D7%A6%D7%A2%20%D7%A2%D7%93%2030%25%20%D7%94%D7%A0%D7%97%D7%94%20%D7%A2%D7%9C%20%D7%9E%D7%92%D7%95%D7%95%D7%9F%20%D7%A4%D7%A8%D7%99%D7%98%D7%99%D7%9D%20%26%238211%3B%20Nike%20%D7%A0%D7%99%D7%99%D7%A7&source=%D7%A4%D7%A8%D7%95%D7%9E%D7%95%20%D7%A7%D7%95%D7%93%20Promo%20Code
[2026-03-10T11:54:39.752Z]   SKIP (regex domain, no match): http://www.linkedin.com/shareArticle?mini=true&url=https%3A%2F%2Fpromocode.co.il%2Fcoupon%2Foff-pandora%2F&title=%D7%9E%D7%91%D7%A6%D7%A2%D7%99%D7%9D%20%D7%A2%D7%9C%20%D7%94%D7%9E%D7%95%D7%A6%D7%A8%D7%99%D7%9D%20%D7%91%D7%A2%D7%9E%D7%95%D7%93%20%D7%94%D7%97%D7%A0%D7%95%D7%AA%20Amazon%20%D7%90%D7%9E%D7%96%D7%95%D7%9F%20%26%238211%3B%20Pandora%20%D7%A4%D7%A0%D7%93%D7%95%D7%A8%D7%94&source=%D7%A4%D7%A8%D7%95%D7%9E%D7%95%20%D7%A7%D7%95%D7%93%20Promo%20Code
[2026-03-10T11:54:39.752Z]   SKIP (regex domain, no match): http://www.linkedin.com/shareArticle?mini=true&url=https%3A%2F%2Fpromocode.co.il%2Fcoupon%2Foff-proshop%2F&title=%D7%9E%D7%91%D7%A6%D7%A2%D7%99%D7%9D%20%D7%A2%D7%9C%20%D7%9E%D7%95%D7%A6%D7%A8%D7%99%D7%9D%20%26%238211%3B%20ProShop%20%D7%A4%D7%A8%D7%95%D7%A9%D7%95%D7%A4&source=%D7%A4%D7%A8%D7%95%D7%9E%D7%95%20%D7%A7%D7%95%D7%93%20Promo%20Code
[2026-03-10T11:54:39.752Z]   SKIP (regex domain, no match): http://www.linkedin.com/shareArticle?mini=true&url=https%3A%2F%2Fpromocode.co.il%2Fcoupon%2Foff-secret-asos%2F&title=%D7%A7%D7%95%D7%A4%D7%95%D7%9F%20%D7%A1%D7%95%D7%93%D7%99%20%D7%A2%D7%93%2030%25%20%D7%94%D7%A0%D7%97%D7%94%20%26%238211%3B%20ASOS%20%D7%90%D7%A1%D7%95%D7%A1&source=%D7%A4%D7%A8%D7%95%D7%9E%D7%95%20%D7%A7%D7%95%D7%93%20Promo%20Code
[2026-03-10T11:54:39.752Z]   SKIP (regex domain, no match): http://www.linkedin.com/shareArticle?mini=true&url=https%3A%2F%2Fpromocode.co.il%2Fcoupon%2Foff-selected-amazon%2F&title=%D7%A7%D7%95%D7%A4%D7%95%D7%9F%20%D7%94%D7%A0%D7%97%D7%94%20%D7%9E%D7%A9%D7%AA%D7%A0%D7%94%20%26%238211%3B%20Amazon%20%D7%90%D7%9E%D7%96%D7%95%D7%9F&source=%D7%A4%D7%A8%D7%95%D7%9E%D7%95%20%D7%A7%D7%95%D7%93%20Promo%20Code
[2026-03-10T11:54:39.752Z]   SKIP (regex domain, no match): http://www.linkedin.com/shareArticle?mini=true&url=https%3A%2F%2Fpromocode.co.il%2Fcoupon%2Foff-sliding-wardrobes-home-center%2F&title=%D7%A7%D7%95%D7%A4%D7%95%D7%9F%206%25%20%D7%94%D7%A0%D7%97%D7%94%20%D7%A2%D7%9C%20%D7%90%D7%A8%D7%95%D7%A0%D7%95%D7%AA%20%D7%94%D7%96%D7%96%D7%94%20%26%238211%3B%20Home%20Center%20%D7%94%D7%95%D7%9D%20%D7%A1%D7%A0%D7%98%D7%A8&source=%D7%A4%D7%A8%D7%95%D7%9E%D7%95%20%D7%A7%D7%95%D7%93%20Promo%20Code
[2026-03-10T11:54:39.752Z]   SKIP (regex domain, no match): http://www.linkedin.com/shareArticle?mini=true&url=https%3A%2F%2Fpromocode.co.il%2Fcoupon%2Foff-soulmate%2F&title=%D7%A7%D7%95%D7%A4%D7%95%D7%9F%20%D7%94%D7%A0%D7%97%D7%94%20%26%238211%3B%20%D7%A1%D7%95%D7%9C%D7%9E%D7%99%D7%99%D7%98%20SoulMate&source=%D7%A4%D7%A8%D7%95%D7%9E%D7%95%20%D7%A7%D7%95%D7%93%20Promo%20Code
[2026-03-10T11:54:39.752Z]   SKIP (regex domain, no match): http://www.linkedin.com/shareArticle?mini=true&url=https%3A%2F%2Fpromocode.co.il%2Fcoupon%2Foff-temu%2F&title=%D7%9E%D7%91%D7%A6%D7%A2%D7%99%D7%9D%20%D7%95%D7%94%D7%A0%D7%97%D7%95%D7%AA%20%D7%A2%D7%9C%20%D7%9E%D7%95%D7%A6%D7%A8%D7%99%D7%9D%20%26%238211%3B%20Temu%20%D7%98%D7%9E%D7%95&source=%D7%A4%D7%A8%D7%95%D7%9E%D7%95%20%D7%A7%D7%95%D7%93%20Promo%20Code
[2026-03-10T11:54:39.752Z]   SKIP (regex domain, no match): http://www.linkedin.com/shareArticle?mini=true&url=https%3A%2F%2Fpromocode.co.il%2Fcoupon%2Foff-trip-com%2F&title=%D7%9E%D7%91%D7%A6%D7%A2%D7%99%D7%9D%20%D7%95%D7%94%D7%A0%D7%97%D7%95%D7%AA%20%D7%A2%D7%9C%20%D7%AA%D7%99%D7%99%D7%A8%D7%95%D7%AA%20%26%238211%3B%20Trip.com%20%D7%98%D7%A8%D7%99%D7%A4%20%D7%A7%D7%95%D7%9D&source=%D7%A4%D7%A8%D7%95%D7%9E%D7%95%20%D7%A7%D7%95%D7%93%20Promo%20Code
[2026-03-10T11:54:39.752Z]   SKIP (regex domain, no match): http://www.linkedin.com/shareArticle?mini=true&url=https%3A%2F%2Fpromocode.co.il%2Fcoupon%2Foff-tx-day-terminal-x%2F&title=%D7%9E%D7%91%D7%A6%D7%A2%20TX%20DAY%20%D7%A2%D7%9D%2030%25%20%D7%94%D7%A0%D7%97%D7%94%20%26%238211%3B%20Terminal%20X%20%D7%98%D7%A8%D7%9E%D7%99%D7%A0%D7%9C%20%D7%90%D7%99%D7%A7%D7%A1&source=%D7%A4%D7%A8%D7%95%D7%9E%D7%95%20%D7%A7%D7%95%D7%93%20Promo%20Code
[2026-03-10T11:54:39.753Z]   SKIP (regex domain, no match): http://www.linkedin.com/shareArticle?mini=true&url=https%3A%2F%2Fpromocode.co.il%2Fcoupon%2Foff-zara%2F&title=%D7%A7%D7%95%D7%A4%D7%95%D7%9F%20%D7%94%D7%A0%D7%97%D7%94%20%26%238211%3B%20ZARA%20%D7%96%D7%90%D7%A8%D7%94&source=%D7%A4%D7%A8%D7%95%D7%9E%D7%95%20%D7%A7%D7%95%D7%93%20Promo%20Code
[2026-03-10T11:54:39.753Z]   SKIP (regex domain, no match): https://twitter.com/intent/tweet?source=%D7%A4%D7%A8%D7%95%D7%9E%D7%95%20%D7%A7%D7%95%D7%93%20Promo%20Code&text=https%3A%2F%2Fpromocode.co.il%2Fcoupon%2F10-off-giv-ol%2F
[2026-03-10T11:54:39.753Z]   SKIP (regex domain, no match): https://twitter.com/intent/tweet?source=%D7%A4%D7%A8%D7%95%D7%9E%D7%95%20%D7%A7%D7%95%D7%93%20Promo%20Code&text=https%3A%2F%2Fpromocode.co.il%2Fcoupon%2F10-off-golf-kids%2F
[2026-03-10T11:54:39.753Z]   SKIP (regex domain, no match): https://twitter.com/intent/tweet?source=%D7%A4%D7%A8%D7%95%D7%9E%D7%95%20%D7%A7%D7%95%D7%93%20Promo%20Code&text=https%3A%2F%2Fpromocode.co.il%2Fcoupon%2F10-off-house-brands-iherb%2F
[2026-03-10T11:54:39.753Z]   SKIP (regex domain, no match): https://twitter.com/intent/tweet?source=%D7%A4%D7%A8%D7%95%D7%9E%D7%95%20%D7%A7%D7%95%D7%93%20Promo%20Code&text=https%3A%2F%2Fpromocode.co.il%2Fcoupon%2F10-off-intima%2F
[2026-03-10T11:54:39.753Z]   SKIP (regex domain, no match): https://twitter.com/intent/tweet?source=%D7%A4%D7%A8%D7%95%D7%9E%D7%95%20%D7%A7%D7%95%D7%93%20Promo%20Code&text=https%3A%2F%2Fpromocode.co.il%2Fcoupon%2F10-off-milkcare%2F
[2026-03-10T11:54:39.753Z]   SKIP (regex domain, no match): https://twitter.com/intent/tweet?source=%D7%A4%D7%A8%D7%95%D7%9E%D7%95%20%D7%A7%D7%95%D7%93%20Promo%20Code&text=https%3A%2F%2Fpromocode.co.il%2Fcoupon%2F10-off-over-120-iherb%2F
[2026-03-10T11:54:39.753Z]   SKIP (regex domain, no match): https://twitter.com/intent/tweet?source=%D7%A4%D7%A8%D7%95%D7%9E%D7%95%20%D7%A7%D7%95%D7%93%20Promo%20Code&text=https%3A%2F%2Fpromocode.co.il%2Fcoupon%2F10-off-over-60-iherb%2F
[2026-03-10T11:54:39.753Z]   SKIP (regex domain, no match): https://twitter.com/intent/tweet?source=%D7%A4%D7%A8%D7%95%D7%9E%D7%95%20%D7%A7%D7%95%D7%93%20Promo%20Code&text=https%3A%2F%2Fpromocode.co.il%2Fcoupon%2F10-off-smartcase%2F
[2026-03-10T11:54:39.753Z]   SKIP (regex domain, no match): https://twitter.com/intent/tweet?source=%D7%A4%D7%A8%D7%95%D7%9E%D7%95%20%D7%A7%D7%95%D7%93%20Promo%20Code&text=https%3A%2F%2Fpromocode.co.il%2Fcoupon%2F10-off-super-pharm%2F
[2026-03-10T11:54:39.753Z]   SKIP (regex domain, no match): https://twitter.com/intent/tweet?source=%D7%A4%D7%A8%D7%95%D7%9E%D7%95%20%D7%A7%D7%95%D7%93%20Promo%20Code&text=https%3A%2F%2Fpromocode.co.il%2Fcoupon%2F10-off-terminal-x%2F
[2026-03-10T11:54:39.753Z]   SKIP (regex domain, no match): https://twitter.com/intent/tweet?source=%D7%A4%D7%A8%D7%95%D7%9E%D7%95%20%D7%A7%D7%95%D7%93%20Promo%20Code&text=https%3A%2F%2Fpromocode.co.il%2Fcoupon%2F10-off-toys-r-us%2F
[2026-03-10T11:54:39.753Z]   SKIP (regex domain, no match): https://twitter.com/intent/tweet?source=%D7%A4%D7%A8%D7%95%D7%9E%D7%95%20%D7%A7%D7%95%D7%93%20Promo%20Code&text=https%3A%2F%2Fpromocode.co.il%2Fcoupon%2F100-ils-off-over-400-ils-milega%2F
[2026-03-10T11:54:39.753Z]   SKIP (regex domain, no match): https://twitter.com/intent/tweet?source=%D7%A4%D7%A8%D7%95%D7%9E%D7%95%20%D7%A7%D7%95%D7%93%20Promo%20Code&text=https%3A%2F%2Fpromocode.co.il%2Fcoupon%2F100-off-free-gifts-temu%2F
[2026-03-10T11:54:39.753Z]   SKIP (regex domain, no match): https://twitter.com/intent/tweet?source=%D7%A4%D7%A8%D7%95%D7%9E%D7%95%20%D7%A7%D7%95%D7%93%20Promo%20Code&text=https%3A%2F%2Fpromocode.co.il%2Fcoupon%2F15-off-beauty-bay%2F
[2026-03-10T11:54:39.753Z]   SKIP (regex domain, no match): https://twitter.com/intent/tweet?source=%D7%A4%D7%A8%D7%95%D7%9E%D7%95%20%D7%A7%D7%95%D7%93%20Promo%20Code&text=https%3A%2F%2Fpromocode.co.il%2Fcoupon%2F15-off-first-order-cult-beauty%2F
[2026-03-10T11:54:39.753Z]   SKIP (regex domain, no match): https://twitter.com/intent/tweet?source=%D7%A4%D7%A8%D7%95%D7%9E%D7%95%20%D7%A7%D7%95%D7%93%20Promo%20Code&text=https%3A%2F%2Fpromocode.co.il%2Fcoupon%2F15-off-rihoas%2F
[2026-03-10T11:54:39.754Z]   SKIP (regex domain, no match): https://twitter.com/intent/tweet?source=%D7%A4%D7%A8%D7%95%D7%9E%D7%95%20%D7%A7%D7%95%D7%93%20Promo%20Code&text=https%3A%2F%2Fpromocode.co.il%2Fcoupon%2F20-off-iherb%2F
[2026-03-10T11:54:39.754Z]   SKIP (regex domain, no match): https://twitter.com/intent/tweet?source=%D7%A4%D7%A8%D7%95%D7%9E%D7%95%20%D7%A7%D7%95%D7%93%20Promo%20Code&text=https%3A%2F%2Fpromocode.co.il%2Fcoupon%2F20-off-over-60-iherb%2F
[2026-03-10T11:54:39.754Z]   SKIP (regex domain, no match): https://twitter.com/intent/tweet?source=%D7%A4%D7%A8%D7%95%D7%9E%D7%95%20%D7%A7%D7%95%D7%93%20Promo%20Code&text=https%3A%2F%2Fpromocode.co.il%2Fcoupon%2F20-off-pixelcut%2F
[2026-03-10T11:54:39.754Z]   SKIP (regex domain, no match): https://twitter.com/intent/tweet?source=%D7%A4%D7%A8%D7%95%D7%9E%D7%95%20%D7%A7%D7%95%D7%93%20Promo%20Code&text=https%3A%2F%2Fpromocode.co.il%2Fcoupon%2F25-off-nike%2F
[2026-03-10T11:54:39.754Z]   SKIP (regex domain, no match): https://twitter.com/intent/tweet?source=%D7%A4%D7%A8%D7%95%D7%9E%D7%95%20%D7%A7%D7%95%D7%93%20Promo%20Code&text=https%3A%2F%2Fpromocode.co.il%2Fcoupon%2F30-ils-off-smartcase%2F
[2026-03-10T11:54:39.754Z]   SKIP (regex domain, no match): https://twitter.com/intent/tweet?source=%D7%A4%D7%A8%D7%95%D7%9E%D7%95%20%D7%A7%D7%95%D7%93%20Promo%20Code&text=https%3A%2F%2Fpromocode.co.il%2Fcoupon%2F30-ils-off-wolt%2F
[2026-03-10T11:54:39.754Z]   SKIP (regex domain, no match): https://twitter.com/intent/tweet?source=%D7%A4%D7%A8%D7%95%D7%9E%D7%95%20%D7%A7%D7%95%D7%93%20Promo%20Code&text=https%3A%2F%2Fpromocode.co.il%2Fcoupon%2F30-off-cloudways%2F
[2026-03-10T11:54:39.754Z]   SKIP (regex domain, no match): https://twitter.com/intent/tweet?source=%D7%A4%D7%A8%D7%95%D7%9E%D7%95%20%D7%A7%D7%95%D7%93%20Promo%20Code&text=https%3A%2F%2Fpromocode.co.il%2Fcoupon%2F30-off-gulliver%2F
[2026-03-10T11:54:39.754Z]   SKIP (regex domain, no match): https://twitter.com/intent/tweet?source=%D7%A4%D7%A8%D7%95%D7%9E%D7%95%20%D7%A7%D7%95%D7%93%20Promo%20Code&text=https%3A%2F%2Fpromocode.co.il%2Fcoupon%2F30-off-temu%2F
[2026-03-10T11:54:39.754Z]   SKIP (regex domain, no match): https://twitter.com/intent/tweet?source=%D7%A4%D7%A8%D7%95%D7%9E%D7%95%20%D7%A7%D7%95%D7%93%20Promo%20Code&text=https%3A%2F%2Fpromocode.co.il%2Fcoupon%2F400-ils-off-temu%2F
[2026-03-10T11:54:39.754Z]   SKIP (regex domain, no match): https://twitter.com/intent/tweet?source=%D7%A4%D7%A8%D7%95%D7%9E%D7%95%20%D7%A7%D7%95%D7%93%20Promo%20Code&text=https%3A%2F%2Fpromocode.co.il%2Fcoupon%2F5-off-afi-hotels%2F
[2026-03-10T11:54:39.754Z]   SKIP (regex domain, no match): https://twitter.com/intent/tweet?source=%D7%A4%D7%A8%D7%95%D7%9E%D7%95%20%D7%A7%D7%95%D7%93%20Promo%20Code&text=https%3A%2F%2Fpromocode.co.il%2Fcoupon%2F5-off-anker%2F
[2026-03-10T11:54:39.754Z]   SKIP (regex domain, no match): https://twitter.com/intent/tweet?source=%D7%A4%D7%A8%D7%95%D7%9E%D7%95%20%D7%A7%D7%95%D7%93%20Promo%20Code&text=https%3A%2F%2Fpromocode.co.il%2Fcoupon%2F5-off-diamond-chef%2F
[2026-03-10T11:54:39.754Z]   SKIP (regex domain, no match): https://twitter.com/intent/tweet?source=%D7%A4%D7%A8%D7%95%D7%9E%D7%95%20%D7%A7%D7%95%D7%93%20Promo%20Code&text=https%3A%2F%2Fpromocode.co.il%2Fcoupon%2F5-off-iherb%2F
[2026-03-10T11:54:39.754Z]   SKIP (regex domain, no match): https://twitter.com/intent/tweet?source=%D7%A4%D7%A8%D7%95%D7%9E%D7%95%20%D7%A7%D7%95%D7%93%20Promo%20Code&text=https%3A%2F%2Fpromocode.co.il%2Fcoupon%2F5-off-rebuild%2F
[2026-03-10T11:54:39.754Z]   SKIP (regex domain, no match): https://twitter.com/intent/tweet?source=%D7%A4%D7%A8%D7%95%D7%9E%D7%95%20%D7%A7%D7%95%D7%93%20Promo%20Code&text=https%3A%2F%2Fpromocode.co.il%2Fcoupon%2F5-off-revopoint%2F
[2026-03-10T11:54:39.754Z]   SKIP (regex domain, no match): https://twitter.com/intent/tweet?source=%D7%A4%D7%A8%D7%95%D7%9E%D7%95%20%D7%A7%D7%95%D7%93%20Promo%20Code&text=https%3A%2F%2Fpromocode.co.il%2Fcoupon%2F50-off-wolt%2F
[2026-03-10T11:54:39.754Z]   SKIP (regex domain, no match): https://twitter.com/intent/tweet?source=%D7%A4%D7%A8%D7%95%D7%9E%D7%95%20%D7%A7%D7%95%D7%93%20Promo%20Code&text=https%3A%2F%2Fpromocode.co.il%2Fcoupon%2F8-off-story-online%2F
[2026-03-10T11:54:39.755Z]   SKIP (regex domain, no match): https://twitter.com/intent/tweet?source=%D7%A4%D7%A8%D7%95%D7%9E%D7%95%20%D7%A7%D7%95%D7%93%20Promo%20Code&text=https%3A%2F%2Fpromocode.co.il%2Fcoupon%2Fblack-friday-ksp%2F
[2026-03-10T11:54:39.755Z]   SKIP (regex domain, no match): https://twitter.com/intent/tweet?source=%D7%A4%D7%A8%D7%95%D7%9E%D7%95%20%D7%A7%D7%95%D7%93%20Promo%20Code&text=https%3A%2F%2Fpromocode.co.il%2Fcoupon%2Ffree-shipping-amika%2F
[2026-03-10T11:54:39.755Z]   SKIP (regex domain, no match): https://twitter.com/intent/tweet?source=%D7%A4%D7%A8%D7%95%D7%9E%D7%95%20%D7%A7%D7%95%D7%93%20Promo%20Code&text=https%3A%2F%2Fpromocode.co.il%2Fcoupon%2Ffree-shipping-anker%2F
[2026-03-10T11:54:39.755Z]   SKIP (regex domain, no match): https://twitter.com/intent/tweet?source=%D7%A4%D7%A8%D7%95%D7%9E%D7%95%20%D7%A7%D7%95%D7%93%20Promo%20Code&text=https%3A%2F%2Fpromocode.co.il%2Fcoupon%2Ffree-shipping-bissell%2F
[2026-03-10T11:54:39.755Z]   SKIP (regex domain, no match): https://twitter.com/intent/tweet?source=%D7%A4%D7%A8%D7%95%D7%9E%D7%95%20%D7%A7%D7%95%D7%93%20Promo%20Code&text=https%3A%2F%2Fpromocode.co.il%2Fcoupon%2Fil-off-asos%2F
[2026-03-10T11:54:39.755Z]   SKIP (regex domain, no match): https://twitter.com/intent/tweet?source=%D7%A4%D7%A8%D7%95%D7%9E%D7%95%20%D7%A7%D7%95%D7%93%20Promo%20Code&text=https%3A%2F%2Fpromocode.co.il%2Fcoupon%2Fmastercard-day-aeroflex%2F
[2026-03-10T11:54:39.755Z]   SKIP (regex domain, no match): https://twitter.com/intent/tweet?source=%D7%A4%D7%A8%D7%95%D7%9E%D7%95%20%D7%A7%D7%95%D7%93%20Promo%20Code&text=https%3A%2F%2Fpromocode.co.il%2Fcoupon%2Fmastercard-day-iherb%2F
[2026-03-10T11:54:39.755Z]   SKIP (regex domain, no match): https://twitter.com/intent/tweet?source=%D7%A4%D7%A8%D7%95%D7%9E%D7%95%20%D7%A7%D7%95%D7%93%20Promo%20Code&text=https%3A%2F%2Fpromocode.co.il%2Fcoupon%2Fmastercard-day-lee-cooper%2F
[2026-03-10T11:54:39.755Z]   SKIP (regex domain, no match): https://twitter.com/intent/tweet?source=%D7%A4%D7%A8%D7%95%D7%9E%D7%95%20%D7%A7%D7%95%D7%93%20Promo%20Code&text=https%3A%2F%2Fpromocode.co.il%2Fcoupon%2Fmastercard-day-mishloha%2F
[2026-03-10T11:54:39.755Z]   SKIP (regex domain, no match): https://twitter.com/intent/tweet?source=%D7%A4%D7%A8%D7%95%D7%9E%D7%95%20%D7%A7%D7%95%D7%93%20Promo%20Code&text=https%3A%2F%2Fpromocode.co.il%2Fcoupon%2Fmastercard-day-nintendo%2F
[2026-03-10T11:54:39.755Z]   SKIP (regex domain, no match): https://twitter.com/intent/tweet?source=%D7%A4%D7%A8%D7%95%D7%9E%D7%95%20%D7%A7%D7%95%D7%93%20Promo%20Code&text=https%3A%2F%2Fpromocode.co.il%2Fcoupon%2Fmastercard-day-olam-hakolnoa%2F
[2026-03-10T11:54:39.755Z]   SKIP (regex domain, no match): https://twitter.com/intent/tweet?source=%D7%A4%D7%A8%D7%95%D7%9E%D7%95%20%D7%A7%D7%95%D7%93%20Promo%20Code&text=https%3A%2F%2Fpromocode.co.il%2Fcoupon%2Fmastercard-day-soltam%2F
[2026-03-10T11:54:39.755Z]   SKIP (regex domain, no match): https://twitter.com/intent/tweet?source=%D7%A4%D7%A8%D7%95%D7%9E%D7%95%20%D7%A7%D7%95%D7%93%20Promo%20Code&text=https%3A%2F%2Fpromocode.co.il%2Fcoupon%2Fnovember-sale-golf-co%2F
[2026-03-10T11:54:39.755Z]   SKIP (regex domain, no match): https://twitter.com/intent/tweet?source=%D7%A4%D7%A8%D7%95%D7%9E%D7%95%20%D7%A7%D7%95%D7%93%20Promo%20Code&text=https%3A%2F%2Fpromocode.co.il%2Fcoupon%2Fnovember-sale-super-pharm%2F
[2026-03-10T11:54:39.756Z]   SKIP (regex domain, no match): https://twitter.com/intent/tweet?source=%D7%A4%D7%A8%D7%95%D7%9E%D7%95%20%D7%A7%D7%95%D7%93%20Promo%20Code&text=https%3A%2F%2Fpromocode.co.il%2Fcoupon%2Foff-aeg-olam-hakolnoa%2F
[2026-03-10T11:54:39.756Z]   SKIP (regex domain, no match): https://twitter.com/intent/tweet?source=%D7%A4%D7%A8%D7%95%D7%9E%D7%95%20%D7%A7%D7%95%D7%93%20Promo%20Code&text=https%3A%2F%2Fpromocode.co.il%2Fcoupon%2Foff-anker%2F
[2026-03-10T11:54:39.756Z]   SKIP (regex domain, no match): https://twitter.com/intent/tweet?source=%D7%A4%D7%A8%D7%95%D7%9E%D7%95%20%D7%A7%D7%95%D7%93%20Promo%20Code&text=https%3A%2F%2Fpromocode.co.il%2Fcoupon%2Foff-bissell%2F
[2026-03-10T11:54:39.756Z]   SKIP (regex domain, no match): https://twitter.com/intent/tweet?source=%D7%A4%D7%A8%D7%95%D7%9E%D7%95%20%D7%A7%D7%95%D7%93%20Promo%20Code&text=https%3A%2F%2Fpromocode.co.il%2Fcoupon%2Foff-ceiling-mounted-lighting-fixtures-home-center%2F
[2026-03-10T11:54:39.756Z]   SKIP (regex domain, no match): https://twitter.com/intent/tweet?source=%D7%A4%D7%A8%D7%95%D7%9E%D7%95%20%D7%A7%D7%95%D7%93%20Promo%20Code&text=https%3A%2F%2Fpromocode.co.il%2Fcoupon%2Foff-cinema-city%2F
[2026-03-10T11:54:39.756Z]   SKIP (regex domain, no match): https://twitter.com/intent/tweet?source=%D7%A4%D7%A8%D7%95%D7%9E%D7%95%20%D7%A7%D7%95%D7%93%20Promo%20Code&text=https%3A%2F%2Fpromocode.co.il%2Fcoupon%2Foff-delta%2F
[2026-03-10T11:54:39.756Z]   SKIP (regex domain, no match): https://twitter.com/intent/tweet?source=%D7%A4%D7%A8%D7%95%D7%9E%D7%95%20%D7%A7%D7%95%D7%93%20Promo%20Code&text=https%3A%2F%2Fpromocode.co.il%2Fcoupon%2Foff-diesenhaus%2F
[2026-03-10T11:54:39.756Z]   SKIP (regex domain, no match): https://twitter.com/intent/tweet?source=%D7%A4%D7%A8%D7%95%D7%9E%D7%95%20%D7%A7%D7%95%D7%93%20Promo%20Code&text=https%3A%2F%2Fpromocode.co.il%2Fcoupon%2Foff-g-haun%2F
[2026-03-10T11:54:39.756Z]   SKIP (regex domain, no match): https://twitter.com/intent/tweet?source=%D7%A4%D7%A8%D7%95%D7%9E%D7%95%20%D7%A7%D7%95%D7%93%20Promo%20Code&text=https%3A%2F%2Fpromocode.co.il%2Fcoupon%2Foff-gomoworld%2F
[2026-03-10T11:54:39.756Z]   SKIP (regex domain, no match): https://twitter.com/intent/tweet?source=%D7%A4%D7%A8%D7%95%D7%9E%D7%95%20%D7%A7%D7%95%D7%93%20Promo%20Code&text=https%3A%2F%2Fpromocode.co.il%2Fcoupon%2Foff-hinged-wardrobes-home-center%2F
[2026-03-10T11:54:39.756Z]   SKIP (regex domain, no match): https://twitter.com/intent/tweet?source=%D7%A4%D7%A8%D7%95%D7%9E%D7%95%20%D7%A7%D7%95%D7%93%20Promo%20Code&text=https%3A%2F%2Fpromocode.co.il%2Fcoupon%2Foff-kiwi-com%2F
[2026-03-10T11:54:39.756Z]   SKIP (regex domain, no match): https://twitter.com/intent/tweet?source=%D7%A4%D7%A8%D7%95%D7%9E%D7%95%20%D7%A7%D7%95%D7%93%20Promo%20Code&text=https%3A%2F%2Fpromocode.co.il%2Fcoupon%2Foff-ksp%2F
[2026-03-10T11:54:39.756Z]   SKIP (regex domain, no match): https://twitter.com/intent/tweet?source=%D7%A4%D7%A8%D7%95%D7%9E%D7%95%20%D7%A7%D7%95%D7%93%20Promo%20Code&text=https%3A%2F%2Fpromocode.co.il%2Fcoupon%2Foff-mayven%2F
[2026-03-10T11:54:39.756Z]   SKIP (regex domain, no match): https://twitter.com/intent/tweet?source=%D7%A4%D7%A8%D7%95%D7%9E%D7%95%20%D7%A7%D7%95%D7%93%20Promo%20Code&text=https%3A%2F%2Fpromocode.co.il%2Fcoupon%2Foff-mirrors-home-center%2F
[2026-03-10T11:54:39.756Z]   SKIP (regex domain, no match): https://twitter.com/intent/tweet?source=%D7%A4%D7%A8%D7%95%D7%9E%D7%95%20%D7%A7%D7%95%D7%93%20Promo%20Code&text=https%3A%2F%2Fpromocode.co.il%2Fcoupon%2Foff-next%2F
[2026-03-10T11:54:39.756Z]   SKIP (regex domain, no match): https://twitter.com/intent/tweet?source=%D7%A4%D7%A8%D7%95%D7%9E%D7%95%20%D7%A7%D7%95%D7%93%20Promo%20Code&text=https%3A%2F%2Fpromocode.co.il%2Fcoupon%2Foff-nike%2F
[2026-03-10T11:54:39.757Z]   SKIP (regex domain, no match): https://twitter.com/intent/tweet?source=%D7%A4%D7%A8%D7%95%D7%9E%D7%95%20%D7%A7%D7%95%D7%93%20Promo%20Code&text=https%3A%2F%2Fpromocode.co.il%2Fcoupon%2Foff-pandora%2F
[2026-03-10T11:54:39.757Z]   SKIP (regex domain, no match): https://twitter.com/intent/tweet?source=%D7%A4%D7%A8%D7%95%D7%9E%D7%95%20%D7%A7%D7%95%D7%93%20Promo%20Code&text=https%3A%2F%2Fpromocode.co.il%2Fcoupon%2Foff-proshop%2F
[2026-03-10T11:54:39.757Z]   SKIP (regex domain, no match): https://twitter.com/intent/tweet?source=%D7%A4%D7%A8%D7%95%D7%9E%D7%95%20%D7%A7%D7%95%D7%93%20Promo%20Code&text=https%3A%2F%2Fpromocode.co.il%2Fcoupon%2Foff-secret-asos%2F
[2026-03-10T11:54:39.757Z]   SKIP (regex domain, no match): https://twitter.com/intent/tweet?source=%D7%A4%D7%A8%D7%95%D7%9E%D7%95%20%D7%A7%D7%95%D7%93%20Promo%20Code&text=https%3A%2F%2Fpromocode.co.il%2Fcoupon%2Foff-selected-amazon%2F
[2026-03-10T11:54:39.757Z]   SKIP (regex domain, no match): https://twitter.com/intent/tweet?source=%D7%A4%D7%A8%D7%95%D7%9E%D7%95%20%D7%A7%D7%95%D7%93%20Promo%20Code&text=https%3A%2F%2Fpromocode.co.il%2Fcoupon%2Foff-sliding-wardrobes-home-center%2F
[2026-03-10T11:54:39.757Z]   SKIP (regex domain, no match): https://twitter.com/intent/tweet?source=%D7%A4%D7%A8%D7%95%D7%9E%D7%95%20%D7%A7%D7%95%D7%93%20Promo%20Code&text=https%3A%2F%2Fpromocode.co.il%2Fcoupon%2Foff-soulmate%2F
[2026-03-10T11:54:39.757Z]   SKIP (regex domain, no match): https://twitter.com/intent/tweet?source=%D7%A4%D7%A8%D7%95%D7%9E%D7%95%20%D7%A7%D7%95%D7%93%20Promo%20Code&text=https%3A%2F%2Fpromocode.co.il%2Fcoupon%2Foff-temu%2F
[2026-03-10T11:54:39.757Z]   SKIP (regex domain, no match): https://twitter.com/intent/tweet?source=%D7%A4%D7%A8%D7%95%D7%9E%D7%95%20%D7%A7%D7%95%D7%93%20Promo%20Code&text=https%3A%2F%2Fpromocode.co.il%2Fcoupon%2Foff-trip-com%2F
[2026-03-10T11:54:39.757Z]   SKIP (regex domain, no match): https://twitter.com/intent/tweet?source=%D7%A4%D7%A8%D7%95%D7%9E%D7%95%20%D7%A7%D7%95%D7%93%20Promo%20Code&text=https%3A%2F%2Fpromocode.co.il%2Fcoupon%2Foff-tx-day-terminal-x%2F
[2026-03-10T11:54:39.757Z]   SKIP (regex domain, no match): https://twitter.com/intent/tweet?source=%D7%A4%D7%A8%D7%95%D7%9E%D7%95%20%D7%A7%D7%95%D7%93%20Promo%20Code&text=https%3A%2F%2Fpromocode.co.il%2Fcoupon%2Foff-zara%2F
[2026-03-10T11:54:39.757Z]   SKIP (regex domain, no match): https://www.facebook.com/sharer/sharer.php?u=https%3A%2F%2Fpromocode.co.il%2Fcoupon%2F10-off-giv-ol%2F
[2026-03-10T11:54:39.757Z]   SKIP (regex domain, no match): https://www.facebook.com/sharer/sharer.php?u=https%3A%2F%2Fpromocode.co.il%2Fcoupon%2F10-off-golf-kids%2F
[2026-03-10T11:54:39.757Z]   SKIP (regex domain, no match): https://www.facebook.com/sharer/sharer.php?u=https%3A%2F%2Fpromocode.co.il%2Fcoupon%2F10-off-house-brands-iherb%2F
[2026-03-10T11:54:39.757Z]   SKIP (regex domain, no match): https://www.facebook.com/sharer/sharer.php?u=https%3A%2F%2Fpromocode.co.il%2Fcoupon%2F10-off-intima%2F
[2026-03-10T11:54:39.757Z]   SKIP (regex domain, no match): https://www.facebook.com/sharer/sharer.php?u=https%3A%2F%2Fpromocode.co.il%2Fcoupon%2F10-off-milkcare%2F
[2026-03-10T11:54:39.757Z]   SKIP (regex domain, no match): https://www.facebook.com/sharer/sharer.php?u=https%3A%2F%2Fpromocode.co.il%2Fcoupon%2F10-off-over-120-iherb%2F
[2026-03-10T11:54:39.757Z]   SKIP (regex domain, no match): https://www.facebook.com/sharer/sharer.php?u=https%3A%2F%2Fpromocode.co.il%2Fcoupon%2F10-off-over-60-iherb%2F
[2026-03-10T11:54:39.758Z]   SKIP (regex domain, no match): https://www.facebook.com/sharer/sharer.php?u=https%3A%2F%2Fpromocode.co.il%2Fcoupon%2F10-off-smartcase%2F
[2026-03-10T11:54:39.758Z]   SKIP (regex domain, no match): https://www.facebook.com/sharer/sharer.php?u=https%3A%2F%2Fpromocode.co.il%2Fcoupon%2F10-off-super-pharm%2F
[2026-03-10T11:54:39.758Z]   SKIP (regex domain, no match): https://www.facebook.com/sharer/sharer.php?u=https%3A%2F%2Fpromocode.co.il%2Fcoupon%2F10-off-terminal-x%2F
[2026-03-10T11:54:39.758Z]   SKIP (regex domain, no match): https://www.facebook.com/sharer/sharer.php?u=https%3A%2F%2Fpromocode.co.il%2Fcoupon%2F10-off-toys-r-us%2F
[2026-03-10T11:54:39.758Z]   SKIP (regex domain, no match): https://www.facebook.com/sharer/sharer.php?u=https%3A%2F%2Fpromocode.co.il%2Fcoupon%2F100-ils-off-over-400-ils-milega%2F
[2026-03-10T11:54:39.758Z]   SKIP (regex domain, no match): https://www.facebook.com/sharer/sharer.php?u=https%3A%2F%2Fpromocode.co.il%2Fcoupon%2F100-off-free-gifts-temu%2F
[2026-03-10T11:54:39.758Z]   SKIP (regex domain, no match): https://www.facebook.com/sharer/sharer.php?u=https%3A%2F%2Fpromocode.co.il%2Fcoupon%2F15-off-beauty-bay%2F
[2026-03-10T11:54:39.758Z]   SKIP (regex domain, no match): https://www.facebook.com/sharer/sharer.php?u=https%3A%2F%2Fpromocode.co.il%2Fcoupon%2F15-off-first-order-cult-beauty%2F
[2026-03-10T11:54:39.758Z]   SKIP (regex domain, no match): https://www.facebook.com/sharer/sharer.php?u=https%3A%2F%2Fpromocode.co.il%2Fcoupon%2F15-off-rihoas%2F
[2026-03-10T11:54:39.758Z]   SKIP (regex domain, no match): https://www.facebook.com/sharer/sharer.php?u=https%3A%2F%2Fpromocode.co.il%2Fcoupon%2F20-off-iherb%2F
[2026-03-10T11:54:39.758Z]   SKIP (regex domain, no match): https://www.facebook.com/sharer/sharer.php?u=https%3A%2F%2Fpromocode.co.il%2Fcoupon%2F20-off-over-60-iherb%2F
[2026-03-10T11:54:39.758Z]   SKIP (regex domain, no match): https://www.facebook.com/sharer/sharer.php?u=https%3A%2F%2Fpromocode.co.il%2Fcoupon%2F20-off-pixelcut%2F
[2026-03-10T11:54:39.758Z]   SKIP (regex domain, no match): https://www.facebook.com/sharer/sharer.php?u=https%3A%2F%2Fpromocode.co.il%2Fcoupon%2F25-off-nike%2F
[2026-03-10T11:54:39.758Z]   SKIP (regex domain, no match): https://www.facebook.com/sharer/sharer.php?u=https%3A%2F%2Fpromocode.co.il%2Fcoupon%2F30-ils-off-smartcase%2F
[2026-03-10T11:54:39.758Z]   SKIP (regex domain, no match): https://www.facebook.com/sharer/sharer.php?u=https%3A%2F%2Fpromocode.co.il%2Fcoupon%2F30-ils-off-wolt%2F
[2026-03-10T11:54:39.758Z]   SKIP (regex domain, no match): https://www.facebook.com/sharer/sharer.php?u=https%3A%2F%2Fpromocode.co.il%2Fcoupon%2F30-off-cloudways%2F
[2026-03-10T11:54:39.758Z]   SKIP (regex domain, no match): https://www.facebook.com/sharer/sharer.php?u=https%3A%2F%2Fpromocode.co.il%2Fcoupon%2F30-off-gulliver%2F
[2026-03-10T11:54:39.759Z]   SKIP (regex domain, no match): https://www.facebook.com/sharer/sharer.php?u=https%3A%2F%2Fpromocode.co.il%2Fcoupon%2F30-off-temu%2F
[2026-03-10T11:54:39.759Z]   SKIP (regex domain, no match): https://www.facebook.com/sharer/sharer.php?u=https%3A%2F%2Fpromocode.co.il%2Fcoupon%2F400-ils-off-temu%2F
[2026-03-10T11:54:39.759Z]   SKIP (regex domain, no match): https://www.facebook.com/sharer/sharer.php?u=https%3A%2F%2Fpromocode.co.il%2Fcoupon%2F5-off-afi-hotels%2F
[2026-03-10T11:54:39.759Z]   SKIP (regex domain, no match): https://www.facebook.com/sharer/sharer.php?u=https%3A%2F%2Fpromocode.co.il%2Fcoupon%2F5-off-anker%2F
[2026-03-10T11:54:39.759Z]   SKIP (regex domain, no match): https://www.facebook.com/sharer/sharer.php?u=https%3A%2F%2Fpromocode.co.il%2Fcoupon%2F5-off-diamond-chef%2F
[2026-03-10T11:54:39.759Z]   SKIP (regex domain, no match): https://www.facebook.com/sharer/sharer.php?u=https%3A%2F%2Fpromocode.co.il%2Fcoupon%2F5-off-iherb%2F
[2026-03-10T11:54:39.759Z]   SKIP (regex domain, no match): https://www.facebook.com/sharer/sharer.php?u=https%3A%2F%2Fpromocode.co.il%2Fcoupon%2F5-off-rebuild%2F
[2026-03-10T11:54:39.759Z]   SKIP (regex domain, no match): https://www.facebook.com/sharer/sharer.php?u=https%3A%2F%2Fpromocode.co.il%2Fcoupon%2F5-off-revopoint%2F
[2026-03-10T11:54:39.759Z]   SKIP (regex domain, no match): https://www.facebook.com/sharer/sharer.php?u=https%3A%2F%2Fpromocode.co.il%2Fcoupon%2F50-off-wolt%2F
[2026-03-10T11:54:39.759Z]   SKIP (regex domain, no match): https://www.facebook.com/sharer/sharer.php?u=https%3A%2F%2Fpromocode.co.il%2Fcoupon%2F8-off-story-online%2F
[2026-03-10T11:54:39.759Z]   SKIP (regex domain, no match): https://www.facebook.com/sharer/sharer.php?u=https%3A%2F%2Fpromocode.co.il%2Fcoupon%2Fblack-friday-ksp%2F
[2026-03-10T11:54:39.759Z]   SKIP (regex domain, no match): https://www.facebook.com/sharer/sharer.php?u=https%3A%2F%2Fpromocode.co.il%2Fcoupon%2Ffree-shipping-amika%2F
[2026-03-10T11:54:39.759Z]   SKIP (regex domain, no match): https://www.facebook.com/sharer/sharer.php?u=https%3A%2F%2Fpromocode.co.il%2Fcoupon%2Ffree-shipping-anker%2F
[2026-03-10T11:54:39.759Z]   SKIP (regex domain, no match): https://www.facebook.com/sharer/sharer.php?u=https%3A%2F%2Fpromocode.co.il%2Fcoupon%2Ffree-shipping-bissell%2F
[2026-03-10T11:54:39.759Z]   SKIP (regex domain, no match): https://www.facebook.com/sharer/sharer.php?u=https%3A%2F%2Fpromocode.co.il%2Fcoupon%2Fil-off-asos%2F
[2026-03-10T11:54:39.759Z]   SKIP (regex domain, no match): https://www.facebook.com/sharer/sharer.php?u=https%3A%2F%2Fpromocode.co.il%2Fcoupon%2Fmastercard-day-aeroflex%2F
[2026-03-10T11:54:39.759Z]   SKIP (regex domain, no match): https://www.facebook.com/sharer/sharer.php?u=https%3A%2F%2Fpromocode.co.il%2Fcoupon%2Fmastercard-day-iherb%2F
[2026-03-10T11:54:39.760Z]   SKIP (regex domain, no match): https://www.facebook.com/sharer/sharer.php?u=https%3A%2F%2Fpromocode.co.il%2Fcoupon%2Fmastercard-day-lee-cooper%2F
[2026-03-10T11:54:39.760Z]   SKIP (regex domain, no match): https://www.facebook.com/sharer/sharer.php?u=https%3A%2F%2Fpromocode.co.il%2Fcoupon%2Fmastercard-day-mishloha%2F
[2026-03-10T11:54:39.760Z]   SKIP (regex domain, no match): https://www.facebook.com/sharer/sharer.php?u=https%3A%2F%2Fpromocode.co.il%2Fcoupon%2Fmastercard-day-nintendo%2F
[2026-03-10T11:54:39.760Z]   SKIP (regex domain, no match): https://www.facebook.com/sharer/sharer.php?u=https%3A%2F%2Fpromocode.co.il%2Fcoupon%2Fmastercard-day-olam-hakolnoa%2F
[2026-03-10T11:54:39.760Z]   SKIP (regex domain, no match): https://www.facebook.com/sharer/sharer.php?u=https%3A%2F%2Fpromocode.co.il%2Fcoupon%2Fmastercard-day-soltam%2F
[2026-03-10T11:54:39.760Z]   SKIP (regex domain, no match): https://www.facebook.com/sharer/sharer.php?u=https%3A%2F%2Fpromocode.co.il%2Fcoupon%2Fnovember-sale-golf-co%2F
[2026-03-10T11:54:39.760Z]   SKIP (regex domain, no match): https://www.facebook.com/sharer/sharer.php?u=https%3A%2F%2Fpromocode.co.il%2Fcoupon%2Fnovember-sale-super-pharm%2F
[2026-03-10T11:54:39.760Z]   SKIP (regex domain, no match): https://www.facebook.com/sharer/sharer.php?u=https%3A%2F%2Fpromocode.co.il%2Fcoupon%2Foff-aeg-olam-hakolnoa%2F
[2026-03-10T11:54:39.760Z]   SKIP (regex domain, no match): https://www.facebook.com/sharer/sharer.php?u=https%3A%2F%2Fpromocode.co.il%2Fcoupon%2Foff-anker%2F
[2026-03-10T11:54:39.760Z]   SKIP (regex domain, no match): https://www.facebook.com/sharer/sharer.php?u=https%3A%2F%2Fpromocode.co.il%2Fcoupon%2Foff-bissell%2F
[2026-03-10T11:54:39.760Z]   SKIP (regex domain, no match): https://www.facebook.com/sharer/sharer.php?u=https%3A%2F%2Fpromocode.co.il%2Fcoupon%2Foff-ceiling-mounted-lighting-fixtures-home-center%2F
[2026-03-10T11:54:39.760Z]   SKIP (regex domain, no match): https://www.facebook.com/sharer/sharer.php?u=https%3A%2F%2Fpromocode.co.il%2Fcoupon%2Foff-cinema-city%2F
[2026-03-10T11:54:39.760Z]   SKIP (regex domain, no match): https://www.facebook.com/sharer/sharer.php?u=https%3A%2F%2Fpromocode.co.il%2Fcoupon%2Foff-delta%2F
[2026-03-10T11:54:39.760Z]   SKIP (regex domain, no match): https://www.facebook.com/sharer/sharer.php?u=https%3A%2F%2Fpromocode.co.il%2Fcoupon%2Foff-diesenhaus%2F
[2026-03-10T11:54:39.760Z]   SKIP (regex domain, no match): https://www.facebook.com/sharer/sharer.php?u=https%3A%2F%2Fpromocode.co.il%2Fcoupon%2Foff-g-haun%2F
[2026-03-10T11:54:39.760Z]   SKIP (regex domain, no match): https://www.facebook.com/sharer/sharer.php?u=https%3A%2F%2Fpromocode.co.il%2Fcoupon%2Foff-gomoworld%2F
[2026-03-10T11:54:39.760Z]   SKIP (regex domain, no match): https://www.facebook.com/sharer/sharer.php?u=https%3A%2F%2Fpromocode.co.il%2Fcoupon%2Foff-hinged-wardrobes-home-center%2F
[2026-03-10T11:54:39.761Z]   SKIP (regex domain, no match): https://www.facebook.com/sharer/sharer.php?u=https%3A%2F%2Fpromocode.co.il%2Fcoupon%2Foff-kiwi-com%2F
[2026-03-10T11:54:39.761Z]   SKIP (regex domain, no match): https://www.facebook.com/sharer/sharer.php?u=https%3A%2F%2Fpromocode.co.il%2Fcoupon%2Foff-ksp%2F
[2026-03-10T11:54:39.761Z]   SKIP (regex domain, no match): https://www.facebook.com/sharer/sharer.php?u=https%3A%2F%2Fpromocode.co.il%2Fcoupon%2Foff-mayven%2F
[2026-03-10T11:54:39.761Z]   SKIP (regex domain, no match): https://www.facebook.com/sharer/sharer.php?u=https%3A%2F%2Fpromocode.co.il%2Fcoupon%2Foff-mirrors-home-center%2F
[2026-03-10T11:54:39.761Z]   SKIP (regex domain, no match): https://www.facebook.com/sharer/sharer.php?u=https%3A%2F%2Fpromocode.co.il%2Fcoupon%2Foff-next%2F
[2026-03-10T11:54:39.761Z]   SKIP (regex domain, no match): https://www.facebook.com/sharer/sharer.php?u=https%3A%2F%2Fpromocode.co.il%2Fcoupon%2Foff-nike%2F
[2026-03-10T11:54:39.761Z]   SKIP (regex domain, no match): https://www.facebook.com/sharer/sharer.php?u=https%3A%2F%2Fpromocode.co.il%2Fcoupon%2Foff-pandora%2F
[2026-03-10T11:54:39.761Z]   SKIP (regex domain, no match): https://www.facebook.com/sharer/sharer.php?u=https%3A%2F%2Fpromocode.co.il%2Fcoupon%2Foff-proshop%2F
[2026-03-10T11:54:39.761Z]   SKIP (regex domain, no match): https://www.facebook.com/sharer/sharer.php?u=https%3A%2F%2Fpromocode.co.il%2Fcoupon%2Foff-secret-asos%2F
[2026-03-10T11:54:39.761Z]   SKIP (regex domain, no match): https://www.facebook.com/sharer/sharer.php?u=https%3A%2F%2Fpromocode.co.il%2Fcoupon%2Foff-selected-amazon%2F
[2026-03-10T11:54:39.761Z]   SKIP (regex domain, no match): https://www.facebook.com/sharer/sharer.php?u=https%3A%2F%2Fpromocode.co.il%2Fcoupon%2Foff-sliding-wardrobes-home-center%2F
[2026-03-10T11:54:39.761Z]   SKIP (regex domain, no match): https://www.facebook.com/sharer/sharer.php?u=https%3A%2F%2Fpromocode.co.il%2Fcoupon%2Foff-soulmate%2F
[2026-03-10T11:54:39.761Z]   SKIP (regex domain, no match): https://www.facebook.com/sharer/sharer.php?u=https%3A%2F%2Fpromocode.co.il%2Fcoupon%2Foff-temu%2F
[2026-03-10T11:54:39.761Z]   SKIP (regex domain, no match): https://www.facebook.com/sharer/sharer.php?u=https%3A%2F%2Fpromocode.co.il%2Fcoupon%2Foff-trip-com%2F
[2026-03-10T11:54:39.761Z]   SKIP (regex domain, no match): https://www.facebook.com/sharer/sharer.php?u=https%3A%2F%2Fpromocode.co.il%2Fcoupon%2Foff-tx-day-terminal-x%2F
[2026-03-10T11:54:39.762Z]   SKIP (regex domain, no match): https://www.facebook.com/sharer/sharer.php?u=https%3A%2F%2Fpromocode.co.il%2Fcoupon%2Foff-zara%2F
[2026-03-10T11:54:39.762Z] Programmatic result: ws:2, fb:1, ig:1, tw:1 | 223 uncategorized
[2026-03-10T11:54:39.762Z] Sending uncategorized links + HTML sections to AI for analysis...
[2026-03-10T11:54:39.762Z] Saved AI prompt (44582 chars) to ai_prompt.txt
[2026-03-10T11:54:39.762Z]   AI: Connecting to LM Studio at http://100.86.94.30:1234 (model: Qwen2.5-72B-Instruct-GGUF)...
[2026-03-10T11:54:39.787Z]   AI: Connected — HTTP 200, waiting for first token...
[2026-03-10T12:09:50.447Z]   AI: First token received, streaming...
[2026-03-10T12:09:50.450Z] AI response complete: 11 chars in 910.7s
[2026-03-10T12:09:50.450Z] Saved AI response to ai_response.json
[2026-03-10T12:09:50.450Z] ── Parsing AI response (1 lines) ──
[2026-03-10T12:09:50.450Z]   AI IGNORED (not a URL): shopx.co.il
[2026-03-10T12:09:50.451Z] AI returned 0 valid links
[2026-03-10T12:09:50.451Z] ── Categorizing 0 AI-returned links ──
[2026-03-10T12:09:50.451Z] ── Step 2b: Footer/header uncategorized links ──
[2026-03-10T12:09:50.451Z] Footer/header origins (2):
[2026-03-10T12:09:50.451Z]   FOOTER/HEADER ORIGIN: https://promocode.co.il
[2026-03-10T12:09:50.451Z]   FOOTER/HEADER ORIGIN: https://ru.promocode.co.il
[2026-03-10T12:09:50.451Z]   SKIP (not in footer/header): https://api.whatsapp.com/send?text=https%3A%2F%2Fpromocode.co.il%2Fcoupon%2F10-off-giv-ol%2F
[2026-03-10T12:09:50.451Z]   SKIP (not in footer/header): https://api.whatsapp.com/send?text=https%3A%2F%2Fpromocode.co.il%2Fcoupon%2F10-off-golf-kids%2F
[2026-03-10T12:09:50.451Z]   SKIP (not in footer/header): https://api.whatsapp.com/send?text=https%3A%2F%2Fpromocode.co.il%2Fcoupon%2F10-off-house-brands-iherb%2F
[2026-03-10T12:09:50.452Z]   SKIP (not in footer/header): https://api.whatsapp.com/send?text=https%3A%2F%2Fpromocode.co.il%2Fcoupon%2F10-off-intima%2F
[2026-03-10T12:09:50.452Z]   SKIP (not in footer/header): https://api.whatsapp.com/send?text=https%3A%2F%2Fpromocode.co.il%2Fcoupon%2F10-off-milkcare%2F
[2026-03-10T12:09:50.452Z]   SKIP (not in footer/header): https://api.whatsapp.com/send?text=https%3A%2F%2Fpromocode.co.il%2Fcoupon%2F10-off-over-120-iherb%2F
[2026-03-10T12:09:50.452Z]   SKIP (not in footer/header): https://api.whatsapp.com/send?text=https%3A%2F%2Fpromocode.co.il%2Fcoupon%2F10-off-over-60-iherb%2F
[2026-03-10T12:09:50.452Z]   SKIP (not in footer/header): https://api.whatsapp.com/send?text=https%3A%2F%2Fpromocode.co.il%2Fcoupon%2F10-off-smartcase%2F
[2026-03-10T12:09:50.452Z]   SKIP (not in footer/header): https://api.whatsapp.com/send?text=https%3A%2F%2Fpromocode.co.il%2Fcoupon%2F10-off-super-pharm%2F
[2026-03-10T12:09:50.452Z]   SKIP (not in footer/header): https://api.whatsapp.com/send?text=https%3A%2F%2Fpromocode.co.il%2Fcoupon%2F10-off-terminal-x%2F
[2026-03-10T12:09:50.452Z]   SKIP (not in footer/header): https://api.whatsapp.com/send?text=https%3A%2F%2Fpromocode.co.il%2Fcoupon%2F10-off-toys-r-us%2F
[2026-03-10T12:09:50.452Z]   SKIP (not in footer/header): https://api.whatsapp.com/send?text=https%3A%2F%2Fpromocode.co.il%2Fcoupon%2F100-ils-off-over-400-ils-milega%2F
[2026-03-10T12:09:50.452Z]   SKIP (not in footer/header): https://api.whatsapp.com/send?text=https%3A%2F%2Fpromocode.co.il%2Fcoupon%2F100-off-free-gifts-temu%2F
[2026-03-10T12:09:50.452Z]   SKIP (not in footer/header): https://api.whatsapp.com/send?text=https%3A%2F%2Fpromocode.co.il%2Fcoupon%2F15-off-beauty-bay%2F
[2026-03-10T12:09:50.452Z]   SKIP (not in footer/header): https://api.whatsapp.com/send?text=https%3A%2F%2Fpromocode.co.il%2Fcoupon%2F15-off-first-order-cult-beauty%2F
[2026-03-10T12:09:50.452Z]   SKIP (not in footer/header): https://api.whatsapp.com/send?text=https%3A%2F%2Fpromocode.co.il%2Fcoupon%2F15-off-rihoas%2F
[2026-03-10T12:09:50.453Z]   SKIP (not in footer/header): https://api.whatsapp.com/send?text=https%3A%2F%2Fpromocode.co.il%2Fcoupon%2F20-off-iherb%2F
[2026-03-10T12:09:50.453Z]   SKIP (not in footer/header): https://api.whatsapp.com/send?text=https%3A%2F%2Fpromocode.co.il%2Fcoupon%2F20-off-over-60-iherb%2F
[2026-03-10T12:09:50.453Z]   SKIP (not in footer/header): https://api.whatsapp.com/send?text=https%3A%2F%2Fpromocode.co.il%2Fcoupon%2F20-off-pixelcut%2F
[2026-03-10T12:09:50.453Z]   SKIP (not in footer/header): https://api.whatsapp.com/send?text=https%3A%2F%2Fpromocode.co.il%2Fcoupon%2F25-off-nike%2F
[2026-03-10T12:09:50.453Z]   SKIP (not in footer/header): https://api.whatsapp.com/send?text=https%3A%2F%2Fpromocode.co.il%2Fcoupon%2F30-ils-off-smartcase%2F
[2026-03-10T12:09:50.453Z]   SKIP (not in footer/header): https://api.whatsapp.com/send?text=https%3A%2F%2Fpromocode.co.il%2Fcoupon%2F30-ils-off-wolt%2F
[2026-03-10T12:09:50.453Z]   SKIP (not in footer/header): https://api.whatsapp.com/send?text=https%3A%2F%2Fpromocode.co.il%2Fcoupon%2F30-off-cloudways%2F
[2026-03-10T12:09:50.453Z]   SKIP (not in footer/header): https://api.whatsapp.com/send?text=https%3A%2F%2Fpromocode.co.il%2Fcoupon%2F30-off-gulliver%2F
[2026-03-10T12:09:50.453Z]   SKIP (not in footer/header): https://api.whatsapp.com/send?text=https%3A%2F%2Fpromocode.co.il%2Fcoupon%2F30-off-temu%2F
[2026-03-10T12:09:50.453Z]   SKIP (not in footer/header): https://api.whatsapp.com/send?text=https%3A%2F%2Fpromocode.co.il%2Fcoupon%2F400-ils-off-temu%2F
[2026-03-10T12:09:50.453Z]   SKIP (not in footer/header): https://api.whatsapp.com/send?text=https%3A%2F%2Fpromocode.co.il%2Fcoupon%2F5-off-afi-hotels%2F
[2026-03-10T12:09:50.453Z]   SKIP (not in footer/header): https://api.whatsapp.com/send?text=https%3A%2F%2Fpromocode.co.il%2Fcoupon%2F5-off-anker%2F
[2026-03-10T12:09:50.453Z]   SKIP (not in footer/header): https://api.whatsapp.com/send?text=https%3A%2F%2Fpromocode.co.il%2Fcoupon%2F5-off-diamond-chef%2F
[2026-03-10T12:09:50.454Z]   SKIP (not in footer/header): https://api.whatsapp.com/send?text=https%3A%2F%2Fpromocode.co.il%2Fcoupon%2F5-off-iherb%2F
[2026-03-10T12:09:50.454Z]   SKIP (not in footer/header): https://api.whatsapp.com/send?text=https%3A%2F%2Fpromocode.co.il%2Fcoupon%2F5-off-rebuild%2F
[2026-03-10T12:09:50.454Z]   SKIP (not in footer/header): https://api.whatsapp.com/send?text=https%3A%2F%2Fpromocode.co.il%2Fcoupon%2F5-off-revopoint%2F
[2026-03-10T12:09:50.454Z]   SKIP (not in footer/header): https://api.whatsapp.com/send?text=https%3A%2F%2Fpromocode.co.il%2Fcoupon%2F50-off-wolt%2F
[2026-03-10T12:09:50.454Z]   SKIP (not in footer/header): https://api.whatsapp.com/send?text=https%3A%2F%2Fpromocode.co.il%2Fcoupon%2F8-off-story-online%2F
[2026-03-10T12:09:50.454Z]   SKIP (not in footer/header): https://api.whatsapp.com/send?text=https%3A%2F%2Fpromocode.co.il%2Fcoupon%2Fblack-friday-ksp%2F
[2026-03-10T12:09:50.454Z]   SKIP (not in footer/header): https://api.whatsapp.com/send?text=https%3A%2F%2Fpromocode.co.il%2Fcoupon%2Ffree-shipping-amika%2F
[2026-03-10T12:09:50.454Z]   SKIP (not in footer/header): https://api.whatsapp.com/send?text=https%3A%2F%2Fpromocode.co.il%2Fcoupon%2Ffree-shipping-anker%2F
[2026-03-10T12:09:50.454Z]   SKIP (not in footer/header): https://api.whatsapp.com/send?text=https%3A%2F%2Fpromocode.co.il%2Fcoupon%2Ffree-shipping-bissell%2F
[2026-03-10T12:09:50.454Z]   SKIP (not in footer/header): https://api.whatsapp.com/send?text=https%3A%2F%2Fpromocode.co.il%2Fcoupon%2Fil-off-asos%2F
[2026-03-10T12:09:50.454Z]   SKIP (not in footer/header): https://api.whatsapp.com/send?text=https%3A%2F%2Fpromocode.co.il%2Fcoupon%2Fmastercard-day-aeroflex%2F
[2026-03-10T12:09:50.455Z]   SKIP (not in footer/header): https://api.whatsapp.com/send?text=https%3A%2F%2Fpromocode.co.il%2Fcoupon%2Fmastercard-day-iherb%2F
[2026-03-10T12:09:50.455Z]   SKIP (not in footer/header): https://api.whatsapp.com/send?text=https%3A%2F%2Fpromocode.co.il%2Fcoupon%2Fmastercard-day-lee-cooper%2F
[2026-03-10T12:09:50.455Z]   SKIP (not in footer/header): https://api.whatsapp.com/send?text=https%3A%2F%2Fpromocode.co.il%2Fcoupon%2Fmastercard-day-mishloha%2F
[2026-03-10T12:09:50.455Z]   SKIP (not in footer/header): https://api.whatsapp.com/send?text=https%3A%2F%2Fpromocode.co.il%2Fcoupon%2Fmastercard-day-nintendo%2F
[2026-03-10T12:09:50.455Z]   SKIP (not in footer/header): https://api.whatsapp.com/send?text=https%3A%2F%2Fpromocode.co.il%2Fcoupon%2Fmastercard-day-olam-hakolnoa%2F
[2026-03-10T12:09:50.455Z]   SKIP (not in footer/header): https://api.whatsapp.com/send?text=https%3A%2F%2Fpromocode.co.il%2Fcoupon%2Fmastercard-day-soltam%2F
[2026-03-10T12:09:50.455Z]   SKIP (not in footer/header): https://api.whatsapp.com/send?text=https%3A%2F%2Fpromocode.co.il%2Fcoupon%2Fnovember-sale-golf-co%2F
[2026-03-10T12:09:50.455Z]   SKIP (not in footer/header): https://api.whatsapp.com/send?text=https%3A%2F%2Fpromocode.co.il%2Fcoupon%2Fnovember-sale-super-pharm%2F
[2026-03-10T12:09:50.455Z]   SKIP (not in footer/header): https://api.whatsapp.com/send?text=https%3A%2F%2Fpromocode.co.il%2Fcoupon%2Foff-aeg-olam-hakolnoa%2F
[2026-03-10T12:09:50.455Z]   SKIP (not in footer/header): https://api.whatsapp.com/send?text=https%3A%2F%2Fpromocode.co.il%2Fcoupon%2Foff-anker%2F
[2026-03-10T12:09:50.455Z]   SKIP (not in footer/header): https://api.whatsapp.com/send?text=https%3A%2F%2Fpromocode.co.il%2Fcoupon%2Foff-bissell%2F
[2026-03-10T12:09:50.455Z]   SKIP (not in footer/header): https://api.whatsapp.com/send?text=https%3A%2F%2Fpromocode.co.il%2Fcoupon%2Foff-ceiling-mounted-lighting-fixtures-home-center%2F
[2026-03-10T12:09:50.455Z]   SKIP (not in footer/header): https://api.whatsapp.com/send?text=https%3A%2F%2Fpromocode.co.il%2Fcoupon%2Foff-cinema-city%2F
[2026-03-10T12:09:50.456Z]   SKIP (not in footer/header): https://api.whatsapp.com/send?text=https%3A%2F%2Fpromocode.co.il%2Fcoupon%2Foff-delta%2F
[2026-03-10T12:09:50.456Z]   SKIP (not in footer/header): https://api.whatsapp.com/send?text=https%3A%2F%2Fpromocode.co.il%2Fcoupon%2Foff-diesenhaus%2F
[2026-03-10T12:09:50.456Z]   SKIP (not in footer/header): https://api.whatsapp.com/send?text=https%3A%2F%2Fpromocode.co.il%2Fcoupon%2Foff-g-haun%2F
[2026-03-10T12:09:50.456Z]   SKIP (not in footer/header): https://api.whatsapp.com/send?text=https%3A%2F%2Fpromocode.co.il%2Fcoupon%2Foff-gomoworld%2F
[2026-03-10T12:09:50.456Z]   SKIP (not in footer/header): https://api.whatsapp.com/send?text=https%3A%2F%2Fpromocode.co.il%2Fcoupon%2Foff-hinged-wardrobes-home-center%2F
[2026-03-10T12:09:50.456Z]   SKIP (not in footer/header): https://api.whatsapp.com/send?text=https%3A%2F%2Fpromocode.co.il%2Fcoupon%2Foff-kiwi-com%2F
[2026-03-10T12:09:50.456Z]   SKIP (not in footer/header): https://api.whatsapp.com/send?text=https%3A%2F%2Fpromocode.co.il%2Fcoupon%2Foff-ksp%2F
[2026-03-10T12:09:50.456Z]   SKIP (not in footer/header): https://api.whatsapp.com/send?text=https%3A%2F%2Fpromocode.co.il%2Fcoupon%2Foff-mayven%2F
[2026-03-10T12:09:50.456Z]   SKIP (not in footer/header): https://api.whatsapp.com/send?text=https%3A%2F%2Fpromocode.co.il%2Fcoupon%2Foff-mirrors-home-center%2F
[2026-03-10T12:09:50.456Z]   SKIP (not in footer/header): https://api.whatsapp.com/send?text=https%3A%2F%2Fpromocode.co.il%2Fcoupon%2Foff-next%2F
[2026-03-10T12:09:50.456Z]   SKIP (not in footer/header): https://api.whatsapp.com/send?text=https%3A%2F%2Fpromocode.co.il%2Fcoupon%2Foff-nike%2F
[2026-03-10T12:09:50.456Z]   SKIP (not in footer/header): https://api.whatsapp.com/send?text=https%3A%2F%2Fpromocode.co.il%2Fcoupon%2Foff-pandora%2F
[2026-03-10T12:09:50.456Z]   SKIP (not in footer/header): https://api.whatsapp.com/send?text=https%3A%2F%2Fpromocode.co.il%2Fcoupon%2Foff-proshop%2F
[2026-03-10T12:09:50.456Z]   SKIP (not in footer/header): https://api.whatsapp.com/send?text=https%3A%2F%2Fpromocode.co.il%2Fcoupon%2Foff-secret-asos%2F
[2026-03-10T12:09:50.457Z]   SKIP (not in footer/header): https://api.whatsapp.com/send?text=https%3A%2F%2Fpromocode.co.il%2Fcoupon%2Foff-selected-amazon%2F
[2026-03-10T12:09:50.457Z]   SKIP (not in footer/header): https://api.whatsapp.com/send?text=https%3A%2F%2Fpromocode.co.il%2Fcoupon%2Foff-sliding-wardrobes-home-center%2F
[2026-03-10T12:09:50.457Z]   SKIP (not in footer/header): https://api.whatsapp.com/send?text=https%3A%2F%2Fpromocode.co.il%2Fcoupon%2Foff-soulmate%2F
[2026-03-10T12:09:50.457Z]   SKIP (not in footer/header): https://api.whatsapp.com/send?text=https%3A%2F%2Fpromocode.co.il%2Fcoupon%2Foff-temu%2F
[2026-03-10T12:09:50.457Z]   SKIP (not in footer/header): https://api.whatsapp.com/send?text=https%3A%2F%2Fpromocode.co.il%2Fcoupon%2Foff-trip-com%2F
[2026-03-10T12:09:50.457Z]   SKIP (not in footer/header): https://api.whatsapp.com/send?text=https%3A%2F%2Fpromocode.co.il%2Fcoupon%2Foff-tx-day-terminal-x%2F
[2026-03-10T12:09:50.457Z]   SKIP (not in footer/header): https://api.whatsapp.com/send?text=https%3A%2F%2Fpromocode.co.il%2Fcoupon%2Foff-zara%2F
[2026-03-10T12:09:50.457Z]   SKIP (not in footer/header): https://shopx.co.il
[2026-03-10T12:09:50.457Z]   SKIP (not in footer/header): https://t.me/share/url?url=https%3A%2F%2Fpromocode.co.il%2Fcoupon%2F10-off-giv-ol%2F&text=%D7%A7%D7%95%D7%A4%D7%95%D7%9F%2010%25%20%D7%94%D7%A0%D7%97%D7%94%20%26%238211%3B%20Giv-ol%20%D7%92%D7%91%D7%A2%D7%95%D7%9C%20%D7%94%D7%95%D7%A6%D7%90%D7%94%20%D7%9C%D7%90%D7%95%D7%A8
[2026-03-10T12:09:50.457Z]   SKIP (not in footer/header): https://t.me/share/url?url=https%3A%2F%2Fpromocode.co.il%2Fcoupon%2F10-off-golf-kids%2F&text=%D7%A7%D7%95%D7%A4%D7%95%D7%9F%2010%25%20%D7%94%D7%A0%D7%97%D7%94%20%26%238211%3B%20Golf%20Kids%20%D7%92%D7%95%D7%9C%D7%A3%20%D7%A7%D7%99%D7%93%D7%A1
[2026-03-10T12:09:50.457Z]   SKIP (not in footer/header): https://t.me/share/url?url=https%3A%2F%2Fpromocode.co.il%2Fcoupon%2F10-off-house-brands-iherb%2F&text=%D7%A7%D7%95%D7%A4%D7%95%D7%9F%2010%25%20%D7%94%D7%A0%D7%97%D7%94%20%D7%A2%D7%9C%20%D7%9E%D7%95%D7%AA%D7%92%D7%99%20%D7%94%D7%91%D7%99%D7%AA%20%26%238211%3B%20iHerb%20%D7%90%D7%99%D7%99%D7%94%D7%A8%D7%91
[2026-03-10T12:09:50.457Z]   SKIP (not in footer/header): https://t.me/share/url?url=https%3A%2F%2Fpromocode.co.il%2Fcoupon%2F10-off-intima%2F&text=%D7%A7%D7%95%D7%A4%D7%95%D7%9F%2010%25%20%D7%94%D7%A0%D7%97%D7%94%20%26%238211%3B%20INTIMA%20%D7%90%D7%99%D7%A0%D7%98%D7%99%D7%9E%D7%94
[2026-03-10T12:09:50.457Z]   SKIP (not in footer/header): https://t.me/share/url?url=https%3A%2F%2Fpromocode.co.il%2Fcoupon%2F10-off-milkcare%2F&text=%D7%A7%D7%95%D7%A4%D7%95%D7%9F%2010%25%20%D7%94%D7%A0%D7%97%D7%94%20%26%238211%3B%20MilkCare%20%D7%9E%D7%99%D7%9C%D7%A7%20%D7%A7%D7%99%D7%99%D7%A8
[2026-03-10T12:09:50.458Z]   SKIP (not in footer/header): https://t.me/share/url?url=https%3A%2F%2Fpromocode.co.il%2Fcoupon%2F10-off-over-120-iherb%2F&text=%D7%A7%D7%95%D7%A4%D7%95%D7%9F%2010%25%20%D7%94%D7%A0%D7%97%D7%94%20%D7%91%D7%A7%D7%A0%D7%99%D7%99%D7%94%20%D7%9E%D7%A2%D7%9C%20120%24%20%26%238211%3B%20iHerb%20%D7%90%D7%99%D7%99%D7%94%D7%A8%D7%91
[2026-03-10T12:09:50.458Z]   SKIP (not in footer/header): https://t.me/share/url?url=https%3A%2F%2Fpromocode.co.il%2Fcoupon%2F10-off-over-60-iherb%2F&text=%D7%A7%D7%95%D7%A4%D7%95%D7%9F%2010%25%20%D7%94%D7%A0%D7%97%D7%94%20%D7%91%D7%A7%D7%A0%D7%99%D7%99%D7%94%20%D7%9E%D7%A2%D7%9C%2060%24%20%26%238211%3B%20iHerb%20%D7%90%D7%99%D7%99%D7%94%D7%A8%D7%91
[2026-03-10T12:09:50.458Z]   SKIP (not in footer/header): https://t.me/share/url?url=https%3A%2F%2Fpromocode.co.il%2Fcoupon%2F10-off-smartcase%2F&text=%D7%A7%D7%95%D7%A4%D7%95%D7%9F%2010%25%20%D7%94%D7%A0%D7%97%D7%94%20%26%238211%3B%20SmartCase%20%D7%A1%D7%9E%D7%90%D7%A8%D7%98%20%D7%A7%D7%99%D7%99%D7%A1
[2026-03-10T12:09:50.458Z]   SKIP (not in footer/header): https://t.me/share/url?url=https%3A%2F%2Fpromocode.co.il%2Fcoupon%2F10-off-super-pharm%2F&text=%D7%A7%D7%95%D7%A4%D7%95%D7%9F%2010%25%20%D7%94%D7%A0%D7%97%D7%94%20%26%238211%3B%20Super%20Pharm%20%D7%A1%D7%95%D7%A4%D7%A8%20%D7%A4%D7%90%D7%A8%D7%9D
[2026-03-10T12:09:50.458Z]   SKIP (not in footer/header): https://t.me/share/url?url=https%3A%2F%2Fpromocode.co.il%2Fcoupon%2F10-off-terminal-x%2F&text=%D7%A7%D7%95%D7%A4%D7%95%D7%9F%2010%25%20%D7%94%D7%A0%D7%97%D7%94%20%26%238211%3B%20Terminal%20X%20%D7%98%D7%A8%D7%9E%D7%99%D7%A0%D7%9C%20%D7%90%D7%99%D7%A7%D7%A1
[2026-03-10T12:09:50.458Z]   SKIP (not in footer/header): https://t.me/share/url?url=https%3A%2F%2Fpromocode.co.il%2Fcoupon%2F10-off-toys-r-us%2F&text=%D7%A7%D7%95%D7%A4%D7%95%D7%9F%2010%25%20%D7%94%D7%A0%D7%97%D7%94%20%26%238211%3B%20Toys%20R%20Us%20%D7%98%D7%95%D7%99%D7%A1%20%D7%90%D7%A8%20%D7%90%D7%A1
[2026-03-10T12:09:50.458Z]   SKIP (not in footer/header): https://t.me/share/url?url=https%3A%2F%2Fpromocode.co.il%2Fcoupon%2F100-ils-off-over-400-ils-milega%2F&text=%D7%A7%D7%95%D7%A4%D7%95%D7%9F%20100%20%E2%82%AA%20%D7%94%D7%A0%D7%97%D7%94%20%D7%91%D7%A7%D7%A0%D7%99%D7%99%D7%94%20%D7%9E%D7%A2%D7%9C%20400%20%E2%82%AA%20%26%238211%3B%20Milega%20%D7%9E%D7%99%D7%9C%D7%92%D7%94
[2026-03-10T12:09:50.458Z]   SKIP (not in footer/header): https://t.me/share/url?url=https%3A%2F%2Fpromocode.co.il%2Fcoupon%2F100-off-free-gifts-temu%2F&text=%D7%A7%D7%95%D7%A4%D7%95%D7%9F%20100%25%20%D7%94%D7%A0%D7%97%D7%94%20%D7%A2%D7%9C%20%D7%9E%D7%95%D7%A6%D7%A8%D7%99%D7%9D%20%D7%95%D7%9E%D7%AA%D7%A0%D7%95%D7%AA%20%D7%91%D7%97%D7%99%D7%A0%D7%9D%20%26%238211%3B%20Temu%20%D7%98%D7%9E%D7%95
[2026-03-10T12:09:50.458Z]   SKIP (not in footer/header): https://t.me/share/url?url=https%3A%2F%2Fpromocode.co.il%2Fcoupon%2F15-off-beauty-bay%2F&text=%D7%A7%D7%95%D7%A4%D7%95%D7%9F%2015%25%20%D7%94%D7%A0%D7%97%D7%94%20%26%238211%3B%20Beauty%20Bay%20%D7%91%D7%99%D7%95%D7%98%D7%99%20%D7%91%D7%99%D7%99
[2026-03-10T12:09:50.458Z]   SKIP (not in footer/header): https://t.me/share/url?url=https%3A%2F%2Fpromocode.co.il%2Fcoupon%2F15-off-first-order-cult-beauty%2F&text=%D7%A7%D7%95%D7%A4%D7%95%D7%9F%2015%25%20%D7%94%D7%A0%D7%97%D7%94%20%D7%91%D7%A7%D7%A0%D7%99%D7%99%D7%94%20%D7%A8%D7%90%D7%A9%D7%95%D7%A0%D7%94%20%26%238211%3B%20Cult%20Beauty%20%D7%A7%D7%90%D7%9C%D7%98%20%D7%91%D7%99%D7%95%D7%98%D7%99
[2026-03-10T12:09:50.458Z]   SKIP (not in footer/header): https://t.me/share/url?url=https%3A%2F%2Fpromocode.co.il%2Fcoupon%2F15-off-rihoas%2F&text=%D7%A7%D7%95%D7%A4%D7%95%D7%9F%2015%25%20%D7%94%D7%A0%D7%97%D7%94%20%26%238211%3B%20Rihoas%20%D7%A8%D7%99%D7%94%D7%95%D7%90%D7%A1
[2026-03-10T12:09:50.458Z]   SKIP (not in footer/header): https://t.me/share/url?url=https%3A%2F%2Fpromocode.co.il%2Fcoupon%2F20-off-iherb%2F&text=%D7%A7%D7%95%D7%A4%D7%95%D7%9F%2020%25%20%D7%94%D7%A0%D7%97%D7%94%20%D7%A2%D7%9C%20%D7%94%D7%94%D7%96%D7%9E%D7%A0%D7%94%20%D7%94%D7%A8%D7%90%D7%A9%D7%95%D7%A0%D7%94%20%26%238211%3B%20iHerb%20%D7%90%D7%99%D7%99%D7%94%D7%A8%D7%91
[2026-03-10T12:09:50.459Z]   SKIP (not in footer/header): https://t.me/share/url?url=https%3A%2F%2Fpromocode.co.il%2Fcoupon%2F20-off-over-60-iherb%2F&text=%D7%A7%D7%95%D7%A4%D7%95%D7%9F%2020%25%20%D7%94%D7%A0%D7%97%D7%94%20%D7%91%D7%A7%D7%A0%D7%99%D7%99%D7%94%20%D7%9E%D7%A2%D7%9C%2060%24%20%26%238211%3B%20iHerb%20%D7%90%D7%99%D7%99%D7%94%D7%A8%D7%91
[2026-03-10T12:09:50.459Z]   SKIP (not in footer/header): https://t.me/share/url?url=https%3A%2F%2Fpromocode.co.il%2Fcoupon%2F20-off-pixelcut%2F&text=%D7%A7%D7%95%D7%A4%D7%95%D7%9F%2020%25%20%D7%94%D7%A0%D7%97%D7%94%20%26%238211%3B%20Pixelcut%20%D7%A4%D7%99%D7%A7%D7%A1%D7%9C%D7%A7%D7%90%D7%98
[2026-03-10T12:09:50.459Z]   SKIP (not in footer/header): https://t.me/share/url?url=https%3A%2F%2Fpromocode.co.il%2Fcoupon%2F25-off-nike%2F&text=%D7%A7%D7%95%D7%A4%D7%95%D7%9F%2025%25%20%D7%94%D7%A0%D7%97%D7%94%20%26%238211%3B%20Nike%20%D7%A0%D7%99%D7%99%D7%A7
[2026-03-10T12:09:50.459Z]   SKIP (not in footer/header): https://t.me/share/url?url=https%3A%2F%2Fpromocode.co.il%2Fcoupon%2F30-ils-off-smartcase%2F&text=%D7%A7%D7%95%D7%A4%D7%95%D7%9F%2030%20%E2%82%AA%20%D7%94%D7%A0%D7%97%D7%94%20%26%238211%3B%20SmartCase%20%D7%A1%D7%9E%D7%90%D7%A8%D7%98%20%D7%A7%D7%99%D7%99%D7%A1
[2026-03-10T12:09:50.459Z]   SKIP (not in footer/header): https://t.me/share/url?url=https%3A%2F%2Fpromocode.co.il%2Fcoupon%2F30-ils-off-wolt%2F&text=%D7%A7%D7%95%D7%A4%D7%95%D7%9F%2030%20%E2%82%AA%20%D7%94%D7%A0%D7%97%D7%94%20%26%238211%3B%20Wolt%20%D7%95%D7%95%D7%9C%D7%98
[2026-03-10T12:09:50.459Z]   SKIP (not in footer/header): https://t.me/share/url?url=https%3A%2F%2Fpromocode.co.il%2Fcoupon%2F30-off-cloudways%2F&text=%D7%A7%D7%95%D7%A4%D7%95%D7%9F%2030%25%20%D7%94%D7%A0%D7%97%D7%94%20%26%238211%3B%20Cloudways%20%D7%A7%D7%9C%D7%90%D7%95%D7%93%D7%95%D7%95%D7%99%D7%96
[2026-03-10T12:09:50.459Z]   SKIP (not in footer/header): https://t.me/share/url?url=https%3A%2F%2Fpromocode.co.il%2Fcoupon%2F30-off-gulliver%2F&text=%D7%A7%D7%95%D7%A4%D7%95%D7%9F%2030%24%20%D7%94%D7%A0%D7%97%D7%94%20%26%238211%3B%20Gulliver%20%D7%92%D7%95%D7%9C%D7%99%D7%91%D7%A8
[2026-03-10T12:09:50.459Z]   SKIP (not in footer/header): https://t.me/share/url?url=https%3A%2F%2Fpromocode.co.il%2Fcoupon%2F30-off-temu%2F&text=%D7%A7%D7%95%D7%A4%D7%95%D7%9F%2030%25%20%D7%94%D7%A0%D7%97%D7%94%20%26%238211%3B%20Temu%20%D7%98%D7%9E%D7%95
[2026-03-10T12:09:50.459Z]   SKIP (not in footer/header): https://t.me/share/url?url=https%3A%2F%2Fpromocode.co.il%2Fcoupon%2F400-ils-off-temu%2F&text=%D7%A7%D7%95%D7%A4%D7%95%D7%9F%20400%20%E2%82%AA%20%D7%94%D7%A0%D7%97%D7%94%20%26%238211%3B%20Temu%20%D7%98%D7%9E%D7%95
[2026-03-10T12:09:50.459Z]   SKIP (not in footer/header): https://t.me/share/url?url=https%3A%2F%2Fpromocode.co.il%2Fcoupon%2F5-off-afi-hotels%2F&text=%D7%9E%D7%91%D7%A6%D7%A2%205%25%20%D7%94%D7%A0%D7%97%D7%94%20%26%238211%3B%20AFI%20Hotels%20%D7%9E%D7%9C%D7%95%D7%A0%D7%95%D7%AA%20%D7%90%D7%A4%D7%A8%D7%99%D7%A7%D7%94%20%D7%99%D7%A9%D7%A8%D7%90%D7%9C
[2026-03-10T12:09:50.459Z]   SKIP (not in footer/header): https://t.me/share/url?url=https%3A%2F%2Fpromocode.co.il%2Fcoupon%2F5-off-anker%2F&text=%D7%A7%D7%95%D7%A4%D7%95%D7%9F%205%25%20%D7%94%D7%A0%D7%97%D7%94%20%26%238211%3B%20Anker%20%D7%90%D7%A0%D7%A7%D7%A8%20%D7%99%D7%A9%D7%A8%D7%90%D7%9C
[2026-03-10T12:09:50.459Z]   SKIP (not in footer/header): https://t.me/share/url?url=https%3A%2F%2Fpromocode.co.il%2Fcoupon%2F5-off-diamond-chef%2F&text=%D7%A7%D7%95%D7%A4%D7%95%D7%9F%205%25%20%D7%94%D7%A0%D7%97%D7%94%20%26%238211%3B%20Diamond%20Chef%20%D7%93%D7%99%D7%99%D7%9E%D7%95%D7%A0%D7%93%20%D7%A9%D7%A3
[2026-03-10T12:09:50.460Z]   SKIP (not in footer/header): https://t.me/share/url?url=https%3A%2F%2Fpromocode.co.il%2Fcoupon%2F5-off-iherb%2F&text=%D7%A7%D7%95%D7%A4%D7%95%D7%9F%205%25%20%D7%94%D7%A0%D7%97%D7%94%20%26%238211%3B%20iHerb%20%D7%90%D7%99%D7%99%D7%94%D7%A8%D7%91
[2026-03-10T12:09:50.460Z]   SKIP (not in footer/header): https://t.me/share/url?url=https%3A%2F%2Fpromocode.co.il%2Fcoupon%2F5-off-rebuild%2F&text=%D7%A7%D7%95%D7%A4%D7%95%D7%9F%205%25%20%D7%94%D7%A0%D7%97%D7%94%20%26%238211%3B%20Rebuild%20%D7%A8%D7%91%D7%99%D7%9C%D7%93
[2026-03-10T12:09:50.460Z]   SKIP (not in footer/header): https://t.me/share/url?url=https%3A%2F%2Fpromocode.co.il%2Fcoupon%2F5-off-revopoint%2F&text=%D7%A7%D7%95%D7%A4%D7%95%D7%9F%205%25%20%D7%94%D7%A0%D7%97%D7%94%20%26%238211%3B%20Revopoint%20%D7%A8%D7%91%D7%95%D7%A4%D7%95%D7%99%D7%A0%D7%98
[2026-03-10T12:09:50.460Z]   SKIP (not in footer/header): https://t.me/share/url?url=https%3A%2F%2Fpromocode.co.il%2Fcoupon%2F50-off-wolt%2F&text=%D7%A7%D7%95%D7%A4%D7%95%D7%9F%2050%20%E2%82%AA%20%D7%94%D7%A0%D7%97%D7%94%20%26%238211%3B%20Wolt%20%D7%95%D7%95%D7%9C%D7%98
[2026-03-10T12:09:50.460Z]   SKIP (not in footer/header): https://t.me/share/url?url=https%3A%2F%2Fpromocode.co.il%2Fcoupon%2F8-off-story-online%2F&text=%D7%A7%D7%95%D7%A4%D7%95%D7%9F%208%25%20%D7%94%D7%A0%D7%97%D7%94%20%26%238211%3B%20Story%20Online%20%D7%A1%D7%98%D7%95%D7%A8%D7%99%20%D7%90%D7%95%D7%A0%D7%9C%D7%99%D7%99%D7%9F
[2026-03-10T12:09:50.460Z]   SKIP (not in footer/header): https://t.me/share/url?url=https%3A%2F%2Fpromocode.co.il%2Fcoupon%2Fblack-friday-ksp%2F&text=%D7%9E%D7%91%D7%A6%D7%A2%D7%99%20%D7%91%D7%9C%D7%90%D7%A7%20%D7%A4%D7%A8%D7%99%D7%99%D7%93%D7%99%20%26%238211%3B%20KSP%20%D7%A7%D7%99%D7%99%20%D7%90%D7%A1%20%D7%A4%D7%99
[2026-03-10T12:09:50.460Z]   SKIP (not in footer/header): https://t.me/share/url?url=https%3A%2F%2Fpromocode.co.il%2Fcoupon%2Ffree-shipping-amika%2F&text=%D7%9E%D7%A9%D7%9C%D7%95%D7%97%20%D7%97%D7%99%D7%A0%D7%9D%20%26%238211%3B%20Amika%20%D7%90%D7%9E%D7%99%D7%A7%D7%94
[2026-03-10T12:09:50.460Z]   SKIP (not in footer/header): https://t.me/share/url?url=https%3A%2F%2Fpromocode.co.il%2Fcoupon%2Ffree-shipping-anker%2F&text=%D7%9E%D7%A9%D7%9C%D7%95%D7%97%20%D7%97%D7%99%D7%A0%D7%9D%20%26%238211%3B%20Anker%20%D7%90%D7%A0%D7%A7%D7%A8%20%D7%99%D7%A9%D7%A8%D7%90%D7%9C
[2026-03-10T12:09:50.460Z]   SKIP (not in footer/header): https://t.me/share/url?url=https%3A%2F%2Fpromocode.co.il%2Fcoupon%2Ffree-shipping-bissell%2F&text=%D7%9E%D7%A9%D7%9C%D7%95%D7%97%20%D7%97%D7%99%D7%A0%D7%9D%20%26%238211%3B%20Bissell%20%D7%91%D7%99%D7%A1%D7%9C%20%D7%99%D7%A9%D7%A8%D7%90%D7%9C
[2026-03-10T12:09:50.460Z]   SKIP (not in footer/header): https://t.me/share/url?url=https%3A%2F%2Fpromocode.co.il%2Fcoupon%2Fil-off-asos%2F&text=%D7%A7%D7%95%D7%A4%D7%95%D7%9F%2018%25%20%D7%94%D7%A0%D7%97%D7%94%20%26%238211%3B%20ASOS%20%D7%90%D7%A1%D7%95%D7%A1
[2026-03-10T12:09:50.460Z]   SKIP (not in footer/header): https://t.me/share/url?url=https%3A%2F%2Fpromocode.co.il%2Fcoupon%2Fmastercard-day-aeroflex%2F&text=%D7%A7%D7%95%D7%A4%D7%95%D7%9F%20%D7%9E%D7%90%D7%A1%D7%98%D7%A8%D7%A7%D7%90%D7%A8%D7%93%20%D7%93%D7%99%D7%99%2025%25%20%D7%94%D7%A0%D7%97%D7%94%20%D7%A2%D7%9C%20%D7%9B%D7%A8%D7%99%D7%95%D7%AA%20%26%238211%3B%20Aeroflex%20%D7%90%D7%99%D7%A8%D7%95%D7%A4%D7%9C%D7%A7%D7%A1
[2026-03-10T12:09:50.461Z]   SKIP (not in footer/header): https://t.me/share/url?url=https%3A%2F%2Fpromocode.co.il%2Fcoupon%2Fmastercard-day-iherb%2F&text=%D7%A7%D7%95%D7%A4%D7%95%D7%9F%20%D7%9E%D7%90%D7%A1%D7%98%D7%A8%D7%A7%D7%90%D7%A8%D7%93%20%D7%93%D7%99%D7%99%2015%25%20%D7%94%D7%A0%D7%97%D7%94%20%D7%9E%D7%A2%D7%9C%2060%24%20%26%238211%3B%20iHerb%20%D7%90%D7%99%D7%99%D7%94%D7%A8%D7%91
[2026-03-10T12:09:50.461Z]   SKIP (not in footer/header): https://t.me/share/url?url=https%3A%2F%2Fpromocode.co.il%2Fcoupon%2Fmastercard-day-lee-cooper%2F&text=%D7%A7%D7%95%D7%A4%D7%95%D7%9F%20%D7%9E%D7%90%D7%A1%D7%98%D7%A8%D7%A7%D7%90%D7%A8%D7%93%20%D7%93%D7%99%D7%99%2020%25%20%D7%94%D7%A0%D7%97%D7%94%20%26%238211%3B%20Lee%20Cooper%20%D7%9C%D7%99%20%D7%A7%D7%95%D7%A4%D7%A8%20%D7%99%D7%A9%D7%A8%D7%90%D7%9C
[2026-03-10T12:09:50.461Z]   SKIP (not in footer/header): https://t.me/share/url?url=https%3A%2F%2Fpromocode.co.il%2Fcoupon%2Fmastercard-day-mishloha%2F&text=%D7%A7%D7%95%D7%A4%D7%95%D7%9F%20%D7%9E%D7%90%D7%A1%D7%98%D7%A8%D7%A7%D7%90%D7%A8%D7%93%20%D7%93%D7%99%D7%99%2030%20%E2%82%AA%20%D7%94%D7%A0%D7%97%D7%94%20%26%238211%3B%20Mishloha%20%D7%9E%D7%A9%D7%9C%D7%95%D7%97%D7%94
[2026-03-10T12:09:50.461Z]   SKIP (not in footer/header): https://t.me/share/url?url=https%3A%2F%2Fpromocode.co.il%2Fcoupon%2Fmastercard-day-nintendo%2F&text=%D7%A7%D7%95%D7%A4%D7%95%D7%9F%20%D7%9E%D7%90%D7%A1%D7%98%D7%A8%D7%A7%D7%90%D7%A8%D7%93%20%D7%93%D7%99%D7%99%2010%25%20%D7%94%D7%A0%D7%97%D7%94%20%26%238211%3B%20Nintendo%20%D7%A0%D7%99%D7%A0%D7%98%D7%A0%D7%93%D7%95%20%D7%99%D7%A9%D7%A8%D7%90%D7%9C
[2026-03-10T12:09:50.461Z]   SKIP (not in footer/header): https://t.me/share/url?url=https%3A%2F%2Fpromocode.co.il%2Fcoupon%2Fmastercard-day-olam-hakolnoa%2F&text=%D7%A7%D7%95%D7%A4%D7%95%D7%9F%20%D7%9E%D7%90%D7%A1%D7%98%D7%A8%D7%A7%D7%90%D7%A8%D7%93%20%D7%93%D7%99%D7%99%2010%25%20%D7%94%D7%A0%D7%97%D7%94%20%26%238211%3B%20Olam%20Hakolnoa%20%D7%A2%D7%95%D7%9C%D7%9D%20%D7%94%D7%A7%D7%95%D7%9C%D7%A0%D7%95%D7%A2%20%D7%95%D7%94%D7%97%D7%A9%D7%9E%D7%9C
[2026-03-10T12:09:50.461Z]   SKIP (not in footer/header): https://t.me/share/url?url=https%3A%2F%2Fpromocode.co.il%2Fcoupon%2Fmastercard-day-soltam%2F&text=%D7%A7%D7%95%D7%A4%D7%95%D7%9F%20%D7%9E%D7%90%D7%A1%D7%98%D7%A8%D7%A7%D7%90%D7%A8%D7%93%20%D7%93%D7%99%D7%99%2015%25%20%D7%94%D7%A0%D7%97%D7%94%20%26%238211%3B%20Soltam%20Radad%20%D7%A1%D7%95%D7%9C%D7%AA%D7%9D%20%D7%A8%D7%93%D7%93
[2026-03-10T12:09:50.461Z]   SKIP (not in footer/header): https://t.me/share/url?url=https%3A%2F%2Fpromocode.co.il%2Fcoupon%2Fnovember-sale-golf-co%2F&text=%D7%9E%D7%91%D7%A6%D7%A2%20%D7%A0%D7%95%D7%91%D7%9E%D7%91%D7%A8%20%D7%A1%D7%99%D7%99%D7%9C%20%26%238211%3B%20Golf%20%26amp%3B%20Co%20%D7%92%D7%95%D7%9C%D7%A3%20%D7%90%D7%A0%D7%93%20%D7%A7%D7%95
[2026-03-10T12:09:50.461Z]   SKIP (not in footer/header): https://t.me/share/url?url=https%3A%2F%2Fpromocode.co.il%2Fcoupon%2Fnovember-sale-super-pharm%2F&text=%D7%9E%D7%91%D7%A6%D7%A2%D7%99%20%D7%A0%D7%95%D7%91%D7%9E%D7%91%D7%A8%20%D7%A1%D7%99%D7%99%D7%9C%20%26%238211%3B%20Super%20Pharm%20%D7%A1%D7%95%D7%A4%D7%A8%20%D7%A4%D7%90%D7%A8%D7%9D
[2026-03-10T12:09:50.461Z]   SKIP (not in footer/header): https://t.me/share/url?url=https%3A%2F%2Fpromocode.co.il%2Fcoupon%2Foff-aeg-olam-hakolnoa%2F&text=%D7%A7%D7%95%D7%A4%D7%95%D7%9F%2010%25%20%D7%94%D7%A0%D7%97%D7%94%20%D7%A2%D7%9C%20%D7%9E%D7%95%D7%A6%D7%A8%D7%99%20%D7%94%D7%9E%D7%95%D7%AA%D7%92%20AEG%20%D7%90%D7%99%D7%99%20%D7%90%D7%99%20%D7%92%26%238217%3B%D7%99%20%26%238211%3B%20Olam%20Hakolnoa%20%D7%A2%D7%95%D7%9C%D7%9D%20%D7%94%D7%A7%D7%95%D7%9C%D7%A0%D7%95%D7%A2%20%D7%95%D7%94%D7%97%D7%A9%D7%9E%D7%9C
[2026-03-10T12:09:50.461Z]   SKIP (not in footer/header): https://t.me/share/url?url=https%3A%2F%2Fpromocode.co.il%2Fcoupon%2Foff-anker%2F&text=%D7%9E%D7%91%D7%A6%D7%A2%D7%99%D7%9D%20%D7%95%D7%94%D7%A0%D7%97%D7%95%D7%AA%20%D7%A2%D7%9C%20%D7%9E%D7%92%D7%95%D7%95%D7%9F%20%D7%9E%D7%95%D7%A6%D7%A8%D7%99%D7%9D%20%26%238211%3B%20Anker%20%D7%90%D7%A0%D7%A7%D7%A8%20%D7%99%D7%A9%D7%A8%D7%90%D7%9C
[2026-03-10T12:09:50.461Z]   SKIP (not in footer/header): https://t.me/share/url?url=https%3A%2F%2Fpromocode.co.il%2Fcoupon%2Foff-bissell%2F&text=%D7%9E%D7%91%D7%A6%D7%A2%D7%99%D7%9D%20%D7%95%D7%94%D7%A0%D7%97%D7%95%D7%AA%20%D7%A2%D7%9C%20%D7%9E%D7%92%D7%95%D7%95%D7%9F%20%D7%9E%D7%95%D7%A6%D7%A8%D7%99%D7%9D%20%26%238211%3B%20Bissell%20%D7%91%D7%99%D7%A1%D7%9C%20%D7%99%D7%A9%D7%A8%D7%90%D7%9C
[2026-03-10T12:09:50.462Z]   SKIP (not in footer/header): https://t.me/share/url?url=https%3A%2F%2Fpromocode.co.il%2Fcoupon%2Foff-ceiling-mounted-lighting-fixtures-home-center%2F&text=%D7%A7%D7%95%D7%A4%D7%95%D7%9F%205%25%20%D7%94%D7%A0%D7%97%D7%94%20%D7%A2%D7%9C%20%D7%92%D7%95%D7%A4%D7%99%20%D7%AA%D7%90%D7%95%D7%A8%D7%94%20%D7%A6%D7%9E%D7%95%D7%93%D7%99%20%D7%AA%D7%A7%D7%A8%D7%94%20%26%238211%3B%20Home%20Center%20%D7%94%D7%95%D7%9D%20%D7%A1%D7%A0%D7%98%D7%A8
[2026-03-10T12:09:50.462Z]   SKIP (not in footer/header): https://t.me/share/url?url=https%3A%2F%2Fpromocode.co.il%2Fcoupon%2Foff-cinema-city%2F&text=%D7%9E%D7%91%D7%A6%D7%A2%D7%99%D7%9D%20%D7%A2%D7%9C%20%D7%9E%D7%92%D7%95%D7%95%D7%9F%20%D7%A1%D7%A8%D7%98%D7%99%D7%9D%20%D7%91%D7%A7%D7%95%D7%9C%D7%A0%D7%95%D7%A2%20%26%238211%3B%20Cinema%20City%20%D7%A1%D7%99%D7%A0%D7%9E%D7%94%20%D7%A1%D7%99%D7%98%D7%99
[2026-03-10T12:09:50.462Z]   SKIP (not in footer/header): https://t.me/share/url?url=https%3A%2F%2Fpromocode.co.il%2Fcoupon%2Foff-delta%2F&text=%D7%9E%D7%91%D7%A6%D7%A2%2015%25%20%D7%94%D7%A0%D7%97%D7%94%20%D7%91%D7%A7%D7%A0%D7%99%D7%99%D7%94%20%D7%A8%D7%90%D7%A9%D7%95%D7%A0%D7%94%20%26%238211%3B%20Delta%20%D7%93%D7%9C%D7%AA%D7%90
[2026-03-10T12:09:50.462Z]   SKIP (not in footer/header): https://t.me/share/url?url=https%3A%2F%2Fpromocode.co.il%2Fcoupon%2Foff-diesenhaus%2F&text=%D7%9E%D7%91%D7%A6%D7%A2%D7%99%D7%9D%20%D7%A2%D7%9C%20%D7%AA%D7%99%D7%99%D7%A8%D7%95%D7%AA%20%26%238211%3B%20Diesenhaus%20%D7%93%D7%99%D7%96%D7%A0%D7%94%D7%90%D7%95%D7%96
[2026-03-10T12:09:50.462Z]   SKIP (not in footer/header): https://t.me/share/url?url=https%3A%2F%2Fpromocode.co.il%2Fcoupon%2Foff-g-haun%2F&text=%D7%9E%D7%91%D7%A6%D7%A2%D7%99%D7%9D%20%D7%A2%D7%9C%20%D7%9E%D7%95%D7%A6%D7%A8%D7%99%D7%9D%20%26%238211%3B%20G.%20Haun%20%D7%92.%20%D7%97%D7%99%D7%95%D7%9F
[2026-03-10T12:09:50.462Z]   SKIP (not in footer/header): https://t.me/share/url?url=https%3A%2F%2Fpromocode.co.il%2Fcoupon%2Foff-gomoworld%2F&text=%D7%9E%D7%91%D7%A6%D7%A2%D7%99%D7%9D%20%D7%A2%D7%9C%20%D7%97%D7%91%D7%99%D7%9C%D7%95%D7%AA%20%D7%92%D7%9C%D7%99%D7%A9%D7%94%20%26%238211%3B%20GoMoWorld%20%D7%92%D7%95%D7%9E%D7%95%20%D7%95%D7%95%D7%A8%D7%9C%D7%93
[2026-03-10T12:09:50.462Z]   SKIP (not in footer/header): https://t.me/share/url?url=https%3A%2F%2Fpromocode.co.il%2Fcoupon%2Foff-hinged-wardrobes-home-center%2F&text=%D7%A7%D7%95%D7%A4%D7%95%D7%9F%206%25%20%D7%94%D7%A0%D7%97%D7%94%20%D7%A2%D7%9C%20%D7%90%D7%A8%D7%95%D7%A0%D7%95%D7%AA%20%D7%A4%D7%AA%D7%99%D7%97%D7%94%20%26%238211%3B%20Home%20Center%20%D7%94%D7%95%D7%9D%20%D7%A1%D7%A0%D7%98%D7%A8
[2026-03-10T12:09:50.462Z]   SKIP (not in footer/header): https://t.me/share/url?url=https%3A%2F%2Fpromocode.co.il%2Fcoupon%2Foff-kiwi-com%2F&text=%D7%9E%D7%91%D7%A6%D7%A2%D7%99%D7%9D%20%D7%95%D7%94%D7%A0%D7%97%D7%95%D7%AA%20%D7%A2%D7%9C%20%D7%AA%D7%99%D7%99%D7%A8%D7%95%D7%AA%20%26%238211%3B%20Kiwi.com%20%D7%A7%D7%99%D7%95%D7%95%D7%99%20%D7%A7%D7%95%D7%9D
[2026-03-10T12:09:50.462Z]   SKIP (not in footer/header): https://t.me/share/url?url=https%3A%2F%2Fpromocode.co.il%2Fcoupon%2Foff-ksp%2F&text=%D7%A7%D7%95%D7%A4%D7%95%D7%9F%20%D7%94%D7%A0%D7%97%D7%94%20%D7%9E%D7%A9%D7%AA%D7%A0%D7%94%20%26%238211%3B%20KSP%20%D7%A7%D7%99%D7%99%20%D7%90%D7%A1%20%D7%A4%D7%99
[2026-03-10T12:09:50.462Z]   SKIP (not in footer/header): https://t.me/share/url?url=https%3A%2F%2Fpromocode.co.il%2Fcoupon%2Foff-mayven%2F&text=%D7%9E%D7%91%D7%A6%D7%A2%D7%99%D7%9D%20%D7%95%D7%94%D7%A0%D7%97%D7%94%20%D7%A2%D7%9C%20%D7%9E%D7%92%D7%95%D7%95%D7%9F%20%D7%9E%D7%95%D7%A6%D7%A8%D7%99%D7%9D%20%26%238211%3B%20Mayven%20%D7%9E%D7%99%D7%99%D7%91%D7%9F
[2026-03-10T12:09:50.462Z]   SKIP (not in footer/header): https://t.me/share/url?url=https%3A%2F%2Fpromocode.co.il%2Fcoupon%2Foff-mirrors-home-center%2F&text=%D7%A7%D7%95%D7%A4%D7%95%D7%9F%2010%25%20%D7%94%D7%A0%D7%97%D7%94%20%D7%A2%D7%9C%20%D7%9E%D7%A8%D7%90%D7%95%D7%AA%20%26%238211%3B%20Home%20Center%20%D7%94%D7%95%D7%9D%20%D7%A1%D7%A0%D7%98%D7%A8
[2026-03-10T12:09:50.462Z]   SKIP (not in footer/header): https://t.me/share/url?url=https%3A%2F%2Fpromocode.co.il%2Fcoupon%2Foff-next%2F&text=%D7%A7%D7%95%D7%A4%D7%95%D7%9F%20%D7%94%D7%A0%D7%97%D7%94%20%26%238211%3B%20Next%20%D7%A0%D7%A7%D7%A1%D7%98
[2026-03-10T12:09:50.463Z]   SKIP (not in footer/header): https://t.me/share/url?url=https%3A%2F%2Fpromocode.co.il%2Fcoupon%2Foff-nike%2F&text=%D7%9E%D7%91%D7%A6%D7%A2%20%D7%A2%D7%93%2030%25%20%D7%94%D7%A0%D7%97%D7%94%20%D7%A2%D7%9C%20%D7%9E%D7%92%D7%95%D7%95%D7%9F%20%D7%A4%D7%A8%D7%99%D7%98%D7%99%D7%9D%20%26%238211%3B%20Nike%20%D7%A0%D7%99%D7%99%D7%A7
[2026-03-10T12:09:50.463Z]   SKIP (not in footer/header): https://t.me/share/url?url=https%3A%2F%2Fpromocode.co.il%2Fcoupon%2Foff-pandora%2F&text=%D7%9E%D7%91%D7%A6%D7%A2%D7%99%D7%9D%20%D7%A2%D7%9C%20%D7%94%D7%9E%D7%95%D7%A6%D7%A8%D7%99%D7%9D%20%D7%91%D7%A2%D7%9E%D7%95%D7%93%20%D7%94%D7%97%D7%A0%D7%95%D7%AA%20Amazon%20%D7%90%D7%9E%D7%96%D7%95%D7%9F%20%26%238211%3B%20Pandora%20%D7%A4%D7%A0%D7%93%D7%95%D7%A8%D7%94
[2026-03-10T12:09:50.463Z]   SKIP (not in footer/header): https://t.me/share/url?url=https%3A%2F%2Fpromocode.co.il%2Fcoupon%2Foff-proshop%2F&text=%D7%9E%D7%91%D7%A6%D7%A2%D7%99%D7%9D%20%D7%A2%D7%9C%20%D7%9E%D7%95%D7%A6%D7%A8%D7%99%D7%9D%20%26%238211%3B%20ProShop%20%D7%A4%D7%A8%D7%95%D7%A9%D7%95%D7%A4
[2026-03-10T12:09:50.463Z]   SKIP (not in footer/header): https://t.me/share/url?url=https%3A%2F%2Fpromocode.co.il%2Fcoupon%2Foff-secret-asos%2F&text=%D7%A7%D7%95%D7%A4%D7%95%D7%9F%20%D7%A1%D7%95%D7%93%D7%99%20%D7%A2%D7%93%2030%25%20%D7%94%D7%A0%D7%97%D7%94%20%26%238211%3B%20ASOS%20%D7%90%D7%A1%D7%95%D7%A1
[2026-03-10T12:09:50.463Z]   SKIP (not in footer/header): https://t.me/share/url?url=https%3A%2F%2Fpromocode.co.il%2Fcoupon%2Foff-selected-amazon%2F&text=%D7%A7%D7%95%D7%A4%D7%95%D7%9F%20%D7%94%D7%A0%D7%97%D7%94%20%D7%9E%D7%A9%D7%AA%D7%A0%D7%94%20%26%238211%3B%20Amazon%20%D7%90%D7%9E%D7%96%D7%95%D7%9F
[2026-03-10T12:09:50.463Z]   SKIP (not in footer/header): https://t.me/share/url?url=https%3A%2F%2Fpromocode.co.il%2Fcoupon%2Foff-sliding-wardrobes-home-center%2F&text=%D7%A7%D7%95%D7%A4%D7%95%D7%9F%206%25%20%D7%94%D7%A0%D7%97%D7%94%20%D7%A2%D7%9C%20%D7%90%D7%A8%D7%95%D7%A0%D7%95%D7%AA%20%D7%94%D7%96%D7%96%D7%94%20%26%238211%3B%20Home%20Center%20%D7%94%D7%95%D7%9D%20%D7%A1%D7%A0%D7%98%D7%A8
[2026-03-10T12:09:50.463Z]   SKIP (not in footer/header): https://t.me/share/url?url=https%3A%2F%2Fpromocode.co.il%2Fcoupon%2Foff-soulmate%2F&text=%D7%A7%D7%95%D7%A4%D7%95%D7%9F%20%D7%94%D7%A0%D7%97%D7%94%20%26%238211%3B%20%D7%A1%D7%95%D7%9C%D7%9E%D7%99%D7%99%D7%98%20SoulMate
[2026-03-10T12:09:50.463Z]   SKIP (not in footer/header): https://t.me/share/url?url=https%3A%2F%2Fpromocode.co.il%2Fcoupon%2Foff-temu%2F&text=%D7%9E%D7%91%D7%A6%D7%A2%D7%99%D7%9D%20%D7%95%D7%94%D7%A0%D7%97%D7%95%D7%AA%20%D7%A2%D7%9C%20%D7%9E%D7%95%D7%A6%D7%A8%D7%99%D7%9D%20%26%238211%3B%20Temu%20%D7%98%D7%9E%D7%95
[2026-03-10T12:09:50.463Z]   SKIP (not in footer/header): https://t.me/share/url?url=https%3A%2F%2Fpromocode.co.il%2Fcoupon%2Foff-trip-com%2F&text=%D7%9E%D7%91%D7%A6%D7%A2%D7%99%D7%9D%20%D7%95%D7%94%D7%A0%D7%97%D7%95%D7%AA%20%D7%A2%D7%9C%20%D7%AA%D7%99%D7%99%D7%A8%D7%95%D7%AA%20%26%238211%3B%20Trip.com%20%D7%98%D7%A8%D7%99%D7%A4%20%D7%A7%D7%95%D7%9D
[2026-03-10T12:09:50.463Z]   SKIP (not in footer/header): https://t.me/share/url?url=https%3A%2F%2Fpromocode.co.il%2Fcoupon%2Foff-tx-day-terminal-x%2F&text=%D7%9E%D7%91%D7%A6%D7%A2%20TX%20DAY%20%D7%A2%D7%9D%2030%25%20%D7%94%D7%A0%D7%97%D7%94%20%26%238211%3B%20Terminal%20X%20%D7%98%D7%A8%D7%9E%D7%99%D7%A0%D7%9C%20%D7%90%D7%99%D7%A7%D7%A1
[2026-03-10T12:09:50.463Z]   SKIP (not in footer/header): https://t.me/share/url?url=https%3A%2F%2Fpromocode.co.il%2Fcoupon%2Foff-zara%2F&text=%D7%A7%D7%95%D7%A4%D7%95%D7%9F%20%D7%94%D7%A0%D7%97%D7%94%20%26%238211%3B%20ZARA%20%D7%96%D7%90%D7%A8%D7%94
[2026-03-10T12:09:50.464Z]   SKIP (not in footer/header): https://www.tumblr.com/share/link?url=https%3A%2F%2Fpromocode.co.il%2Fcoupon%2F10-off-giv-ol%2F&name=%D7%A7%D7%95%D7%A4%D7%95%D7%9F%2010%25%20%D7%94%D7%A0%D7%97%D7%94%20%26%238211%3B%20Giv-ol%20%D7%92%D7%91%D7%A2%D7%95%D7%9C%20%D7%94%D7%95%D7%A6%D7%90%D7%94%20%D7%9C%D7%90%D7%95%D7%A8
[2026-03-10T12:09:50.464Z]   SKIP (not in footer/header): https://www.tumblr.com/share/link?url=https%3A%2F%2Fpromocode.co.il%2Fcoupon%2F10-off-golf-kids%2F&name=%D7%A7%D7%95%D7%A4%D7%95%D7%9F%2010%25%20%D7%94%D7%A0%D7%97%D7%94%20%26%238211%3B%20Golf%20Kids%20%D7%92%D7%95%D7%9C%D7%A3%20%D7%A7%D7%99%D7%93%D7%A1
[2026-03-10T12:09:50.464Z]   SKIP (not in footer/header): https://www.tumblr.com/share/link?url=https%3A%2F%2Fpromocode.co.il%2Fcoupon%2F10-off-house-brands-iherb%2F&name=%D7%A7%D7%95%D7%A4%D7%95%D7%9F%2010%25%20%D7%94%D7%A0%D7%97%D7%94%20%D7%A2%D7%9C%20%D7%9E%D7%95%D7%AA%D7%92%D7%99%20%D7%94%D7%91%D7%99%D7%AA%20%26%238211%3B%20iHerb%20%D7%90%D7%99%D7%99%D7%94%D7%A8%D7%91
[2026-03-10T12:09:50.464Z]   SKIP (not in footer/header): https://www.tumblr.com/share/link?url=https%3A%2F%2Fpromocode.co.il%2Fcoupon%2F10-off-intima%2F&name=%D7%A7%D7%95%D7%A4%D7%95%D7%9F%2010%25%20%D7%94%D7%A0%D7%97%D7%94%20%26%238211%3B%20INTIMA%20%D7%90%D7%99%D7%A0%D7%98%D7%99%D7%9E%D7%94
[2026-03-10T12:09:50.464Z]   SKIP (not in footer/header): https://www.tumblr.com/share/link?url=https%3A%2F%2Fpromocode.co.il%2Fcoupon%2F10-off-milkcare%2F&name=%D7%A7%D7%95%D7%A4%D7%95%D7%9F%2010%25%20%D7%94%D7%A0%D7%97%D7%94%20%26%238211%3B%20MilkCare%20%D7%9E%D7%99%D7%9C%D7%A7%20%D7%A7%D7%99%D7%99%D7%A8
[2026-03-10T12:09:50.464Z]   SKIP (not in footer/header): https://www.tumblr.com/share/link?url=https%3A%2F%2Fpromocode.co.il%2Fcoupon%2F10-off-over-120-iherb%2F&name=%D7%A7%D7%95%D7%A4%D7%95%D7%9F%2010%25%20%D7%94%D7%A0%D7%97%D7%94%20%D7%91%D7%A7%D7%A0%D7%99%D7%99%D7%94%20%D7%9E%D7%A2%D7%9C%20120%24%20%26%238211%3B%20iHerb%20%D7%90%D7%99%D7%99%D7%94%D7%A8%D7%91
[2026-03-10T12:09:50.464Z]   SKIP (not in footer/header): https://www.tumblr.com/share/link?url=https%3A%2F%2Fpromocode.co.il%2Fcoupon%2F10-off-over-60-iherb%2F&name=%D7%A7%D7%95%D7%A4%D7%95%D7%9F%2010%25%20%D7%94%D7%A0%D7%97%D7%94%20%D7%91%D7%A7%D7%A0%D7%99%D7%99%D7%94%20%D7%9E%D7%A2%D7%9C%2060%24%20%26%238211%3B%20iHerb%20%D7%90%D7%99%D7%99%D7%94%D7%A8%D7%91
[2026-03-10T12:09:50.464Z]   SKIP (not in footer/header): https://www.tumblr.com/share/link?url=https%3A%2F%2Fpromocode.co.il%2Fcoupon%2F10-off-smartcase%2F&name=%D7%A7%D7%95%D7%A4%D7%95%D7%9F%2010%25%20%D7%94%D7%A0%D7%97%D7%94%20%26%238211%3B%20SmartCase%20%D7%A1%D7%9E%D7%90%D7%A8%D7%98%20%D7%A7%D7%99%D7%99%D7%A1
[2026-03-10T12:09:50.464Z]   SKIP (not in footer/header): https://www.tumblr.com/share/link?url=https%3A%2F%2Fpromocode.co.il%2Fcoupon%2F10-off-super-pharm%2F&name=%D7%A7%D7%95%D7%A4%D7%95%D7%9F%2010%25%20%D7%94%D7%A0%D7%97%D7%94%20%26%238211%3B%20Super%20Pharm%20%D7%A1%D7%95%D7%A4%D7%A8%20%D7%A4%D7%90%D7%A8%D7%9D
[2026-03-10T12:09:50.464Z]   SKIP (not in footer/header): https://www.tumblr.com/share/link?url=https%3A%2F%2Fpromocode.co.il%2Fcoupon%2F10-off-terminal-x%2F&name=%D7%A7%D7%95%D7%A4%D7%95%D7%9F%2010%25%20%D7%94%D7%A0%D7%97%D7%94%20%26%238211%3B%20Terminal%20X%20%D7%98%D7%A8%D7%9E%D7%99%D7%A0%D7%9C%20%D7%90%D7%99%D7%A7%D7%A1
[2026-03-10T12:09:50.464Z]   SKIP (not in footer/header): https://www.tumblr.com/share/link?url=https%3A%2F%2Fpromocode.co.il%2Fcoupon%2F10-off-toys-r-us%2F&name=%D7%A7%D7%95%D7%A4%D7%95%D7%9F%2010%25%20%D7%94%D7%A0%D7%97%D7%94%20%26%238211%3B%20Toys%20R%20Us%20%D7%98%D7%95%D7%99%D7%A1%20%D7%90%D7%A8%20%D7%90%D7%A1
[2026-03-10T12:09:50.464Z]   SKIP (not in footer/header): https://www.tumblr.com/share/link?url=https%3A%2F%2Fpromocode.co.il%2Fcoupon%2F100-ils-off-over-400-ils-milega%2F&name=%D7%A7%D7%95%D7%A4%D7%95%D7%9F%20100%20%E2%82%AA%20%D7%94%D7%A0%D7%97%D7%94%20%D7%91%D7%A7%D7%A0%D7%99%D7%99%D7%94%20%D7%9E%D7%A2%D7%9C%20400%20%E2%82%AA%20%26%238211%3B%20Milega%20%D7%9E%D7%99%D7%9C%D7%92%D7%94
[2026-03-10T12:09:50.465Z]   SKIP (not in footer/header): https://www.tumblr.com/share/link?url=https%3A%2F%2Fpromocode.co.il%2Fcoupon%2F100-off-free-gifts-temu%2F&name=%D7%A7%D7%95%D7%A4%D7%95%D7%9F%20100%25%20%D7%94%D7%A0%D7%97%D7%94%20%D7%A2%D7%9C%20%D7%9E%D7%95%D7%A6%D7%A8%D7%99%D7%9D%20%D7%95%D7%9E%D7%AA%D7%A0%D7%95%D7%AA%20%D7%91%D7%97%D7%99%D7%A0%D7%9D%20%26%238211%3B%20Temu%20%D7%98%D7%9E%D7%95
[2026-03-10T12:09:50.465Z]   SKIP (not in footer/header): https://www.tumblr.com/share/link?url=https%3A%2F%2Fpromocode.co.il%2Fcoupon%2F15-off-beauty-bay%2F&name=%D7%A7%D7%95%D7%A4%D7%95%D7%9F%2015%25%20%D7%94%D7%A0%D7%97%D7%94%20%26%238211%3B%20Beauty%20Bay%20%D7%91%D7%99%D7%95%D7%98%D7%99%20%D7%91%D7%99%D7%99
[2026-03-10T12:09:50.465Z]   SKIP (not in footer/header): https://www.tumblr.com/share/link?url=https%3A%2F%2Fpromocode.co.il%2Fcoupon%2F15-off-first-order-cult-beauty%2F&name=%D7%A7%D7%95%D7%A4%D7%95%D7%9F%2015%25%20%D7%94%D7%A0%D7%97%D7%94%20%D7%91%D7%A7%D7%A0%D7%99%D7%99%D7%94%20%D7%A8%D7%90%D7%A9%D7%95%D7%A0%D7%94%20%26%238211%3B%20Cult%20Beauty%20%D7%A7%D7%90%D7%9C%D7%98%20%D7%91%D7%99%D7%95%D7%98%D7%99
[2026-03-10T12:09:50.465Z]   SKIP (not in footer/header): https://www.tumblr.com/share/link?url=https%3A%2F%2Fpromocode.co.il%2Fcoupon%2F15-off-rihoas%2F&name=%D7%A7%D7%95%D7%A4%D7%95%D7%9F%2015%25%20%D7%94%D7%A0%D7%97%D7%94%20%26%238211%3B%20Rihoas%20%D7%A8%D7%99%D7%94%D7%95%D7%90%D7%A1
[2026-03-10T12:09:50.465Z]   SKIP (not in footer/header): https://www.tumblr.com/share/link?url=https%3A%2F%2Fpromocode.co.il%2Fcoupon%2F20-off-iherb%2F&name=%D7%A7%D7%95%D7%A4%D7%95%D7%9F%2020%25%20%D7%94%D7%A0%D7%97%D7%94%20%D7%A2%D7%9C%20%D7%94%D7%94%D7%96%D7%9E%D7%A0%D7%94%20%D7%94%D7%A8%D7%90%D7%A9%D7%95%D7%A0%D7%94%20%26%238211%3B%20iHerb%20%D7%90%D7%99%D7%99%D7%94%D7%A8%D7%91
[2026-03-10T12:09:50.465Z]   SKIP (not in footer/header): https://www.tumblr.com/share/link?url=https%3A%2F%2Fpromocode.co.il%2Fcoupon%2F20-off-over-60-iherb%2F&name=%D7%A7%D7%95%D7%A4%D7%95%D7%9F%2020%25%20%D7%94%D7%A0%D7%97%D7%94%20%D7%91%D7%A7%D7%A0%D7%99%D7%99%D7%94%20%D7%9E%D7%A2%D7%9C%2060%24%20%26%238211%3B%20iHerb%20%D7%90%D7%99%D7%99%D7%94%D7%A8%D7%91
[2026-03-10T12:09:50.465Z]   SKIP (not in footer/header): https://www.tumblr.com/share/link?url=https%3A%2F%2Fpromocode.co.il%2Fcoupon%2F20-off-pixelcut%2F&name=%D7%A7%D7%95%D7%A4%D7%95%D7%9F%2020%25%20%D7%94%D7%A0%D7%97%D7%94%20%26%238211%3B%20Pixelcut%20%D7%A4%D7%99%D7%A7%D7%A1%D7%9C%D7%A7%D7%90%D7%98
[2026-03-10T12:09:50.465Z]   SKIP (not in footer/header): https://www.tumblr.com/share/link?url=https%3A%2F%2Fpromocode.co.il%2Fcoupon%2F25-off-nike%2F&name=%D7%A7%D7%95%D7%A4%D7%95%D7%9F%2025%25%20%D7%94%D7%A0%D7%97%D7%94%20%26%238211%3B%20Nike%20%D7%A0%D7%99%D7%99%D7%A7
[2026-03-10T12:09:50.465Z]   SKIP (not in footer/header): https://www.tumblr.com/share/link?url=https%3A%2F%2Fpromocode.co.il%2Fcoupon%2F30-ils-off-smartcase%2F&name=%D7%A7%D7%95%D7%A4%D7%95%D7%9F%2030%20%E2%82%AA%20%D7%94%D7%A0%D7%97%D7%94%20%26%238211%3B%20SmartCase%20%D7%A1%D7%9E%D7%90%D7%A8%D7%98%20%D7%A7%D7%99%D7%99%D7%A1
[2026-03-10T12:09:50.465Z]   SKIP (not in footer/header): https://www.tumblr.com/share/link?url=https%3A%2F%2Fpromocode.co.il%2Fcoupon%2F30-ils-off-wolt%2F&name=%D7%A7%D7%95%D7%A4%D7%95%D7%9F%2030%20%E2%82%AA%20%D7%94%D7%A0%D7%97%D7%94%20%26%238211%3B%20Wolt%20%D7%95%D7%95%D7%9C%D7%98
[2026-03-10T12:09:50.465Z]   SKIP (not in footer/header): https://www.tumblr.com/share/link?url=https%3A%2F%2Fpromocode.co.il%2Fcoupon%2F30-off-cloudways%2F&name=%D7%A7%D7%95%D7%A4%D7%95%D7%9F%2030%25%20%D7%94%D7%A0%D7%97%D7%94%20%26%238211%3B%20Cloudways%20%D7%A7%D7%9C%D7%90%D7%95%D7%93%D7%95%D7%95%D7%99%D7%96
[2026-03-10T12:09:50.465Z]   SKIP (not in footer/header): https://www.tumblr.com/share/link?url=https%3A%2F%2Fpromocode.co.il%2Fcoupon%2F30-off-gulliver%2F&name=%D7%A7%D7%95%D7%A4%D7%95%D7%9F%2030%24%20%D7%94%D7%A0%D7%97%D7%94%20%26%238211%3B%20Gulliver%20%D7%92%D7%95%D7%9C%D7%99%D7%91%D7%A8
[2026-03-10T12:09:50.466Z]   SKIP (not in footer/header): https://www.tumblr.com/share/link?url=https%3A%2F%2Fpromocode.co.il%2Fcoupon%2F30-off-temu%2F&name=%D7%A7%D7%95%D7%A4%D7%95%D7%9F%2030%25%20%D7%94%D7%A0%D7%97%D7%94%20%26%238211%3B%20Temu%20%D7%98%D7%9E%D7%95
[2026-03-10T12:09:50.466Z]   SKIP (not in footer/header): https://www.tumblr.com/share/link?url=https%3A%2F%2Fpromocode.co.il%2Fcoupon%2F400-ils-off-temu%2F&name=%D7%A7%D7%95%D7%A4%D7%95%D7%9F%20400%20%E2%82%AA%20%D7%94%D7%A0%D7%97%D7%94%20%26%238211%3B%20Temu%20%D7%98%D7%9E%D7%95
[2026-03-10T12:09:50.466Z]   SKIP (not in footer/header): https://www.tumblr.com/share/link?url=https%3A%2F%2Fpromocode.co.il%2Fcoupon%2F5-off-afi-hotels%2F&name=%D7%9E%D7%91%D7%A6%D7%A2%205%25%20%D7%94%D7%A0%D7%97%D7%94%20%26%238211%3B%20AFI%20Hotels%20%D7%9E%D7%9C%D7%95%D7%A0%D7%95%D7%AA%20%D7%90%D7%A4%D7%A8%D7%99%D7%A7%D7%94%20%D7%99%D7%A9%D7%A8%D7%90%D7%9C
[2026-03-10T12:09:50.466Z]   SKIP (not in footer/header): https://www.tumblr.com/share/link?url=https%3A%2F%2Fpromocode.co.il%2Fcoupon%2F5-off-anker%2F&name=%D7%A7%D7%95%D7%A4%D7%95%D7%9F%205%25%20%D7%94%D7%A0%D7%97%D7%94%20%26%238211%3B%20Anker%20%D7%90%D7%A0%D7%A7%D7%A8%20%D7%99%D7%A9%D7%A8%D7%90%D7%9C
[2026-03-10T12:09:50.466Z]   SKIP (not in footer/header): https://www.tumblr.com/share/link?url=https%3A%2F%2Fpromocode.co.il%2Fcoupon%2F5-off-diamond-chef%2F&name=%D7%A7%D7%95%D7%A4%D7%95%D7%9F%205%25%20%D7%94%D7%A0%D7%97%D7%94%20%26%238211%3B%20Diamond%20Chef%20%D7%93%D7%99%D7%99%D7%9E%D7%95%D7%A0%D7%93%20%D7%A9%D7%A3
[2026-03-10T12:09:50.466Z]   SKIP (not in footer/header): https://www.tumblr.com/share/link?url=https%3A%2F%2Fpromocode.co.il%2Fcoupon%2F5-off-iherb%2F&name=%D7%A7%D7%95%D7%A4%D7%95%D7%9F%205%25%20%D7%94%D7%A0%D7%97%D7%94%20%26%238211%3B%20iHerb%20%D7%90%D7%99%D7%99%D7%94%D7%A8%D7%91
[2026-03-10T12:09:50.466Z]   SKIP (not in footer/header): https://www.tumblr.com/share/link?url=https%3A%2F%2Fpromocode.co.il%2Fcoupon%2F5-off-rebuild%2F&name=%D7%A7%D7%95%D7%A4%D7%95%D7%9F%205%25%20%D7%94%D7%A0%D7%97%D7%94%20%26%238211%3B%20Rebuild%20%D7%A8%D7%91%D7%99%D7%9C%D7%93
[2026-03-10T12:09:50.466Z]   SKIP (not in footer/header): https://www.tumblr.com/share/link?url=https%3A%2F%2Fpromocode.co.il%2Fcoupon%2F5-off-revopoint%2F&name=%D7%A7%D7%95%D7%A4%D7%95%D7%9F%205%25%20%D7%94%D7%A0%D7%97%D7%94%20%26%238211%3B%20Revopoint%20%D7%A8%D7%91%D7%95%D7%A4%D7%95%D7%99%D7%A0%D7%98
[2026-03-10T12:09:50.466Z]   SKIP (not in footer/header): https://www.tumblr.com/share/link?url=https%3A%2F%2Fpromocode.co.il%2Fcoupon%2F50-off-wolt%2F&name=%D7%A7%D7%95%D7%A4%D7%95%D7%9F%2050%20%E2%82%AA%20%D7%94%D7%A0%D7%97%D7%94%20%26%238211%3B%20Wolt%20%D7%95%D7%95%D7%9C%D7%98
[2026-03-10T12:09:50.466Z]   SKIP (not in footer/header): https://www.tumblr.com/share/link?url=https%3A%2F%2Fpromocode.co.il%2Fcoupon%2F8-off-story-online%2F&name=%D7%A7%D7%95%D7%A4%D7%95%D7%9F%208%25%20%D7%94%D7%A0%D7%97%D7%94%20%26%238211%3B%20Story%20Online%20%D7%A1%D7%98%D7%95%D7%A8%D7%99%20%D7%90%D7%95%D7%A0%D7%9C%D7%99%D7%99%D7%9F
[2026-03-10T12:09:50.466Z]   SKIP (not in footer/header): https://www.tumblr.com/share/link?url=https%3A%2F%2Fpromocode.co.il%2Fcoupon%2Fblack-friday-ksp%2F&name=%D7%9E%D7%91%D7%A6%D7%A2%D7%99%20%D7%91%D7%9C%D7%90%D7%A7%20%D7%A4%D7%A8%D7%99%D7%99%D7%93%D7%99%20%26%238211%3B%20KSP%20%D7%A7%D7%99%D7%99%20%D7%90%D7%A1%20%D7%A4%D7%99
[2026-03-10T12:09:50.466Z]   SKIP (not in footer/header): https://www.tumblr.com/share/link?url=https%3A%2F%2Fpromocode.co.il%2Fcoupon%2Ffree-shipping-amika%2F&name=%D7%9E%D7%A9%D7%9C%D7%95%D7%97%20%D7%97%D7%99%D7%A0%D7%9D%20%26%238211%3B%20Amika%20%D7%90%D7%9E%D7%99%D7%A7%D7%94
[2026-03-10T12:09:50.467Z]   SKIP (not in footer/header): https://www.tumblr.com/share/link?url=https%3A%2F%2Fpromocode.co.il%2Fcoupon%2Ffree-shipping-anker%2F&name=%D7%9E%D7%A9%D7%9C%D7%95%D7%97%20%D7%97%D7%99%D7%A0%D7%9D%20%26%238211%3B%20Anker%20%D7%90%D7%A0%D7%A7%D7%A8%20%D7%99%D7%A9%D7%A8%D7%90%D7%9C
[2026-03-10T12:09:50.467Z]   SKIP (not in footer/header): https://www.tumblr.com/share/link?url=https%3A%2F%2Fpromocode.co.il%2Fcoupon%2Ffree-shipping-bissell%2F&name=%D7%9E%D7%A9%D7%9C%D7%95%D7%97%20%D7%97%D7%99%D7%A0%D7%9D%20%26%238211%3B%20Bissell%20%D7%91%D7%99%D7%A1%D7%9C%20%D7%99%D7%A9%D7%A8%D7%90%D7%9C
[2026-03-10T12:09:50.467Z]   SKIP (not in footer/header): https://www.tumblr.com/share/link?url=https%3A%2F%2Fpromocode.co.il%2Fcoupon%2Fil-off-asos%2F&name=%D7%A7%D7%95%D7%A4%D7%95%D7%9F%2018%25%20%D7%94%D7%A0%D7%97%D7%94%20%26%238211%3B%20ASOS%20%D7%90%D7%A1%D7%95%D7%A1
[2026-03-10T12:09:50.467Z]   SKIP (not in footer/header): https://www.tumblr.com/share/link?url=https%3A%2F%2Fpromocode.co.il%2Fcoupon%2Fmastercard-day-aeroflex%2F&name=%D7%A7%D7%95%D7%A4%D7%95%D7%9F%20%D7%9E%D7%90%D7%A1%D7%98%D7%A8%D7%A7%D7%90%D7%A8%D7%93%20%D7%93%D7%99%D7%99%2025%25%20%D7%94%D7%A0%D7%97%D7%94%20%D7%A2%D7%9C%20%D7%9B%D7%A8%D7%99%D7%95%D7%AA%20%26%238211%3B%20Aeroflex%20%D7%90%D7%99%D7%A8%D7%95%D7%A4%D7%9C%D7%A7%D7%A1
[2026-03-10T12:09:50.467Z]   SKIP (not in footer/header): https://www.tumblr.com/share/link?url=https%3A%2F%2Fpromocode.co.il%2Fcoupon%2Fmastercard-day-iherb%2F&name=%D7%A7%D7%95%D7%A4%D7%95%D7%9F%20%D7%9E%D7%90%D7%A1%D7%98%D7%A8%D7%A7%D7%90%D7%A8%D7%93%20%D7%93%D7%99%D7%99%2015%25%20%D7%94%D7%A0%D7%97%D7%94%20%D7%9E%D7%A2%D7%9C%2060%24%20%26%238211%3B%20iHerb%20%D7%90%D7%99%D7%99%D7%94%D7%A8%D7%91
[2026-03-10T12:09:50.467Z]   SKIP (not in footer/header): https://www.tumblr.com/share/link?url=https%3A%2F%2Fpromocode.co.il%2Fcoupon%2Fmastercard-day-lee-cooper%2F&name=%D7%A7%D7%95%D7%A4%D7%95%D7%9F%20%D7%9E%D7%90%D7%A1%D7%98%D7%A8%D7%A7%D7%90%D7%A8%D7%93%20%D7%93%D7%99%D7%99%2020%25%20%D7%94%D7%A0%D7%97%D7%94%20%26%238211%3B%20Lee%20Cooper%20%D7%9C%D7%99%20%D7%A7%D7%95%D7%A4%D7%A8%20%D7%99%D7%A9%D7%A8%D7%90%D7%9C
[2026-03-10T12:09:50.467Z]   SKIP (not in footer/header): https://www.tumblr.com/share/link?url=https%3A%2F%2Fpromocode.co.il%2Fcoupon%2Fmastercard-day-mishloha%2F&name=%D7%A7%D7%95%D7%A4%D7%95%D7%9F%20%D7%9E%D7%90%D7%A1%D7%98%D7%A8%D7%A7%D7%90%D7%A8%D7%93%20%D7%93%D7%99%D7%99%2030%20%E2%82%AA%20%D7%94%D7%A0%D7%97%D7%94%20%26%238211%3B%20Mishloha%20%D7%9E%D7%A9%D7%9C%D7%95%D7%97%D7%94
[2026-03-10T12:09:50.467Z]   SKIP (not in footer/header): https://www.tumblr.com/share/link?url=https%3A%2F%2Fpromocode.co.il%2Fcoupon%2Fmastercard-day-nintendo%2F&name=%D7%A7%D7%95%D7%A4%D7%95%D7%9F%20%D7%9E%D7%90%D7%A1%D7%98%D7%A8%D7%A7%D7%90%D7%A8%D7%93%20%D7%93%D7%99%D7%99%2010%25%20%D7%94%D7%A0%D7%97%D7%94%20%26%238211%3B%20Nintendo%20%D7%A0%D7%99%D7%A0%D7%98%D7%A0%D7%93%D7%95%20%D7%99%D7%A9%D7%A8%D7%90%D7%9C
[2026-03-10T12:09:50.467Z]   SKIP (not in footer/header): https://www.tumblr.com/share/link?url=https%3A%2F%2Fpromocode.co.il%2Fcoupon%2Fmastercard-day-olam-hakolnoa%2F&name=%D7%A7%D7%95%D7%A4%D7%95%D7%9F%20%D7%9E%D7%90%D7%A1%D7%98%D7%A8%D7%A7%D7%90%D7%A8%D7%93%20%D7%93%D7%99%D7%99%2010%25%20%D7%94%D7%A0%D7%97%D7%94%20%26%238211%3B%20Olam%20Hakolnoa%20%D7%A2%D7%95%D7%9C%D7%9D%20%D7%94%D7%A7%D7%95%D7%9C%D7%A0%D7%95%D7%A2%20%D7%95%D7%94%D7%97%D7%A9%D7%9E%D7%9C
[2026-03-10T12:09:50.467Z]   SKIP (not in footer/header): https://www.tumblr.com/share/link?url=https%3A%2F%2Fpromocode.co.il%2Fcoupon%2Fmastercard-day-soltam%2F&name=%D7%A7%D7%95%D7%A4%D7%95%D7%9F%20%D7%9E%D7%90%D7%A1%D7%98%D7%A8%D7%A7%D7%90%D7%A8%D7%93%20%D7%93%D7%99%D7%99%2015%25%20%D7%94%D7%A0%D7%97%D7%94%20%26%238211%3B%20Soltam%20Radad%20%D7%A1%D7%95%D7%9C%D7%AA%D7%9D%20%D7%A8%D7%93%D7%93
[2026-03-10T12:09:50.467Z]   SKIP (not in footer/header): https://www.tumblr.com/share/link?url=https%3A%2F%2Fpromocode.co.il%2Fcoupon%2Fnovember-sale-golf-co%2F&name=%D7%9E%D7%91%D7%A6%D7%A2%20%D7%A0%D7%95%D7%91%D7%9E%D7%91%D7%A8%20%D7%A1%D7%99%D7%99%D7%9C%20%26%238211%3B%20Golf%20%26amp%3B%20Co%20%D7%92%D7%95%D7%9C%D7%A3%20%D7%90%D7%A0%D7%93%20%D7%A7%D7%95
[2026-03-10T12:09:50.468Z]   SKIP (not in footer/header): https://www.tumblr.com/share/link?url=https%3A%2F%2Fpromocode.co.il%2Fcoupon%2Fnovember-sale-super-pharm%2F&name=%D7%9E%D7%91%D7%A6%D7%A2%D7%99%20%D7%A0%D7%95%D7%91%D7%9E%D7%91%D7%A8%20%D7%A1%D7%99%D7%99%D7%9C%20%26%238211%3B%20Super%20Pharm%20%D7%A1%D7%95%D7%A4%D7%A8%20%D7%A4%D7%90%D7%A8%D7%9D
[2026-03-10T12:09:50.468Z]   SKIP (not in footer/header): https://www.tumblr.com/share/link?url=https%3A%2F%2Fpromocode.co.il%2Fcoupon%2Foff-aeg-olam-hakolnoa%2F&name=%D7%A7%D7%95%D7%A4%D7%95%D7%9F%2010%25%20%D7%94%D7%A0%D7%97%D7%94%20%D7%A2%D7%9C%20%D7%9E%D7%95%D7%A6%D7%A8%D7%99%20%D7%94%D7%9E%D7%95%D7%AA%D7%92%20AEG%20%D7%90%D7%99%D7%99%20%D7%90%D7%99%20%D7%92%26%238217%3B%D7%99%20%26%238211%3B%20Olam%20Hakolnoa%20%D7%A2%D7%95%D7%9C%D7%9D%20%D7%94%D7%A7%D7%95%D7%9C%D7%A0%D7%95%D7%A2%20%D7%95%D7%94%D7%97%D7%A9%D7%9E%D7%9C
[2026-03-10T12:09:50.468Z]   SKIP (not in footer/header): https://www.tumblr.com/share/link?url=https%3A%2F%2Fpromocode.co.il%2Fcoupon%2Foff-anker%2F&name=%D7%9E%D7%91%D7%A6%D7%A2%D7%99%D7%9D%20%D7%95%D7%94%D7%A0%D7%97%D7%95%D7%AA%20%D7%A2%D7%9C%20%D7%9E%D7%92%D7%95%D7%95%D7%9F%20%D7%9E%D7%95%D7%A6%D7%A8%D7%99%D7%9D%20%26%238211%3B%20Anker%20%D7%90%D7%A0%D7%A7%D7%A8%20%D7%99%D7%A9%D7%A8%D7%90%D7%9C
[2026-03-10T12:09:50.468Z]   SKIP (not in footer/header): https://www.tumblr.com/share/link?url=https%3A%2F%2Fpromocode.co.il%2Fcoupon%2Foff-bissell%2F&name=%D7%9E%D7%91%D7%A6%D7%A2%D7%99%D7%9D%20%D7%95%D7%94%D7%A0%D7%97%D7%95%D7%AA%20%D7%A2%D7%9C%20%D7%9E%D7%92%D7%95%D7%95%D7%9F%20%D7%9E%D7%95%D7%A6%D7%A8%D7%99%D7%9D%20%26%238211%3B%20Bissell%20%D7%91%D7%99%D7%A1%D7%9C%20%D7%99%D7%A9%D7%A8%D7%90%D7%9C
[2026-03-10T12:09:50.468Z]   SKIP (not in footer/header): https://www.tumblr.com/share/link?url=https%3A%2F%2Fpromocode.co.il%2Fcoupon%2Foff-ceiling-mounted-lighting-fixtures-home-center%2F&name=%D7%A7%D7%95%D7%A4%D7%95%D7%9F%205%25%20%D7%94%D7%A0%D7%97%D7%94%20%D7%A2%D7%9C%20%D7%92%D7%95%D7%A4%D7%99%20%D7%AA%D7%90%D7%95%D7%A8%D7%94%20%D7%A6%D7%9E%D7%95%D7%93%D7%99%20%D7%AA%D7%A7%D7%A8%D7%94%20%26%238211%3B%20Home%20Center%20%D7%94%D7%95%D7%9D%20%D7%A1%D7%A0%D7%98%D7%A8
[2026-03-10T12:09:50.468Z]   SKIP (not in footer/header): https://www.tumblr.com/share/link?url=https%3A%2F%2Fpromocode.co.il%2Fcoupon%2Foff-cinema-city%2F&name=%D7%9E%D7%91%D7%A6%D7%A2%D7%99%D7%9D%20%D7%A2%D7%9C%20%D7%9E%D7%92%D7%95%D7%95%D7%9F%20%D7%A1%D7%A8%D7%98%D7%99%D7%9D%20%D7%91%D7%A7%D7%95%D7%9C%D7%A0%D7%95%D7%A2%20%26%238211%3B%20Cinema%20City%20%D7%A1%D7%99%D7%A0%D7%9E%D7%94%20%D7%A1%D7%99%D7%98%D7%99
[2026-03-10T12:09:50.468Z]   SKIP (not in footer/header): https://www.tumblr.com/share/link?url=https%3A%2F%2Fpromocode.co.il%2Fcoupon%2Foff-delta%2F&name=%D7%9E%D7%91%D7%A6%D7%A2%2015%25%20%D7%94%D7%A0%D7%97%D7%94%20%D7%91%D7%A7%D7%A0%D7%99%D7%99%D7%94%20%D7%A8%D7%90%D7%A9%D7%95%D7%A0%D7%94%20%26%238211%3B%20Delta%20%D7%93%D7%9C%D7%AA%D7%90
[2026-03-10T12:09:50.468Z]   SKIP (not in footer/header): https://www.tumblr.com/share/link?url=https%3A%2F%2Fpromocode.co.il%2Fcoupon%2Foff-diesenhaus%2F&name=%D7%9E%D7%91%D7%A6%D7%A2%D7%99%D7%9D%20%D7%A2%D7%9C%20%D7%AA%D7%99%D7%99%D7%A8%D7%95%D7%AA%20%26%238211%3B%20Diesenhaus%20%D7%93%D7%99%D7%96%D7%A0%D7%94%D7%90%D7%95%D7%96
[2026-03-10T12:09:50.468Z]   SKIP (not in footer/header): https://www.tumblr.com/share/link?url=https%3A%2F%2Fpromocode.co.il%2Fcoupon%2Foff-g-haun%2F&name=%D7%9E%D7%91%D7%A6%D7%A2%D7%99%D7%9D%20%D7%A2%D7%9C%20%D7%9E%D7%95%D7%A6%D7%A8%D7%99%D7%9D%20%26%238211%3B%20G.%20Haun%20%D7%92.%20%D7%97%D7%99%D7%95%D7%9F
[2026-03-10T12:09:50.468Z]   SKIP (not in footer/header): https://www.tumblr.com/share/link?url=https%3A%2F%2Fpromocode.co.il%2Fcoupon%2Foff-gomoworld%2F&name=%D7%9E%D7%91%D7%A6%D7%A2%D7%99%D7%9D%20%D7%A2%D7%9C%20%D7%97%D7%91%D7%99%D7%9C%D7%95%D7%AA%20%D7%92%D7%9C%D7%99%D7%A9%D7%94%20%26%238211%3B%20GoMoWorld%20%D7%92%D7%95%D7%9E%D7%95%20%D7%95%D7%95%D7%A8%D7%9C%D7%93
[2026-03-10T12:09:50.468Z]   SKIP (not in footer/header): https://www.tumblr.com/share/link?url=https%3A%2F%2Fpromocode.co.il%2Fcoupon%2Foff-hinged-wardrobes-home-center%2F&name=%D7%A7%D7%95%D7%A4%D7%95%D7%9F%206%25%20%D7%94%D7%A0%D7%97%D7%94%20%D7%A2%D7%9C%20%D7%90%D7%A8%D7%95%D7%A0%D7%95%D7%AA%20%D7%A4%D7%AA%D7%99%D7%97%D7%94%20%26%238211%3B%20Home%20Center%20%D7%94%D7%95%D7%9D%20%D7%A1%D7%A0%D7%98%D7%A8
[2026-03-10T12:09:50.468Z]   SKIP (not in footer/header): https://www.tumblr.com/share/link?url=https%3A%2F%2Fpromocode.co.il%2Fcoupon%2Foff-kiwi-com%2F&name=%D7%9E%D7%91%D7%A6%D7%A2%D7%99%D7%9D%20%D7%95%D7%94%D7%A0%D7%97%D7%95%D7%AA%20%D7%A2%D7%9C%20%D7%AA%D7%99%D7%99%D7%A8%D7%95%D7%AA%20%26%238211%3B%20Kiwi.com%20%D7%A7%D7%99%D7%95%D7%95%D7%99%20%D7%A7%D7%95%D7%9D
[2026-03-10T12:09:50.468Z]   SKIP (not in footer/header): https://www.tumblr.com/share/link?url=https%3A%2F%2Fpromocode.co.il%2Fcoupon%2Foff-ksp%2F&name=%D7%A7%D7%95%D7%A4%D7%95%D7%9F%20%D7%94%D7%A0%D7%97%D7%94%20%D7%9E%D7%A9%D7%AA%D7%A0%D7%94%20%26%238211%3B%20KSP%20%D7%A7%D7%99%D7%99%20%D7%90%D7%A1%20%D7%A4%D7%99
[2026-03-10T12:09:50.469Z]   SKIP (not in footer/header): https://www.tumblr.com/share/link?url=https%3A%2F%2Fpromocode.co.il%2Fcoupon%2Foff-mayven%2F&name=%D7%9E%D7%91%D7%A6%D7%A2%D7%99%D7%9D%20%D7%95%D7%94%D7%A0%D7%97%D7%94%20%D7%A2%D7%9C%20%D7%9E%D7%92%D7%95%D7%95%D7%9F%20%D7%9E%D7%95%D7%A6%D7%A8%D7%99%D7%9D%20%26%238211%3B%20Mayven%20%D7%9E%D7%99%D7%99%D7%91%D7%9F
[2026-03-10T12:09:50.469Z]   SKIP (not in footer/header): https://www.tumblr.com/share/link?url=https%3A%2F%2Fpromocode.co.il%2Fcoupon%2Foff-mirrors-home-center%2F&name=%D7%A7%D7%95%D7%A4%D7%95%D7%9F%2010%25%20%D7%94%D7%A0%D7%97%D7%94%20%D7%A2%D7%9C%20%D7%9E%D7%A8%D7%90%D7%95%D7%AA%20%26%238211%3B%20Home%20Center%20%D7%94%D7%95%D7%9D%20%D7%A1%D7%A0%D7%98%D7%A8
[2026-03-10T12:09:50.469Z]   SKIP (not in footer/header): https://www.tumblr.com/share/link?url=https%3A%2F%2Fpromocode.co.il%2Fcoupon%2Foff-next%2F&name=%D7%A7%D7%95%D7%A4%D7%95%D7%9F%20%D7%94%D7%A0%D7%97%D7%94%20%26%238211%3B%20Next%20%D7%A0%D7%A7%D7%A1%D7%98
[2026-03-10T12:09:50.469Z]   SKIP (not in footer/header): https://www.tumblr.com/share/link?url=https%3A%2F%2Fpromocode.co.il%2Fcoupon%2Foff-nike%2F&name=%D7%9E%D7%91%D7%A6%D7%A2%20%D7%A2%D7%93%2030%25%20%D7%94%D7%A0%D7%97%D7%94%20%D7%A2%D7%9C%20%D7%9E%D7%92%D7%95%D7%95%D7%9F%20%D7%A4%D7%A8%D7%99%D7%98%D7%99%D7%9D%20%26%238211%3B%20Nike%20%D7%A0%D7%99%D7%99%D7%A7
[2026-03-10T12:09:50.469Z]   SKIP (not in footer/header): https://www.tumblr.com/share/link?url=https%3A%2F%2Fpromocode.co.il%2Fcoupon%2Foff-pandora%2F&name=%D7%9E%D7%91%D7%A6%D7%A2%D7%99%D7%9D%20%D7%A2%D7%9C%20%D7%94%D7%9E%D7%95%D7%A6%D7%A8%D7%99%D7%9D%20%D7%91%D7%A2%D7%9E%D7%95%D7%93%20%D7%94%D7%97%D7%A0%D7%95%D7%AA%20Amazon%20%D7%90%D7%9E%D7%96%D7%95%D7%9F%20%26%238211%3B%20Pandora%20%D7%A4%D7%A0%D7%93%D7%95%D7%A8%D7%94
[2026-03-10T12:09:50.469Z]   SKIP (not in footer/header): https://www.tumblr.com/share/link?url=https%3A%2F%2Fpromocode.co.il%2Fcoupon%2Foff-proshop%2F&name=%D7%9E%D7%91%D7%A6%D7%A2%D7%99%D7%9D%20%D7%A2%D7%9C%20%D7%9E%D7%95%D7%A6%D7%A8%D7%99%D7%9D%20%26%238211%3B%20ProShop%20%D7%A4%D7%A8%D7%95%D7%A9%D7%95%D7%A4
[2026-03-10T12:09:50.469Z]   SKIP (not in footer/header): https://www.tumblr.com/share/link?url=https%3A%2F%2Fpromocode.co.il%2Fcoupon%2Foff-secret-asos%2F&name=%D7%A7%D7%95%D7%A4%D7%95%D7%9F%20%D7%A1%D7%95%D7%93%D7%99%20%D7%A2%D7%93%2030%25%20%D7%94%D7%A0%D7%97%D7%94%20%26%238211%3B%20ASOS%20%D7%90%D7%A1%D7%95%D7%A1
[2026-03-10T12:09:50.469Z]   SKIP (not in footer/header): https://www.tumblr.com/share/link?url=https%3A%2F%2Fpromocode.co.il%2Fcoupon%2Foff-selected-amazon%2F&name=%D7%A7%D7%95%D7%A4%D7%95%D7%9F%20%D7%94%D7%A0%D7%97%D7%94%20%D7%9E%D7%A9%D7%AA%D7%A0%D7%94%20%26%238211%3B%20Amazon%20%D7%90%D7%9E%D7%96%D7%95%D7%9F
[2026-03-10T12:09:50.469Z]   SKIP (not in footer/header): https://www.tumblr.com/share/link?url=https%3A%2F%2Fpromocode.co.il%2Fcoupon%2Foff-sliding-wardrobes-home-center%2F&name=%D7%A7%D7%95%D7%A4%D7%95%D7%9F%206%25%20%D7%94%D7%A0%D7%97%D7%94%20%D7%A2%D7%9C%20%D7%90%D7%A8%D7%95%D7%A0%D7%95%D7%AA%20%D7%94%D7%96%D7%96%D7%94%20%26%238211%3B%20Home%20Center%20%D7%94%D7%95%D7%9D%20%D7%A1%D7%A0%D7%98%D7%A8
[2026-03-10T12:09:50.469Z]   SKIP (not in footer/header): https://www.tumblr.com/share/link?url=https%3A%2F%2Fpromocode.co.il%2Fcoupon%2Foff-soulmate%2F&name=%D7%A7%D7%95%D7%A4%D7%95%D7%9F%20%D7%94%D7%A0%D7%97%D7%94%20%26%238211%3B%20%D7%A1%D7%95%D7%9C%D7%9E%D7%99%D7%99%D7%98%20SoulMate
[2026-03-10T12:09:50.469Z]   SKIP (not in footer/header): https://www.tumblr.com/share/link?url=https%3A%2F%2Fpromocode.co.il%2Fcoupon%2Foff-temu%2F&name=%D7%9E%D7%91%D7%A6%D7%A2%D7%99%D7%9D%20%D7%95%D7%94%D7%A0%D7%97%D7%95%D7%AA%20%D7%A2%D7%9C%20%D7%9E%D7%95%D7%A6%D7%A8%D7%99%D7%9D%20%26%238211%3B%20Temu%20%D7%98%D7%9E%D7%95
[2026-03-10T12:09:50.469Z]   SKIP (not in footer/header): https://www.tumblr.com/share/link?url=https%3A%2F%2Fpromocode.co.il%2Fcoupon%2Foff-trip-com%2F&name=%D7%9E%D7%91%D7%A6%D7%A2%D7%99%D7%9D%20%D7%95%D7%94%D7%A0%D7%97%D7%95%D7%AA%20%D7%A2%D7%9C%20%D7%AA%D7%99%D7%99%D7%A8%D7%95%D7%AA%20%26%238211%3B%20Trip.com%20%D7%98%D7%A8%D7%99%D7%A4%20%D7%A7%D7%95%D7%9D
[2026-03-10T12:09:50.469Z]   SKIP (not in footer/header): https://www.tumblr.com/share/link?url=https%3A%2F%2Fpromocode.co.il%2Fcoupon%2Foff-tx-day-terminal-x%2F&name=%D7%9E%D7%91%D7%A6%D7%A2%20TX%20DAY%20%D7%A2%D7%9D%2030%25%20%D7%94%D7%A0%D7%97%D7%94%20%26%238211%3B%20Terminal%20X%20%D7%98%D7%A8%D7%9E%D7%99%D7%A0%D7%9C%20%D7%90%D7%99%D7%A7%D7%A1
[2026-03-10T12:09:50.469Z]   SKIP (not in footer/header): https://www.tumblr.com/share/link?url=https%3A%2F%2Fpromocode.co.il%2Fcoupon%2Foff-zara%2F&name=%D7%A7%D7%95%D7%A4%D7%95%D7%9F%20%D7%94%D7%A0%D7%97%D7%94%20%26%238211%3B%20ZARA%20%D7%96%D7%90%D7%A8%D7%94
[2026-03-10T12:09:50.469Z] Step 2b result: added 0 uncategorized domains from footer/header
[2026-03-10T12:09:50.470Z] ── Step 3: Final dedup ──
[2026-03-10T12:09:50.470Z] No urls to dedup
[2026-03-10T12:09:50.470Z] ── FINAL RESULT ──
[2026-03-10T12:09:50.470Z]   ws (2):
[2026-03-10T12:09:50.470Z]     - https://promocode.co.il
[2026-03-10T12:09:50.470Z]     - https://ru.promocode.co.il
[2026-03-10T12:09:50.470Z]   fb (1):
[2026-03-10T12:09:50.470Z]     - https://www.facebook.com/promocode.il
[2026-03-10T12:09:50.470Z]   tw (1):
[2026-03-10T12:09:50.470Z]     - https://x.com/promocodeil
[2026-03-10T12:09:50.470Z]   ig (1):
[2026-03-10T12:09:50.470Z]     - https://www.instagram.com/promocode.il
[2026-03-10T12:09:50.470Z] Summary: ws:2, fb:1, ig:1, tw:1
[2026-03-10T12:09:50.471Z] Saved final result to result.json
[2026-03-10T12:09:50.471Z] Override fields: ws, fb, tw, ig
[2026-03-10T12:09:50.471Z] Finished at: 2026-03-10T12:09:50.471Z
