[2026-03-12T01:21:31.112Z] === Homepage AI Extractor: BloggersBase ===
[2026-03-12T01:21:31.112Z] Started at: 2026-03-12T01:21:31.112Z
[2026-03-12T01:21:31.112Z] Log directory: E:\code\The Wall\mono\packages\scrapper\logs\homepage_ai_extractor\1773278491111_BloggersBase
[2026-03-12T01:21:31.112Z] Company: BloggersBase
[2026-03-12T01:21:31.112Z] Website: bloggersbase.com
[2026-03-12T01:21:31.112Z] cbRank: 739967
[2026-03-12T01:21:31.112Z] Reasons: h
[2026-03-12T01:21:31.112Z] Fetching: https://bloggersbase.com
[2026-03-12T01:21:36.231Z] Redirected: https://bloggersbase.com -> https://bloggersbase.com/
[2026-03-12T01:21:36.305Z] Saved HTML (1778334 bytes) to page.html
[2026-03-12T01:21:36.330Z] Extracted 1188 unique links from page
[2026-03-12T01:21:36.331Z] Saved 1188 links to links.json
[2026-03-12T01:21:36.334Z] Extracted footer HTML (2579 chars)
[2026-03-12T01:21:36.335Z] Extracted header HTML (4887 chars)
[2026-03-12T01:21:36.340Z] Website (post-redirect): https://bloggersbase.com/ → origin: https://bloggersbase.com
[2026-03-12T01:21:36.345Z] External links: 859 (of 1188 total)
[2026-03-12T01:21:36.345Z] ── All external links ──
[2026-03-12T01:21:36.345Z]   EXT: http://192.185.133.81
[2026-03-12T01:21:36.346Z]   EXT: http://casayucatanrestaurant.com
[2026-03-12T01:21:36.346Z]   EXT: http://kubongelatin.com
[2026-03-12T01:21:36.346Z]   EXT: https://05worlds.com
[2026-03-12T01:21:36.346Z]   EXT: https://188kost.org
[2026-03-12T01:21:36.346Z]   EXT: https://389sport.net
[2026-03-12T01:21:36.346Z]   EXT: https://66smokehousebbq.com
[2026-03-12T01:21:36.346Z]   EXT: https://77aja.net
[2026-03-12T01:21:36.346Z]   EXT: https://77asiaslot.org
[2026-03-12T01:21:36.346Z]   EXT: https://888asiaslot.org
[2026-03-12T01:21:36.346Z]   EXT: https://99sealevel.com
[2026-03-12T01:21:36.346Z]   EXT: https://aba77.org
[2026-03-12T01:21:36.346Z]   EXT: https://abadi178.org
[2026-03-12T01:21:36.346Z]   EXT: https://abalonbygma.com
[2026-03-12T01:21:36.346Z]   EXT: https://abc365slot.net
[2026-03-12T01:21:36.346Z]   EXT: https://abgbet555.org
[2026-03-12T01:21:36.346Z]   EXT: https://abk4d.com
[2026-03-12T01:21:36.346Z]   EXT: https://abk777.org
[2026-03-12T01:21:36.347Z]   EXT: https://acak888slot.net
[2026-03-12T01:21:36.347Z]   EXT: https://ace333login.org
[2026-03-12T01:21:36.347Z]   EXT: https://acmedoughnut.com
[2026-03-12T01:21:36.347Z]   EXT: https://actionkarting.net
[2026-03-12T01:21:36.347Z]   EXT: https://activelifechicagopt.com/about-us
[2026-03-12T01:21:36.347Z]   EXT: https://adam888slot.net
[2026-03-12T01:21:36.347Z]   EXT: https://admin138login.org
[2026-03-12T01:21:36.347Z]   EXT: https://admin365slot.org
[2026-03-12T01:21:36.347Z]   EXT: https://aerobet77.org
[2026-03-12T01:21:36.347Z]   EXT: https://afabet88.org
[2026-03-12T01:21:36.347Z]   EXT: https://agen118login.org
[2026-03-12T01:21:36.347Z]   EXT: https://agen128login.org
[2026-03-12T01:21:36.347Z]   EXT: https://agen169login.org
[2026-03-12T01:21:36.347Z]   EXT: https://agenasia888slot.net
[2026-03-12T01:21:36.347Z]   EXT: https://agenasia88slot.net
[2026-03-12T01:21:36.347Z]   EXT: https://agus123slot.org
[2026-03-12T01:21:36.348Z]   EXT: https://agus77slot.org
[2026-03-12T01:21:36.348Z]   EXT: https://ahlibet138slot.org
[2026-03-12T01:21:36.348Z]   EXT: https://ahlibet77slot.org
[2026-03-12T01:21:36.348Z]   EXT: https://air77slot.net
[2026-03-12T01:21:36.348Z]   EXT: https://airbet168login.org
[2026-03-12T01:21:36.348Z]   EXT: https://airbet365.org
[2026-03-12T01:21:36.348Z]   EXT: https://airbet77login.org
[2026-03-12T01:21:36.348Z]   EXT: https://airbet999.org
[2026-03-12T01:21:36.348Z]   EXT: https://ajaib168login.org
[2026-03-12T01:21:36.348Z]   EXT: https://ajaib77login.net
[2026-03-12T01:21:36.348Z]   EXT: https://ajak88.net
[2026-03-12T01:21:36.348Z]   EXT: https://ajib168.net
[2026-03-12T01:21:36.348Z]   EXT: https://ajo88login.org
[2026-03-12T01:21:36.348Z]   EXT: https://ajudan4d.com
[2026-03-12T01:21:36.348Z]   EXT: https://aktif168slot.org
[2026-03-12T01:21:36.348Z]   EXT: https://akurat4dslot.org
[2026-03-12T01:21:36.348Z]   EXT: https://akurat99slot.org
[2026-03-12T01:21:36.349Z]   EXT: https://akuslot888login.org
[2026-03-12T01:21:36.349Z]   EXT: https://akuwin777.net
[2026-03-12T01:21:36.349Z]   EXT: https://akuwin888slot.org
[2026-03-12T01:21:36.349Z]   EXT: https://aladin303slot.org
[2026-03-12T01:21:36.349Z]   EXT: https://aladin88.vip
[2026-03-12T01:21:36.349Z]   EXT: https://ale4d.net
[2026-03-12T01:21:36.349Z]   EXT: https://ali888slot.org
[2026-03-12T01:21:36.349Z]   EXT: https://alibaba188slot.org
[2026-03-12T01:21:36.349Z]   EXT: https://alien188slot.org
[2026-03-12T01:21:36.349Z]   EXT: https://alifetostyle.com
[2026-03-12T01:21:36.349Z]   EXT: https://allclearwasteremoval.com
[2026-03-12T01:21:36.349Z]   EXT: https://allisonforbesmusic.com
[2026-03-12T01:21:36.349Z]   EXT: https://allpurposeflowers.net
[2026-03-12T01:21:36.349Z]   EXT: https://alohajunk.net
[2026-03-12T01:21:36.349Z]   EXT: https://alpha77slot.org
[2026-03-12T01:21:36.349Z]   EXT: https://alpha888slot.org
[2026-03-12T01:21:36.349Z]   EXT: https://amanahtravel.id
[2026-03-12T01:21:36.349Z]   EXT: https://amandavincentstudio.com
[2026-03-12T01:21:36.350Z]   EXT: https://americanenergyindependence.com
[2026-03-12T01:21:36.350Z]   EXT: https://anaconda88.net
[2026-03-12T01:21:36.350Z]   EXT: https://analisa188.net
[2026-03-12T01:21:36.350Z]   EXT: https://andara22.org
[2026-03-12T01:21:36.350Z]   EXT: https://andara303slot.net
[2026-03-12T01:21:36.350Z]   EXT: https://andara69.org
[2026-03-12T01:21:36.350Z]   EXT: https://andro4d.net
[2026-03-12T01:21:36.350Z]   EXT: https://andro88.net
[2026-03-12T01:21:36.350Z]   EXT: https://andro99.net
[2026-03-12T01:21:36.350Z]   EXT: https://angel168slot.net
[2026-03-12T01:21:36.350Z]   EXT: https://angel777slot.net
[2026-03-12T01:21:36.350Z]   EXT: https://angel999.org
[2026-03-12T01:21:36.350Z]   EXT: https://angerroom.com
[2026-03-12T01:21:36.350Z]   EXT: https://anggur888login.org
[2026-03-12T01:21:36.350Z]   EXT: https://angin188.net
[2026-03-12T01:21:36.351Z]   EXT: https://angkanet88slot.net
[2026-03-12T01:21:36.351Z]   EXT: https://angkasa123login.org
[2026-03-12T01:21:36.351Z]   EXT: https://angkor77slot.net
[2026-03-12T01:21:36.351Z]   EXT: https://angkor88login.org
[2026-03-12T01:21:36.351Z]   EXT: https://angkringan88slot.org
[2026-03-12T01:21:36.351Z]   EXT: https://angsa99slot.org
[2026-03-12T01:21:36.351Z]   EXT: https://animalmedicalfl.com
[2026-03-12T01:21:36.351Z]   EXT: https://anime77login.org
[2026-03-12T01:21:36.351Z]   EXT: https://anugerah77slot.org
[2026-03-12T01:21:36.351Z]   EXT: https://anugrah777.org
[2026-03-12T01:21:36.351Z]   EXT: https://apel123slot.org
[2026-03-12T01:21:36.351Z]   EXT: https://apel138login.org
[2026-03-12T01:21:36.351Z]   EXT: https://apel77login.org
[2026-03-12T01:21:36.351Z]   EXT: https://api99login.org
[2026-03-12T01:21:36.351Z]   EXT: https://apizeus888slot.net
[2026-03-12T01:21:36.351Z]   EXT: https://apollo88slot.net
[2026-03-12T01:21:36.351Z]   EXT: https://apolo138slot.net
[2026-03-12T01:21:36.352Z]   EXT: https://app99slot.net
[2026-03-12T01:21:36.352Z]   EXT: https://asiabet88.vip
[2026-03-12T01:21:36.352Z]   EXT: https://backbeatrnb.net
[2026-03-12T01:21:36.352Z]   EXT: https://bakupusa.com
[2026-03-12T01:21:36.352Z]   EXT: https://balboabrickandsupply.com
[2026-03-12T01:21:36.352Z]   EXT: https://balkonierestaurant.co
[2026-03-12T01:21:36.352Z]   EXT: https://barbecuerestaurantmerrillville.com
[2026-03-12T01:21:36.352Z]   EXT: https://barbianatriana.com
[2026-03-12T01:21:36.352Z]   EXT: https://bathtubandkitchenrepair.com
[2026-03-12T01:21:36.352Z]   EXT: https://bayartoto.vip
[2026-03-12T01:21:36.352Z]   EXT: https://benjos.com
[2026-03-12T01:21:36.352Z]   EXT: https://bicyclettela.com
[2026-03-12T01:21:36.352Z]   EXT: https://bigdraftbrewingevents.com
[2026-03-12T01:21:36.352Z]   EXT: https://bintang77.vip
[2026-03-12T01:21:36.352Z]   EXT: https://bistro19nh.com
[2026-03-12T01:21:36.353Z]   EXT: https://bistrodasiacoronado.com
[2026-03-12T01:21:36.353Z]   EXT: https://bladeseastlansing.com
[2026-03-12T01:21:36.353Z]   EXT: https://blazincajunseafoodrestaurant.com
[2026-03-12T01:21:36.353Z]   EXT: https://bluenosepitbullpups.com
[2026-03-12T01:21:36.353Z]   EXT: https://bluepointpoolsconstruction.com/about-us
[2026-03-12T01:21:36.353Z]   EXT: https://bola138.info
[2026-03-12T01:21:36.353Z]   EXT: https://bonanza77.vip
[2026-03-12T01:21:36.353Z]   EXT: https://bongdaso.io/ket-qua-bong-da/australia-wleague-hom-nay
[2026-03-12T01:21:36.353Z]   EXT: https://botanicacbd.com
[2026-03-12T01:21:36.353Z]   EXT: https://bringingupfoodies.com
[2026-03-12T01:21:36.353Z]   EXT: https://c7jalisco.com
[2026-03-12T01:21:36.353Z]   EXT: https://cacateringcompany.com
[2026-03-12T01:21:36.353Z]   EXT: https://cafedupar.com
[2026-03-12T01:21:36.353Z]   EXT: https://cakeandvikings.com
[2026-03-12T01:21:36.354Z]   EXT: https://calimentaria.com/curso-manipulacion-alimentos.html
[2026-03-12T01:21:36.354Z]   EXT: https://carolinahouseandgardens.com
[2026-03-12T01:21:36.354Z]   EXT: https://carrollbradford.com
[2026-03-12T01:21:36.354Z]   EXT: https://cearanews7.com
[2026-03-12T01:21:36.354Z]   EXT: https://cedarbluffautocare.com
[2026-03-12T01:21:36.354Z]   EXT: https://chappysrepair.com
[2026-03-12T01:21:36.354Z]   EXT: https://cheftonyspopcorn.com
[2026-03-12T01:21:36.354Z]   EXT: https://cherriesinjune.com/homemade-tomato-sauce
[2026-03-12T01:21:36.354Z]   EXT: https://chicagoseethruchinesekitchen.com
[2026-03-12T01:21:36.354Z]   EXT: https://chickenshackireland.com
[2026-03-12T01:21:36.354Z]   EXT: https://chinakitchenmuncie.com
[2026-03-12T01:21:36.354Z]   EXT: https://chococafecr.com
[2026-03-12T01:21:36.354Z]   EXT: https://choudharytravels.com
[2026-03-12T01:21:36.354Z]   EXT: https://citavillecibubur.com
[2026-03-12T01:21:36.354Z]   EXT: https://clarksburgtowncenter.com
[2026-03-12T01:21:36.354Z]   EXT: https://cloud13rx.com
[2026-03-12T01:21:36.355Z]   EXT: https://coeio.com
[2026-03-12T01:21:36.355Z]   EXT: https://coffeebankcafe.com
[2026-03-12T01:21:36.355Z]   EXT: https://coffeebistronm.com
[2026-03-12T01:21:36.355Z]   EXT: https://colombianrestaurantnorwalk.com
[2026-03-12T01:21:36.355Z]   EXT: https://connellsvillepizzaking.com
[2026-03-12T01:21:36.355Z]   EXT: https://corporatephotographyhouston.com
[2026-03-12T01:21:36.355Z]   EXT: https://couchsurfercrochet.com
[2026-03-12T01:21:36.355Z]   EXT: https://csmresita.com
[2026-03-12T01:21:36.355Z]   EXT: https://cvrworldcup.com
[2026-03-12T01:21:36.355Z]   EXT: https://daaoneconference.org
[2026-03-12T01:21:36.355Z]   EXT: https://daftargacor22.com
[2026-03-12T01:21:36.355Z]   EXT: https://daftargaruda303.com
[2026-03-12T01:21:36.355Z]   EXT: https://dandktowingandrecoveryllc.com
[2026-03-12T01:21:36.355Z]   EXT: https://davantisandiego.com
[2026-03-12T01:21:36.355Z]   EXT: https://dellacortefoods.com
[2026-03-12T01:21:36.355Z]   EXT: https://depo5000.vip
[2026-03-12T01:21:36.355Z]   EXT: https://dewa4d.vip
[2026-03-12T01:21:36.355Z]   EXT: https://dewa66.homes
[2026-03-12T01:21:36.356Z]   EXT: https://dewa66link.com
[2026-03-12T01:21:36.356Z]   EXT: https://dewa66link.com/dewa66
[2026-03-12T01:21:36.356Z]   EXT: https://dewa66login.com
[2026-03-12T01:21:36.356Z]   EXT: https://dewa66situs.com
[2026-03-12T01:21:36.356Z]   EXT: https://dewa66zeus.com
[2026-03-12T01:21:36.356Z]   EXT: https://dewa77.app
[2026-03-12T01:21:36.356Z]   EXT: https://dewabet88.live
[2026-03-12T01:21:36.356Z]   EXT: https://dewitoto.vip
[2026-03-12T01:21:36.356Z]   EXT: https://diamondsattamatka.com
[2026-03-12T01:21:36.356Z]   EXT: https://discover-stratford.com
[2026-03-12T01:21:36.356Z]   EXT: https://diyhuntingmaps.com
[2026-03-12T01:21:36.356Z]   EXT: https://dkk.sikdkkjepara.net
[2026-03-12T01:21:36.356Z]   EXT: https://drchungmadison.com
[2026-03-12T01:21:36.356Z]   EXT: https://drycleaningsarasota.com
[2026-03-12T01:21:36.356Z]   EXT: https://eagledynamics.net
[2026-03-12T01:21:36.356Z]   EXT: https://eatatlorenzos.com
[2026-03-12T01:21:36.357Z]   EXT: https://eatfolklore.com
[2026-03-12T01:21:36.357Z]   EXT: https://eatindy.com/food-tag/food-specials
[2026-03-12T01:21:36.357Z]   EXT: https://ejournal.kopertais4.or.id
[2026-03-12T01:21:36.357Z]   EXT: https://elementarformaturas.com
[2026-03-12T01:21:36.357Z]   EXT: https://elgatograndemv.com
[2026-03-12T01:21:36.357Z]   EXT: https://eliterepeatsshop.com
[2026-03-12T01:21:36.357Z]   EXT: https://enailsspa.net
[2026-03-12T01:21:36.357Z]   EXT: https://epollardmd.com
[2026-03-12T01:21:36.357Z]   EXT: https://ernieshotlatherbarbershop.com
[2026-03-12T01:21:36.357Z]   EXT: https://espressoplusuk.com
[2026-03-12T01:21:36.357Z]   EXT: https://esshub.com
[2026-03-12T01:21:36.357Z]   EXT: https://euclidmassage.com/team
[2026-03-12T01:21:36.357Z]   EXT: https://evanailspalorain.com
[2026-03-12T01:21:36.357Z]   EXT: https://evanwilkoff.com
[2026-03-12T01:21:36.357Z]   EXT: https://eventspromotionsgrp.com
[2026-03-12T01:21:36.357Z]   EXT: https://eventwholesalesupply.com/product/plastic-folding-chair
[2026-03-12T01:21:36.357Z]   EXT: https://facethemusic.io
[2026-03-12T01:21:36.358Z]   EXT: https://falconpizzahamden.com
[2026-03-12T01:21:36.358Z]   EXT: https://famous100.com
[2026-03-12T01:21:36.358Z]   EXT: https://fernandagroppa.com
[2026-03-12T01:21:36.358Z]   EXT: https://fivetwokitchensc.com
[2026-03-12T01:21:36.358Z]   EXT: https://fosliving.com/pricing
[2026-03-12T01:21:36.358Z]   EXT: https://freightkitchen.com
[2026-03-12T01:21:36.358Z]   EXT: https://frescocafe.net
[2026-03-12T01:21:36.358Z]   EXT: https://fresnostateasi.org
[2026-03-12T01:21:36.358Z]   EXT: https://fsathleticclub.net
[2026-03-12T01:21:36.358Z]   EXT: https://fuguexpress.com
[2026-03-12T01:21:36.358Z]   EXT: https://fuserecovery.com/contact
[2026-03-12T01:21:36.358Z]   EXT: https://gacor1000.vip
[2026-03-12T01:21:36.358Z]   EXT: https://gacor123.id
[2026-03-12T01:21:36.358Z]   EXT: https://gacor123.net
[2026-03-12T01:21:36.358Z]   EXT: https://gacor22.online
[2026-03-12T01:21:36.358Z]   EXT: https://gacor22cuan.com
[2026-03-12T01:21:36.358Z]   EXT: https://gacor22daftar.com
[2026-03-12T01:21:36.358Z]   EXT: https://gacor22login.com
[2026-03-12T01:21:36.359Z]   EXT: https://gacor66.live
[2026-03-12T01:21:36.359Z]   EXT: https://gacor66.site
[2026-03-12T01:21:36.359Z]   EXT: https://gacorjp.vip
[2026-03-12T01:21:36.359Z]   EXT: https://garethgatessings.com/shows
[2026-03-12T01:21:36.359Z]   EXT: https://garuda303.org
[2026-03-12T01:21:36.359Z]   EXT: https://garuda303.rest
[2026-03-12T01:21:36.359Z]   EXT: https://glaciericearena.net
[2026-03-12T01:21:36.359Z]   EXT: https://gol138.vip
[2026-03-12T01:21:36.359Z]   EXT: https://goldenfleecetavern.com
[2026-03-12T01:21:36.359Z]   EXT: https://goodfoodvalley.com
[2026-03-12T01:21:36.359Z]   EXT: https://goutexfoods.com
[2026-03-12T01:21:36.359Z]   EXT: https://grandrapidstennisacademy.com
[2026-03-12T01:21:36.359Z]   EXT: https://gravitykansascity.com
[2026-03-12T01:21:36.359Z]   EXT: https://grebak.com
[2026-03-12T01:21:36.359Z]   EXT: https://greeleynailspa.com
[2026-03-12T01:21:36.359Z]   EXT: https://greentechcollisioncenter.com
[2026-03-12T01:21:36.359Z]   EXT: https://grownuphydroponics.com
[2026-03-12T01:21:36.359Z]   EXT: https://gurungrestaurantandbar.com
[2026-03-12T01:21:36.360Z]   EXT: https://hahaspanc.com
[2026-03-12T01:21:36.360Z]   EXT: https://hanasushikchicken.com
[2026-03-12T01:21:36.360Z]   EXT: https://harshaddharod.com
[2026-03-12T01:21:36.360Z]   EXT: https://hatchthefuture.org
[2026-03-12T01:21:36.360Z]   EXT: https://hempire420.com
[2026-03-12T01:21:36.360Z]   EXT: https://heylink.me/gacor66-daftar
[2026-03-12T01:21:36.360Z]   EXT: https://heylink.me/gacor_66
[2026-03-12T01:21:36.360Z]   EXT: https://heylink.me/hometokyo88
[2026-03-12T01:21:36.360Z]   EXT: https://heylink.me/janji_gacor1
[2026-03-12T01:21:36.360Z]   EXT: https://heylink.me/janjislotofficial
[2026-03-12T01:21:36.360Z]   EXT: https://heylink.me/janjiwinofficial
[2026-03-12T01:21:36.360Z]   EXT: https://heylink.me/zeus4d-daftar
[2026-03-12T01:21:36.360Z]   EXT: https://hmclause.com
[2026-03-12T01:21:36.360Z]   EXT: https://hobokenbarbell.com
[2026-03-12T01:21:36.360Z]   EXT: https://hoki22brand.com
[2026-03-12T01:21:36.360Z]   EXT: https://hokigacor.vip
[2026-03-12T01:21:36.360Z]   EXT: https://homework-helponline.com
[2026-03-12T01:21:36.361Z]   EXT: https://hostelifegokarna.com
[2026-03-12T01:21:36.361Z]   EXT: https://houseofnizam.com
[2026-03-12T01:21:36.361Z]   EXT: https://humphreybrothersbl.com/menu
[2026-03-12T01:21:36.361Z]   EXT: https://hybridshoplocator.com
[2026-03-12T01:21:36.361Z]   EXT: https://id.wikipedia.org/wiki/Pariwisata_di_Indonesia
[2026-03-12T01:21:36.361Z]   EXT: https://ilovesabah.info
[2026-03-12T01:21:36.361Z]   EXT: https://indianfoodarlington.com
[2026-03-12T01:21:36.361Z]   EXT: https://indiansocialpanel.com
[2026-03-12T01:21:36.361Z]   EXT: https://infini138.vip
[2026-03-12T01:21:36.361Z]   EXT: https://informasiperusahaan.com
[2026-03-12T01:21:36.361Z]   EXT: https://innerbaycafeandgrill.com
[2026-03-12T01:21:36.361Z]   EXT: https://innseasonkitchen.com
[2026-03-12T01:21:36.361Z]   EXT: https://inspirasi.co
[2026-03-12T01:21:36.361Z]   EXT: https://invictakuru.com
[2026-03-12T01:21:36.361Z]   EXT: https://ironritetattoo.com
[2026-03-12T01:21:36.361Z]   EXT: https://jacksondrycleaners.net
[2026-03-12T01:21:36.361Z]   EXT: https://janji-gacor.com
[2026-03-12T01:21:36.361Z]   EXT: https://janjigacorslot.top
[2026-03-12T01:21:36.362Z]   EXT: https://janjislot.org
[2026-03-12T01:21:36.362Z]   EXT: https://janjiwin.net
[2026-03-12T01:21:36.362Z]   EXT: https://janjiwin.world
[2026-03-12T01:21:36.362Z]   EXT: https://janjiwingacor.com
[2026-03-12T01:21:36.362Z]   EXT: https://jassisindianrestaurant.com
[2026-03-12T01:21:36.362Z]   EXT: https://jatravelagency.com
[2026-03-12T01:21:36.362Z]   EXT: https://jaxsautorecycling.com
[2026-03-12T01:21:36.362Z]   EXT: https://jeremegreene.com
[2026-03-12T01:21:36.362Z]   EXT: https://jettbowldelrio.com
[2026-03-12T01:21:36.362Z]   EXT: https://jjk.cybrustech.net
[2026-03-12T01:21:36.362Z]   EXT: https://joebennys.com
[2026-03-12T01:21:36.362Z]   EXT: https://johnemilyalterations.com
[2026-03-12T01:21:36.362Z]   EXT: https://journal.itk.ac.id
[2026-03-12T01:21:36.362Z]   EXT: https://journal.oiu.edu.sd
[2026-03-12T01:21:36.363Z]   EXT: https://jp138.vip
[2026-03-12T01:21:36.363Z]   EXT: https://juancarlosupegui.com
[2026-03-12T01:21:36.363Z]   EXT: https://juragan138.vip
[2026-03-12T01:21:36.363Z]   EXT: https://jurnal.umpwr.ac.id
[2026-03-12T01:21:36.363Z]   EXT: https://kapten88.vip
[2026-03-12T01:21:36.363Z]   EXT: https://kaya99.vip
[2026-03-12T01:21:36.363Z]   EXT: https://kersik.id
[2026-03-12T01:21:36.363Z]   EXT: https://kramnutrition.com
[2026-03-12T01:21:36.363Z]   EXT: https://kreasisungaiputat.id
[2026-03-12T01:21:36.363Z]   EXT: https://krwilsontools.com
[2026-03-12T01:21:36.363Z]   EXT: https://lacomilonasevilla.com
[2026-03-12T01:21:36.363Z]   EXT: https://lapinehighlander.com
[2026-03-12T01:21:36.363Z]   EXT: https://larosamexicanrestaurant.com
[2026-03-12T01:21:36.363Z]   EXT: https://lawndaledispensary.com
[2026-03-12T01:21:36.363Z]   EXT: https://leadersinvestmentclub.com
[2026-03-12T01:21:36.363Z]   EXT: https://leejamesfloral.com
[2026-03-12T01:21:36.363Z]   EXT: https://lespkyogyakarta.com
[2026-03-12T01:21:36.363Z]   EXT: https://lingscafe1.com
[2026-03-12T01:21:36.364Z]   EXT: https://link.space/@gacor123link
[2026-03-12T01:21:36.364Z]   EXT: https://link.space/@hoki22link
[2026-03-12T01:21:36.364Z]   EXT: https://linkfly.to/tokyo88
[2026-03-12T01:21:36.364Z]   EXT: https://linklist.bio/389sports
[2026-03-12T01:21:36.364Z]   EXT: https://linklist.bio/dewa66
[2026-03-12T01:21:36.364Z]   EXT: https://linklist.bio/gacor123
[2026-03-12T01:21:36.364Z]   EXT: https://linklist.bio/gacor66_
[2026-03-12T01:21:36.364Z]   EXT: https://linklist.bio/garuda303login
[2026-03-12T01:21:36.364Z]   EXT: https://linklist.bio/hoki22
[2026-03-12T01:21:36.364Z]   EXT: https://linkr.bio/gacor123login
[2026-03-12T01:21:36.364Z]   EXT: https://linkr.bio/hoki22link
[2026-03-12T01:21:36.364Z]   EXT: https://linktokyo77.org
[2026-03-12T01:21:36.364Z]   EXT: https://linktokyo88.org
[2026-03-12T01:21:36.364Z]   EXT: https://linktr.ee/DEWA66
[2026-03-12T01:21:36.364Z]   EXT: https://linktr.ee/janjiwingacor
[2026-03-12T01:21:36.364Z]   EXT: https://linktr.ee/zeus4dlink
[2026-03-12T01:21:36.365Z]   EXT: https://lion-cargo.com
[2026-03-12T01:21:36.365Z]   EXT: https://livingstonservicecompany.com
[2026-03-12T01:21:36.365Z]   EXT: https://logingacor22.com
[2026-03-12T01:21:36.365Z]   EXT: https://lospinosrestaurants.com
[2026-03-12T01:21:36.365Z]   EXT: https://lostrescochinitos.us
[2026-03-12T01:21:36.365Z]   EXT: https://lowcostlifecoaching.com
[2026-03-12T01:21:36.365Z]   EXT: https://lukespizza.net
[2026-03-12T01:21:36.365Z]   EXT: https://lynk.id/gacor123login
[2026-03-12T01:21:36.365Z]   EXT: https://lynk.id/hoki22
[2026-03-12T01:21:36.365Z]   EXT: https://maasaieducation.org
[2026-03-12T01:21:36.365Z]   EXT: https://magicelectric.biz
[2026-03-12T01:21:36.365Z]   EXT: https://many.link/tokyo88
[2026-03-12T01:21:36.366Z]   EXT: https://mapathon.com
[2026-03-12T01:21:36.366Z]   EXT: https://marlborodiner.com
[2026-03-12T01:21:36.366Z]   EXT: https://mctransportationservices.com
[2026-03-12T01:21:36.366Z]   EXT: https://mdamuzaffarnagar.org
[2026-03-12T01:21:36.366Z]   EXT: https://meechidabarber.com
[2026-03-12T01:21:36.366Z]   EXT: https://mewah77.info
[2026-03-12T01:21:36.366Z]   EXT: https://mexicanfoodclifton.com
[2026-03-12T01:21:36.366Z]   EXT: https://mgdkitchen.com
[2026-03-12T01:21:36.366Z]   EXT: https://midwestcontainerrepair.com
[2026-03-12T01:21:36.366Z]   EXT: https://mikesupholsteryfresno.com
[2026-03-12T01:21:36.366Z]   EXT: https://min1kotalhokseumawe.com/event
[2026-03-12T01:21:36.366Z]   EXT: https://mindcoolness.com
[2026-03-12T01:21:36.366Z]   EXT: https://miranchitoveracruzrestaurant.com
[2026-03-12T01:21:36.366Z]   EXT: https://misohungrystatesboro.com/noodle-menu
[2026-03-12T01:21:36.366Z]   EXT: https://mitsubachatham.com
[2026-03-12T01:21:36.367Z]   EXT: https://monroviaoldtownpizzaca.com
[2026-03-12T01:21:36.367Z]   EXT: https://motherhoodandmerlot.com
[2026-03-12T01:21:36.367Z]   EXT: https://motherlandafricanfoodmarket.com
[2026-03-12T01:21:36.367Z]   EXT: https://mpo1000.vip
[2026-03-12T01:21:36.367Z]   EXT: https://mpo5000.vip
[2026-03-12T01:21:36.367Z]   EXT: https://mrinvestorpro.com
[2026-03-12T01:21:36.367Z]   EXT: https://mrsathasleeds.com
[2026-03-12T01:21:36.367Z]   EXT: https://mrtacofoodtruck.com
[2026-03-12T01:21:36.367Z]   EXT: https://mugsyspizza.com
[2026-03-12T01:21:36.367Z]   EXT: https://myeahh.com
[2026-03-12T01:21:36.367Z]   EXT: https://mygoldenchopsticks.com
[2026-03-12T01:21:36.367Z]   EXT: https://myhousecalldoctor.com
[2026-03-12T01:21:36.367Z]   EXT: https://myinstitute.net
[2026-03-12T01:21:36.367Z]   EXT: https://mynewdaycafe.com
[2026-03-12T01:21:36.367Z]   EXT: https://mytutorme.com
[2026-03-12T01:21:36.367Z]   EXT: https://nailisticspa.com
[2026-03-12T01:21:36.367Z]   EXT: https://nakedtigerhostel.com
[2026-03-12T01:21:36.368Z]   EXT: https://nanolitesystems.org
[2026-03-12T01:21:36.368Z]   EXT: https://nasikotak.id
[2026-03-12T01:21:36.368Z]   EXT: https://nepalgunj.net
[2026-03-12T01:21:36.368Z]   EXT: https://neshaminydiner.com
[2026-03-12T01:21:36.368Z]   EXT: https://nexus88.biz
[2026-03-12T01:21:36.368Z]   EXT: https://niagarafallsnailsspa.com
[2026-03-12T01:21:36.368Z]   EXT: https://niemansmotorcyclerentals.com
[2026-03-12T01:21:36.368Z]   EXT: https://nytdeli.com
[2026-03-12T01:21:36.368Z]   EXT: https://officialwholemeltextracts.com
[2026-03-12T01:21:36.368Z]   EXT: https://ojs.library.ubc.ca
[2026-03-12T01:21:36.368Z]   EXT: https://ojs.unida.ac.id
[2026-03-12T01:21:36.368Z]   EXT: https://oklahomadiscgolf.com
[2026-03-12T01:21:36.368Z]   EXT: https://olx4d.vip
[2026-03-12T01:21:36.368Z]   EXT: https://omaxekarolbagh.org
[2026-03-12T01:21:36.368Z]   EXT: https://orangesfashion.com
[2026-03-12T01:21:36.368Z]   EXT: https://osaka88slot.org
[2026-03-12T01:21:36.369Z]   EXT: https://p4sc.org
[2026-03-12T01:21:36.369Z]   EXT: https://pafiamparbenteng.org
[2026-03-12T01:21:36.369Z]   EXT: https://pafikabbangko.org
[2026-03-12T01:21:36.369Z]   EXT: https://pafikablabuhanbatuutara.org
[2026-03-12T01:21:36.369Z]   EXT: https://pafikabnapalputih.org
[2026-03-12T01:21:36.369Z]   EXT: https://pafikabpangkajenedankepulauan.org
[2026-03-12T01:21:36.369Z]   EXT: https://pafikabrupit.org
[2026-03-12T01:21:36.369Z]   EXT: https://pafikabtojouna-una.org
[2026-03-12T01:21:36.369Z]   EXT: https://pafikabtubei.org
[2026-03-12T01:21:36.369Z]   EXT: https://pafikecanjongan.org
[2026-03-12T01:21:36.369Z]   EXT: https://pafikecbalai.org
[2026-03-12T01:21:36.369Z]   EXT: https://pafikecbeduai.org
[2026-03-12T01:21:36.369Z]   EXT: https://pafikecbelitang.org
[2026-03-12T01:21:36.369Z]   EXT: https://pafikecbelitanghilir.org
[2026-03-12T01:21:36.370Z]   EXT: https://pafikecbelitanghulu.org
[2026-03-12T01:21:36.370Z]   EXT: https://pafikecbonti.org
[2026-03-12T01:21:36.370Z]   EXT: https://pafikecentikong.org
[2026-03-12T01:21:36.370Z]   EXT: https://pafikeckapuas.org
[2026-03-12T01:21:36.370Z]   EXT: https://pafikeckembayan.org
[2026-03-12T01:21:36.370Z]   EXT: https://pafikecmeliau.org
[2026-03-12T01:21:36.370Z]   EXT: https://pafikecmempawahhilir.org
[2026-03-12T01:21:36.370Z]   EXT: https://pafikecmempawahtimur.org
[2026-03-12T01:21:36.370Z]   EXT: https://pafikecmukok.org
[2026-03-12T01:21:36.370Z]   EXT: https://pafikecnangamahap.org
[2026-03-12T01:21:36.370Z]   EXT: https://pafikecnangataman.org
[2026-03-12T01:21:36.370Z]   EXT: https://pafikecparindu.org
[2026-03-12T01:21:36.370Z]   EXT: https://pafikecsegedong.org
[2026-03-12T01:21:36.370Z]   EXT: https://pafikecsekadauhilir.org
[2026-03-12T01:21:36.371Z]   EXT: https://pafikecsekadauhulu.org
[2026-03-12T01:21:36.371Z]   EXT: https://pafikecsekayam.org
[2026-03-12T01:21:36.371Z]   EXT: https://pafikecsiantan.org
[2026-03-12T01:21:36.371Z]   EXT: https://pafikecsingkawangbarat.org
[2026-03-12T01:21:36.371Z]   EXT: https://pafikecsingkawangselatan.org
[2026-03-12T01:21:36.371Z]   EXT: https://pafikecsingkawangtengah.org
[2026-03-12T01:21:36.371Z]   EXT: https://pafikecsingkawangtimur.org
[2026-03-12T01:21:36.371Z]   EXT: https://pafikecsingkawangutara.org
[2026-03-12T01:21:36.371Z]   EXT: https://pafikecsungaikunyit.org
[2026-03-12T01:21:36.371Z]   EXT: https://pafikecsungaipinyuh.org
[2026-03-12T01:21:36.371Z]   EXT: https://pafikectayanhilir.org
[2026-03-12T01:21:36.371Z]   EXT: https://pafikectayanhulu.org
[2026-03-12T01:21:36.371Z]   EXT: https://pafikectoba.org
[2026-03-12T01:21:36.371Z]   EXT: https://pafikectoho.org
[2026-03-12T01:21:36.371Z]   EXT: https://pafikotaagam.org
[2026-03-12T01:21:36.371Z]   EXT: https://pafikotabau-bau.org
[2026-03-12T01:21:36.372Z]   EXT: https://pafikotamesuji.org
[2026-03-12T01:21:36.372Z]   EXT: https://pafikotanaganraya.org
[2026-03-12T01:21:36.372Z]   EXT: https://pafikotanagekeo.org
[2026-03-12T01:21:36.372Z]   EXT: https://pafikotapadangpariaman.org
[2026-03-12T01:21:36.372Z]   EXT: https://pafikotapasaman.org
[2026-03-12T01:21:36.372Z]   EXT: https://pafikotarokanhulu.org
[2026-03-12T01:21:36.372Z]   EXT: https://pafikotasolokselatan.org
[2026-03-12T01:21:36.372Z]   EXT: https://pafikotatebo.org
[2026-03-12T01:21:36.372Z]   EXT: https://pafilangsa.org
[2026-03-12T01:21:36.372Z]   EXT: https://pafinapalputih.org
[2026-03-12T01:21:36.372Z]   EXT: https://pafiparimo.org
[2026-03-12T01:21:36.372Z]   EXT: https://pafipcbangko.org
[2026-03-12T01:21:36.372Z]   EXT: https://pafipcmanggarai.org
[2026-03-12T01:21:36.372Z]   EXT: https://pafipcpadangpariaman.org
[2026-03-12T01:21:36.372Z]   EXT: https://pafipcrupit.org
[2026-03-12T01:21:36.373Z]   EXT: https://pafipcsolokselatan.org
[2026-03-12T01:21:36.373Z]   EXT: https://pafipemkokotamobagu.org
[2026-03-12T01:21:36.373Z]   EXT: https://pafisukamar.org
[2026-03-12T01:21:36.373Z]   EXT: https://pafitabalong.org
[2026-03-12T01:21:36.373Z]   EXT: https://pafiwangi-wangi.org
[2026-03-12T01:21:36.373Z]   EXT: https://paparazziclt.com
[2026-03-12T01:21:36.373Z]   EXT: https://papi4d.com
[2026-03-12T01:21:36.373Z]   EXT: https://pasoroblesolivefestival.com
[2026-03-12T01:21:36.373Z]   EXT: https://pastago.us/catering-miami
[2026-03-12T01:21:36.373Z]   EXT: https://patiothairestaurant.com
[2026-03-12T01:21:36.373Z]   EXT: https://paulburmaster.com
[2026-03-12T01:21:36.373Z]   EXT: https://pcnukabupatenmojokerto.com
[2026-03-12T01:21:36.373Z]   EXT: https://perak4d.vip
[2026-03-12T01:21:36.373Z]   EXT: https://perfectnailsnorthplatte.com/services
[2026-03-12T01:21:36.373Z]   EXT: https://petaffaire.com
[2026-03-12T01:21:36.373Z]   EXT: https://petsfoodrecall.com
[2026-03-12T01:21:36.374Z]   EXT: https://pettibonesbar.com
[2026-03-12T01:21:36.374Z]   EXT: https://phillytans.com
[2026-03-12T01:21:36.374Z]   EXT: https://piggys-cafe.com
[2026-03-12T01:21:36.374Z]   EXT: https://pikespeakblues.org
[2026-03-12T01:21:36.374Z]   EXT: https://pizzalemadrien.com
[2026-03-12T01:21:36.374Z]   EXT: https://planet138.vip
[2026-03-12T01:21:36.374Z]   EXT: https://portaldasartesgraficas.com
[2026-03-12T01:21:36.374Z]   EXT: https://potbotics.com
[2026-03-12T01:21:36.374Z]   EXT: https://powerhousebuffalo.com
[2026-03-12T01:21:36.374Z]   EXT: https://premiersportsbook.net
[2026-03-12T01:21:36.374Z]   EXT: https://primetimesportsandgrill.com
[2026-03-12T01:21:36.374Z]   EXT: https://princeshop.org
[2026-03-12T01:21:36.374Z]   EXT: https://prospectcafepizza.com
[2026-03-12T01:21:36.374Z]   EXT: https://protectnyheroes.org
[2026-03-12T01:21:36.374Z]   EXT: https://prwillisllp.com/contact.html
[2026-03-12T01:21:36.374Z]   EXT: https://pwtfcu.org
[2026-03-12T01:21:36.375Z]   EXT: https://raja5000.vip
[2026-03-12T01:21:36.375Z]   EXT: https://rajabet88.vip
[2026-03-12T01:21:36.375Z]   EXT: https://rajacuan188.vip
[2026-03-12T01:21:36.375Z]   EXT: https://rawaestheticsandwellness.com
[2026-03-12T01:21:36.375Z]   EXT: https://redbarnmilkco.com
[2026-03-12T01:21:36.375Z]   EXT: https://regisgacor22.com
[2026-03-12T01:21:36.375Z]   EXT: https://restaurantsahtein.com
[2026-03-12T01:21:36.375Z]   EXT: https://rikoperuviancuisine.com
[2026-03-12T01:21:36.375Z]   EXT: https://rishospital.com/tentang-kami
[2026-03-12T01:21:36.375Z]   EXT: https://riverfrontpizzaky.com
[2026-03-12T01:21:36.375Z]   EXT: https://riversidechurros.com
[2026-03-12T01:21:36.375Z]   EXT: https://rodgrentacar.com
[2026-03-12T01:21:36.375Z]   EXT: https://rolex138.vip
[2026-03-12T01:21:36.375Z]   EXT: https://roseleafcares.com
[2026-03-12T01:21:36.375Z]   EXT: https://roslynkosher.com
[2026-03-12T01:21:36.376Z]   EXT: https://royal22vip.com
[2026-03-12T01:21:36.376Z]   EXT: https://rrjjc.com
[2026-03-12T01:21:36.376Z]   EXT: https://rtpgaruda303.info
[2026-03-12T01:21:36.376Z]   EXT: https://runwright.net
[2026-03-12T01:21:36.376Z]   EXT: https://russiaintranslation.com
[2026-03-12T01:21:36.376Z]   EXT: https://saintjoeclubfun.com
[2026-03-12T01:21:36.376Z]   EXT: https://sakayabento.com
[2026-03-12T01:21:36.376Z]   EXT: https://sakuraspawv.com
[2026-03-12T01:21:36.376Z]   EXT: https://samirashomemade.com
[2026-03-12T01:21:36.376Z]   EXT: https://sammyscoffee.com
[2026-03-12T01:21:36.376Z]   EXT: https://sandkautomotive.com
[2026-03-12T01:21:36.376Z]   EXT: https://sarahholtz.com
[2026-03-12T01:21:36.376Z]   EXT: https://satvicfood.chinnajeeyar.org/disclaimer
[2026-03-12T01:21:36.376Z]   EXT: https://savonix.com
[2026-03-12T01:21:36.376Z]   EXT: https://scbet88game.com
[2026-03-12T01:21:36.377Z]   EXT: https://screvencounty.com
[2026-03-12T01:21:36.377Z]   EXT: https://seafoodcirebon.com
[2026-03-12T01:21:36.377Z]   EXT: https://seer.ufrgs.br/index.php/philia/article/view/103989
[2026-03-12T01:21:36.377Z]   EXT: https://sehrayamag.com
[2026-03-12T01:21:36.377Z]   EXT: https://serieadictos.com
[2026-03-12T01:21:36.377Z]   EXT: https://sewingperfectquilts.com
[2026-03-12T01:21:36.377Z]   EXT: https://shampoomesalon.com
[2026-03-12T01:21:36.377Z]   EXT: https://sheshecakes.com
[2026-03-12T01:21:36.377Z]   EXT: https://shopjawbreaking.com
[2026-03-12T01:21:36.377Z]   EXT: https://shoppirkey.com/products/joslin-dress
[2026-03-12T01:21:36.377Z]   EXT: https://shor.by/Tokyo88
[2026-03-12T01:21:36.377Z]   EXT: https://siamcuisinebynit.com
[2026-03-12T01:21:36.377Z]   EXT: https://sikat-beacukailangsa.com
[2026-03-12T01:21:36.377Z]   EXT: https://situsjg.online
[2026-03-12T01:21:36.377Z]   EXT: https://situsjg.site
[2026-03-12T01:21:36.378Z]   EXT: https://slot.bio/zeus4d_
[2026-03-12T01:21:36.378Z]   EXT: https://slotjoker123.digital
[2026-03-12T01:21:36.378Z]   EXT: https://slotspaceman.site
[2026-03-12T01:21:36.378Z]   EXT: https://smpn1sht.com
[2026-03-12T01:21:36.378Z]   EXT: https://snackattackmovie.com
[2026-03-12T01:21:36.378Z]   EXT: https://sneakerslink.com
[2026-03-12T01:21:36.378Z]   EXT: https://sobbagel.com/hot-sandwiches
[2026-03-12T01:21:36.378Z]   EXT: https://sonnetwellness.com
[2026-03-12T01:21:36.378Z]   EXT: https://sophieparisph.com
[2026-03-12T01:21:36.378Z]   EXT: https://spectrumlocationsolutions.com
[2026-03-12T01:21:36.378Z]   EXT: https://spiff54.com
[2026-03-12T01:21:36.378Z]   EXT: https://spinitloud.com
[2026-03-12T01:21:36.378Z]   EXT: https://springmexicangrill.com
[2026-03-12T01:21:36.378Z]   EXT: https://sprocketsbrewhouses.com
[2026-03-12T01:21:36.378Z]   EXT: https://srtfix.com
[2026-03-12T01:21:36.378Z]   EXT: https://star138.vip
[2026-03-12T01:21:36.378Z]   EXT: https://studentstelkomuniversity.com
[2026-03-12T01:21:36.379Z]   EXT: https://sunnysidecafect.com
[2026-03-12T01:21:36.379Z]   EXT: https://sunscoop.com
[2026-03-12T01:21:36.379Z]   EXT: https://sushiexperto.com
[2026-03-12T01:21:36.379Z]   EXT: https://swissdronesystems.com
[2026-03-12T01:21:36.379Z]   EXT: https://t3west.com
[2026-03-12T01:21:36.379Z]   EXT: https://taosfriction.com
[2026-03-12T01:21:36.379Z]   EXT: https://taplink.cc/linktokyo88
[2026-03-12T01:21:36.379Z]   EXT: https://taproomhilden.com
[2026-03-12T01:21:36.379Z]   EXT: https://tazadeexcelenciamexico.org
[2026-03-12T01:21:36.379Z]   EXT: https://teachlivebaltimore.com
[2026-03-12T01:21:36.379Z]   EXT: https://teriyakigrillhouse.com
[2026-03-12T01:21:36.379Z]   EXT: https://texansfit.com
[2026-03-12T01:21:36.379Z]   EXT: https://thai2gonow.com
[2026-03-12T01:21:36.379Z]   EXT: https://thaiorchidsusa.com
[2026-03-12T01:21:36.379Z]   EXT: https://the1234shoreditch.com
[2026-03-12T01:21:36.379Z]   EXT: https://thebedfarm.com
[2026-03-12T01:21:36.379Z]   EXT: https://thebenchcommission.net
[2026-03-12T01:21:36.380Z]   EXT: https://theblocksharpener.com
[2026-03-12T01:21:36.380Z]   EXT: https://theboaringtruth.org/field-signs
[2026-03-12T01:21:36.380Z]   EXT: https://theboilbar.com
[2026-03-12T01:21:36.380Z]   EXT: https://thebridgeatcornelltech.com
[2026-03-12T01:21:36.380Z]   EXT: https://thebudranchgardencenter.com
[2026-03-12T01:21:36.380Z]   EXT: https://thecedarpointhouse.com
[2026-03-12T01:21:36.380Z]   EXT: https://thecrazycakelady.net
[2026-03-12T01:21:36.380Z]   EXT: https://thedivineeyetattoo.com
[2026-03-12T01:21:36.380Z]   EXT: https://thedvinecafe.com
[2026-03-12T01:21:36.380Z]   EXT: https://thefarmhousefluff.com
[2026-03-12T01:21:36.380Z]   EXT: https://theinfinitypencil.com
[2026-03-12T01:21:36.380Z]   EXT: https://theladylovescouture.com
[2026-03-12T01:21:36.380Z]   EXT: https://theliopizza.com
[2026-03-12T01:21:36.380Z]   EXT: https://thelitehousestudio.net
[2026-03-12T01:21:36.380Z]   EXT: https://theloveofcakes.com
[2026-03-12T01:21:36.380Z]   EXT: https://themarinerormondbeach.com
[2026-03-12T01:21:36.380Z]   EXT: https://themeansar.com
[2026-03-12T01:21:36.380Z]   EXT: https://themeansar.com/free-themes/blogus
[2026-03-12T01:21:36.380Z]   EXT: https://themesbyjames.com
[2026-03-12T01:21:36.380Z]   EXT: https://themiradorbnb.com
[2026-03-12T01:21:36.381Z]   EXT: https://theparkwaydentist.com
[2026-03-12T01:21:36.381Z]   EXT: https://thepurpledoor.info
[2026-03-12T01:21:36.381Z]   EXT: https://therosehostel.com
[2026-03-12T01:21:36.381Z]   EXT: https://theroyalcrestapts.com
[2026-03-12T01:21:36.381Z]   EXT: https://thesimplynourish.com
[2026-03-12T01:21:36.381Z]   EXT: https://thesleepstyler.com
[2026-03-12T01:21:36.381Z]   EXT: https://thespotlighteventsqc.com
[2026-03-12T01:21:36.381Z]   EXT: https://theviewestes.com/estes-park-weddings
[2026-03-12T01:21:36.381Z]   EXT: https://thewashdawg.com
[2026-03-12T01:21:36.381Z]   EXT: https://thewiltongarage.com/reviews
[2026-03-12T01:21:36.381Z]   EXT: https://thriftymum.com
[2026-03-12T01:21:36.381Z]   EXT: https://throwbacksnj.com
[2026-03-12T01:21:36.382Z]   EXT: https://topnotchvehicles.com
[2026-03-12T01:21:36.382Z]   EXT: https://toppenridge.com/architecture
[2026-03-12T01:21:36.382Z]   EXT: https://totobet88.vip
[2026-03-12T01:21:36.382Z]   EXT: https://tricicloperumke.com
[2026-03-12T01:21:36.382Z]   EXT: https://tsmandymayhem.com
[2026-03-12T01:21:36.382Z]   EXT: https://umefooddk.com
[2026-03-12T01:21:36.382Z]   EXT: https://uniquefullservicesalon.com
[2026-03-12T01:21:36.382Z]   EXT: https://uptownchinaseattlewa.com
[2026-03-12T01:21:36.382Z]   EXT: https://uturnlounge.com
[2026-03-12T01:21:36.382Z]   EXT: https://vacaystyle.com
[2026-03-12T01:21:36.382Z]   EXT: https://valuablestories.com
[2026-03-12T01:21:36.382Z]   EXT: https://veganplayer.com
[2026-03-12T01:21:36.382Z]   EXT: https://vegashoki.live
[2026-03-12T01:21:36.382Z]   EXT: https://venom-defense.com
[2026-03-12T01:21:36.382Z]   EXT: https://vermontadventurevans.com
[2026-03-12T01:21:36.382Z]   EXT: https://vernasgrocery.com
[2026-03-12T01:21:36.383Z]   EXT: https://vicousticna.com
[2026-03-12T01:21:36.383Z]   EXT: https://viewmke.com
[2026-03-12T01:21:36.383Z]   EXT: https://villageofbocabarwood.com
[2026-03-12T01:21:36.383Z]   EXT: https://villageofhempsteadespri.org
[2026-03-12T01:21:36.383Z]   EXT: https://vitalbake.com/fricassee-cake-recipes
[2026-03-12T01:21:36.383Z]   EXT: https://waikikigangnamstyle.com
[2026-03-12T01:21:36.383Z]   EXT: https://waxbarypsi.com
[2026-03-12T01:21:36.383Z]   EXT: https://waynespizza.com
[2026-03-12T01:21:36.383Z]   EXT: https://weirdestsports.com/bo-taoshi
[2026-03-12T01:21:36.383Z]   EXT: https://welkvacations.com
[2026-03-12T01:21:36.383Z]   EXT: https://what-near-me.com
[2026-03-12T01:21:36.383Z]   EXT: https://whatsonkorat.com
[2026-03-12T01:21:36.383Z]   EXT: https://whippersnapstp.com
[2026-03-12T01:21:36.383Z]   EXT: https://wisands.com
[2026-03-12T01:21:36.383Z]   EXT: https://wolverinetackle.com
[2026-03-12T01:21:36.383Z]   EXT: https://worldtechauto1.com
[2026-03-12T01:21:36.384Z]   EXT: https://worrellsautomotive.com
[2026-03-12T01:21:36.384Z]   EXT: https://wrfnursery.com/using-root-stimulator-on-new-plantings
[2026-03-12T01:21:36.384Z]   EXT: https://wselfierva.com
[2026-03-12T01:21:36.384Z]   EXT: https://wtwoodsonsports.com/how-many-inning-in-high-school-baseball
[2026-03-12T01:21:36.384Z]   EXT: https://www.600cafeandgrill.com
[2026-03-12T01:21:36.384Z]   EXT: https://www.aandapizza.com
[2026-03-12T01:21:36.384Z]   EXT: https://www.acquaclub.com
[2026-03-12T01:21:36.384Z]   EXT: https://www.alexandergronsky.com
[2026-03-12T01:21:36.384Z]   EXT: https://www.alfaromeonb.com
[2026-03-12T01:21:36.384Z]   EXT: https://www.andrus-nichols.com/upcoming.html
[2026-03-12T01:21:36.384Z]   EXT: https://www.annejac.ac.in/syllabus
[2026-03-12T01:21:36.384Z]   EXT: https://www.annierichardsonart.com
[2026-03-12T01:21:36.384Z]   EXT: https://www.arkatzstore.com
[2026-03-12T01:21:36.384Z]   EXT: https://www.asianbistrows.com
[2026-03-12T01:21:36.384Z]   EXT: https://www.avmor.com
[2026-03-12T01:21:36.384Z]   EXT: https://www.badosoft.com
[2026-03-12T01:21:36.384Z]   EXT: https://www.bavarianpoint.net
[2026-03-12T01:21:36.385Z]   EXT: https://www.beautysaloncollegestation.com
[2026-03-12T01:21:36.385Z]   EXT: https://www.besthikarisushi.com
[2026-03-12T01:21:36.385Z]   EXT: https://www.bgblooms.com
[2026-03-12T01:21:36.385Z]   EXT: https://www.binghamtoncaterer.com
[2026-03-12T01:21:36.385Z]   EXT: https://www.bistrosoleil.net
[2026-03-12T01:21:36.385Z]   EXT: https://www.bitars.com
[2026-03-12T01:21:36.385Z]   EXT: https://www.blackeyed.vodka
[2026-03-12T01:21:36.385Z]   EXT: https://www.blissweddingfilms.com/wedding-films
[2026-03-12T01:21:36.385Z]   EXT: https://www.blogxpressions.com
[2026-03-12T01:21:36.385Z]   EXT: https://www.bodybanksfitness.com/shop
[2026-03-12T01:21:36.385Z]   EXT: https://www.bonitachinawok.com
[2026-03-12T01:21:36.385Z]   EXT: https://www.borderlineartcollective.com
[2026-03-12T01:21:36.385Z]   EXT: https://www.bosspizza.co
[2026-03-12T01:21:36.385Z]   EXT: https://www.botanarestaurante.com
[2026-03-12T01:21:36.385Z]   EXT: https://www.bouchonlyonnais.fr
[2026-03-12T01:21:36.386Z]   EXT: https://www.bowonacupunctureherb.com
[2026-03-12T01:21:36.386Z]   EXT: https://www.bravadayachts.com
[2026-03-12T01:21:36.386Z]   EXT: https://www.brennansbowery.com
[2026-03-12T01:21:36.386Z]   EXT: https://www.bullandgarland.com
[2026-03-12T01:21:36.386Z]   EXT: https://www.buonanottetoronto.com
[2026-03-12T01:21:36.386Z]   EXT: https://www.calapizza.com
[2026-03-12T01:21:36.386Z]   EXT: https://www.capemaycharter.com
[2026-03-12T01:21:36.386Z]   EXT: https://www.carlsbadebikesandmoreca.com
[2026-03-12T01:21:36.386Z]   EXT: https://www.carnevillamaria.com
[2026-03-12T01:21:36.386Z]   EXT: https://www.catalantapasbar.com
[2026-03-12T01:21:36.386Z]   EXT: https://www.cavespringga.com
[2026-03-12T01:21:36.386Z]   EXT: https://www.challisroadhouse.com
[2026-03-12T01:21:36.386Z]   EXT: https://www.chandlerlimoservice.com
[2026-03-12T01:21:36.387Z]   EXT: https://www.clevly.com
[2026-03-12T01:21:36.387Z]   EXT: https://www.cochonvolantchicago.com
[2026-03-12T01:21:36.387Z]   EXT: https://www.coescape.com
[2026-03-12T01:21:36.387Z]   EXT: https://www.congomoja.com
[2026-03-12T01:21:36.387Z]   EXT: https://www.crazycrab.co
[2026-03-12T01:21:36.387Z]   EXT: https://www.curtscleaners.com
[2026-03-12T01:21:36.387Z]   EXT: https://www.delightfuldonutsmilton.com
[2026-03-12T01:21:36.387Z]   EXT: https://www.denscosupply.com
[2026-03-12T01:21:36.387Z]   EXT: https://www.dessertmonstersg.com
[2026-03-12T01:21:36.387Z]   EXT: https://www.divazapatos.com
[2026-03-12T01:21:36.387Z]   EXT: https://www.dodsonms.com
[2026-03-12T01:21:36.387Z]   EXT: https://www.donpetrinospizzeriami.com
[2026-03-12T01:21:36.387Z]   EXT: https://www.drunkendragon.com
[2026-03-12T01:21:36.387Z]   EXT: https://www.easyparkusa.com
[2026-03-12T01:21:36.387Z]   EXT: https://www.edoasiancuisine.com
[2026-03-12T01:21:36.388Z]   EXT: https://www.eliteboatandrvstorage.com
[2026-03-12T01:21:36.388Z]   EXT: https://www.elitify.com
[2026-03-12T01:21:36.388Z]   EXT: https://www.eljardincolumbia.com
[2026-03-12T01:21:36.388Z]   EXT: https://www.eltacofrescoeugene.com/about
[2026-03-12T01:21:36.388Z]   EXT: https://www.eltacofrescoeugene.com/menu
[2026-03-12T01:21:36.388Z]   EXT: https://www.eofficedirect.com
[2026-03-12T01:21:36.388Z]   EXT: https://www.everestcafeandbar.com
[2026-03-12T01:21:36.388Z]   EXT: https://www.everestvision.com
[2026-03-12T01:21:36.388Z]   EXT: https://www.expoeventcenter.com
[2026-03-12T01:21:36.388Z]   EXT: https://www.fabulisttravel.com
[2026-03-12T01:21:36.388Z]   EXT: https://www.fairlandboysgymnastics.org
[2026-03-12T01:21:36.388Z]   EXT: https://www.firstchoicerealty1.com
[2026-03-12T01:21:36.388Z]   EXT: https://www.gacor66site.online
[2026-03-12T01:21:36.388Z]   EXT: https://www.gardenmediterraneangrilllutz.com
[2026-03-12T01:21:36.388Z]   EXT: https://www.garuda303.id
[2026-03-12T01:21:36.389Z]   EXT: https://www.gentlebreezecabins.com
[2026-03-12T01:21:36.389Z]   EXT: https://www.giffordfuneralhome.com
[2026-03-12T01:21:36.389Z]   EXT: https://www.globalwater.org
[2026-03-12T01:21:36.389Z]   EXT: https://www.goatfarmgaming.com
[2026-03-12T01:21:36.389Z]   EXT: https://www.greatamericanpizzeria.com
[2026-03-12T01:21:36.389Z]   EXT: https://www.greensupsalads.com
[2026-03-12T01:21:36.389Z]   EXT: https://www.hairraisersalon.com/a-b-o-u-t
[2026-03-12T01:21:36.389Z]   EXT: https://www.halfmoonisland.com
[2026-03-12T01:21:36.389Z]   EXT: https://www.hannahmontanarentals.com
[2026-03-12T01:21:36.389Z]   EXT: https://www.hargalaptop.id
[2026-03-12T01:21:36.389Z]   EXT: https://www.harvardpsc.com
[2026-03-12T01:21:36.389Z]   EXT: https://www.hegesrestaurant.com
[2026-03-12T01:21:36.389Z]   EXT: https://www.holidaypizzamenu.com
[2026-03-12T01:21:36.389Z]   EXT: https://www.horizonsolarpower.com
[2026-03-12T01:21:36.389Z]   EXT: https://www.hosdenar.gov.co
[2026-03-12T01:21:36.390Z]   EXT: https://www.hotelclassicchandigarh.com
[2026-03-12T01:21:36.390Z]   EXT: https://www.huntfishcampwisconsin.com
[2026-03-12T01:21:36.390Z]   EXT: https://www.huntingtonbeachpassports.com
[2026-03-12T01:21:36.390Z]   EXT: https://www.hypnoticsalonspa.com
[2026-03-12T01:21:36.390Z]   EXT: https://www.icedogfans.com
[2026-03-12T01:21:36.390Z]   EXT: https://www.ifeelmaps.com
[2026-03-12T01:21:36.390Z]   EXT: https://www.imaginemediaconsulting.com
[2026-03-12T01:21:36.390Z]   EXT: https://www.imraan4congress.com
[2026-03-12T01:21:36.390Z]   EXT: https://www.jackrooke.com
[2026-03-12T01:21:36.390Z]   EXT: https://www.jandstransportation.net
[2026-03-12T01:21:36.390Z]   EXT: https://www.janjislot.biz
[2026-03-12T01:21:36.390Z]   EXT: https://www.jaysthaikitchen.com
[2026-03-12T01:21:36.390Z]   EXT: https://www.kalaia.co
[2026-03-12T01:21:36.390Z]   EXT: https://www.kenwoodlanegrille.com
[2026-03-12T01:21:36.390Z]   EXT: https://www.kingscafechelmsford.com/locations
[2026-03-12T01:21:36.390Z]   EXT: https://www.knitterly.net
[2026-03-12T01:21:36.391Z]   EXT: https://www.kosherchicknchow.com
[2026-03-12T01:21:36.391Z]   EXT: https://www.lalasport.com
[2026-03-12T01:21:36.391Z]   EXT: https://www.larrykleinmusic.com
[2026-03-12T01:21:36.391Z]   EXT: https://www.letsbuilddreams.com
[2026-03-12T01:21:36.391Z]   EXT: https://www.limobangor.com
[2026-03-12T01:21:36.391Z]   EXT: https://www.littlebrotherspizzamenu.com
[2026-03-12T01:21:36.391Z]   EXT: https://www.luishortaecosta.com
[2026-03-12T01:21:36.391Z]   EXT: https://www.macontreepros.com
[2026-03-12T01:21:36.391Z]   EXT: https://www.madnesshub.com
[2026-03-12T01:21:36.391Z]   EXT: https://www.magicchinacafe.com
[2026-03-12T01:21:36.391Z]   EXT: https://www.mansion54.com
[2026-03-12T01:21:36.391Z]   EXT: https://www.marcellospizzaandristorante.com
[2026-03-12T01:21:36.391Z]   EXT: https://www.marukitchen.us
[2026-03-12T01:21:36.391Z]   EXT: https://www.maryannstearoom.com
[2026-03-12T01:21:36.391Z]   EXT: https://www.matthewdickmanpoetry.com
[2026-03-12T01:21:36.392Z]   EXT: https://www.matutute.com
[2026-03-12T01:21:36.392Z]   EXT: https://www.mebelkart.com
[2026-03-12T01:21:36.392Z]   EXT: https://www.metropizzas.com
[2026-03-12T01:21:36.392Z]   EXT: https://www.miasbliv.com
[2026-03-12T01:21:36.392Z]   EXT: https://www.michaelfarren.com
[2026-03-12T01:21:36.392Z]   EXT: https://www.michaelsmithmusic.com
[2026-03-12T01:21:36.392Z]   EXT: https://www.milliondollarquartet.net
[2026-03-12T01:21:36.392Z]   EXT: https://www.millwoodgardencenter.com
[2026-03-12T01:21:36.392Z]   EXT: https://www.mommiecooks.com
[2026-03-12T01:21:36.392Z]   EXT: https://www.mouratovalawfirm.com
[2026-03-12T01:21:36.392Z]   EXT: https://www.muslim-housing.org
[2026-03-12T01:21:36.392Z]   EXT: https://www.myangelcardreadings.com
[2026-03-12T01:21:36.392Z]   EXT: https://www.myblessedhome.net
[2026-03-12T01:21:36.392Z]   EXT: https://www.mynewdaycafe.com
[2026-03-12T01:21:36.393Z]   EXT: https://www.neon-tiger.com
[2026-03-12T01:21:36.393Z]   EXT: https://www.newhongkongnj.com
[2026-03-12T01:21:36.393Z]   EXT: https://www.nomadcic.com
[2026-03-12T01:21:36.393Z]   EXT: https://www.okinawalonetree.com
[2026-03-12T01:21:36.393Z]   EXT: https://www.oldcapitaltavern.com
[2026-03-12T01:21:36.393Z]   EXT: https://www.orderbozzyspizzeria.com
[2026-03-12T01:21:36.393Z]   EXT: https://www.orderconstantinesdeli.com
[2026-03-12T01:21:36.393Z]   EXT: https://www.ozkanelectronic.com
[2026-03-12T01:21:36.393Z]   EXT: https://www.ozonelasertag.com
[2026-03-12T01:21:36.393Z]   EXT: https://www.papawoodyspizza.com
[2026-03-12T01:21:36.393Z]   EXT: https://www.pfstandardpoodles.com
[2026-03-12T01:21:36.393Z]   EXT: https://www.photodigiscoping.com
[2026-03-12T01:21:36.393Z]   EXT: https://www.piggytoespress.com
[2026-03-12T01:21:36.393Z]   EXT: https://www.pinnstation.co
[2026-03-12T01:21:36.393Z]   EXT: https://www.piso16.cultura.unam.mx
[2026-03-12T01:21:36.394Z]   EXT: https://www.pizzachefguyton.com
[2026-03-12T01:21:36.394Z]   EXT: https://www.plumtomatoespizza.com
[2026-03-12T01:21:36.394Z]   EXT: https://www.precisiongageinc.com
[2026-03-12T01:21:36.394Z]   EXT: https://www.professionallyfaded.com
[2026-03-12T01:21:36.394Z]   EXT: https://www.qualityyouthdevelopment.org
[2026-03-12T01:21:36.394Z]   EXT: https://www.ramirezdoorglass.com
[2026-03-12T01:21:36.394Z]   EXT: https://www.ranasbridgeofallan.com/menus.html
[2026-03-12T01:21:36.394Z]   EXT: https://www.redemprendia.org
[2026-03-12T01:21:36.394Z]   EXT: https://www.redhillspowersports.com
[2026-03-12T01:21:36.394Z]   EXT: https://www.relaxinelysium.com
[2026-03-12T01:21:36.394Z]   EXT: https://www.repmetcalfe.com
[2026-03-12T01:21:36.394Z]   EXT: https://www.resthavenmotel.net
[2026-03-12T01:21:36.394Z]   EXT: https://www.revivecleaningservice.com
[2026-03-12T01:21:36.394Z]   EXT: https://www.roxsbar.com
[2026-03-12T01:21:36.394Z]   EXT: https://www.ruestreetcottage.com/product-page/breakfast-nook
[2026-03-12T01:21:36.394Z]   EXT: https://www.rumahyatimalphajateng.org
[2026-03-12T01:21:36.395Z]   EXT: https://www.ryanwalshquilts.com
[2026-03-12T01:21:36.395Z]   EXT: https://www.samstapmke.com
[2026-03-12T01:21:36.395Z]   EXT: https://www.sarahs-sweets.com
[2026-03-12T01:21:36.395Z]   EXT: https://www.scrapmetaljunkie.com
[2026-03-12T01:21:36.395Z]   EXT: https://www.scrupleshouston.com
[2026-03-12T01:21:36.395Z]   EXT: https://www.serenitymemorialgardens.net
[2026-03-12T01:21:36.395Z]   EXT: https://www.sewickleyconfectionery.com
[2026-03-12T01:21:36.395Z]   EXT: https://www.shanghaitokyocafemd.com
[2026-03-12T01:21:36.395Z]   EXT: https://www.shischool.com
[2026-03-12T01:21:36.395Z]   EXT: https://www.shopafle.com
[2026-03-12T01:21:36.395Z]   EXT: https://www.showmanfurniture.com
[2026-03-12T01:21:36.395Z]   EXT: https://www.shoyudenver.com
[2026-03-12T01:21:36.395Z]   EXT: https://www.sideburnersbbq.com
[2026-03-12T01:21:36.395Z]   EXT: https://www.siding14brewing.com
[2026-03-12T01:21:36.395Z]   EXT: https://www.socalacuradealers.com
[2026-03-12T01:21:36.395Z]   EXT: https://www.socksrocks.com/about-the-doctors
[2026-03-12T01:21:36.395Z]   EXT: https://www.solarftp.com
[2026-03-12T01:21:36.396Z]   EXT: https://www.someonetosew.com
[2026-03-12T01:21:36.396Z]   EXT: https://www.soundslikekathleen.com
[2026-03-12T01:21:36.396Z]   EXT: https://www.sourceonemeds.com/drops
[2026-03-12T01:21:36.396Z]   EXT: https://www.speedxbrentwood.com
[2026-03-12T01:21:36.396Z]   EXT: https://www.sprinklescakes.net
[2026-03-12T01:21:36.396Z]   EXT: https://www.stan-im.ac.id
[2026-03-12T01:21:36.396Z]   EXT: https://www.standupburgers.com
[2026-03-12T01:21:36.396Z]   EXT: https://www.starommillenia.com
[2026-03-12T01:21:36.396Z]   EXT: https://www.stephanemanel.com
[2026-03-12T01:21:36.396Z]   EXT: https://www.stoneblockartandantiques.com
[2026-03-12T01:21:36.396Z]   EXT: https://www.studio2204.com
[2026-03-12T01:21:36.396Z]   EXT: https://www.successpointconsulting.com
[2026-03-12T01:21:36.397Z]   EXT: https://www.sun-kitchen.com
[2026-03-12T01:21:36.397Z]   EXT: https://www.sunshinelandscapingny.com
[2026-03-12T01:21:36.397Z]   EXT: https://www.survivalandserenity.com
[2026-03-12T01:21:36.397Z]   EXT: https://www.sushifactoryfiske.com
[2026-03-12T01:21:36.397Z]   EXT: https://www.swamijuicetampa.com
[2026-03-12T01:21:36.397Z]   EXT: https://www.synaesthesiamagazine.com
[2026-03-12T01:21:36.397Z]   EXT: https://www.tackleboxseafood.com
[2026-03-12T01:21:36.397Z]   EXT: https://www.tatsacto.com
[2026-03-12T01:21:36.397Z]   EXT: https://www.tazauae.com/al-nahda
[2026-03-12T01:21:36.397Z]   EXT: https://www.tazauae.com/al-rigga
[2026-03-12T01:21:36.397Z]   EXT: https://www.tazauae.com/dhiyafa
[2026-03-12T01:21:36.397Z]   EXT: https://www.thaieastfusion.com
[2026-03-12T01:21:36.397Z]   EXT: https://www.thecopperpotrestaurant.com
[2026-03-12T01:21:36.397Z]   EXT: https://www.thecrookedknife.com
[2026-03-12T01:21:36.397Z]   EXT: https://www.theculturalcenter.com
[2026-03-12T01:21:36.398Z]   EXT: https://www.thegrandadcompany.com
[2026-03-12T01:21:36.398Z]   EXT: https://www.themicrobladingbible.com
[2026-03-12T01:21:36.398Z]   EXT: https://www.thepaddockcafe.com
[2026-03-12T01:21:36.398Z]   EXT: https://www.thepilatesworkshopsf.com
[2026-03-12T01:21:36.398Z]   EXT: https://www.thepwc.xyz
[2026-03-12T01:21:36.398Z]   EXT: https://www.thequietintheland.org
[2026-03-12T01:21:36.398Z]   EXT: https://www.thestickpic.com
[2026-03-12T01:21:36.398Z]   EXT: https://www.tinkleonline.com
[2026-03-12T01:21:36.398Z]   EXT: https://www.toriestastytreats.com
[2026-03-12T01:21:36.398Z]   EXT: https://www.traditionscompany.com
[2026-03-12T01:21:36.398Z]   EXT: https://www.traininghamilton.com
[2026-03-12T01:21:36.398Z]   EXT: https://www.treeswindon.com
[2026-03-12T01:21:36.398Z]   EXT: https://www.triciascafe.com
[2026-03-12T01:21:36.398Z]   EXT: https://www.turkeycreeklodgeandrv.com/about.html
[2026-03-12T01:21:36.398Z]   EXT: https://www.ucchm.org
[2026-03-12T01:21:36.398Z]   EXT: https://www.venetownsc.com
[2026-03-12T01:21:36.399Z]   EXT: https://www.vilamaska.com
[2026-03-12T01:21:36.399Z]   EXT: https://www.vinelanddental.com
[2026-03-12T01:21:36.399Z]   EXT: https://www.visitsevierar.com
[2026-03-12T01:21:36.399Z]   EXT: https://www.weddingdates.id
[2026-03-12T01:21:36.399Z]   EXT: https://www.whitebirchbrewing.com
[2026-03-12T01:21:36.399Z]   EXT: https://www.whitemtauto.com
[2026-03-12T01:21:36.399Z]   EXT: https://www.yogapublic.com
[2026-03-12T01:21:36.399Z]   EXT: https://www.yogofactory.com
[2026-03-12T01:21:36.399Z]   EXT: https://www.yvolvesports.com
[2026-03-12T01:21:36.399Z]   EXT: https://www.zanemaloneyracing.com
[2026-03-12T01:21:36.399Z]   EXT: https://www.zhonghuarestaurant.com
[2026-03-12T01:21:36.399Z]   EXT: https://xo4d.vip
[2026-03-12T01:21:36.399Z]   EXT: https://yaffagrillmiamisburg.com
[2026-03-12T01:21:36.400Z]   EXT: https://yangfootspa.com
[2026-03-12T01:21:36.400Z]   EXT: https://yellowbandcoffeeroasters.com
[2026-03-12T01:21:36.400Z]   EXT: https://yellowbellychicken.com
[2026-03-12T01:21:36.400Z]   EXT: https://yourfantasticsams.com
[2026-03-12T01:21:36.400Z]   EXT: https://zappisbikecafe.com
[2026-03-12T01:21:36.400Z]   EXT: https://zeroascope.com
[2026-03-12T01:21:36.400Z]   EXT: https://zobowithashotgun.com
[2026-03-12T01:21:36.400Z]   EXT: https://zoommeetingbackgrounds.com
[2026-03-12T01:21:36.400Z]   EXT: https://zoyuz.com
[2026-03-12T01:21:36.400Z]   EXT: https://zukanaperville.com
[2026-03-12T01:21:36.400Z] ── Step 1: Programmatic categorization ──
[2026-03-12T01:21:36.400Z]   UNCATEGORIZED: http://192.185.133.81
[2026-03-12T01:21:36.400Z]   UNCATEGORIZED: http://casayucatanrestaurant.com
[2026-03-12T01:21:36.401Z]   UNCATEGORIZED: http://kubongelatin.com
[2026-03-12T01:21:36.401Z]   UNCATEGORIZED: https://05worlds.com
[2026-03-12T01:21:36.401Z]   UNCATEGORIZED: https://188kost.org
[2026-03-12T01:21:36.401Z]   UNCATEGORIZED: https://389sport.net
[2026-03-12T01:21:36.401Z]   UNCATEGORIZED: https://66smokehousebbq.com
[2026-03-12T01:21:36.401Z]   UNCATEGORIZED: https://77aja.net
[2026-03-12T01:21:36.401Z]   UNCATEGORIZED: https://77asiaslot.org
[2026-03-12T01:21:36.401Z]   UNCATEGORIZED: https://888asiaslot.org
[2026-03-12T01:21:36.401Z]   UNCATEGORIZED: https://99sealevel.com
[2026-03-12T01:21:36.401Z]   UNCATEGORIZED: https://aba77.org
[2026-03-12T01:21:36.401Z]   UNCATEGORIZED: https://abadi178.org
[2026-03-12T01:21:36.402Z]   UNCATEGORIZED: https://abalonbygma.com
[2026-03-12T01:21:36.402Z]   UNCATEGORIZED: https://abc365slot.net
[2026-03-12T01:21:36.402Z]   UNCATEGORIZED: https://abgbet555.org
[2026-03-12T01:21:36.402Z]   UNCATEGORIZED: https://abk4d.com
[2026-03-12T01:21:36.402Z]   UNCATEGORIZED: https://abk777.org
[2026-03-12T01:21:36.402Z]   UNCATEGORIZED: https://acak888slot.net
[2026-03-12T01:21:36.402Z]   UNCATEGORIZED: https://ace333login.org
[2026-03-12T01:21:36.402Z]   UNCATEGORIZED: https://acmedoughnut.com
[2026-03-12T01:21:36.402Z]   UNCATEGORIZED: https://actionkarting.net
[2026-03-12T01:21:36.402Z]   UNCATEGORIZED: https://activelifechicagopt.com/about-us
[2026-03-12T01:21:36.403Z]   UNCATEGORIZED: https://adam888slot.net
[2026-03-12T01:21:36.403Z]   UNCATEGORIZED: https://admin138login.org
[2026-03-12T01:21:36.403Z]   UNCATEGORIZED: https://admin365slot.org
[2026-03-12T01:21:36.403Z]   UNCATEGORIZED: https://aerobet77.org
[2026-03-12T01:21:36.403Z]   UNCATEGORIZED: https://afabet88.org
[2026-03-12T01:21:36.403Z]   UNCATEGORIZED: https://agen118login.org
[2026-03-12T01:21:36.403Z]   UNCATEGORIZED: https://agen128login.org
[2026-03-12T01:21:36.403Z]   UNCATEGORIZED: https://agen169login.org
[2026-03-12T01:21:36.403Z]   UNCATEGORIZED: https://agenasia888slot.net
[2026-03-12T01:21:36.403Z]   UNCATEGORIZED: https://agenasia88slot.net
[2026-03-12T01:21:36.404Z]   UNCATEGORIZED: https://agus123slot.org
[2026-03-12T01:21:36.404Z]   UNCATEGORIZED: https://agus77slot.org
[2026-03-12T01:21:36.404Z]   UNCATEGORIZED: https://ahlibet138slot.org
[2026-03-12T01:21:36.404Z]   UNCATEGORIZED: https://ahlibet77slot.org
[2026-03-12T01:21:36.404Z]   UNCATEGORIZED: https://air77slot.net
[2026-03-12T01:21:36.404Z]   UNCATEGORIZED: https://airbet168login.org
[2026-03-12T01:21:36.404Z]   UNCATEGORIZED: https://airbet365.org
[2026-03-12T01:21:36.404Z]   UNCATEGORIZED: https://airbet77login.org
[2026-03-12T01:21:36.404Z]   UNCATEGORIZED: https://airbet999.org
[2026-03-12T01:21:36.404Z]   UNCATEGORIZED: https://ajaib168login.org
[2026-03-12T01:21:36.404Z]   UNCATEGORIZED: https://ajaib77login.net
[2026-03-12T01:21:36.405Z]   UNCATEGORIZED: https://ajak88.net
[2026-03-12T01:21:36.405Z]   UNCATEGORIZED: https://ajib168.net
[2026-03-12T01:21:36.405Z]   UNCATEGORIZED: https://ajo88login.org
[2026-03-12T01:21:36.405Z]   UNCATEGORIZED: https://ajudan4d.com
[2026-03-12T01:21:36.405Z]   UNCATEGORIZED: https://aktif168slot.org
[2026-03-12T01:21:36.405Z]   UNCATEGORIZED: https://akurat4dslot.org
[2026-03-12T01:21:36.405Z]   UNCATEGORIZED: https://akurat99slot.org
[2026-03-12T01:21:36.405Z]   UNCATEGORIZED: https://akuslot888login.org
[2026-03-12T01:21:36.405Z]   UNCATEGORIZED: https://akuwin777.net
[2026-03-12T01:21:36.405Z]   UNCATEGORIZED: https://akuwin888slot.org
[2026-03-12T01:21:36.405Z]   UNCATEGORIZED: https://aladin303slot.org
[2026-03-12T01:21:36.406Z]   UNCATEGORIZED: https://aladin88.vip
[2026-03-12T01:21:36.406Z]   UNCATEGORIZED: https://ale4d.net
[2026-03-12T01:21:36.406Z]   UNCATEGORIZED: https://ali888slot.org
[2026-03-12T01:21:36.406Z]   UNCATEGORIZED: https://alibaba188slot.org
[2026-03-12T01:21:36.406Z]   UNCATEGORIZED: https://alien188slot.org
[2026-03-12T01:21:36.406Z]   UNCATEGORIZED: https://alifetostyle.com
[2026-03-12T01:21:36.406Z]   UNCATEGORIZED: https://allclearwasteremoval.com
[2026-03-12T01:21:36.406Z]   UNCATEGORIZED: https://allisonforbesmusic.com
[2026-03-12T01:21:36.406Z]   UNCATEGORIZED: https://allpurposeflowers.net
[2026-03-12T01:21:36.406Z]   UNCATEGORIZED: https://alohajunk.net
[2026-03-12T01:21:36.407Z]   UNCATEGORIZED: https://alpha77slot.org
[2026-03-12T01:21:36.407Z]   UNCATEGORIZED: https://alpha888slot.org
[2026-03-12T01:21:36.407Z]   UNCATEGORIZED: https://amanahtravel.id
[2026-03-12T01:21:36.407Z]   UNCATEGORIZED: https://amandavincentstudio.com
[2026-03-12T01:21:36.407Z]   UNCATEGORIZED: https://americanenergyindependence.com
[2026-03-12T01:21:36.407Z]   UNCATEGORIZED: https://anaconda88.net
[2026-03-12T01:21:36.407Z]   UNCATEGORIZED: https://analisa188.net
[2026-03-12T01:21:36.407Z]   UNCATEGORIZED: https://andara22.org
[2026-03-12T01:21:36.407Z]   UNCATEGORIZED: https://andara303slot.net
[2026-03-12T01:21:36.407Z]   UNCATEGORIZED: https://andara69.org
[2026-03-12T01:21:36.407Z]   UNCATEGORIZED: https://andro4d.net
[2026-03-12T01:21:36.408Z]   UNCATEGORIZED: https://andro88.net
[2026-03-12T01:21:36.408Z]   UNCATEGORIZED: https://andro99.net
[2026-03-12T01:21:36.408Z]   UNCATEGORIZED: https://angel168slot.net
[2026-03-12T01:21:36.408Z]   UNCATEGORIZED: https://angel777slot.net
[2026-03-12T01:21:36.408Z]   UNCATEGORIZED: https://angel999.org
[2026-03-12T01:21:36.408Z]   UNCATEGORIZED: https://angerroom.com
[2026-03-12T01:21:36.408Z]   UNCATEGORIZED: https://anggur888login.org
[2026-03-12T01:21:36.408Z]   UNCATEGORIZED: https://angin188.net
[2026-03-12T01:21:36.408Z]   UNCATEGORIZED: https://angkanet88slot.net
[2026-03-12T01:21:36.408Z]   UNCATEGORIZED: https://angkasa123login.org
[2026-03-12T01:21:36.408Z]   UNCATEGORIZED: https://angkor77slot.net
[2026-03-12T01:21:36.408Z]   UNCATEGORIZED: https://angkor88login.org
[2026-03-12T01:21:36.409Z]   UNCATEGORIZED: https://angkringan88slot.org
[2026-03-12T01:21:36.409Z]   UNCATEGORIZED: https://angsa99slot.org
[2026-03-12T01:21:36.409Z]   UNCATEGORIZED: https://animalmedicalfl.com
[2026-03-12T01:21:36.409Z]   UNCATEGORIZED: https://anime77login.org
[2026-03-12T01:21:36.409Z]   UNCATEGORIZED: https://anugerah77slot.org
[2026-03-12T01:21:36.409Z]   UNCATEGORIZED: https://anugrah777.org
[2026-03-12T01:21:36.409Z]   UNCATEGORIZED: https://apel123slot.org
[2026-03-12T01:21:36.409Z]   UNCATEGORIZED: https://apel138login.org
[2026-03-12T01:21:36.409Z]   UNCATEGORIZED: https://apel77login.org
[2026-03-12T01:21:36.409Z]   UNCATEGORIZED: https://api99login.org
[2026-03-12T01:21:36.409Z]   UNCATEGORIZED: https://apizeus888slot.net
[2026-03-12T01:21:36.409Z]   UNCATEGORIZED: https://apollo88slot.net
[2026-03-12T01:21:36.410Z]   UNCATEGORIZED: https://apolo138slot.net
[2026-03-12T01:21:36.410Z]   UNCATEGORIZED: https://app99slot.net
[2026-03-12T01:21:36.410Z]   UNCATEGORIZED: https://asiabet88.vip
[2026-03-12T01:21:36.410Z]   UNCATEGORIZED: https://backbeatrnb.net
[2026-03-12T01:21:36.410Z]   UNCATEGORIZED: https://bakupusa.com
[2026-03-12T01:21:36.410Z]   UNCATEGORIZED: https://balboabrickandsupply.com
[2026-03-12T01:21:36.410Z]   UNCATEGORIZED: https://balkonierestaurant.co
[2026-03-12T01:21:36.410Z]   UNCATEGORIZED: https://barbecuerestaurantmerrillville.com
[2026-03-12T01:21:36.410Z]   UNCATEGORIZED: https://barbianatriana.com
[2026-03-12T01:21:36.410Z]   UNCATEGORIZED: https://bathtubandkitchenrepair.com
[2026-03-12T01:21:36.410Z]   UNCATEGORIZED: https://bayartoto.vip
[2026-03-12T01:21:36.411Z]   UNCATEGORIZED: https://benjos.com
[2026-03-12T01:21:36.411Z]   UNCATEGORIZED: https://bicyclettela.com
[2026-03-12T01:21:36.411Z]   UNCATEGORIZED: https://bigdraftbrewingevents.com
[2026-03-12T01:21:36.411Z]   UNCATEGORIZED: https://bintang77.vip
[2026-03-12T01:21:36.411Z]   UNCATEGORIZED: https://bistro19nh.com
[2026-03-12T01:21:36.411Z]   UNCATEGORIZED: https://bistrodasiacoronado.com
[2026-03-12T01:21:36.411Z]   UNCATEGORIZED: https://bladeseastlansing.com
[2026-03-12T01:21:36.411Z]   UNCATEGORIZED: https://blazincajunseafoodrestaurant.com
[2026-03-12T01:21:36.411Z]   UNCATEGORIZED: https://bluenosepitbullpups.com
[2026-03-12T01:21:36.411Z]   UNCATEGORIZED: https://bluepointpoolsconstruction.com/about-us
[2026-03-12T01:21:36.411Z]   UNCATEGORIZED: https://bola138.info
[2026-03-12T01:21:36.412Z]   UNCATEGORIZED: https://bonanza77.vip
[2026-03-12T01:21:36.412Z]   UNCATEGORIZED: https://bongdaso.io/ket-qua-bong-da/australia-wleague-hom-nay
[2026-03-12T01:21:36.412Z]   UNCATEGORIZED: https://botanicacbd.com
[2026-03-12T01:21:36.412Z]   UNCATEGORIZED: https://bringingupfoodies.com
[2026-03-12T01:21:36.412Z]   UNCATEGORIZED: https://c7jalisco.com
[2026-03-12T01:21:36.412Z]   UNCATEGORIZED: https://cacateringcompany.com
[2026-03-12T01:21:36.412Z]   UNCATEGORIZED: https://cafedupar.com
[2026-03-12T01:21:36.412Z]   UNCATEGORIZED: https://cakeandvikings.com
[2026-03-12T01:21:36.413Z]   UNCATEGORIZED: https://calimentaria.com/curso-manipulacion-alimentos.html
[2026-03-12T01:21:36.413Z]   UNCATEGORIZED: https://carolinahouseandgardens.com
[2026-03-12T01:21:36.413Z]   UNCATEGORIZED: https://carrollbradford.com
[2026-03-12T01:21:36.413Z]   UNCATEGORIZED: https://cearanews7.com
[2026-03-12T01:21:36.413Z]   UNCATEGORIZED: https://cedarbluffautocare.com
[2026-03-12T01:21:36.413Z]   UNCATEGORIZED: https://chappysrepair.com
[2026-03-12T01:21:36.413Z]   UNCATEGORIZED: https://cheftonyspopcorn.com
[2026-03-12T01:21:36.413Z]   UNCATEGORIZED: https://cherriesinjune.com/homemade-tomato-sauce
[2026-03-12T01:21:36.413Z]   UNCATEGORIZED: https://chicagoseethruchinesekitchen.com
[2026-03-12T01:21:36.414Z]   UNCATEGORIZED: https://chickenshackireland.com
[2026-03-12T01:21:36.414Z]   UNCATEGORIZED: https://chinakitchenmuncie.com
[2026-03-12T01:21:36.414Z]   UNCATEGORIZED: https://chococafecr.com
[2026-03-12T01:21:36.414Z]   UNCATEGORIZED: https://choudharytravels.com
[2026-03-12T01:21:36.414Z]   UNCATEGORIZED: https://citavillecibubur.com
[2026-03-12T01:21:36.414Z]   UNCATEGORIZED: https://clarksburgtowncenter.com
[2026-03-12T01:21:36.414Z]   UNCATEGORIZED: https://cloud13rx.com
[2026-03-12T01:21:36.414Z]   UNCATEGORIZED: https://coeio.com
[2026-03-12T01:21:36.414Z]   UNCATEGORIZED: https://coffeebankcafe.com
[2026-03-12T01:21:36.415Z]   UNCATEGORIZED: https://coffeebistronm.com
[2026-03-12T01:21:36.415Z]   UNCATEGORIZED: https://colombianrestaurantnorwalk.com
[2026-03-12T01:21:36.415Z]   UNCATEGORIZED: https://connellsvillepizzaking.com
[2026-03-12T01:21:36.415Z]   UNCATEGORIZED: https://corporatephotographyhouston.com
[2026-03-12T01:21:36.415Z]   UNCATEGORIZED: https://couchsurfercrochet.com
[2026-03-12T01:21:36.415Z]   UNCATEGORIZED: https://csmresita.com
[2026-03-12T01:21:36.415Z]   UNCATEGORIZED: https://cvrworldcup.com
[2026-03-12T01:21:36.415Z]   UNCATEGORIZED: https://daaoneconference.org
[2026-03-12T01:21:36.415Z]   UNCATEGORIZED: https://daftargacor22.com
[2026-03-12T01:21:36.415Z]   UNCATEGORIZED: https://daftargaruda303.com
[2026-03-12T01:21:36.416Z]   UNCATEGORIZED: https://dandktowingandrecoveryllc.com
[2026-03-12T01:21:36.416Z]   UNCATEGORIZED: https://davantisandiego.com
[2026-03-12T01:21:36.416Z]   UNCATEGORIZED: https://dellacortefoods.com
[2026-03-12T01:21:36.416Z]   UNCATEGORIZED: https://depo5000.vip
[2026-03-12T01:21:36.416Z]   UNCATEGORIZED: https://dewa4d.vip
[2026-03-12T01:21:36.416Z]   UNCATEGORIZED: https://dewa66.homes
[2026-03-12T01:21:36.416Z]   UNCATEGORIZED: https://dewa66link.com
[2026-03-12T01:21:36.416Z]   UNCATEGORIZED: https://dewa66link.com/dewa66
[2026-03-12T01:21:36.416Z]   UNCATEGORIZED: https://dewa66login.com
[2026-03-12T01:21:36.416Z]   UNCATEGORIZED: https://dewa66situs.com
[2026-03-12T01:21:36.416Z]   UNCATEGORIZED: https://dewa66zeus.com
[2026-03-12T01:21:36.416Z]   UNCATEGORIZED: https://dewa77.app
[2026-03-12T01:21:36.417Z]   UNCATEGORIZED: https://dewabet88.live
[2026-03-12T01:21:36.417Z]   UNCATEGORIZED: https://dewitoto.vip
[2026-03-12T01:21:36.417Z]   UNCATEGORIZED: https://diamondsattamatka.com
[2026-03-12T01:21:36.417Z]   UNCATEGORIZED: https://discover-stratford.com
[2026-03-12T01:21:36.417Z]   UNCATEGORIZED: https://diyhuntingmaps.com
[2026-03-12T01:21:36.417Z]   UNCATEGORIZED: https://dkk.sikdkkjepara.net
[2026-03-12T01:21:36.417Z]   UNCATEGORIZED: https://drchungmadison.com
[2026-03-12T01:21:36.417Z]   UNCATEGORIZED: https://drycleaningsarasota.com
[2026-03-12T01:21:36.417Z]   UNCATEGORIZED: https://eagledynamics.net
[2026-03-12T01:21:36.418Z]   UNCATEGORIZED: https://eatatlorenzos.com
[2026-03-12T01:21:36.418Z]   UNCATEGORIZED: https://eatfolklore.com
[2026-03-12T01:21:36.418Z]   UNCATEGORIZED: https://eatindy.com/food-tag/food-specials
[2026-03-12T01:21:36.418Z]   UNCATEGORIZED: https://ejournal.kopertais4.or.id
[2026-03-12T01:21:36.418Z]   UNCATEGORIZED: https://elementarformaturas.com
[2026-03-12T01:21:36.418Z]   UNCATEGORIZED: https://elgatograndemv.com
[2026-03-12T01:21:36.418Z]   UNCATEGORIZED: https://eliterepeatsshop.com
[2026-03-12T01:21:36.418Z]   UNCATEGORIZED: https://enailsspa.net
[2026-03-12T01:21:36.418Z]   UNCATEGORIZED: https://epollardmd.com
[2026-03-12T01:21:36.418Z]   UNCATEGORIZED: https://ernieshotlatherbarbershop.com
[2026-03-12T01:21:36.418Z]   UNCATEGORIZED: https://espressoplusuk.com
[2026-03-12T01:21:36.419Z]   UNCATEGORIZED: https://esshub.com
[2026-03-12T01:21:36.419Z]   UNCATEGORIZED: https://euclidmassage.com/team
[2026-03-12T01:21:36.419Z]   UNCATEGORIZED: https://evanailspalorain.com
[2026-03-12T01:21:36.419Z]   UNCATEGORIZED: https://evanwilkoff.com
[2026-03-12T01:21:36.419Z]   UNCATEGORIZED: https://eventspromotionsgrp.com
[2026-03-12T01:21:36.419Z]   UNCATEGORIZED: https://eventwholesalesupply.com/product/plastic-folding-chair
[2026-03-12T01:21:36.419Z]   UNCATEGORIZED: https://facethemusic.io
[2026-03-12T01:21:36.419Z]   UNCATEGORIZED: https://falconpizzahamden.com
[2026-03-12T01:21:36.419Z]   UNCATEGORIZED: https://famous100.com
[2026-03-12T01:21:36.419Z]   UNCATEGORIZED: https://fernandagroppa.com
[2026-03-12T01:21:36.419Z]   UNCATEGORIZED: https://fivetwokitchensc.com
[2026-03-12T01:21:36.420Z]   UNCATEGORIZED: https://fosliving.com/pricing
[2026-03-12T01:21:36.420Z]   UNCATEGORIZED: https://freightkitchen.com
[2026-03-12T01:21:36.420Z]   UNCATEGORIZED: https://frescocafe.net
[2026-03-12T01:21:36.420Z]   UNCATEGORIZED: https://fresnostateasi.org
[2026-03-12T01:21:36.420Z]   UNCATEGORIZED: https://fsathleticclub.net
[2026-03-12T01:21:36.420Z]   UNCATEGORIZED: https://fuguexpress.com
[2026-03-12T01:21:36.420Z]   UNCATEGORIZED: https://fuserecovery.com/contact
[2026-03-12T01:21:36.420Z]   UNCATEGORIZED: https://gacor1000.vip
[2026-03-12T01:21:36.420Z]   UNCATEGORIZED: https://gacor123.id
[2026-03-12T01:21:36.420Z]   UNCATEGORIZED: https://gacor123.net
[2026-03-12T01:21:36.420Z]   UNCATEGORIZED: https://gacor22.online
[2026-03-12T01:21:36.421Z]   UNCATEGORIZED: https://gacor22cuan.com
[2026-03-12T01:21:36.421Z]   UNCATEGORIZED: https://gacor22daftar.com
[2026-03-12T01:21:36.421Z]   UNCATEGORIZED: https://gacor22login.com
[2026-03-12T01:21:36.421Z]   UNCATEGORIZED: https://gacor66.live
[2026-03-12T01:21:36.421Z]   UNCATEGORIZED: https://gacor66.site
[2026-03-12T01:21:36.421Z]   UNCATEGORIZED: https://gacorjp.vip
[2026-03-12T01:21:36.421Z]   UNCATEGORIZED: https://garethgatessings.com/shows
[2026-03-12T01:21:36.421Z]   UNCATEGORIZED: https://garuda303.org
[2026-03-12T01:21:36.421Z]   UNCATEGORIZED: https://garuda303.rest
[2026-03-12T01:21:36.421Z]   UNCATEGORIZED: https://glaciericearena.net
[2026-03-12T01:21:36.422Z]   UNCATEGORIZED: https://gol138.vip
[2026-03-12T01:21:36.422Z]   UNCATEGORIZED: https://goldenfleecetavern.com
[2026-03-12T01:21:36.422Z]   UNCATEGORIZED: https://goodfoodvalley.com
[2026-03-12T01:21:36.422Z]   UNCATEGORIZED: https://goutexfoods.com
[2026-03-12T01:21:36.422Z]   UNCATEGORIZED: https://grandrapidstennisacademy.com
[2026-03-12T01:21:36.422Z]   UNCATEGORIZED: https://gravitykansascity.com
[2026-03-12T01:21:36.422Z]   UNCATEGORIZED: https://grebak.com
[2026-03-12T01:21:36.422Z]   UNCATEGORIZED: https://greeleynailspa.com
[2026-03-12T01:21:36.422Z]   UNCATEGORIZED: https://greentechcollisioncenter.com
[2026-03-12T01:21:36.422Z]   UNCATEGORIZED: https://grownuphydroponics.com
[2026-03-12T01:21:36.422Z]   UNCATEGORIZED: https://gurungrestaurantandbar.com
[2026-03-12T01:21:36.423Z]   UNCATEGORIZED: https://hahaspanc.com
[2026-03-12T01:21:36.423Z]   UNCATEGORIZED: https://hanasushikchicken.com
[2026-03-12T01:21:36.423Z]   UNCATEGORIZED: https://harshaddharod.com
[2026-03-12T01:21:36.423Z]   UNCATEGORIZED: https://hatchthefuture.org
[2026-03-12T01:21:36.423Z]   UNCATEGORIZED: https://hempire420.com
[2026-03-12T01:21:36.423Z]   UNCATEGORIZED: https://heylink.me/gacor66-daftar
[2026-03-12T01:21:36.423Z]   UNCATEGORIZED: https://heylink.me/gacor_66
[2026-03-12T01:21:36.423Z]   UNCATEGORIZED: https://heylink.me/hometokyo88
[2026-03-12T01:21:36.423Z]   UNCATEGORIZED: https://heylink.me/janji_gacor1
[2026-03-12T01:21:36.423Z]   UNCATEGORIZED: https://heylink.me/janjislotofficial
[2026-03-12T01:21:36.423Z]   UNCATEGORIZED: https://heylink.me/janjiwinofficial
[2026-03-12T01:21:36.423Z]   UNCATEGORIZED: https://heylink.me/zeus4d-daftar
[2026-03-12T01:21:36.423Z]   UNCATEGORIZED: https://hmclause.com
[2026-03-12T01:21:36.424Z]   UNCATEGORIZED: https://hobokenbarbell.com
[2026-03-12T01:21:36.424Z]   UNCATEGORIZED: https://hoki22brand.com
[2026-03-12T01:21:36.424Z]   UNCATEGORIZED: https://hokigacor.vip
[2026-03-12T01:21:36.424Z]   UNCATEGORIZED: https://homework-helponline.com
[2026-03-12T01:21:36.424Z]   UNCATEGORIZED: https://hostelifegokarna.com
[2026-03-12T01:21:36.424Z]   UNCATEGORIZED: https://houseofnizam.com
[2026-03-12T01:21:36.424Z]   UNCATEGORIZED: https://humphreybrothersbl.com/menu
[2026-03-12T01:21:36.424Z]   UNCATEGORIZED: https://hybridshoplocator.com
[2026-03-12T01:21:36.424Z]   UNCATEGORIZED: https://id.wikipedia.org/wiki/Pariwisata_di_Indonesia
[2026-03-12T01:21:36.424Z]   UNCATEGORIZED: https://ilovesabah.info
[2026-03-12T01:21:36.424Z]   UNCATEGORIZED: https://indianfoodarlington.com
[2026-03-12T01:21:36.424Z]   UNCATEGORIZED: https://indiansocialpanel.com
[2026-03-12T01:21:36.425Z]   UNCATEGORIZED: https://infini138.vip
[2026-03-12T01:21:36.425Z]   UNCATEGORIZED: https://informasiperusahaan.com
[2026-03-12T01:21:36.425Z]   UNCATEGORIZED: https://innerbaycafeandgrill.com
[2026-03-12T01:21:36.425Z]   UNCATEGORIZED: https://innseasonkitchen.com
[2026-03-12T01:21:36.425Z]   UNCATEGORIZED: https://inspirasi.co
[2026-03-12T01:21:36.425Z]   UNCATEGORIZED: https://invictakuru.com
[2026-03-12T01:21:36.425Z]   UNCATEGORIZED: https://ironritetattoo.com
[2026-03-12T01:21:36.425Z]   UNCATEGORIZED: https://jacksondrycleaners.net
[2026-03-12T01:21:36.425Z]   UNCATEGORIZED: https://janji-gacor.com
[2026-03-12T01:21:36.425Z]   UNCATEGORIZED: https://janjigacorslot.top
[2026-03-12T01:21:36.425Z]   UNCATEGORIZED: https://janjislot.org
[2026-03-12T01:21:36.425Z]   UNCATEGORIZED: https://janjiwin.net
[2026-03-12T01:21:36.426Z]   UNCATEGORIZED: https://janjiwin.world
[2026-03-12T01:21:36.426Z]   UNCATEGORIZED: https://janjiwingacor.com
[2026-03-12T01:21:36.426Z]   UNCATEGORIZED: https://jassisindianrestaurant.com
[2026-03-12T01:21:36.426Z]   UNCATEGORIZED: https://jatravelagency.com
[2026-03-12T01:21:36.426Z]   UNCATEGORIZED: https://jaxsautorecycling.com
[2026-03-12T01:21:36.426Z]   UNCATEGORIZED: https://jeremegreene.com
[2026-03-12T01:21:36.426Z]   UNCATEGORIZED: https://jettbowldelrio.com
[2026-03-12T01:21:36.426Z]   UNCATEGORIZED: https://jjk.cybrustech.net
[2026-03-12T01:21:36.426Z]   UNCATEGORIZED: https://joebennys.com
[2026-03-12T01:21:36.426Z]   UNCATEGORIZED: https://johnemilyalterations.com
[2026-03-12T01:21:36.426Z]   UNCATEGORIZED: https://journal.itk.ac.id
[2026-03-12T01:21:36.427Z]   UNCATEGORIZED: https://journal.oiu.edu.sd
[2026-03-12T01:21:36.427Z]   UNCATEGORIZED: https://jp138.vip
[2026-03-12T01:21:36.427Z]   UNCATEGORIZED: https://juancarlosupegui.com
[2026-03-12T01:21:36.427Z]   UNCATEGORIZED: https://juragan138.vip
[2026-03-12T01:21:36.427Z]   UNCATEGORIZED: https://jurnal.umpwr.ac.id
[2026-03-12T01:21:36.427Z]   UNCATEGORIZED: https://kapten88.vip
[2026-03-12T01:21:36.427Z]   UNCATEGORIZED: https://kaya99.vip
[2026-03-12T01:21:36.427Z]   UNCATEGORIZED: https://kersik.id
[2026-03-12T01:21:36.427Z]   UNCATEGORIZED: https://kramnutrition.com
[2026-03-12T01:21:36.427Z]   UNCATEGORIZED: https://kreasisungaiputat.id
[2026-03-12T01:21:36.428Z]   UNCATEGORIZED: https://krwilsontools.com
[2026-03-12T01:21:36.428Z]   UNCATEGORIZED: https://lacomilonasevilla.com
[2026-03-12T01:21:36.428Z]   UNCATEGORIZED: https://lapinehighlander.com
[2026-03-12T01:21:36.428Z]   UNCATEGORIZED: https://larosamexicanrestaurant.com
[2026-03-12T01:21:36.428Z]   UNCATEGORIZED: https://lawndaledispensary.com
[2026-03-12T01:21:36.428Z]   UNCATEGORIZED: https://leadersinvestmentclub.com
[2026-03-12T01:21:36.428Z]   UNCATEGORIZED: https://leejamesfloral.com
[2026-03-12T01:21:36.428Z]   UNCATEGORIZED: https://lespkyogyakarta.com
[2026-03-12T01:21:36.428Z]   UNCATEGORIZED: https://lingscafe1.com
[2026-03-12T01:21:36.428Z]   UNCATEGORIZED: https://link.space/@gacor123link
[2026-03-12T01:21:36.429Z]   UNCATEGORIZED: https://link.space/@hoki22link
[2026-03-12T01:21:36.429Z]   UNCATEGORIZED: https://linkfly.to/tokyo88
[2026-03-12T01:21:36.429Z]   UNCATEGORIZED: https://linklist.bio/389sports
[2026-03-12T01:21:36.429Z]   UNCATEGORIZED: https://linklist.bio/dewa66
[2026-03-12T01:21:36.429Z]   UNCATEGORIZED: https://linklist.bio/gacor123
[2026-03-12T01:21:36.429Z]   UNCATEGORIZED: https://linklist.bio/gacor66_
[2026-03-12T01:21:36.429Z]   UNCATEGORIZED: https://linklist.bio/garuda303login
[2026-03-12T01:21:36.429Z]   UNCATEGORIZED: https://linklist.bio/hoki22
[2026-03-12T01:21:36.429Z]   UNCATEGORIZED: https://linkr.bio/gacor123login
[2026-03-12T01:21:36.429Z]   UNCATEGORIZED: https://linkr.bio/hoki22link
[2026-03-12T01:21:36.429Z]   UNCATEGORIZED: https://linktokyo77.org
[2026-03-12T01:21:36.429Z]   UNCATEGORIZED: https://linktokyo88.org
[2026-03-12T01:21:36.430Z]   UNCATEGORIZED: https://linktr.ee/DEWA66
[2026-03-12T01:21:36.430Z]   UNCATEGORIZED: https://linktr.ee/janjiwingacor
[2026-03-12T01:21:36.430Z]   UNCATEGORIZED: https://linktr.ee/zeus4dlink
[2026-03-12T01:21:36.430Z]   UNCATEGORIZED: https://lion-cargo.com
[2026-03-12T01:21:36.430Z]   UNCATEGORIZED: https://livingstonservicecompany.com
[2026-03-12T01:21:36.430Z]   UNCATEGORIZED: https://logingacor22.com
[2026-03-12T01:21:36.430Z]   UNCATEGORIZED: https://lospinosrestaurants.com
[2026-03-12T01:21:36.430Z]   UNCATEGORIZED: https://lostrescochinitos.us
[2026-03-12T01:21:36.430Z]   UNCATEGORIZED: https://lowcostlifecoaching.com
[2026-03-12T01:21:36.430Z]   UNCATEGORIZED: https://lukespizza.net
[2026-03-12T01:21:36.430Z]   UNCATEGORIZED: https://lynk.id/gacor123login
[2026-03-12T01:21:36.431Z]   UNCATEGORIZED: https://lynk.id/hoki22
[2026-03-12T01:21:36.431Z]   UNCATEGORIZED: https://maasaieducation.org
[2026-03-12T01:21:36.431Z]   UNCATEGORIZED: https://magicelectric.biz
[2026-03-12T01:21:36.431Z]   UNCATEGORIZED: https://many.link/tokyo88
[2026-03-12T01:21:36.431Z]   UNCATEGORIZED: https://mapathon.com
[2026-03-12T01:21:36.431Z]   UNCATEGORIZED: https://marlborodiner.com
[2026-03-12T01:21:36.431Z]   UNCATEGORIZED: https://mctransportationservices.com
[2026-03-12T01:21:36.431Z]   UNCATEGORIZED: https://mdamuzaffarnagar.org
[2026-03-12T01:21:36.431Z]   UNCATEGORIZED: https://meechidabarber.com
[2026-03-12T01:21:36.432Z]   UNCATEGORIZED: https://mewah77.info
[2026-03-12T01:21:36.432Z]   UNCATEGORIZED: https://mexicanfoodclifton.com
[2026-03-12T01:21:36.432Z]   UNCATEGORIZED: https://mgdkitchen.com
[2026-03-12T01:21:36.432Z]   UNCATEGORIZED: https://midwestcontainerrepair.com
[2026-03-12T01:21:36.432Z]   UNCATEGORIZED: https://mikesupholsteryfresno.com
[2026-03-12T01:21:36.432Z]   UNCATEGORIZED: https://min1kotalhokseumawe.com/event
[2026-03-12T01:21:36.432Z]   UNCATEGORIZED: https://mindcoolness.com
[2026-03-12T01:21:36.432Z]   UNCATEGORIZED: https://miranchitoveracruzrestaurant.com
[2026-03-12T01:21:36.432Z]   UNCATEGORIZED: https://misohungrystatesboro.com/noodle-menu
[2026-03-12T01:21:36.432Z]   UNCATEGORIZED: https://mitsubachatham.com
[2026-03-12T01:21:36.432Z]   UNCATEGORIZED: https://monroviaoldtownpizzaca.com
[2026-03-12T01:21:36.433Z]   UNCATEGORIZED: https://motherhoodandmerlot.com
[2026-03-12T01:21:36.433Z]   UNCATEGORIZED: https://motherlandafricanfoodmarket.com
[2026-03-12T01:21:36.433Z]   UNCATEGORIZED: https://mpo1000.vip
[2026-03-12T01:21:36.433Z]   UNCATEGORIZED: https://mpo5000.vip
[2026-03-12T01:21:36.433Z]   UNCATEGORIZED: https://mrinvestorpro.com
[2026-03-12T01:21:36.433Z]   UNCATEGORIZED: https://mrsathasleeds.com
[2026-03-12T01:21:36.433Z]   UNCATEGORIZED: https://mrtacofoodtruck.com
[2026-03-12T01:21:36.433Z]   UNCATEGORIZED: https://mugsyspizza.com
[2026-03-12T01:21:36.433Z]   UNCATEGORIZED: https://myeahh.com
[2026-03-12T01:21:36.433Z]   UNCATEGORIZED: https://mygoldenchopsticks.com
[2026-03-12T01:21:36.433Z]   UNCATEGORIZED: https://myhousecalldoctor.com
[2026-03-12T01:21:36.434Z]   UNCATEGORIZED: https://myinstitute.net
[2026-03-12T01:21:36.434Z]   UNCATEGORIZED: https://mynewdaycafe.com
[2026-03-12T01:21:36.434Z]   UNCATEGORIZED: https://mytutorme.com
[2026-03-12T01:21:36.434Z]   UNCATEGORIZED: https://nailisticspa.com
[2026-03-12T01:21:36.434Z]   UNCATEGORIZED: https://nakedtigerhostel.com
[2026-03-12T01:21:36.434Z]   UNCATEGORIZED: https://nanolitesystems.org
[2026-03-12T01:21:36.434Z]   UNCATEGORIZED: https://nasikotak.id
[2026-03-12T01:21:36.434Z]   UNCATEGORIZED: https://nepalgunj.net
[2026-03-12T01:21:36.434Z]   UNCATEGORIZED: https://neshaminydiner.com
[2026-03-12T01:21:36.434Z]   UNCATEGORIZED: https://nexus88.biz
[2026-03-12T01:21:36.434Z]   UNCATEGORIZED: https://niagarafallsnailsspa.com
[2026-03-12T01:21:36.435Z]   UNCATEGORIZED: https://niemansmotorcyclerentals.com
[2026-03-12T01:21:36.435Z]   UNCATEGORIZED: https://nytdeli.com
[2026-03-12T01:21:36.435Z]   UNCATEGORIZED: https://officialwholemeltextracts.com
[2026-03-12T01:21:36.435Z]   UNCATEGORIZED: https://ojs.library.ubc.ca
[2026-03-12T01:21:36.435Z]   UNCATEGORIZED: https://ojs.unida.ac.id
[2026-03-12T01:21:36.435Z]   UNCATEGORIZED: https://oklahomadiscgolf.com
[2026-03-12T01:21:36.435Z]   UNCATEGORIZED: https://olx4d.vip
[2026-03-12T01:21:36.435Z]   UNCATEGORIZED: https://omaxekarolbagh.org
[2026-03-12T01:21:36.435Z]   UNCATEGORIZED: https://orangesfashion.com
[2026-03-12T01:21:36.435Z]   UNCATEGORIZED: https://osaka88slot.org
[2026-03-12T01:21:36.435Z]   UNCATEGORIZED: https://p4sc.org
[2026-03-12T01:21:36.436Z]   UNCATEGORIZED: https://pafiamparbenteng.org
[2026-03-12T01:21:36.436Z]   UNCATEGORIZED: https://pafikabbangko.org
[2026-03-12T01:21:36.436Z]   UNCATEGORIZED: https://pafikablabuhanbatuutara.org
[2026-03-12T01:21:36.436Z]   UNCATEGORIZED: https://pafikabnapalputih.org
[2026-03-12T01:21:36.436Z]   UNCATEGORIZED: https://pafikabpangkajenedankepulauan.org
[2026-03-12T01:21:36.436Z]   UNCATEGORIZED: https://pafikabrupit.org
[2026-03-12T01:21:36.436Z]   UNCATEGORIZED: https://pafikabtojouna-una.org
[2026-03-12T01:21:36.436Z]   UNCATEGORIZED: https://pafikabtubei.org
[2026-03-12T01:21:36.436Z]   UNCATEGORIZED: https://pafikecanjongan.org
[2026-03-12T01:21:36.436Z]   UNCATEGORIZED: https://pafikecbalai.org
[2026-03-12T01:21:36.437Z]   UNCATEGORIZED: https://pafikecbeduai.org
[2026-03-12T01:21:36.437Z]   UNCATEGORIZED: https://pafikecbelitang.org
[2026-03-12T01:21:36.437Z]   UNCATEGORIZED: https://pafikecbelitanghilir.org
[2026-03-12T01:21:36.437Z]   UNCATEGORIZED: https://pafikecbelitanghulu.org
[2026-03-12T01:21:36.437Z]   UNCATEGORIZED: https://pafikecbonti.org
[2026-03-12T01:21:36.437Z]   UNCATEGORIZED: https://pafikecentikong.org
[2026-03-12T01:21:36.437Z]   UNCATEGORIZED: https://pafikeckapuas.org
[2026-03-12T01:21:36.437Z]   UNCATEGORIZED: https://pafikeckembayan.org
[2026-03-12T01:21:36.437Z]   UNCATEGORIZED: https://pafikecmeliau.org
[2026-03-12T01:21:36.437Z]   UNCATEGORIZED: https://pafikecmempawahhilir.org
[2026-03-12T01:21:36.437Z]   UNCATEGORIZED: https://pafikecmempawahtimur.org
[2026-03-12T01:21:36.438Z]   UNCATEGORIZED: https://pafikecmukok.org
[2026-03-12T01:21:36.438Z]   UNCATEGORIZED: https://pafikecnangamahap.org
[2026-03-12T01:21:36.438Z]   UNCATEGORIZED: https://pafikecnangataman.org
[2026-03-12T01:21:36.438Z]   UNCATEGORIZED: https://pafikecparindu.org
[2026-03-12T01:21:36.438Z]   UNCATEGORIZED: https://pafikecsegedong.org
[2026-03-12T01:21:36.438Z]   UNCATEGORIZED: https://pafikecsekadauhilir.org
[2026-03-12T01:21:36.438Z]   UNCATEGORIZED: https://pafikecsekadauhulu.org
[2026-03-12T01:21:36.438Z]   UNCATEGORIZED: https://pafikecsekayam.org
[2026-03-12T01:21:36.438Z]   UNCATEGORIZED: https://pafikecsiantan.org
[2026-03-12T01:21:36.438Z]   UNCATEGORIZED: https://pafikecsingkawangbarat.org
[2026-03-12T01:21:36.438Z]   UNCATEGORIZED: https://pafikecsingkawangselatan.org
[2026-03-12T01:21:36.438Z]   UNCATEGORIZED: https://pafikecsingkawangtengah.org
[2026-03-12T01:21:36.439Z]   UNCATEGORIZED: https://pafikecsingkawangtimur.org
[2026-03-12T01:21:36.439Z]   UNCATEGORIZED: https://pafikecsingkawangutara.org
[2026-03-12T01:21:36.439Z]   UNCATEGORIZED: https://pafikecsungaikunyit.org
[2026-03-12T01:21:36.439Z]   UNCATEGORIZED: https://pafikecsungaipinyuh.org
[2026-03-12T01:21:36.439Z]   UNCATEGORIZED: https://pafikectayanhilir.org
[2026-03-12T01:21:36.439Z]   UNCATEGORIZED: https://pafikectayanhulu.org
[2026-03-12T01:21:36.439Z]   UNCATEGORIZED: https://pafikectoba.org
[2026-03-12T01:21:36.439Z]   UNCATEGORIZED: https://pafikectoho.org
[2026-03-12T01:21:36.439Z]   UNCATEGORIZED: https://pafikotaagam.org
[2026-03-12T01:21:36.439Z]   UNCATEGORIZED: https://pafikotabau-bau.org
[2026-03-12T01:21:36.439Z]   UNCATEGORIZED: https://pafikotamesuji.org
[2026-03-12T01:21:36.440Z]   UNCATEGORIZED: https://pafikotanaganraya.org
[2026-03-12T01:21:36.440Z]   UNCATEGORIZED: https://pafikotanagekeo.org
[2026-03-12T01:21:36.440Z]   UNCATEGORIZED: https://pafikotapadangpariaman.org
[2026-03-12T01:21:36.440Z]   UNCATEGORIZED: https://pafikotapasaman.org
[2026-03-12T01:21:36.440Z]   UNCATEGORIZED: https://pafikotarokanhulu.org
[2026-03-12T01:21:36.440Z]   UNCATEGORIZED: https://pafikotasolokselatan.org
[2026-03-12T01:21:36.440Z]   UNCATEGORIZED: https://pafikotatebo.org
[2026-03-12T01:21:36.440Z]   UNCATEGORIZED: https://pafilangsa.org
[2026-03-12T01:21:36.440Z]   UNCATEGORIZED: https://pafinapalputih.org
[2026-03-12T01:21:36.440Z]   UNCATEGORIZED: https://pafiparimo.org
[2026-03-12T01:21:36.440Z]   UNCATEGORIZED: https://pafipcbangko.org
[2026-03-12T01:21:36.440Z]   UNCATEGORIZED: https://pafipcmanggarai.org
[2026-03-12T01:21:36.441Z]   UNCATEGORIZED: https://pafipcpadangpariaman.org
[2026-03-12T01:21:36.441Z]   UNCATEGORIZED: https://pafipcrupit.org
[2026-03-12T01:21:36.441Z]   UNCATEGORIZED: https://pafipcsolokselatan.org
[2026-03-12T01:21:36.441Z]   UNCATEGORIZED: https://pafipemkokotamobagu.org
[2026-03-12T01:21:36.441Z]   UNCATEGORIZED: https://pafisukamar.org
[2026-03-12T01:21:36.441Z]   UNCATEGORIZED: https://pafitabalong.org
[2026-03-12T01:21:36.441Z]   UNCATEGORIZED: https://pafiwangi-wangi.org
[2026-03-12T01:21:36.441Z]   UNCATEGORIZED: https://paparazziclt.com
[2026-03-12T01:21:36.441Z]   UNCATEGORIZED: https://papi4d.com
[2026-03-12T01:21:36.441Z]   UNCATEGORIZED: https://pasoroblesolivefestival.com
[2026-03-12T01:21:36.441Z]   UNCATEGORIZED: https://pastago.us/catering-miami
[2026-03-12T01:21:36.442Z]   UNCATEGORIZED: https://patiothairestaurant.com
[2026-03-12T01:21:36.442Z]   UNCATEGORIZED: https://paulburmaster.com
[2026-03-12T01:21:36.442Z]   UNCATEGORIZED: https://pcnukabupatenmojokerto.com
[2026-03-12T01:21:36.442Z]   UNCATEGORIZED: https://perak4d.vip
[2026-03-12T01:21:36.442Z]   UNCATEGORIZED: https://perfectnailsnorthplatte.com/services
[2026-03-12T01:21:36.442Z]   UNCATEGORIZED: https://petaffaire.com
[2026-03-12T01:21:36.442Z]   UNCATEGORIZED: https://petsfoodrecall.com
[2026-03-12T01:21:36.442Z]   UNCATEGORIZED: https://pettibonesbar.com
[2026-03-12T01:21:36.442Z]   UNCATEGORIZED: https://phillytans.com
[2026-03-12T01:21:36.442Z]   UNCATEGORIZED: https://piggys-cafe.com
[2026-03-12T01:21:36.442Z]   UNCATEGORIZED: https://pikespeakblues.org
[2026-03-12T01:21:36.442Z]   UNCATEGORIZED: https://pizzalemadrien.com
[2026-03-12T01:21:36.443Z]   UNCATEGORIZED: https://planet138.vip
[2026-03-12T01:21:36.443Z]   UNCATEGORIZED: https://portaldasartesgraficas.com
[2026-03-12T01:21:36.443Z]   UNCATEGORIZED: https://potbotics.com
[2026-03-12T01:21:36.443Z]   UNCATEGORIZED: https://powerhousebuffalo.com
[2026-03-12T01:21:36.443Z]   UNCATEGORIZED: https://premiersportsbook.net
[2026-03-12T01:21:36.443Z]   UNCATEGORIZED: https://primetimesportsandgrill.com
[2026-03-12T01:21:36.443Z]   UNCATEGORIZED: https://princeshop.org
[2026-03-12T01:21:36.443Z]   UNCATEGORIZED: https://prospectcafepizza.com
[2026-03-12T01:21:36.443Z]   UNCATEGORIZED: https://protectnyheroes.org
[2026-03-12T01:21:36.443Z]   UNCATEGORIZED: https://prwillisllp.com/contact.html
[2026-03-12T01:21:36.443Z]   UNCATEGORIZED: https://pwtfcu.org
[2026-03-12T01:21:36.444Z]   UNCATEGORIZED: https://raja5000.vip
[2026-03-12T01:21:36.444Z]   UNCATEGORIZED: https://rajabet88.vip
[2026-03-12T01:21:36.444Z]   UNCATEGORIZED: https://rajacuan188.vip
[2026-03-12T01:21:36.444Z]   UNCATEGORIZED: https://rawaestheticsandwellness.com
[2026-03-12T01:21:36.444Z]   UNCATEGORIZED: https://redbarnmilkco.com
[2026-03-12T01:21:36.444Z]   UNCATEGORIZED: https://regisgacor22.com
[2026-03-12T01:21:36.444Z]   UNCATEGORIZED: https://restaurantsahtein.com
[2026-03-12T01:21:36.444Z]   UNCATEGORIZED: https://rikoperuviancuisine.com
[2026-03-12T01:21:36.444Z]   UNCATEGORIZED: https://rishospital.com/tentang-kami
[2026-03-12T01:21:36.444Z]   UNCATEGORIZED: https://riverfrontpizzaky.com
[2026-03-12T01:21:36.444Z]   UNCATEGORIZED: https://riversidechurros.com
[2026-03-12T01:21:36.444Z]   UNCATEGORIZED: https://rodgrentacar.com
[2026-03-12T01:21:36.445Z]   UNCATEGORIZED: https://rolex138.vip
[2026-03-12T01:21:36.445Z]   UNCATEGORIZED: https://roseleafcares.com
[2026-03-12T01:21:36.445Z]   UNCATEGORIZED: https://roslynkosher.com
[2026-03-12T01:21:36.445Z]   UNCATEGORIZED: https://royal22vip.com
[2026-03-12T01:21:36.445Z]   UNCATEGORIZED: https://rrjjc.com
[2026-03-12T01:21:36.445Z]   UNCATEGORIZED: https://rtpgaruda303.info
[2026-03-12T01:21:36.445Z]   UNCATEGORIZED: https://runwright.net
[2026-03-12T01:21:36.445Z]   UNCATEGORIZED: https://russiaintranslation.com
[2026-03-12T01:21:36.445Z]   UNCATEGORIZED: https://saintjoeclubfun.com
[2026-03-12T01:21:36.445Z]   UNCATEGORIZED: https://sakayabento.com
[2026-03-12T01:21:36.445Z]   UNCATEGORIZED: https://sakuraspawv.com
[2026-03-12T01:21:36.445Z]   UNCATEGORIZED: https://samirashomemade.com
[2026-03-12T01:21:36.446Z]   UNCATEGORIZED: https://sammyscoffee.com
[2026-03-12T01:21:36.446Z]   UNCATEGORIZED: https://sandkautomotive.com
[2026-03-12T01:21:36.446Z]   UNCATEGORIZED: https://sarahholtz.com
[2026-03-12T01:21:36.446Z]   UNCATEGORIZED: https://satvicfood.chinnajeeyar.org/disclaimer
[2026-03-12T01:21:36.446Z]   UNCATEGORIZED: https://savonix.com
[2026-03-12T01:21:36.446Z]   UNCATEGORIZED: https://scbet88game.com
[2026-03-12T01:21:36.446Z]   UNCATEGORIZED: https://screvencounty.com
[2026-03-12T01:21:36.446Z]   UNCATEGORIZED: https://seafoodcirebon.com
[2026-03-12T01:21:36.446Z]   UNCATEGORIZED: https://seer.ufrgs.br/index.php/philia/article/view/103989
[2026-03-12T01:21:36.446Z]   UNCATEGORIZED: https://sehrayamag.com
[2026-03-12T01:21:36.447Z]   UNCATEGORIZED: https://serieadictos.com
[2026-03-12T01:21:36.447Z]   UNCATEGORIZED: https://sewingperfectquilts.com
[2026-03-12T01:21:36.447Z]   UNCATEGORIZED: https://shampoomesalon.com
[2026-03-12T01:21:36.447Z]   UNCATEGORIZED: https://sheshecakes.com
[2026-03-12T01:21:36.447Z]   UNCATEGORIZED: https://shopjawbreaking.com
[2026-03-12T01:21:36.447Z]   UNCATEGORIZED: https://shoppirkey.com/products/joslin-dress
[2026-03-12T01:21:36.447Z]   UNCATEGORIZED: https://shor.by/Tokyo88
[2026-03-12T01:21:36.447Z]   UNCATEGORIZED: https://siamcuisinebynit.com
[2026-03-12T01:21:36.447Z]   UNCATEGORIZED: https://sikat-beacukailangsa.com
[2026-03-12T01:21:36.447Z]   UNCATEGORIZED: https://situsjg.online
[2026-03-12T01:21:36.447Z]   UNCATEGORIZED: https://situsjg.site
[2026-03-12T01:21:36.447Z]   UNCATEGORIZED: https://slot.bio/zeus4d_
[2026-03-12T01:21:36.448Z]   UNCATEGORIZED: https://slotjoker123.digital
[2026-03-12T01:21:36.448Z]   UNCATEGORIZED: https://slotspaceman.site
[2026-03-12T01:21:36.448Z]   UNCATEGORIZED: https://smpn1sht.com
[2026-03-12T01:21:36.448Z]   UNCATEGORIZED: https://snackattackmovie.com
[2026-03-12T01:21:36.448Z]   UNCATEGORIZED: https://sneakerslink.com
[2026-03-12T01:21:36.448Z]   UNCATEGORIZED: https://sobbagel.com/hot-sandwiches
[2026-03-12T01:21:36.448Z]   UNCATEGORIZED: https://sonnetwellness.com
[2026-03-12T01:21:36.448Z]   UNCATEGORIZED: https://sophieparisph.com
[2026-03-12T01:21:36.448Z]   UNCATEGORIZED: https://spectrumlocationsolutions.com
[2026-03-12T01:21:36.448Z]   UNCATEGORIZED: https://spiff54.com
[2026-03-12T01:21:36.448Z]   UNCATEGORIZED: https://spinitloud.com
[2026-03-12T01:21:36.448Z]   UNCATEGORIZED: https://springmexicangrill.com
[2026-03-12T01:21:36.449Z]   UNCATEGORIZED: https://sprocketsbrewhouses.com
[2026-03-12T01:21:36.449Z]   UNCATEGORIZED: https://srtfix.com
[2026-03-12T01:21:36.449Z]   UNCATEGORIZED: https://star138.vip
[2026-03-12T01:21:36.449Z]   UNCATEGORIZED: https://studentstelkomuniversity.com
[2026-03-12T01:21:36.449Z]   UNCATEGORIZED: https://sunnysidecafect.com
[2026-03-12T01:21:36.449Z]   UNCATEGORIZED: https://sunscoop.com
[2026-03-12T01:21:36.449Z]   UNCATEGORIZED: https://sushiexperto.com
[2026-03-12T01:21:36.449Z]   UNCATEGORIZED: https://swissdronesystems.com
[2026-03-12T01:21:36.449Z]   UNCATEGORIZED: https://t3west.com
[2026-03-12T01:21:36.449Z]   UNCATEGORIZED: https://taosfriction.com
[2026-03-12T01:21:36.449Z]   UNCATEGORIZED: https://taplink.cc/linktokyo88
[2026-03-12T01:21:36.449Z]   UNCATEGORIZED: https://taproomhilden.com
[2026-03-12T01:21:36.450Z]   UNCATEGORIZED: https://tazadeexcelenciamexico.org
[2026-03-12T01:21:36.450Z]   UNCATEGORIZED: https://teachlivebaltimore.com
[2026-03-12T01:21:36.450Z]   UNCATEGORIZED: https://teriyakigrillhouse.com
[2026-03-12T01:21:36.450Z]   UNCATEGORIZED: https://texansfit.com
[2026-03-12T01:21:36.450Z]   UNCATEGORIZED: https://thai2gonow.com
[2026-03-12T01:21:36.450Z]   UNCATEGORIZED: https://thaiorchidsusa.com
[2026-03-12T01:21:36.450Z]   UNCATEGORIZED: https://the1234shoreditch.com
[2026-03-12T01:21:36.450Z]   UNCATEGORIZED: https://thebedfarm.com
[2026-03-12T01:21:36.450Z]   UNCATEGORIZED: https://thebenchcommission.net
[2026-03-12T01:21:36.450Z]   UNCATEGORIZED: https://theblocksharpener.com
[2026-03-12T01:21:36.451Z]   UNCATEGORIZED: https://theboaringtruth.org/field-signs
[2026-03-12T01:21:36.451Z]   UNCATEGORIZED: https://theboilbar.com
[2026-03-12T01:21:36.451Z]   UNCATEGORIZED: https://thebridgeatcornelltech.com
[2026-03-12T01:21:36.451Z]   UNCATEGORIZED: https://thebudranchgardencenter.com
[2026-03-12T01:21:36.451Z]   UNCATEGORIZED: https://thecedarpointhouse.com
[2026-03-12T01:21:36.451Z]   UNCATEGORIZED: https://thecrazycakelady.net
[2026-03-12T01:21:36.451Z]   UNCATEGORIZED: https://thedivineeyetattoo.com
[2026-03-12T01:21:36.451Z]   UNCATEGORIZED: https://thedvinecafe.com
[2026-03-12T01:21:36.451Z]   UNCATEGORIZED: https://thefarmhousefluff.com
[2026-03-12T01:21:36.451Z]   UNCATEGORIZED: https://theinfinitypencil.com
[2026-03-12T01:21:36.451Z]   UNCATEGORIZED: https://theladylovescouture.com
[2026-03-12T01:21:36.452Z]   UNCATEGORIZED: https://theliopizza.com
[2026-03-12T01:21:36.452Z]   UNCATEGORIZED: https://thelitehousestudio.net
[2026-03-12T01:21:36.452Z]   UNCATEGORIZED: https://theloveofcakes.com
[2026-03-12T01:21:36.452Z]   UNCATEGORIZED: https://themarinerormondbeach.com
[2026-03-12T01:21:36.452Z]   UNCATEGORIZED: https://themeansar.com
[2026-03-12T01:21:36.452Z]   UNCATEGORIZED: https://themeansar.com/free-themes/blogus
[2026-03-12T01:21:36.452Z]   UNCATEGORIZED: https://themesbyjames.com
[2026-03-12T01:21:36.452Z]   UNCATEGORIZED: https://themiradorbnb.com
[2026-03-12T01:21:36.452Z]   UNCATEGORIZED: https://theparkwaydentist.com
[2026-03-12T01:21:36.452Z]   UNCATEGORIZED: https://thepurpledoor.info
[2026-03-12T01:21:36.452Z]   UNCATEGORIZED: https://therosehostel.com
[2026-03-12T01:21:36.453Z]   UNCATEGORIZED: https://theroyalcrestapts.com
[2026-03-12T01:21:36.453Z]   UNCATEGORIZED: https://thesimplynourish.com
[2026-03-12T01:21:36.453Z]   UNCATEGORIZED: https://thesleepstyler.com
[2026-03-12T01:21:36.453Z]   UNCATEGORIZED: https://thespotlighteventsqc.com
[2026-03-12T01:21:36.453Z]   UNCATEGORIZED: https://theviewestes.com/estes-park-weddings
[2026-03-12T01:21:36.453Z]   UNCATEGORIZED: https://thewashdawg.com
[2026-03-12T01:21:36.453Z]   UNCATEGORIZED: https://thewiltongarage.com/reviews
[2026-03-12T01:21:36.453Z]   UNCATEGORIZED: https://thriftymum.com
[2026-03-12T01:21:36.453Z]   UNCATEGORIZED: https://throwbacksnj.com
[2026-03-12T01:21:36.453Z]   UNCATEGORIZED: https://topnotchvehicles.com
[2026-03-12T01:21:36.454Z]   UNCATEGORIZED: https://toppenridge.com/architecture
[2026-03-12T01:21:36.454Z]   UNCATEGORIZED: https://totobet88.vip
[2026-03-12T01:21:36.454Z]   UNCATEGORIZED: https://tricicloperumke.com
[2026-03-12T01:21:36.454Z]   UNCATEGORIZED: https://tsmandymayhem.com
[2026-03-12T01:21:36.454Z]   UNCATEGORIZED: https://umefooddk.com
[2026-03-12T01:21:36.454Z]   UNCATEGORIZED: https://uniquefullservicesalon.com
[2026-03-12T01:21:36.454Z]   UNCATEGORIZED: https://uptownchinaseattlewa.com
[2026-03-12T01:21:36.454Z]   UNCATEGORIZED: https://uturnlounge.com
[2026-03-12T01:21:36.454Z]   UNCATEGORIZED: https://vacaystyle.com
[2026-03-12T01:21:36.454Z]   UNCATEGORIZED: https://valuablestories.com
[2026-03-12T01:21:36.454Z]   UNCATEGORIZED: https://veganplayer.com
[2026-03-12T01:21:36.454Z]   UNCATEGORIZED: https://vegashoki.live
[2026-03-12T01:21:36.455Z]   UNCATEGORIZED: https://venom-defense.com
[2026-03-12T01:21:36.455Z]   UNCATEGORIZED: https://vermontadventurevans.com
[2026-03-12T01:21:36.455Z]   UNCATEGORIZED: https://vernasgrocery.com
[2026-03-12T01:21:36.455Z]   UNCATEGORIZED: https://vicousticna.com
[2026-03-12T01:21:36.455Z]   UNCATEGORIZED: https://viewmke.com
[2026-03-12T01:21:36.455Z]   UNCATEGORIZED: https://villageofbocabarwood.com
[2026-03-12T01:21:36.455Z]   UNCATEGORIZED: https://villageofhempsteadespri.org
[2026-03-12T01:21:36.455Z]   UNCATEGORIZED: https://vitalbake.com/fricassee-cake-recipes
[2026-03-12T01:21:36.455Z]   UNCATEGORIZED: https://waikikigangnamstyle.com
[2026-03-12T01:21:36.455Z]   UNCATEGORIZED: https://waxbarypsi.com
[2026-03-12T01:21:36.455Z]   UNCATEGORIZED: https://waynespizza.com
[2026-03-12T01:21:36.456Z]   UNCATEGORIZED: https://weirdestsports.com/bo-taoshi
[2026-03-12T01:21:36.456Z]   UNCATEGORIZED: https://welkvacations.com
[2026-03-12T01:21:36.456Z]   UNCATEGORIZED: https://what-near-me.com
[2026-03-12T01:21:36.456Z]   UNCATEGORIZED: https://whatsonkorat.com
[2026-03-12T01:21:36.456Z]   UNCATEGORIZED: https://whippersnapstp.com
[2026-03-12T01:21:36.456Z]   UNCATEGORIZED: https://wisands.com
[2026-03-12T01:21:36.456Z]   UNCATEGORIZED: https://wolverinetackle.com
[2026-03-12T01:21:36.456Z]   UNCATEGORIZED: https://worldtechauto1.com
[2026-03-12T01:21:36.456Z]   UNCATEGORIZED: https://worrellsautomotive.com
[2026-03-12T01:21:36.456Z]   UNCATEGORIZED: https://wrfnursery.com/using-root-stimulator-on-new-plantings
[2026-03-12T01:21:36.457Z]   UNCATEGORIZED: https://wselfierva.com
[2026-03-12T01:21:36.457Z]   UNCATEGORIZED: https://wtwoodsonsports.com/how-many-inning-in-high-school-baseball
[2026-03-12T01:21:36.457Z]   UNCATEGORIZED: https://www.600cafeandgrill.com
[2026-03-12T01:21:36.457Z]   UNCATEGORIZED: https://www.aandapizza.com
[2026-03-12T01:21:36.457Z]   UNCATEGORIZED: https://www.acquaclub.com
[2026-03-12T01:21:36.457Z]   UNCATEGORIZED: https://www.alexandergronsky.com
[2026-03-12T01:21:36.457Z]   UNCATEGORIZED: https://www.alfaromeonb.com
[2026-03-12T01:21:36.457Z]   UNCATEGORIZED: https://www.andrus-nichols.com/upcoming.html
[2026-03-12T01:21:36.457Z]   UNCATEGORIZED: https://www.annejac.ac.in/syllabus
[2026-03-12T01:21:36.457Z]   UNCATEGORIZED: https://www.annierichardsonart.com
[2026-03-12T01:21:36.457Z]   UNCATEGORIZED: https://www.arkatzstore.com
[2026-03-12T01:21:36.458Z]   UNCATEGORIZED: https://www.asianbistrows.com
[2026-03-12T01:21:36.458Z]   UNCATEGORIZED: https://www.avmor.com
[2026-03-12T01:21:36.458Z]   UNCATEGORIZED: https://www.badosoft.com
[2026-03-12T01:21:36.458Z]   UNCATEGORIZED: https://www.bavarianpoint.net
[2026-03-12T01:21:36.458Z]   UNCATEGORIZED: https://www.beautysaloncollegestation.com
[2026-03-12T01:21:36.458Z]   UNCATEGORIZED: https://www.besthikarisushi.com
[2026-03-12T01:21:36.458Z]   UNCATEGORIZED: https://www.bgblooms.com
[2026-03-12T01:21:36.458Z]   UNCATEGORIZED: https://www.binghamtoncaterer.com
[2026-03-12T01:21:36.458Z]   UNCATEGORIZED: https://www.bistrosoleil.net
[2026-03-12T01:21:36.458Z]   UNCATEGORIZED: https://www.bitars.com
[2026-03-12T01:21:36.458Z]   UNCATEGORIZED: https://www.blackeyed.vodka
[2026-03-12T01:21:36.459Z]   UNCATEGORIZED: https://www.blissweddingfilms.com/wedding-films
[2026-03-12T01:21:36.459Z]   UNCATEGORIZED: https://www.blogxpressions.com
[2026-03-12T01:21:36.459Z]   UNCATEGORIZED: https://www.bodybanksfitness.com/shop
[2026-03-12T01:21:36.459Z]   UNCATEGORIZED: https://www.bonitachinawok.com
[2026-03-12T01:21:36.459Z]   UNCATEGORIZED: https://www.borderlineartcollective.com
[2026-03-12T01:21:36.459Z]   UNCATEGORIZED: https://www.bosspizza.co
[2026-03-12T01:21:36.459Z]   UNCATEGORIZED: https://www.botanarestaurante.com
[2026-03-12T01:21:36.459Z]   UNCATEGORIZED: https://www.bouchonlyonnais.fr
[2026-03-12T01:21:36.459Z]   UNCATEGORIZED: https://www.bowonacupunctureherb.com
[2026-03-12T01:21:36.459Z]   UNCATEGORIZED: https://www.bravadayachts.com
[2026-03-12T01:21:36.459Z]   UNCATEGORIZED: https://www.brennansbowery.com
[2026-03-12T01:21:36.460Z]   UNCATEGORIZED: https://www.bullandgarland.com
[2026-03-12T01:21:36.460Z]   UNCATEGORIZED: https://www.buonanottetoronto.com
[2026-03-12T01:21:36.460Z]   UNCATEGORIZED: https://www.calapizza.com
[2026-03-12T01:21:36.460Z]   UNCATEGORIZED: https://www.capemaycharter.com
[2026-03-12T01:21:36.460Z]   UNCATEGORIZED: https://www.carlsbadebikesandmoreca.com
[2026-03-12T01:21:36.460Z]   UNCATEGORIZED: https://www.carnevillamaria.com
[2026-03-12T01:21:36.460Z]   UNCATEGORIZED: https://www.catalantapasbar.com
[2026-03-12T01:21:36.460Z]   UNCATEGORIZED: https://www.cavespringga.com
[2026-03-12T01:21:36.460Z]   UNCATEGORIZED: https://www.challisroadhouse.com
[2026-03-12T01:21:36.460Z]   UNCATEGORIZED: https://www.chandlerlimoservice.com
[2026-03-12T01:21:36.460Z]   UNCATEGORIZED: https://www.clevly.com
[2026-03-12T01:21:36.461Z]   UNCATEGORIZED: https://www.cochonvolantchicago.com
[2026-03-12T01:21:36.461Z]   UNCATEGORIZED: https://www.coescape.com
[2026-03-12T01:21:36.461Z]   UNCATEGORIZED: https://www.congomoja.com
[2026-03-12T01:21:36.461Z]   UNCATEGORIZED: https://www.crazycrab.co
[2026-03-12T01:21:36.461Z]   UNCATEGORIZED: https://www.curtscleaners.com
[2026-03-12T01:21:36.461Z]   UNCATEGORIZED: https://www.delightfuldonutsmilton.com
[2026-03-12T01:21:36.461Z]   UNCATEGORIZED: https://www.denscosupply.com
[2026-03-12T01:21:36.461Z]   UNCATEGORIZED: https://www.dessertmonstersg.com
[2026-03-12T01:21:36.461Z]   UNCATEGORIZED: https://www.divazapatos.com
[2026-03-12T01:21:36.461Z]   UNCATEGORIZED: https://www.dodsonms.com
[2026-03-12T01:21:36.461Z]   UNCATEGORIZED: https://www.donpetrinospizzeriami.com
[2026-03-12T01:21:36.461Z]   UNCATEGORIZED: https://www.drunkendragon.com
[2026-03-12T01:21:36.461Z]   UNCATEGORIZED: https://www.easyparkusa.com
[2026-03-12T01:21:36.462Z]   UNCATEGORIZED: https://www.edoasiancuisine.com
[2026-03-12T01:21:36.462Z]   UNCATEGORIZED: https://www.eliteboatandrvstorage.com
[2026-03-12T01:21:36.462Z]   UNCATEGORIZED: https://www.elitify.com
[2026-03-12T01:21:36.462Z]   UNCATEGORIZED: https://www.eljardincolumbia.com
[2026-03-12T01:21:36.462Z]   UNCATEGORIZED: https://www.eltacofrescoeugene.com/about
[2026-03-12T01:21:36.462Z]   UNCATEGORIZED: https://www.eltacofrescoeugene.com/menu
[2026-03-12T01:21:36.462Z]   UNCATEGORIZED: https://www.eofficedirect.com
[2026-03-12T01:21:36.462Z]   UNCATEGORIZED: https://www.everestcafeandbar.com
[2026-03-12T01:21:36.462Z]   UNCATEGORIZED: https://www.everestvision.com
[2026-03-12T01:21:36.462Z]   UNCATEGORIZED: https://www.expoeventcenter.com
[2026-03-12T01:21:36.463Z]   UNCATEGORIZED: https://www.fabulisttravel.com
[2026-03-12T01:21:36.463Z]   UNCATEGORIZED: https://www.fairlandboysgymnastics.org
[2026-03-12T01:21:36.463Z]   UNCATEGORIZED: https://www.firstchoicerealty1.com
[2026-03-12T01:21:36.463Z]   UNCATEGORIZED: https://www.gacor66site.online
[2026-03-12T01:21:36.463Z]   UNCATEGORIZED: https://www.gardenmediterraneangrilllutz.com
[2026-03-12T01:21:36.463Z]   UNCATEGORIZED: https://www.garuda303.id
[2026-03-12T01:21:36.463Z]   UNCATEGORIZED: https://www.gentlebreezecabins.com
[2026-03-12T01:21:36.463Z]   UNCATEGORIZED: https://www.giffordfuneralhome.com
[2026-03-12T01:21:36.463Z]   UNCATEGORIZED: https://www.globalwater.org
[2026-03-12T01:21:36.463Z]   UNCATEGORIZED: https://www.goatfarmgaming.com
[2026-03-12T01:21:36.463Z]   UNCATEGORIZED: https://www.greatamericanpizzeria.com
[2026-03-12T01:21:36.463Z]   UNCATEGORIZED: https://www.greensupsalads.com
[2026-03-12T01:21:36.464Z]   UNCATEGORIZED: https://www.hairraisersalon.com/a-b-o-u-t
[2026-03-12T01:21:36.464Z]   UNCATEGORIZED: https://www.halfmoonisland.com
[2026-03-12T01:21:36.464Z]   UNCATEGORIZED: https://www.hannahmontanarentals.com
[2026-03-12T01:21:36.464Z]   UNCATEGORIZED: https://www.hargalaptop.id
[2026-03-12T01:21:36.464Z]   UNCATEGORIZED: https://www.harvardpsc.com
[2026-03-12T01:21:36.464Z]   UNCATEGORIZED: https://www.hegesrestaurant.com
[2026-03-12T01:21:36.464Z]   UNCATEGORIZED: https://www.holidaypizzamenu.com
[2026-03-12T01:21:36.464Z]   UNCATEGORIZED: https://www.horizonsolarpower.com
[2026-03-12T01:21:36.464Z]   UNCATEGORIZED: https://www.hosdenar.gov.co
[2026-03-12T01:21:36.464Z]   UNCATEGORIZED: https://www.hotelclassicchandigarh.com
[2026-03-12T01:21:36.464Z]   UNCATEGORIZED: https://www.huntfishcampwisconsin.com
[2026-03-12T01:21:36.465Z]   UNCATEGORIZED: https://www.huntingtonbeachpassports.com
[2026-03-12T01:21:36.465Z]   UNCATEGORIZED: https://www.hypnoticsalonspa.com
[2026-03-12T01:21:36.465Z]   UNCATEGORIZED: https://www.icedogfans.com
[2026-03-12T01:21:36.465Z]   UNCATEGORIZED: https://www.ifeelmaps.com
[2026-03-12T01:21:36.465Z]   UNCATEGORIZED: https://www.imaginemediaconsulting.com
[2026-03-12T01:21:36.465Z]   UNCATEGORIZED: https://www.imraan4congress.com
[2026-03-12T01:21:36.465Z]   UNCATEGORIZED: https://www.jackrooke.com
[2026-03-12T01:21:36.465Z]   UNCATEGORIZED: https://www.jandstransportation.net
[2026-03-12T01:21:36.465Z]   UNCATEGORIZED: https://www.janjislot.biz
[2026-03-12T01:21:36.465Z]   UNCATEGORIZED: https://www.jaysthaikitchen.com
[2026-03-12T01:21:36.465Z]   UNCATEGORIZED: https://www.kalaia.co
[2026-03-12T01:21:36.466Z]   UNCATEGORIZED: https://www.kenwoodlanegrille.com
[2026-03-12T01:21:36.466Z]   UNCATEGORIZED: https://www.kingscafechelmsford.com/locations
[2026-03-12T01:21:36.466Z]   UNCATEGORIZED: https://www.knitterly.net
[2026-03-12T01:21:36.466Z]   UNCATEGORIZED: https://www.kosherchicknchow.com
[2026-03-12T01:21:36.466Z]   UNCATEGORIZED: https://www.lalasport.com
[2026-03-12T01:21:36.466Z]   UNCATEGORIZED: https://www.larrykleinmusic.com
[2026-03-12T01:21:36.466Z]   UNCATEGORIZED: https://www.letsbuilddreams.com
[2026-03-12T01:21:36.466Z]   UNCATEGORIZED: https://www.limobangor.com
[2026-03-12T01:21:36.466Z]   UNCATEGORIZED: https://www.littlebrotherspizzamenu.com
[2026-03-12T01:21:36.466Z]   UNCATEGORIZED: https://www.luishortaecosta.com
[2026-03-12T01:21:36.466Z]   UNCATEGORIZED: https://www.macontreepros.com
[2026-03-12T01:21:36.467Z]   UNCATEGORIZED: https://www.madnesshub.com
[2026-03-12T01:21:36.467Z]   UNCATEGORIZED: https://www.magicchinacafe.com
[2026-03-12T01:21:36.467Z]   UNCATEGORIZED: https://www.mansion54.com
[2026-03-12T01:21:36.467Z]   UNCATEGORIZED: https://www.marcellospizzaandristorante.com
[2026-03-12T01:21:36.467Z]   UNCATEGORIZED: https://www.marukitchen.us
[2026-03-12T01:21:36.467Z]   UNCATEGORIZED: https://www.maryannstearoom.com
[2026-03-12T01:21:36.467Z]   UNCATEGORIZED: https://www.matthewdickmanpoetry.com
[2026-03-12T01:21:36.467Z]   UNCATEGORIZED: https://www.matutute.com
[2026-03-12T01:21:36.467Z]   UNCATEGORIZED: https://www.mebelkart.com
[2026-03-12T01:21:36.467Z]   UNCATEGORIZED: https://www.metropizzas.com
[2026-03-12T01:21:36.467Z]   UNCATEGORIZED: https://www.miasbliv.com
[2026-03-12T01:21:36.467Z]   UNCATEGORIZED: https://www.michaelfarren.com
[2026-03-12T01:21:36.468Z]   UNCATEGORIZED: https://www.michaelsmithmusic.com
[2026-03-12T01:21:36.468Z]   UNCATEGORIZED: https://www.milliondollarquartet.net
[2026-03-12T01:21:36.468Z]   UNCATEGORIZED: https://www.millwoodgardencenter.com
[2026-03-12T01:21:36.468Z]   UNCATEGORIZED: https://www.mommiecooks.com
[2026-03-12T01:21:36.468Z]   UNCATEGORIZED: https://www.mouratovalawfirm.com
[2026-03-12T01:21:36.468Z]   UNCATEGORIZED: https://www.muslim-housing.org
[2026-03-12T01:21:36.468Z]   UNCATEGORIZED: https://www.myangelcardreadings.com
[2026-03-12T01:21:36.468Z]   UNCATEGORIZED: https://www.myblessedhome.net
[2026-03-12T01:21:36.468Z]   UNCATEGORIZED: https://www.mynewdaycafe.com
[2026-03-12T01:21:36.468Z]   UNCATEGORIZED: https://www.neon-tiger.com
[2026-03-12T01:21:36.468Z]   UNCATEGORIZED: https://www.newhongkongnj.com
[2026-03-12T01:21:36.469Z]   UNCATEGORIZED: https://www.nomadcic.com
[2026-03-12T01:21:36.469Z]   UNCATEGORIZED: https://www.okinawalonetree.com
[2026-03-12T01:21:36.469Z]   UNCATEGORIZED: https://www.oldcapitaltavern.com
[2026-03-12T01:21:36.469Z]   UNCATEGORIZED: https://www.orderbozzyspizzeria.com
[2026-03-12T01:21:36.469Z]   UNCATEGORIZED: https://www.orderconstantinesdeli.com
[2026-03-12T01:21:36.469Z]   UNCATEGORIZED: https://www.ozkanelectronic.com
[2026-03-12T01:21:36.469Z]   UNCATEGORIZED: https://www.ozonelasertag.com
[2026-03-12T01:21:36.469Z]   UNCATEGORIZED: https://www.papawoodyspizza.com
[2026-03-12T01:21:36.469Z]   UNCATEGORIZED: https://www.pfstandardpoodles.com
[2026-03-12T01:21:36.469Z]   UNCATEGORIZED: https://www.photodigiscoping.com
[2026-03-12T01:21:36.469Z]   UNCATEGORIZED: https://www.piggytoespress.com
[2026-03-12T01:21:36.470Z]   UNCATEGORIZED: https://www.pinnstation.co
[2026-03-12T01:21:36.470Z]   UNCATEGORIZED: https://www.piso16.cultura.unam.mx
[2026-03-12T01:21:36.470Z]   UNCATEGORIZED: https://www.pizzachefguyton.com
[2026-03-12T01:21:36.470Z]   UNCATEGORIZED: https://www.plumtomatoespizza.com
[2026-03-12T01:21:36.470Z]   UNCATEGORIZED: https://www.precisiongageinc.com
[2026-03-12T01:21:36.470Z]   UNCATEGORIZED: https://www.professionallyfaded.com
[2026-03-12T01:21:36.470Z]   UNCATEGORIZED: https://www.qualityyouthdevelopment.org
[2026-03-12T01:21:36.470Z]   UNCATEGORIZED: https://www.ramirezdoorglass.com
[2026-03-12T01:21:36.470Z]   UNCATEGORIZED: https://www.ranasbridgeofallan.com/menus.html
[2026-03-12T01:21:36.470Z]   UNCATEGORIZED: https://www.redemprendia.org
[2026-03-12T01:21:36.470Z]   UNCATEGORIZED: https://www.redhillspowersports.com
[2026-03-12T01:21:36.471Z]   UNCATEGORIZED: https://www.relaxinelysium.com
[2026-03-12T01:21:36.471Z]   UNCATEGORIZED: https://www.repmetcalfe.com
[2026-03-12T01:21:36.471Z]   UNCATEGORIZED: https://www.resthavenmotel.net
[2026-03-12T01:21:36.471Z]   UNCATEGORIZED: https://www.revivecleaningservice.com
[2026-03-12T01:21:36.471Z]   UNCATEGORIZED: https://www.roxsbar.com
[2026-03-12T01:21:36.471Z]   UNCATEGORIZED: https://www.ruestreetcottage.com/product-page/breakfast-nook
[2026-03-12T01:21:36.471Z]   UNCATEGORIZED: https://www.rumahyatimalphajateng.org
[2026-03-12T01:21:36.471Z]   UNCATEGORIZED: https://www.ryanwalshquilts.com
[2026-03-12T01:21:36.471Z]   UNCATEGORIZED: https://www.samstapmke.com
[2026-03-12T01:21:36.471Z]   UNCATEGORIZED: https://www.sarahs-sweets.com
[2026-03-12T01:21:36.471Z]   UNCATEGORIZED: https://www.scrapmetaljunkie.com
[2026-03-12T01:21:36.472Z]   UNCATEGORIZED: https://www.scrupleshouston.com
[2026-03-12T01:21:36.472Z]   UNCATEGORIZED: https://www.serenitymemorialgardens.net
[2026-03-12T01:21:36.472Z]   UNCATEGORIZED: https://www.sewickleyconfectionery.com
[2026-03-12T01:21:36.472Z]   UNCATEGORIZED: https://www.shanghaitokyocafemd.com
[2026-03-12T01:21:36.472Z]   UNCATEGORIZED: https://www.shischool.com
[2026-03-12T01:21:36.472Z]   UNCATEGORIZED: https://www.shopafle.com
[2026-03-12T01:21:36.472Z]   UNCATEGORIZED: https://www.showmanfurniture.com
[2026-03-12T01:21:36.472Z]   UNCATEGORIZED: https://www.shoyudenver.com
[2026-03-12T01:21:36.472Z]   UNCATEGORIZED: https://www.sideburnersbbq.com
[2026-03-12T01:21:36.472Z]   UNCATEGORIZED: https://www.siding14brewing.com
[2026-03-12T01:21:36.472Z]   UNCATEGORIZED: https://www.socalacuradealers.com
[2026-03-12T01:21:36.472Z]   UNCATEGORIZED: https://www.socksrocks.com/about-the-doctors
[2026-03-12T01:21:36.473Z]   UNCATEGORIZED: https://www.solarftp.com
[2026-03-12T01:21:36.473Z]   UNCATEGORIZED: https://www.someonetosew.com
[2026-03-12T01:21:36.473Z]   UNCATEGORIZED: https://www.soundslikekathleen.com
[2026-03-12T01:21:36.473Z]   UNCATEGORIZED: https://www.sourceonemeds.com/drops
[2026-03-12T01:21:36.473Z]   UNCATEGORIZED: https://www.speedxbrentwood.com
[2026-03-12T01:21:36.473Z]   UNCATEGORIZED: https://www.sprinklescakes.net
[2026-03-12T01:21:36.473Z]   UNCATEGORIZED: https://www.stan-im.ac.id
[2026-03-12T01:21:36.473Z]   UNCATEGORIZED: https://www.standupburgers.com
[2026-03-12T01:21:36.473Z]   UNCATEGORIZED: https://www.starommillenia.com
[2026-03-12T01:21:36.473Z]   UNCATEGORIZED: https://www.stephanemanel.com
[2026-03-12T01:21:36.473Z]   UNCATEGORIZED: https://www.stoneblockartandantiques.com
[2026-03-12T01:21:36.474Z]   UNCATEGORIZED: https://www.studio2204.com
[2026-03-12T01:21:36.474Z]   UNCATEGORIZED: https://www.successpointconsulting.com
[2026-03-12T01:21:36.474Z]   UNCATEGORIZED: https://www.sun-kitchen.com
[2026-03-12T01:21:36.474Z]   UNCATEGORIZED: https://www.sunshinelandscapingny.com
[2026-03-12T01:21:36.474Z]   UNCATEGORIZED: https://www.survivalandserenity.com
[2026-03-12T01:21:36.474Z]   UNCATEGORIZED: https://www.sushifactoryfiske.com
[2026-03-12T01:21:36.474Z]   UNCATEGORIZED: https://www.swamijuicetampa.com
[2026-03-12T01:21:36.474Z]   UNCATEGORIZED: https://www.synaesthesiamagazine.com
[2026-03-12T01:21:36.474Z]   UNCATEGORIZED: https://www.tackleboxseafood.com
[2026-03-12T01:21:36.474Z]   UNCATEGORIZED: https://www.tatsacto.com
[2026-03-12T01:21:36.474Z]   UNCATEGORIZED: https://www.tazauae.com/al-nahda
[2026-03-12T01:21:36.475Z]   UNCATEGORIZED: https://www.tazauae.com/al-rigga
[2026-03-12T01:21:36.475Z]   UNCATEGORIZED: https://www.tazauae.com/dhiyafa
[2026-03-12T01:21:36.475Z]   UNCATEGORIZED: https://www.thaieastfusion.com
[2026-03-12T01:21:36.475Z]   UNCATEGORIZED: https://www.thecopperpotrestaurant.com
[2026-03-12T01:21:36.475Z]   UNCATEGORIZED: https://www.thecrookedknife.com
[2026-03-12T01:21:36.475Z]   UNCATEGORIZED: https://www.theculturalcenter.com
[2026-03-12T01:21:36.475Z]   UNCATEGORIZED: https://www.thegrandadcompany.com
[2026-03-12T01:21:36.475Z]   UNCATEGORIZED: https://www.themicrobladingbible.com
[2026-03-12T01:21:36.475Z]   UNCATEGORIZED: https://www.thepaddockcafe.com
[2026-03-12T01:21:36.475Z]   UNCATEGORIZED: https://www.thepilatesworkshopsf.com
[2026-03-12T01:21:36.476Z]   UNCATEGORIZED: https://www.thepwc.xyz
[2026-03-12T01:21:36.476Z]   UNCATEGORIZED: https://www.thequietintheland.org
[2026-03-12T01:21:36.476Z]   UNCATEGORIZED: https://www.thestickpic.com
[2026-03-12T01:21:36.476Z]   UNCATEGORIZED: https://www.tinkleonline.com
[2026-03-12T01:21:36.476Z]   UNCATEGORIZED: https://www.toriestastytreats.com
[2026-03-12T01:21:36.476Z]   UNCATEGORIZED: https://www.traditionscompany.com
[2026-03-12T01:21:36.476Z]   UNCATEGORIZED: https://www.traininghamilton.com
[2026-03-12T01:21:36.476Z]   UNCATEGORIZED: https://www.treeswindon.com
[2026-03-12T01:21:36.476Z]   UNCATEGORIZED: https://www.triciascafe.com
[2026-03-12T01:21:36.476Z]   UNCATEGORIZED: https://www.turkeycreeklodgeandrv.com/about.html
[2026-03-12T01:21:36.476Z]   UNCATEGORIZED: https://www.ucchm.org
[2026-03-12T01:21:36.476Z]   UNCATEGORIZED: https://www.venetownsc.com
[2026-03-12T01:21:36.477Z]   UNCATEGORIZED: https://www.vilamaska.com
[2026-03-12T01:21:36.477Z]   UNCATEGORIZED: https://www.vinelanddental.com
[2026-03-12T01:21:36.477Z]   UNCATEGORIZED: https://www.visitsevierar.com
[2026-03-12T01:21:36.477Z]   UNCATEGORIZED: https://www.weddingdates.id
[2026-03-12T01:21:36.477Z]   UNCATEGORIZED: https://www.whitebirchbrewing.com
[2026-03-12T01:21:36.477Z]   UNCATEGORIZED: https://www.whitemtauto.com
[2026-03-12T01:21:36.477Z]   UNCATEGORIZED: https://www.yogapublic.com
[2026-03-12T01:21:36.477Z]   UNCATEGORIZED: https://www.yogofactory.com
[2026-03-12T01:21:36.477Z]   UNCATEGORIZED: https://www.yvolvesports.com
[2026-03-12T01:21:36.477Z]   UNCATEGORIZED: https://www.zanemaloneyracing.com
[2026-03-12T01:21:36.477Z]   UNCATEGORIZED: https://www.zhonghuarestaurant.com
[2026-03-12T01:21:36.478Z]   UNCATEGORIZED: https://xo4d.vip
[2026-03-12T01:21:36.478Z]   UNCATEGORIZED: https://yaffagrillmiamisburg.com
[2026-03-12T01:21:36.478Z]   UNCATEGORIZED: https://yangfootspa.com
[2026-03-12T01:21:36.478Z]   UNCATEGORIZED: https://yellowbandcoffeeroasters.com
[2026-03-12T01:21:36.478Z]   UNCATEGORIZED: https://yellowbellychicken.com
[2026-03-12T01:21:36.478Z]   UNCATEGORIZED: https://yourfantasticsams.com
[2026-03-12T01:21:36.478Z]   UNCATEGORIZED: https://zappisbikecafe.com
[2026-03-12T01:21:36.478Z]   UNCATEGORIZED: https://zeroascope.com
[2026-03-12T01:21:36.478Z]   UNCATEGORIZED: https://zobowithashotgun.com
[2026-03-12T01:21:36.478Z]   UNCATEGORIZED: https://zoommeetingbackgrounds.com
[2026-03-12T01:21:36.478Z]   UNCATEGORIZED: https://zoyuz.com
[2026-03-12T01:21:36.478Z]   UNCATEGORIZED: https://zukanaperville.com
[2026-03-12T01:21:36.479Z] Programmatic result: ws:1 | 859 uncategorized
[2026-03-12T01:21:36.479Z] Sending uncategorized links + HTML sections to AI for analysis...
[2026-03-12T01:21:36.479Z] Saved AI prompt (8625 chars) to ai_prompt.txt
[2026-03-12T01:21:36.479Z]   AI: Connecting to LM Studio at http://100.86.94.30:1234 (model: Qwen2.5-72B-Instruct-GGUF)...
[2026-03-12T01:21:36.497Z]   AI: Connected — HTTP 200, waiting for first token...
[2026-03-12T01:22:15.141Z]   AI: First token received, streaming...
[2026-03-12T01:22:15.638Z] AI response complete: 25 chars in 39.2s
[2026-03-12T01:22:15.639Z] Saved AI response to ai_response.json
[2026-03-12T01:22:15.639Z] ── Parsing AI response (1 lines) ──
[2026-03-12T01:22:15.639Z]   AI LINK: https://bloggersbase.com/
[2026-03-12T01:22:15.640Z] AI returned 1 valid links
[2026-03-12T01:22:15.640Z] ── Categorizing 1 AI-returned links ──
[2026-03-12T01:22:15.640Z]   AI→URLS: https://bloggersbase.com (cleaned from https://bloggersbase.com/)
[2026-03-12T01:22:15.640Z] ── Step 2b: Footer/header uncategorized links ──
[2026-03-12T01:22:15.640Z] Footer/header origins (2):
[2026-03-12T01:22:15.641Z]   FOOTER/HEADER ORIGIN: https://bloggersbase.com
[2026-03-12T01:22:15.641Z]   FOOTER/HEADER ORIGIN: https://themeansar.com
[2026-03-12T01:22:15.641Z]   SKIP (not in footer/header): http://192.185.133.81
[2026-03-12T01:22:15.641Z]   SKIP (not in footer/header): http://casayucatanrestaurant.com
[2026-03-12T01:22:15.641Z]   SKIP (not in footer/header): http://kubongelatin.com
[2026-03-12T01:22:15.641Z]   SKIP (not in footer/header): https://05worlds.com
[2026-03-12T01:22:15.641Z]   SKIP (not in footer/header): https://188kost.org
[2026-03-12T01:22:15.641Z]   SKIP (not in footer/header): https://389sport.net
[2026-03-12T01:22:15.641Z]   SKIP (not in footer/header): https://66smokehousebbq.com
[2026-03-12T01:22:15.641Z]   SKIP (not in footer/header): https://77aja.net
[2026-03-12T01:22:15.641Z]   SKIP (not in footer/header): https://77asiaslot.org
[2026-03-12T01:22:15.641Z]   SKIP (not in footer/header): https://888asiaslot.org
[2026-03-12T01:22:15.642Z]   SKIP (not in footer/header): https://99sealevel.com
[2026-03-12T01:22:15.642Z]   SKIP (not in footer/header): https://aba77.org
[2026-03-12T01:22:15.642Z]   SKIP (not in footer/header): https://abadi178.org
[2026-03-12T01:22:15.642Z]   SKIP (not in footer/header): https://abalonbygma.com
[2026-03-12T01:22:15.642Z]   SKIP (not in footer/header): https://abc365slot.net
[2026-03-12T01:22:15.642Z]   SKIP (not in footer/header): https://abgbet555.org
[2026-03-12T01:22:15.642Z]   SKIP (not in footer/header): https://abk4d.com
[2026-03-12T01:22:15.642Z]   SKIP (not in footer/header): https://abk777.org
[2026-03-12T01:22:15.642Z]   SKIP (not in footer/header): https://acak888slot.net
[2026-03-12T01:22:15.643Z]   SKIP (not in footer/header): https://ace333login.org
[2026-03-12T01:22:15.643Z]   SKIP (not in footer/header): https://acmedoughnut.com
[2026-03-12T01:22:15.643Z]   SKIP (not in footer/header): https://actionkarting.net
[2026-03-12T01:22:15.643Z]   SKIP (not in footer/header): https://activelifechicagopt.com/about-us
[2026-03-12T01:22:15.643Z]   SKIP (not in footer/header): https://adam888slot.net
[2026-03-12T01:22:15.643Z]   SKIP (not in footer/header): https://admin138login.org
[2026-03-12T01:22:15.643Z]   SKIP (not in footer/header): https://admin365slot.org
[2026-03-12T01:22:15.643Z]   SKIP (not in footer/header): https://aerobet77.org
[2026-03-12T01:22:15.643Z]   SKIP (not in footer/header): https://afabet88.org
[2026-03-12T01:22:15.643Z]   SKIP (not in footer/header): https://agen118login.org
[2026-03-12T01:22:15.643Z]   SKIP (not in footer/header): https://agen128login.org
[2026-03-12T01:22:15.643Z]   SKIP (not in footer/header): https://agen169login.org
[2026-03-12T01:22:15.644Z]   SKIP (not in footer/header): https://agenasia888slot.net
[2026-03-12T01:22:15.644Z]   SKIP (not in footer/header): https://agenasia88slot.net
[2026-03-12T01:22:15.644Z]   SKIP (not in footer/header): https://agus123slot.org
[2026-03-12T01:22:15.644Z]   SKIP (not in footer/header): https://agus77slot.org
[2026-03-12T01:22:15.644Z]   SKIP (not in footer/header): https://ahlibet138slot.org
[2026-03-12T01:22:15.644Z]   SKIP (not in footer/header): https://ahlibet77slot.org
[2026-03-12T01:22:15.644Z]   SKIP (not in footer/header): https://air77slot.net
[2026-03-12T01:22:15.644Z]   SKIP (not in footer/header): https://airbet168login.org
[2026-03-12T01:22:15.644Z]   SKIP (not in footer/header): https://airbet365.org
[2026-03-12T01:22:15.644Z]   SKIP (not in footer/header): https://airbet77login.org
[2026-03-12T01:22:15.644Z]   SKIP (not in footer/header): https://airbet999.org
[2026-03-12T01:22:15.645Z]   SKIP (not in footer/header): https://ajaib168login.org
[2026-03-12T01:22:15.645Z]   SKIP (not in footer/header): https://ajaib77login.net
[2026-03-12T01:22:15.645Z]   SKIP (not in footer/header): https://ajak88.net
[2026-03-12T01:22:15.645Z]   SKIP (not in footer/header): https://ajib168.net
[2026-03-12T01:22:15.645Z]   SKIP (not in footer/header): https://ajo88login.org
[2026-03-12T01:22:15.645Z]   SKIP (not in footer/header): https://ajudan4d.com
[2026-03-12T01:22:15.645Z]   SKIP (not in footer/header): https://aktif168slot.org
[2026-03-12T01:22:15.645Z]   SKIP (not in footer/header): https://akurat4dslot.org
[2026-03-12T01:22:15.645Z]   SKIP (not in footer/header): https://akurat99slot.org
[2026-03-12T01:22:15.645Z]   SKIP (not in footer/header): https://akuslot888login.org
[2026-03-12T01:22:15.645Z]   SKIP (not in footer/header): https://akuwin777.net
[2026-03-12T01:22:15.645Z]   SKIP (not in footer/header): https://akuwin888slot.org
[2026-03-12T01:22:15.646Z]   SKIP (not in footer/header): https://aladin303slot.org
[2026-03-12T01:22:15.646Z]   SKIP (not in footer/header): https://aladin88.vip
[2026-03-12T01:22:15.646Z]   SKIP (not in footer/header): https://ale4d.net
[2026-03-12T01:22:15.646Z]   SKIP (not in footer/header): https://ali888slot.org
[2026-03-12T01:22:15.646Z]   SKIP (not in footer/header): https://alibaba188slot.org
[2026-03-12T01:22:15.646Z]   SKIP (not in footer/header): https://alien188slot.org
[2026-03-12T01:22:15.646Z]   SKIP (not in footer/header): https://alifetostyle.com
[2026-03-12T01:22:15.646Z]   SKIP (not in footer/header): https://allclearwasteremoval.com
[2026-03-12T01:22:15.646Z]   SKIP (not in footer/header): https://allisonforbesmusic.com
[2026-03-12T01:22:15.647Z]   SKIP (not in footer/header): https://allpurposeflowers.net
[2026-03-12T01:22:15.647Z]   SKIP (not in footer/header): https://alohajunk.net
[2026-03-12T01:22:15.647Z]   SKIP (not in footer/header): https://alpha77slot.org
[2026-03-12T01:22:15.647Z]   SKIP (not in footer/header): https://alpha888slot.org
[2026-03-12T01:22:15.647Z]   SKIP (not in footer/header): https://amanahtravel.id
[2026-03-12T01:22:15.647Z]   SKIP (not in footer/header): https://amandavincentstudio.com
[2026-03-12T01:22:15.647Z]   SKIP (not in footer/header): https://americanenergyindependence.com
[2026-03-12T01:22:15.647Z]   SKIP (not in footer/header): https://anaconda88.net
[2026-03-12T01:22:15.647Z]   SKIP (not in footer/header): https://analisa188.net
[2026-03-12T01:22:15.647Z]   SKIP (not in footer/header): https://andara22.org
[2026-03-12T01:22:15.648Z]   SKIP (not in footer/header): https://andara303slot.net
[2026-03-12T01:22:15.648Z]   SKIP (not in footer/header): https://andara69.org
[2026-03-12T01:22:15.648Z]   SKIP (not in footer/header): https://andro4d.net
[2026-03-12T01:22:15.648Z]   SKIP (not in footer/header): https://andro88.net
[2026-03-12T01:22:15.648Z]   SKIP (not in footer/header): https://andro99.net
[2026-03-12T01:22:15.648Z]   SKIP (not in footer/header): https://angel168slot.net
[2026-03-12T01:22:15.648Z]   SKIP (not in footer/header): https://angel777slot.net
[2026-03-12T01:22:15.648Z]   SKIP (not in footer/header): https://angel999.org
[2026-03-12T01:22:15.648Z]   SKIP (not in footer/header): https://angerroom.com
[2026-03-12T01:22:15.648Z]   SKIP (not in footer/header): https://anggur888login.org
[2026-03-12T01:22:15.648Z]   SKIP (not in footer/header): https://angin188.net
[2026-03-12T01:22:15.649Z]   SKIP (not in footer/header): https://angkanet88slot.net
[2026-03-12T01:22:15.649Z]   SKIP (not in footer/header): https://angkasa123login.org
[2026-03-12T01:22:15.649Z]   SKIP (not in footer/header): https://angkor77slot.net
[2026-03-12T01:22:15.649Z]   SKIP (not in footer/header): https://angkor88login.org
[2026-03-12T01:22:15.649Z]   SKIP (not in footer/header): https://angkringan88slot.org
[2026-03-12T01:22:15.649Z]   SKIP (not in footer/header): https://angsa99slot.org
[2026-03-12T01:22:15.649Z]   SKIP (not in footer/header): https://animalmedicalfl.com
[2026-03-12T01:22:15.649Z]   SKIP (not in footer/header): https://anime77login.org
[2026-03-12T01:22:15.649Z]   SKIP (not in footer/header): https://anugerah77slot.org
[2026-03-12T01:22:15.649Z]   SKIP (not in footer/header): https://anugrah777.org
[2026-03-12T01:22:15.649Z]   SKIP (not in footer/header): https://apel123slot.org
[2026-03-12T01:22:15.650Z]   SKIP (not in footer/header): https://apel138login.org
[2026-03-12T01:22:15.650Z]   SKIP (not in footer/header): https://apel77login.org
[2026-03-12T01:22:15.650Z]   SKIP (not in footer/header): https://api99login.org
[2026-03-12T01:22:15.650Z]   SKIP (not in footer/header): https://apizeus888slot.net
[2026-03-12T01:22:15.650Z]   SKIP (not in footer/header): https://apollo88slot.net
[2026-03-12T01:22:15.650Z]   SKIP (not in footer/header): https://apolo138slot.net
[2026-03-12T01:22:15.650Z]   SKIP (not in footer/header): https://app99slot.net
[2026-03-12T01:22:15.650Z]   SKIP (not in footer/header): https://asiabet88.vip
[2026-03-12T01:22:15.650Z]   SKIP (not in footer/header): https://backbeatrnb.net
[2026-03-12T01:22:15.650Z]   SKIP (not in footer/header): https://bakupusa.com
[2026-03-12T01:22:15.651Z]   SKIP (not in footer/header): https://balboabrickandsupply.com
[2026-03-12T01:22:15.651Z]   SKIP (not in footer/header): https://balkonierestaurant.co
[2026-03-12T01:22:15.651Z]   SKIP (not in footer/header): https://barbecuerestaurantmerrillville.com
[2026-03-12T01:22:15.651Z]   SKIP (not in footer/header): https://barbianatriana.com
[2026-03-12T01:22:15.651Z]   SKIP (not in footer/header): https://bathtubandkitchenrepair.com
[2026-03-12T01:22:15.651Z]   SKIP (not in footer/header): https://bayartoto.vip
[2026-03-12T01:22:15.651Z]   SKIP (not in footer/header): https://benjos.com
[2026-03-12T01:22:15.651Z]   SKIP (not in footer/header): https://bicyclettela.com
[2026-03-12T01:22:15.651Z]   SKIP (not in footer/header): https://bigdraftbrewingevents.com
[2026-03-12T01:22:15.651Z]   SKIP (not in footer/header): https://bintang77.vip
[2026-03-12T01:22:15.651Z]   SKIP (not in footer/header): https://bistro19nh.com
[2026-03-12T01:22:15.652Z]   SKIP (not in footer/header): https://bistrodasiacoronado.com
[2026-03-12T01:22:15.652Z]   SKIP (not in footer/header): https://bladeseastlansing.com
[2026-03-12T01:22:15.652Z]   SKIP (not in footer/header): https://blazincajunseafoodrestaurant.com
[2026-03-12T01:22:15.652Z]   SKIP (not in footer/header): https://bluenosepitbullpups.com
[2026-03-12T01:22:15.652Z]   SKIP (not in footer/header): https://bluepointpoolsconstruction.com/about-us
[2026-03-12T01:22:15.652Z]   SKIP (not in footer/header): https://bola138.info
[2026-03-12T01:22:15.652Z]   SKIP (not in footer/header): https://bonanza77.vip
[2026-03-12T01:22:15.652Z]   SKIP (not in footer/header): https://bongdaso.io/ket-qua-bong-da/australia-wleague-hom-nay
[2026-03-12T01:22:15.653Z]   SKIP (not in footer/header): https://botanicacbd.com
[2026-03-12T01:22:15.653Z]   SKIP (not in footer/header): https://bringingupfoodies.com
[2026-03-12T01:22:15.653Z]   SKIP (not in footer/header): https://c7jalisco.com
[2026-03-12T01:22:15.653Z]   SKIP (not in footer/header): https://cacateringcompany.com
[2026-03-12T01:22:15.653Z]   SKIP (not in footer/header): https://cafedupar.com
[2026-03-12T01:22:15.653Z]   SKIP (not in footer/header): https://cakeandvikings.com
[2026-03-12T01:22:15.653Z]   SKIP (not in footer/header): https://calimentaria.com/curso-manipulacion-alimentos.html
[2026-03-12T01:22:15.653Z]   SKIP (not in footer/header): https://carolinahouseandgardens.com
[2026-03-12T01:22:15.653Z]   SKIP (not in footer/header): https://carrollbradford.com
[2026-03-12T01:22:15.653Z]   SKIP (not in footer/header): https://cearanews7.com
[2026-03-12T01:22:15.654Z]   SKIP (not in footer/header): https://cedarbluffautocare.com
[2026-03-12T01:22:15.654Z]   SKIP (not in footer/header): https://chappysrepair.com
[2026-03-12T01:22:15.654Z]   SKIP (not in footer/header): https://cheftonyspopcorn.com
[2026-03-12T01:22:15.654Z]   SKIP (not in footer/header): https://cherriesinjune.com/homemade-tomato-sauce
[2026-03-12T01:22:15.654Z]   SKIP (not in footer/header): https://chicagoseethruchinesekitchen.com
[2026-03-12T01:22:15.654Z]   SKIP (not in footer/header): https://chickenshackireland.com
[2026-03-12T01:22:15.654Z]   SKIP (not in footer/header): https://chinakitchenmuncie.com
[2026-03-12T01:22:15.654Z]   SKIP (not in footer/header): https://chococafecr.com
[2026-03-12T01:22:15.654Z]   SKIP (not in footer/header): https://choudharytravels.com
[2026-03-12T01:22:15.654Z]   SKIP (not in footer/header): https://citavillecibubur.com
[2026-03-12T01:22:15.655Z]   SKIP (not in footer/header): https://clarksburgtowncenter.com
[2026-03-12T01:22:15.655Z]   SKIP (not in footer/header): https://cloud13rx.com
[2026-03-12T01:22:15.655Z]   SKIP (not in footer/header): https://coeio.com
[2026-03-12T01:22:15.655Z]   SKIP (not in footer/header): https://coffeebankcafe.com
[2026-03-12T01:22:15.655Z]   SKIP (not in footer/header): https://coffeebistronm.com
[2026-03-12T01:22:15.655Z]   SKIP (not in footer/header): https://colombianrestaurantnorwalk.com
[2026-03-12T01:22:15.655Z]   SKIP (not in footer/header): https://connellsvillepizzaking.com
[2026-03-12T01:22:15.655Z]   SKIP (not in footer/header): https://corporatephotographyhouston.com
[2026-03-12T01:22:15.655Z]   SKIP (not in footer/header): https://couchsurfercrochet.com
[2026-03-12T01:22:15.655Z]   SKIP (not in footer/header): https://csmresita.com
[2026-03-12T01:22:15.655Z]   SKIP (not in footer/header): https://cvrworldcup.com
[2026-03-12T01:22:15.655Z]   SKIP (not in footer/header): https://daaoneconference.org
[2026-03-12T01:22:15.655Z]   SKIP (not in footer/header): https://daftargacor22.com
[2026-03-12T01:22:15.656Z]   SKIP (not in footer/header): https://daftargaruda303.com
[2026-03-12T01:22:15.656Z]   SKIP (not in footer/header): https://dandktowingandrecoveryllc.com
[2026-03-12T01:22:15.656Z]   SKIP (not in footer/header): https://davantisandiego.com
[2026-03-12T01:22:15.656Z]   SKIP (not in footer/header): https://dellacortefoods.com
[2026-03-12T01:22:15.656Z]   SKIP (not in footer/header): https://depo5000.vip
[2026-03-12T01:22:15.656Z]   SKIP (not in footer/header): https://dewa4d.vip
[2026-03-12T01:22:15.656Z]   SKIP (not in footer/header): https://dewa66.homes
[2026-03-12T01:22:15.656Z]   SKIP (not in footer/header): https://dewa66link.com
[2026-03-12T01:22:15.656Z]   SKIP (not in footer/header): https://dewa66link.com/dewa66
[2026-03-12T01:22:15.656Z]   SKIP (not in footer/header): https://dewa66login.com
[2026-03-12T01:22:15.656Z]   SKIP (not in footer/header): https://dewa66situs.com
[2026-03-12T01:22:15.656Z]   SKIP (not in footer/header): https://dewa66zeus.com
[2026-03-12T01:22:15.656Z]   SKIP (not in footer/header): https://dewa77.app
[2026-03-12T01:22:15.656Z]   SKIP (not in footer/header): https://dewabet88.live
[2026-03-12T01:22:15.657Z]   SKIP (not in footer/header): https://dewitoto.vip
[2026-03-12T01:22:15.657Z]   SKIP (not in footer/header): https://diamondsattamatka.com
[2026-03-12T01:22:15.657Z]   SKIP (not in footer/header): https://discover-stratford.com
[2026-03-12T01:22:15.657Z]   SKIP (not in footer/header): https://diyhuntingmaps.com
[2026-03-12T01:22:15.657Z]   SKIP (not in footer/header): https://dkk.sikdkkjepara.net
[2026-03-12T01:22:15.657Z]   SKIP (not in footer/header): https://drchungmadison.com
[2026-03-12T01:22:15.657Z]   SKIP (not in footer/header): https://drycleaningsarasota.com
[2026-03-12T01:22:15.657Z]   SKIP (not in footer/header): https://eagledynamics.net
[2026-03-12T01:22:15.657Z]   SKIP (not in footer/header): https://eatatlorenzos.com
[2026-03-12T01:22:15.657Z]   SKIP (not in footer/header): https://eatfolklore.com
[2026-03-12T01:22:15.657Z]   SKIP (not in footer/header): https://eatindy.com/food-tag/food-specials
[2026-03-12T01:22:15.657Z]   SKIP (not in footer/header): https://ejournal.kopertais4.or.id
[2026-03-12T01:22:15.657Z]   SKIP (not in footer/header): https://elementarformaturas.com
[2026-03-12T01:22:15.657Z]   SKIP (not in footer/header): https://elgatograndemv.com
[2026-03-12T01:22:15.658Z]   SKIP (not in footer/header): https://eliterepeatsshop.com
[2026-03-12T01:22:15.658Z]   SKIP (not in footer/header): https://enailsspa.net
[2026-03-12T01:22:15.658Z]   SKIP (not in footer/header): https://epollardmd.com
[2026-03-12T01:22:15.658Z]   SKIP (not in footer/header): https://ernieshotlatherbarbershop.com
[2026-03-12T01:22:15.658Z]   SKIP (not in footer/header): https://espressoplusuk.com
[2026-03-12T01:22:15.658Z]   SKIP (not in footer/header): https://esshub.com
[2026-03-12T01:22:15.658Z]   SKIP (not in footer/header): https://euclidmassage.com/team
[2026-03-12T01:22:15.658Z]   SKIP (not in footer/header): https://evanailspalorain.com
[2026-03-12T01:22:15.658Z]   SKIP (not in footer/header): https://evanwilkoff.com
[2026-03-12T01:22:15.658Z]   SKIP (not in footer/header): https://eventspromotionsgrp.com
[2026-03-12T01:22:15.658Z]   SKIP (not in footer/header): https://eventwholesalesupply.com/product/plastic-folding-chair
[2026-03-12T01:22:15.658Z]   SKIP (not in footer/header): https://facethemusic.io
[2026-03-12T01:22:15.658Z]   SKIP (not in footer/header): https://falconpizzahamden.com
[2026-03-12T01:22:15.658Z]   SKIP (not in footer/header): https://famous100.com
[2026-03-12T01:22:15.659Z]   SKIP (not in footer/header): https://fernandagroppa.com
[2026-03-12T01:22:15.659Z]   SKIP (not in footer/header): https://fivetwokitchensc.com
[2026-03-12T01:22:15.659Z]   SKIP (not in footer/header): https://fosliving.com/pricing
[2026-03-12T01:22:15.659Z]   SKIP (not in footer/header): https://freightkitchen.com
[2026-03-12T01:22:15.659Z]   SKIP (not in footer/header): https://frescocafe.net
[2026-03-12T01:22:15.659Z]   SKIP (not in footer/header): https://fresnostateasi.org
[2026-03-12T01:22:15.659Z]   SKIP (not in footer/header): https://fsathleticclub.net
[2026-03-12T01:22:15.659Z]   SKIP (not in footer/header): https://fuguexpress.com
[2026-03-12T01:22:15.659Z]   SKIP (not in footer/header): https://fuserecovery.com/contact
[2026-03-12T01:22:15.659Z]   SKIP (not in footer/header): https://gacor1000.vip
[2026-03-12T01:22:15.659Z]   SKIP (not in footer/header): https://gacor123.id
[2026-03-12T01:22:15.659Z]   SKIP (not in footer/header): https://gacor123.net
[2026-03-12T01:22:15.659Z]   SKIP (not in footer/header): https://gacor22.online
[2026-03-12T01:22:15.660Z]   SKIP (not in footer/header): https://gacor22cuan.com
[2026-03-12T01:22:15.660Z]   SKIP (not in footer/header): https://gacor22daftar.com
[2026-03-12T01:22:15.660Z]   SKIP (not in footer/header): https://gacor22login.com
[2026-03-12T01:22:15.660Z]   SKIP (not in footer/header): https://gacor66.live
[2026-03-12T01:22:15.660Z]   SKIP (not in footer/header): https://gacor66.site
[2026-03-12T01:22:15.660Z]   SKIP (not in footer/header): https://gacorjp.vip
[2026-03-12T01:22:15.660Z]   SKIP (not in footer/header): https://garethgatessings.com/shows
[2026-03-12T01:22:15.660Z]   SKIP (not in footer/header): https://garuda303.org
[2026-03-12T01:22:15.660Z]   SKIP (not in footer/header): https://garuda303.rest
[2026-03-12T01:22:15.660Z]   SKIP (not in footer/header): https://glaciericearena.net
[2026-03-12T01:22:15.660Z]   SKIP (not in footer/header): https://gol138.vip
[2026-03-12T01:22:15.660Z]   SKIP (not in footer/header): https://goldenfleecetavern.com
[2026-03-12T01:22:15.660Z]   SKIP (not in footer/header): https://goodfoodvalley.com
[2026-03-12T01:22:15.660Z]   SKIP (not in footer/header): https://goutexfoods.com
[2026-03-12T01:22:15.661Z]   SKIP (not in footer/header): https://grandrapidstennisacademy.com
[2026-03-12T01:22:15.661Z]   SKIP (not in footer/header): https://gravitykansascity.com
[2026-03-12T01:22:15.661Z]   SKIP (not in footer/header): https://grebak.com
[2026-03-12T01:22:15.661Z]   SKIP (not in footer/header): https://greeleynailspa.com
[2026-03-12T01:22:15.661Z]   SKIP (not in footer/header): https://greentechcollisioncenter.com
[2026-03-12T01:22:15.661Z]   SKIP (not in footer/header): https://grownuphydroponics.com
[2026-03-12T01:22:15.661Z]   SKIP (not in footer/header): https://gurungrestaurantandbar.com
[2026-03-12T01:22:15.661Z]   SKIP (not in footer/header): https://hahaspanc.com
[2026-03-12T01:22:15.661Z]   SKIP (not in footer/header): https://hanasushikchicken.com
[2026-03-12T01:22:15.661Z]   SKIP (not in footer/header): https://harshaddharod.com
[2026-03-12T01:22:15.661Z]   SKIP (not in footer/header): https://hatchthefuture.org
[2026-03-12T01:22:15.661Z]   SKIP (not in footer/header): https://hempire420.com
[2026-03-12T01:22:15.661Z]   SKIP (not in footer/header): https://heylink.me/gacor66-daftar
[2026-03-12T01:22:15.661Z]   SKIP (not in footer/header): https://heylink.me/gacor_66
[2026-03-12T01:22:15.662Z]   SKIP (not in footer/header): https://heylink.me/hometokyo88
[2026-03-12T01:22:15.662Z]   SKIP (not in footer/header): https://heylink.me/janji_gacor1
[2026-03-12T01:22:15.662Z]   SKIP (not in footer/header): https://heylink.me/janjislotofficial
[2026-03-12T01:22:15.662Z]   SKIP (not in footer/header): https://heylink.me/janjiwinofficial
[2026-03-12T01:22:15.662Z]   SKIP (not in footer/header): https://heylink.me/zeus4d-daftar
[2026-03-12T01:22:15.662Z]   SKIP (not in footer/header): https://hmclause.com
[2026-03-12T01:22:15.662Z]   SKIP (not in footer/header): https://hobokenbarbell.com
[2026-03-12T01:22:15.662Z]   SKIP (not in footer/header): https://hoki22brand.com
[2026-03-12T01:22:15.662Z]   SKIP (not in footer/header): https://hokigacor.vip
[2026-03-12T01:22:15.662Z]   SKIP (not in footer/header): https://homework-helponline.com
[2026-03-12T01:22:15.662Z]   SKIP (not in footer/header): https://hostelifegokarna.com
[2026-03-12T01:22:15.662Z]   SKIP (not in footer/header): https://houseofnizam.com
[2026-03-12T01:22:15.662Z]   SKIP (not in footer/header): https://humphreybrothersbl.com/menu
[2026-03-12T01:22:15.662Z]   SKIP (not in footer/header): https://hybridshoplocator.com
[2026-03-12T01:22:15.663Z]   SKIP (not in footer/header): https://id.wikipedia.org/wiki/Pariwisata_di_Indonesia
[2026-03-12T01:22:15.663Z]   SKIP (not in footer/header): https://ilovesabah.info
[2026-03-12T01:22:15.663Z]   SKIP (not in footer/header): https://indianfoodarlington.com
[2026-03-12T01:22:15.663Z]   SKIP (not in footer/header): https://indiansocialpanel.com
[2026-03-12T01:22:15.663Z]   SKIP (not in footer/header): https://infini138.vip
[2026-03-12T01:22:15.663Z]   SKIP (not in footer/header): https://informasiperusahaan.com
[2026-03-12T01:22:15.663Z]   SKIP (not in footer/header): https://innerbaycafeandgrill.com
[2026-03-12T01:22:15.663Z]   SKIP (not in footer/header): https://innseasonkitchen.com
[2026-03-12T01:22:15.663Z]   SKIP (not in footer/header): https://inspirasi.co
[2026-03-12T01:22:15.663Z]   SKIP (not in footer/header): https://invictakuru.com
[2026-03-12T01:22:15.663Z]   SKIP (not in footer/header): https://ironritetattoo.com
[2026-03-12T01:22:15.664Z]   SKIP (not in footer/header): https://jacksondrycleaners.net
[2026-03-12T01:22:15.664Z]   SKIP (not in footer/header): https://janji-gacor.com
[2026-03-12T01:22:15.664Z]   SKIP (not in footer/header): https://janjigacorslot.top
[2026-03-12T01:22:15.664Z]   SKIP (not in footer/header): https://janjislot.org
[2026-03-12T01:22:15.664Z]   SKIP (not in footer/header): https://janjiwin.net
[2026-03-12T01:22:15.664Z]   SKIP (not in footer/header): https://janjiwin.world
[2026-03-12T01:22:15.664Z]   SKIP (not in footer/header): https://janjiwingacor.com
[2026-03-12T01:22:15.664Z]   SKIP (not in footer/header): https://jassisindianrestaurant.com
[2026-03-12T01:22:15.664Z]   SKIP (not in footer/header): https://jatravelagency.com
[2026-03-12T01:22:15.664Z]   SKIP (not in footer/header): https://jaxsautorecycling.com
[2026-03-12T01:22:15.664Z]   SKIP (not in footer/header): https://jeremegreene.com
[2026-03-12T01:22:15.664Z]   SKIP (not in footer/header): https://jettbowldelrio.com
[2026-03-12T01:22:15.665Z]   SKIP (not in footer/header): https://jjk.cybrustech.net
[2026-03-12T01:22:15.665Z]   SKIP (not in footer/header): https://joebennys.com
[2026-03-12T01:22:15.665Z]   SKIP (not in footer/header): https://johnemilyalterations.com
[2026-03-12T01:22:15.665Z]   SKIP (not in footer/header): https://journal.itk.ac.id
[2026-03-12T01:22:15.665Z]   SKIP (not in footer/header): https://journal.oiu.edu.sd
[2026-03-12T01:22:15.665Z]   SKIP (not in footer/header): https://jp138.vip
[2026-03-12T01:22:15.665Z]   SKIP (not in footer/header): https://juancarlosupegui.com
[2026-03-12T01:22:15.665Z]   SKIP (not in footer/header): https://juragan138.vip
[2026-03-12T01:22:15.665Z]   SKIP (not in footer/header): https://jurnal.umpwr.ac.id
[2026-03-12T01:22:15.665Z]   SKIP (not in footer/header): https://kapten88.vip
[2026-03-12T01:22:15.665Z]   SKIP (not in footer/header): https://kaya99.vip
[2026-03-12T01:22:15.665Z]   SKIP (not in footer/header): https://kersik.id
[2026-03-12T01:22:15.665Z]   SKIP (not in footer/header): https://kramnutrition.com
[2026-03-12T01:22:15.665Z]   SKIP (not in footer/header): https://kreasisungaiputat.id
[2026-03-12T01:22:15.666Z]   SKIP (not in footer/header): https://krwilsontools.com
[2026-03-12T01:22:15.666Z]   SKIP (not in footer/header): https://lacomilonasevilla.com
[2026-03-12T01:22:15.666Z]   SKIP (not in footer/header): https://lapinehighlander.com
[2026-03-12T01:22:15.666Z]   SKIP (not in footer/header): https://larosamexicanrestaurant.com
[2026-03-12T01:22:15.666Z]   SKIP (not in footer/header): https://lawndaledispensary.com
[2026-03-12T01:22:15.666Z]   SKIP (not in footer/header): https://leadersinvestmentclub.com
[2026-03-12T01:22:15.666Z]   SKIP (not in footer/header): https://leejamesfloral.com
[2026-03-12T01:22:15.666Z]   SKIP (not in footer/header): https://lespkyogyakarta.com
[2026-03-12T01:22:15.666Z]   SKIP (not in footer/header): https://lingscafe1.com
[2026-03-12T01:22:15.666Z]   SKIP (not in footer/header): https://link.space/@gacor123link
[2026-03-12T01:22:15.666Z]   SKIP (not in footer/header): https://link.space/@hoki22link
[2026-03-12T01:22:15.666Z]   SKIP (not in footer/header): https://linkfly.to/tokyo88
[2026-03-12T01:22:15.666Z]   SKIP (not in footer/header): https://linklist.bio/389sports
[2026-03-12T01:22:15.666Z]   SKIP (not in footer/header): https://linklist.bio/dewa66
[2026-03-12T01:22:15.667Z]   SKIP (not in footer/header): https://linklist.bio/gacor123
[2026-03-12T01:22:15.667Z]   SKIP (not in footer/header): https://linklist.bio/gacor66_
[2026-03-12T01:22:15.667Z]   SKIP (not in footer/header): https://linklist.bio/garuda303login
[2026-03-12T01:22:15.667Z]   SKIP (not in footer/header): https://linklist.bio/hoki22
[2026-03-12T01:22:15.667Z]   SKIP (not in footer/header): https://linkr.bio/gacor123login
[2026-03-12T01:22:15.667Z]   SKIP (not in footer/header): https://linkr.bio/hoki22link
[2026-03-12T01:22:15.667Z]   SKIP (not in footer/header): https://linktokyo77.org
[2026-03-12T01:22:15.667Z]   SKIP (not in footer/header): https://linktokyo88.org
[2026-03-12T01:22:15.667Z]   SKIP (not in footer/header): https://linktr.ee/DEWA66
[2026-03-12T01:22:15.667Z]   SKIP (not in footer/header): https://linktr.ee/janjiwingacor
[2026-03-12T01:22:15.667Z]   SKIP (not in footer/header): https://linktr.ee/zeus4dlink
[2026-03-12T01:22:15.667Z]   SKIP (not in footer/header): https://lion-cargo.com
[2026-03-12T01:22:15.667Z]   SKIP (not in footer/header): https://livingstonservicecompany.com
[2026-03-12T01:22:15.668Z]   SKIP (not in footer/header): https://logingacor22.com
[2026-03-12T01:22:15.668Z]   SKIP (not in footer/header): https://lospinosrestaurants.com
[2026-03-12T01:22:15.668Z]   SKIP (not in footer/header): https://lostrescochinitos.us
[2026-03-12T01:22:15.668Z]   SKIP (not in footer/header): https://lowcostlifecoaching.com
[2026-03-12T01:22:15.668Z]   SKIP (not in footer/header): https://lukespizza.net
[2026-03-12T01:22:15.668Z]   SKIP (not in footer/header): https://lynk.id/gacor123login
[2026-03-12T01:22:15.668Z]   SKIP (not in footer/header): https://lynk.id/hoki22
[2026-03-12T01:22:15.668Z]   SKIP (not in footer/header): https://maasaieducation.org
[2026-03-12T01:22:15.668Z]   SKIP (not in footer/header): https://magicelectric.biz
[2026-03-12T01:22:15.668Z]   SKIP (not in footer/header): https://many.link/tokyo88
[2026-03-12T01:22:15.668Z]   SKIP (not in footer/header): https://mapathon.com
[2026-03-12T01:22:15.668Z]   SKIP (not in footer/header): https://marlborodiner.com
[2026-03-12T01:22:15.669Z]   SKIP (not in footer/header): https://mctransportationservices.com
[2026-03-12T01:22:15.669Z]   SKIP (not in footer/header): https://mdamuzaffarnagar.org
[2026-03-12T01:22:15.669Z]   SKIP (not in footer/header): https://meechidabarber.com
[2026-03-12T01:22:15.669Z]   SKIP (not in footer/header): https://mewah77.info
[2026-03-12T01:22:15.669Z]   SKIP (not in footer/header): https://mexicanfoodclifton.com
[2026-03-12T01:22:15.669Z]   SKIP (not in footer/header): https://mgdkitchen.com
[2026-03-12T01:22:15.669Z]   SKIP (not in footer/header): https://midwestcontainerrepair.com
[2026-03-12T01:22:15.669Z]   SKIP (not in footer/header): https://mikesupholsteryfresno.com
[2026-03-12T01:22:15.669Z]   SKIP (not in footer/header): https://min1kotalhokseumawe.com/event
[2026-03-12T01:22:15.669Z]   SKIP (not in footer/header): https://mindcoolness.com
[2026-03-12T01:22:15.669Z]   SKIP (not in footer/header): https://miranchitoveracruzrestaurant.com
[2026-03-12T01:22:15.669Z]   SKIP (not in footer/header): https://misohungrystatesboro.com/noodle-menu
[2026-03-12T01:22:15.670Z]   SKIP (not in footer/header): https://mitsubachatham.com
[2026-03-12T01:22:15.670Z]   SKIP (not in footer/header): https://monroviaoldtownpizzaca.com
[2026-03-12T01:22:15.670Z]   SKIP (not in footer/header): https://motherhoodandmerlot.com
[2026-03-12T01:22:15.670Z]   SKIP (not in footer/header): https://motherlandafricanfoodmarket.com
[2026-03-12T01:22:15.670Z]   SKIP (not in footer/header): https://mpo1000.vip
[2026-03-12T01:22:15.670Z]   SKIP (not in footer/header): https://mpo5000.vip
[2026-03-12T01:22:15.670Z]   SKIP (not in footer/header): https://mrinvestorpro.com
[2026-03-12T01:22:15.670Z]   SKIP (not in footer/header): https://mrsathasleeds.com
[2026-03-12T01:22:15.670Z]   SKIP (not in footer/header): https://mrtacofoodtruck.com
[2026-03-12T01:22:15.670Z]   SKIP (not in footer/header): https://mugsyspizza.com
[2026-03-12T01:22:15.670Z]   SKIP (not in footer/header): https://myeahh.com
[2026-03-12T01:22:15.670Z]   SKIP (not in footer/header): https://mygoldenchopsticks.com
[2026-03-12T01:22:15.670Z]   SKIP (not in footer/header): https://myhousecalldoctor.com
[2026-03-12T01:22:15.671Z]   SKIP (not in footer/header): https://myinstitute.net
[2026-03-12T01:22:15.671Z]   SKIP (not in footer/header): https://mynewdaycafe.com
[2026-03-12T01:22:15.671Z]   SKIP (not in footer/header): https://mytutorme.com
[2026-03-12T01:22:15.671Z]   SKIP (not in footer/header): https://nailisticspa.com
[2026-03-12T01:22:15.671Z]   SKIP (not in footer/header): https://nakedtigerhostel.com
[2026-03-12T01:22:15.671Z]   SKIP (not in footer/header): https://nanolitesystems.org
[2026-03-12T01:22:15.671Z]   SKIP (not in footer/header): https://nasikotak.id
[2026-03-12T01:22:15.671Z]   SKIP (not in footer/header): https://nepalgunj.net
[2026-03-12T01:22:15.671Z]   SKIP (not in footer/header): https://neshaminydiner.com
[2026-03-12T01:22:15.671Z]   SKIP (not in footer/header): https://nexus88.biz
[2026-03-12T01:22:15.671Z]   SKIP (not in footer/header): https://niagarafallsnailsspa.com
[2026-03-12T01:22:15.671Z]   SKIP (not in footer/header): https://niemansmotorcyclerentals.com
[2026-03-12T01:22:15.672Z]   SKIP (not in footer/header): https://nytdeli.com
[2026-03-12T01:22:15.672Z]   SKIP (not in footer/header): https://officialwholemeltextracts.com
[2026-03-12T01:22:15.672Z]   SKIP (not in footer/header): https://ojs.library.ubc.ca
[2026-03-12T01:22:15.672Z]   SKIP (not in footer/header): https://ojs.unida.ac.id
[2026-03-12T01:22:15.672Z]   SKIP (not in footer/header): https://oklahomadiscgolf.com
[2026-03-12T01:22:15.672Z]   SKIP (not in footer/header): https://olx4d.vip
[2026-03-12T01:22:15.672Z]   SKIP (not in footer/header): https://omaxekarolbagh.org
[2026-03-12T01:22:15.672Z]   SKIP (not in footer/header): https://orangesfashion.com
[2026-03-12T01:22:15.672Z]   SKIP (not in footer/header): https://osaka88slot.org
[2026-03-12T01:22:15.672Z]   SKIP (not in footer/header): https://p4sc.org
[2026-03-12T01:22:15.672Z]   SKIP (not in footer/header): https://pafiamparbenteng.org
[2026-03-12T01:22:15.672Z]   SKIP (not in footer/header): https://pafikabbangko.org
[2026-03-12T01:22:15.672Z]   SKIP (not in footer/header): https://pafikablabuhanbatuutara.org
[2026-03-12T01:22:15.673Z]   SKIP (not in footer/header): https://pafikabnapalputih.org
[2026-03-12T01:22:15.673Z]   SKIP (not in footer/header): https://pafikabpangkajenedankepulauan.org
[2026-03-12T01:22:15.673Z]   SKIP (not in footer/header): https://pafikabrupit.org
[2026-03-12T01:22:15.673Z]   SKIP (not in footer/header): https://pafikabtojouna-una.org
[2026-03-12T01:22:15.673Z]   SKIP (not in footer/header): https://pafikabtubei.org
[2026-03-12T01:22:15.673Z]   SKIP (not in footer/header): https://pafikecanjongan.org
[2026-03-12T01:22:15.673Z]   SKIP (not in footer/header): https://pafikecbalai.org
[2026-03-12T01:22:15.673Z]   SKIP (not in footer/header): https://pafikecbeduai.org
[2026-03-12T01:22:15.673Z]   SKIP (not in footer/header): https://pafikecbelitang.org
[2026-03-12T01:22:15.673Z]   SKIP (not in footer/header): https://pafikecbelitanghilir.org
[2026-03-12T01:22:15.673Z]   SKIP (not in footer/header): https://pafikecbelitanghulu.org
[2026-03-12T01:22:15.673Z]   SKIP (not in footer/header): https://pafikecbonti.org
[2026-03-12T01:22:15.673Z]   SKIP (not in footer/header): https://pafikecentikong.org
[2026-03-12T01:22:15.673Z]   SKIP (not in footer/header): https://pafikeckapuas.org
[2026-03-12T01:22:15.674Z]   SKIP (not in footer/header): https://pafikeckembayan.org
[2026-03-12T01:22:15.674Z]   SKIP (not in footer/header): https://pafikecmeliau.org
[2026-03-12T01:22:15.674Z]   SKIP (not in footer/header): https://pafikecmempawahhilir.org
[2026-03-12T01:22:15.674Z]   SKIP (not in footer/header): https://pafikecmempawahtimur.org
[2026-03-12T01:22:15.674Z]   SKIP (not in footer/header): https://pafikecmukok.org
[2026-03-12T01:22:15.674Z]   SKIP (not in footer/header): https://pafikecnangamahap.org
[2026-03-12T01:22:15.674Z]   SKIP (not in footer/header): https://pafikecnangataman.org
[2026-03-12T01:22:15.674Z]   SKIP (not in footer/header): https://pafikecparindu.org
[2026-03-12T01:22:15.674Z]   SKIP (not in footer/header): https://pafikecsegedong.org
[2026-03-12T01:22:15.674Z]   SKIP (not in footer/header): https://pafikecsekadauhilir.org
[2026-03-12T01:22:15.674Z]   SKIP (not in footer/header): https://pafikecsekadauhulu.org
[2026-03-12T01:22:15.674Z]   SKIP (not in footer/header): https://pafikecsekayam.org
[2026-03-12T01:22:15.675Z]   SKIP (not in footer/header): https://pafikecsiantan.org
[2026-03-12T01:22:15.675Z]   SKIP (not in footer/header): https://pafikecsingkawangbarat.org
[2026-03-12T01:22:15.675Z]   SKIP (not in footer/header): https://pafikecsingkawangselatan.org
[2026-03-12T01:22:15.675Z]   SKIP (not in footer/header): https://pafikecsingkawangtengah.org
[2026-03-12T01:22:15.675Z]   SKIP (not in footer/header): https://pafikecsingkawangtimur.org
[2026-03-12T01:22:15.675Z]   SKIP (not in footer/header): https://pafikecsingkawangutara.org
[2026-03-12T01:22:15.675Z]   SKIP (not in footer/header): https://pafikecsungaikunyit.org
[2026-03-12T01:22:15.675Z]   SKIP (not in footer/header): https://pafikecsungaipinyuh.org
[2026-03-12T01:22:15.675Z]   SKIP (not in footer/header): https://pafikectayanhilir.org
[2026-03-12T01:22:15.675Z]   SKIP (not in footer/header): https://pafikectayanhulu.org
[2026-03-12T01:22:15.675Z]   SKIP (not in footer/header): https://pafikectoba.org
[2026-03-12T01:22:15.675Z]   SKIP (not in footer/header): https://pafikectoho.org
[2026-03-12T01:22:15.675Z]   SKIP (not in footer/header): https://pafikotaagam.org
[2026-03-12T01:22:15.675Z]   SKIP (not in footer/header): https://pafikotabau-bau.org
[2026-03-12T01:22:15.676Z]   SKIP (not in footer/header): https://pafikotamesuji.org
[2026-03-12T01:22:15.676Z]   SKIP (not in footer/header): https://pafikotanaganraya.org
[2026-03-12T01:22:15.676Z]   SKIP (not in footer/header): https://pafikotanagekeo.org
[2026-03-12T01:22:15.676Z]   SKIP (not in footer/header): https://pafikotapadangpariaman.org
[2026-03-12T01:22:15.676Z]   SKIP (not in footer/header): https://pafikotapasaman.org
[2026-03-12T01:22:15.676Z]   SKIP (not in footer/header): https://pafikotarokanhulu.org
[2026-03-12T01:22:15.676Z]   SKIP (not in footer/header): https://pafikotasolokselatan.org
[2026-03-12T01:22:15.676Z]   SKIP (not in footer/header): https://pafikotatebo.org
[2026-03-12T01:22:15.676Z]   SKIP (not in footer/header): https://pafilangsa.org
[2026-03-12T01:22:15.676Z]   SKIP (not in footer/header): https://pafinapalputih.org
[2026-03-12T01:22:15.676Z]   SKIP (not in footer/header): https://pafiparimo.org
[2026-03-12T01:22:15.676Z]   SKIP (not in footer/header): https://pafipcbangko.org
[2026-03-12T01:22:15.676Z]   SKIP (not in footer/header): https://pafipcmanggarai.org
[2026-03-12T01:22:15.676Z]   SKIP (not in footer/header): https://pafipcpadangpariaman.org
[2026-03-12T01:22:15.677Z]   SKIP (not in footer/header): https://pafipcrupit.org
[2026-03-12T01:22:15.677Z]   SKIP (not in footer/header): https://pafipcsolokselatan.org
[2026-03-12T01:22:15.677Z]   SKIP (not in footer/header): https://pafipemkokotamobagu.org
[2026-03-12T01:22:15.677Z]   SKIP (not in footer/header): https://pafisukamar.org
[2026-03-12T01:22:15.677Z]   SKIP (not in footer/header): https://pafitabalong.org
[2026-03-12T01:22:15.677Z]   SKIP (not in footer/header): https://pafiwangi-wangi.org
[2026-03-12T01:22:15.677Z]   SKIP (not in footer/header): https://paparazziclt.com
[2026-03-12T01:22:15.677Z]   SKIP (not in footer/header): https://papi4d.com
[2026-03-12T01:22:15.677Z]   SKIP (not in footer/header): https://pasoroblesolivefestival.com
[2026-03-12T01:22:15.677Z]   SKIP (not in footer/header): https://pastago.us/catering-miami
[2026-03-12T01:22:15.677Z]   SKIP (not in footer/header): https://patiothairestaurant.com
[2026-03-12T01:22:15.677Z]   SKIP (not in footer/header): https://paulburmaster.com
[2026-03-12T01:22:15.677Z]   SKIP (not in footer/header): https://pcnukabupatenmojokerto.com
[2026-03-12T01:22:15.677Z]   SKIP (not in footer/header): https://perak4d.vip
[2026-03-12T01:22:15.678Z]   SKIP (not in footer/header): https://perfectnailsnorthplatte.com/services
[2026-03-12T01:22:15.678Z]   SKIP (not in footer/header): https://petaffaire.com
[2026-03-12T01:22:15.678Z]   SKIP (not in footer/header): https://petsfoodrecall.com
[2026-03-12T01:22:15.678Z]   SKIP (not in footer/header): https://pettibonesbar.com
[2026-03-12T01:22:15.678Z]   SKIP (not in footer/header): https://phillytans.com
[2026-03-12T01:22:15.678Z]   SKIP (not in footer/header): https://piggys-cafe.com
[2026-03-12T01:22:15.678Z]   SKIP (not in footer/header): https://pikespeakblues.org
[2026-03-12T01:22:15.678Z]   SKIP (not in footer/header): https://pizzalemadrien.com
[2026-03-12T01:22:15.678Z]   SKIP (not in footer/header): https://planet138.vip
[2026-03-12T01:22:15.678Z]   SKIP (not in footer/header): https://portaldasartesgraficas.com
[2026-03-12T01:22:15.678Z]   SKIP (not in footer/header): https://potbotics.com
[2026-03-12T01:22:15.679Z]   SKIP (not in footer/header): https://powerhousebuffalo.com
[2026-03-12T01:22:15.679Z]   SKIP (not in footer/header): https://premiersportsbook.net
[2026-03-12T01:22:15.679Z]   SKIP (not in footer/header): https://primetimesportsandgrill.com
[2026-03-12T01:22:15.679Z]   SKIP (not in footer/header): https://princeshop.org
[2026-03-12T01:22:15.679Z]   SKIP (not in footer/header): https://prospectcafepizza.com
[2026-03-12T01:22:15.679Z]   SKIP (not in footer/header): https://protectnyheroes.org
[2026-03-12T01:22:15.679Z]   SKIP (not in footer/header): https://prwillisllp.com/contact.html
[2026-03-12T01:22:15.679Z]   SKIP (not in footer/header): https://pwtfcu.org
[2026-03-12T01:22:15.679Z]   SKIP (not in footer/header): https://raja5000.vip
[2026-03-12T01:22:15.679Z]   SKIP (not in footer/header): https://rajabet88.vip
[2026-03-12T01:22:15.679Z]   SKIP (not in footer/header): https://rajacuan188.vip
[2026-03-12T01:22:15.679Z]   SKIP (not in footer/header): https://rawaestheticsandwellness.com
[2026-03-12T01:22:15.680Z]   SKIP (not in footer/header): https://redbarnmilkco.com
[2026-03-12T01:22:15.680Z]   SKIP (not in footer/header): https://regisgacor22.com
[2026-03-12T01:22:15.680Z]   SKIP (not in footer/header): https://restaurantsahtein.com
[2026-03-12T01:22:15.680Z]   SKIP (not in footer/header): https://rikoperuviancuisine.com
[2026-03-12T01:22:15.680Z]   SKIP (not in footer/header): https://rishospital.com/tentang-kami
[2026-03-12T01:22:15.680Z]   SKIP (not in footer/header): https://riverfrontpizzaky.com
[2026-03-12T01:22:15.680Z]   SKIP (not in footer/header): https://riversidechurros.com
[2026-03-12T01:22:15.680Z]   SKIP (not in footer/header): https://rodgrentacar.com
[2026-03-12T01:22:15.680Z]   SKIP (not in footer/header): https://rolex138.vip
[2026-03-12T01:22:15.680Z]   SKIP (not in footer/header): https://roseleafcares.com
[2026-03-12T01:22:15.680Z]   SKIP (not in footer/header): https://roslynkosher.com
[2026-03-12T01:22:15.680Z]   SKIP (not in footer/header): https://royal22vip.com
[2026-03-12T01:22:15.680Z]   SKIP (not in footer/header): https://rrjjc.com
[2026-03-12T01:22:15.680Z]   SKIP (not in footer/header): https://rtpgaruda303.info
[2026-03-12T01:22:15.681Z]   SKIP (not in footer/header): https://runwright.net
[2026-03-12T01:22:15.681Z]   SKIP (not in footer/header): https://russiaintranslation.com
[2026-03-12T01:22:15.681Z]   SKIP (not in footer/header): https://saintjoeclubfun.com
[2026-03-12T01:22:15.681Z]   SKIP (not in footer/header): https://sakayabento.com
[2026-03-12T01:22:15.681Z]   SKIP (not in footer/header): https://sakuraspawv.com
[2026-03-12T01:22:15.681Z]   SKIP (not in footer/header): https://samirashomemade.com
[2026-03-12T01:22:15.681Z]   SKIP (not in footer/header): https://sammyscoffee.com
[2026-03-12T01:22:15.681Z]   SKIP (not in footer/header): https://sandkautomotive.com
[2026-03-12T01:22:15.681Z]   SKIP (not in footer/header): https://sarahholtz.com
[2026-03-12T01:22:15.681Z]   SKIP (not in footer/header): https://satvicfood.chinnajeeyar.org/disclaimer
[2026-03-12T01:22:15.681Z]   SKIP (not in footer/header): https://savonix.com
[2026-03-12T01:22:15.681Z]   SKIP (not in footer/header): https://scbet88game.com
[2026-03-12T01:22:15.681Z]   SKIP (not in footer/header): https://screvencounty.com
[2026-03-12T01:22:15.682Z]   SKIP (not in footer/header): https://seafoodcirebon.com
[2026-03-12T01:22:15.682Z]   SKIP (not in footer/header): https://seer.ufrgs.br/index.php/philia/article/view/103989
[2026-03-12T01:22:15.682Z]   SKIP (not in footer/header): https://sehrayamag.com
[2026-03-12T01:22:15.682Z]   SKIP (not in footer/header): https://serieadictos.com
[2026-03-12T01:22:15.682Z]   SKIP (not in footer/header): https://sewingperfectquilts.com
[2026-03-12T01:22:15.682Z]   SKIP (not in footer/header): https://shampoomesalon.com
[2026-03-12T01:22:15.682Z]   SKIP (not in footer/header): https://sheshecakes.com
[2026-03-12T01:22:15.682Z]   SKIP (not in footer/header): https://shopjawbreaking.com
[2026-03-12T01:22:15.682Z]   SKIP (not in footer/header): https://shoppirkey.com/products/joslin-dress
[2026-03-12T01:22:15.682Z]   SKIP (not in footer/header): https://shor.by/Tokyo88
[2026-03-12T01:22:15.682Z]   SKIP (not in footer/header): https://siamcuisinebynit.com
[2026-03-12T01:22:15.682Z]   SKIP (not in footer/header): https://sikat-beacukailangsa.com
[2026-03-12T01:22:15.682Z]   SKIP (not in footer/header): https://situsjg.online
[2026-03-12T01:22:15.682Z]   SKIP (not in footer/header): https://situsjg.site
[2026-03-12T01:22:15.683Z]   SKIP (not in footer/header): https://slot.bio/zeus4d_
[2026-03-12T01:22:15.683Z]   SKIP (not in footer/header): https://slotjoker123.digital
[2026-03-12T01:22:15.683Z]   SKIP (not in footer/header): https://slotspaceman.site
[2026-03-12T01:22:15.683Z]   SKIP (not in footer/header): https://smpn1sht.com
[2026-03-12T01:22:15.683Z]   SKIP (not in footer/header): https://snackattackmovie.com
[2026-03-12T01:22:15.683Z]   SKIP (not in footer/header): https://sneakerslink.com
[2026-03-12T01:22:15.683Z]   SKIP (not in footer/header): https://sobbagel.com/hot-sandwiches
[2026-03-12T01:22:15.683Z]   SKIP (not in footer/header): https://sonnetwellness.com
[2026-03-12T01:22:15.683Z]   SKIP (not in footer/header): https://sophieparisph.com
[2026-03-12T01:22:15.683Z]   SKIP (not in footer/header): https://spectrumlocationsolutions.com
[2026-03-12T01:22:15.683Z]   SKIP (not in footer/header): https://spiff54.com
[2026-03-12T01:22:15.683Z]   SKIP (not in footer/header): https://spinitloud.com
[2026-03-12T01:22:15.683Z]   SKIP (not in footer/header): https://springmexicangrill.com
[2026-03-12T01:22:15.684Z]   SKIP (not in footer/header): https://sprocketsbrewhouses.com
[2026-03-12T01:22:15.684Z]   SKIP (not in footer/header): https://srtfix.com
[2026-03-12T01:22:15.684Z]   SKIP (not in footer/header): https://star138.vip
[2026-03-12T01:22:15.684Z]   SKIP (not in footer/header): https://studentstelkomuniversity.com
[2026-03-12T01:22:15.684Z]   SKIP (not in footer/header): https://sunnysidecafect.com
[2026-03-12T01:22:15.684Z]   SKIP (not in footer/header): https://sunscoop.com
[2026-03-12T01:22:15.684Z]   SKIP (not in footer/header): https://sushiexperto.com
[2026-03-12T01:22:15.684Z]   SKIP (not in footer/header): https://swissdronesystems.com
[2026-03-12T01:22:15.684Z]   SKIP (not in footer/header): https://t3west.com
[2026-03-12T01:22:15.684Z]   SKIP (not in footer/header): https://taosfriction.com
[2026-03-12T01:22:15.684Z]   SKIP (not in footer/header): https://taplink.cc/linktokyo88
[2026-03-12T01:22:15.684Z]   SKIP (not in footer/header): https://taproomhilden.com
[2026-03-12T01:22:15.684Z]   SKIP (not in footer/header): https://tazadeexcelenciamexico.org
[2026-03-12T01:22:15.685Z]   SKIP (not in footer/header): https://teachlivebaltimore.com
[2026-03-12T01:22:15.685Z]   SKIP (not in footer/header): https://teriyakigrillhouse.com
[2026-03-12T01:22:15.685Z]   SKIP (not in footer/header): https://texansfit.com
[2026-03-12T01:22:15.685Z]   SKIP (not in footer/header): https://thai2gonow.com
[2026-03-12T01:22:15.685Z]   SKIP (not in footer/header): https://thaiorchidsusa.com
[2026-03-12T01:22:15.685Z]   SKIP (not in footer/header): https://the1234shoreditch.com
[2026-03-12T01:22:15.685Z]   SKIP (not in footer/header): https://thebedfarm.com
[2026-03-12T01:22:15.685Z]   SKIP (not in footer/header): https://thebenchcommission.net
[2026-03-12T01:22:15.685Z]   SKIP (not in footer/header): https://theblocksharpener.com
[2026-03-12T01:22:15.685Z]   SKIP (not in footer/header): https://theboaringtruth.org/field-signs
[2026-03-12T01:22:15.685Z]   SKIP (not in footer/header): https://theboilbar.com
[2026-03-12T01:22:15.685Z]   SKIP (not in footer/header): https://thebridgeatcornelltech.com
[2026-03-12T01:22:15.686Z]   SKIP (not in footer/header): https://thebudranchgardencenter.com
[2026-03-12T01:22:15.686Z]   SKIP (not in footer/header): https://thecedarpointhouse.com
[2026-03-12T01:22:15.686Z]   SKIP (not in footer/header): https://thecrazycakelady.net
[2026-03-12T01:22:15.686Z]   SKIP (not in footer/header): https://thedivineeyetattoo.com
[2026-03-12T01:22:15.686Z]   SKIP (not in footer/header): https://thedvinecafe.com
[2026-03-12T01:22:15.686Z]   SKIP (not in footer/header): https://thefarmhousefluff.com
[2026-03-12T01:22:15.686Z]   SKIP (not in footer/header): https://theinfinitypencil.com
[2026-03-12T01:22:15.686Z]   SKIP (not in footer/header): https://theladylovescouture.com
[2026-03-12T01:22:15.686Z]   SKIP (not in footer/header): https://theliopizza.com
[2026-03-12T01:22:15.686Z]   SKIP (not in footer/header): https://thelitehousestudio.net
[2026-03-12T01:22:15.686Z]   SKIP (not in footer/header): https://theloveofcakes.com
[2026-03-12T01:22:15.686Z]   SKIP (not in footer/header): https://themarinerormondbeach.com
[2026-03-12T01:22:15.687Z]   ADDED: urls <- https://themeansar.com
[2026-03-12T01:22:15.687Z]   ADDED: urls <- https://themeansar.com/free-themes/blogus
[2026-03-12T01:22:15.687Z]   SKIP (not in footer/header): https://themesbyjames.com
[2026-03-12T01:22:15.687Z]   SKIP (not in footer/header): https://themiradorbnb.com
[2026-03-12T01:22:15.687Z]   SKIP (not in footer/header): https://theparkwaydentist.com
[2026-03-12T01:22:15.687Z]   SKIP (not in footer/header): https://thepurpledoor.info
[2026-03-12T01:22:15.687Z]   SKIP (not in footer/header): https://therosehostel.com
[2026-03-12T01:22:15.687Z]   SKIP (not in footer/header): https://theroyalcrestapts.com
[2026-03-12T01:22:15.687Z]   SKIP (not in footer/header): https://thesimplynourish.com
[2026-03-12T01:22:15.687Z]   SKIP (not in footer/header): https://thesleepstyler.com
[2026-03-12T01:22:15.687Z]   SKIP (not in footer/header): https://thespotlighteventsqc.com
[2026-03-12T01:22:15.688Z]   SKIP (not in footer/header): https://theviewestes.com/estes-park-weddings
[2026-03-12T01:22:15.688Z]   SKIP (not in footer/header): https://thewashdawg.com
[2026-03-12T01:22:15.688Z]   SKIP (not in footer/header): https://thewiltongarage.com/reviews
[2026-03-12T01:22:15.688Z]   SKIP (not in footer/header): https://thriftymum.com
[2026-03-12T01:22:15.688Z]   SKIP (not in footer/header): https://throwbacksnj.com
[2026-03-12T01:22:15.688Z]   SKIP (not in footer/header): https://topnotchvehicles.com
[2026-03-12T01:22:15.688Z]   SKIP (not in footer/header): https://toppenridge.com/architecture
[2026-03-12T01:22:15.688Z]   SKIP (not in footer/header): https://totobet88.vip
[2026-03-12T01:22:15.688Z]   SKIP (not in footer/header): https://tricicloperumke.com
[2026-03-12T01:22:15.688Z]   SKIP (not in footer/header): https://tsmandymayhem.com
[2026-03-12T01:22:15.688Z]   SKIP (not in footer/header): https://umefooddk.com
[2026-03-12T01:22:15.688Z]   SKIP (not in footer/header): https://uniquefullservicesalon.com
[2026-03-12T01:22:15.688Z]   SKIP (not in footer/header): https://uptownchinaseattlewa.com
[2026-03-12T01:22:15.689Z]   SKIP (not in footer/header): https://uturnlounge.com
[2026-03-12T01:22:15.689Z]   SKIP (not in footer/header): https://vacaystyle.com
[2026-03-12T01:22:15.689Z]   SKIP (not in footer/header): https://valuablestories.com
[2026-03-12T01:22:15.689Z]   SKIP (not in footer/header): https://veganplayer.com
[2026-03-12T01:22:15.689Z]   SKIP (not in footer/header): https://vegashoki.live
[2026-03-12T01:22:15.689Z]   SKIP (not in footer/header): https://venom-defense.com
[2026-03-12T01:22:15.689Z]   SKIP (not in footer/header): https://vermontadventurevans.com
[2026-03-12T01:22:15.689Z]   SKIP (not in footer/header): https://vernasgrocery.com
[2026-03-12T01:22:15.689Z]   SKIP (not in footer/header): https://vicousticna.com
[2026-03-12T01:22:15.689Z]   SKIP (not in footer/header): https://viewmke.com
[2026-03-12T01:22:15.689Z]   SKIP (not in footer/header): https://villageofbocabarwood.com
[2026-03-12T01:22:15.690Z]   SKIP (not in footer/header): https://villageofhempsteadespri.org
[2026-03-12T01:22:15.690Z]   SKIP (not in footer/header): https://vitalbake.com/fricassee-cake-recipes
[2026-03-12T01:22:15.690Z]   SKIP (not in footer/header): https://waikikigangnamstyle.com
[2026-03-12T01:22:15.690Z]   SKIP (not in footer/header): https://waxbarypsi.com
[2026-03-12T01:22:15.690Z]   SKIP (not in footer/header): https://waynespizza.com
[2026-03-12T01:22:15.690Z]   SKIP (not in footer/header): https://weirdestsports.com/bo-taoshi
[2026-03-12T01:22:15.690Z]   SKIP (not in footer/header): https://welkvacations.com
[2026-03-12T01:22:15.690Z]   SKIP (not in footer/header): https://what-near-me.com
[2026-03-12T01:22:15.690Z]   SKIP (not in footer/header): https://whatsonkorat.com
[2026-03-12T01:22:15.690Z]   SKIP (not in footer/header): https://whippersnapstp.com
[2026-03-12T01:22:15.690Z]   SKIP (not in footer/header): https://wisands.com
[2026-03-12T01:22:15.690Z]   SKIP (not in footer/header): https://wolverinetackle.com
[2026-03-12T01:22:15.690Z]   SKIP (not in footer/header): https://worldtechauto1.com
[2026-03-12T01:22:15.690Z]   SKIP (not in footer/header): https://worrellsautomotive.com
[2026-03-12T01:22:15.691Z]   SKIP (not in footer/header): https://wrfnursery.com/using-root-stimulator-on-new-plantings
[2026-03-12T01:22:15.691Z]   SKIP (not in footer/header): https://wselfierva.com
[2026-03-12T01:22:15.691Z]   SKIP (not in footer/header): https://wtwoodsonsports.com/how-many-inning-in-high-school-baseball
[2026-03-12T01:22:15.691Z]   SKIP (not in footer/header): https://www.600cafeandgrill.com
[2026-03-12T01:22:15.691Z]   SKIP (not in footer/header): https://www.aandapizza.com
[2026-03-12T01:22:15.691Z]   SKIP (not in footer/header): https://www.acquaclub.com
[2026-03-12T01:22:15.691Z]   SKIP (not in footer/header): https://www.alexandergronsky.com
[2026-03-12T01:22:15.691Z]   SKIP (not in footer/header): https://www.alfaromeonb.com
[2026-03-12T01:22:15.691Z]   SKIP (not in footer/header): https://www.andrus-nichols.com/upcoming.html
[2026-03-12T01:22:15.691Z]   SKIP (not in footer/header): https://www.annejac.ac.in/syllabus
[2026-03-12T01:22:15.691Z]   SKIP (not in footer/header): https://www.annierichardsonart.com
[2026-03-12T01:22:15.691Z]   SKIP (not in footer/header): https://www.arkatzstore.com
[2026-03-12T01:22:15.691Z]   SKIP (not in footer/header): https://www.asianbistrows.com
[2026-03-12T01:22:15.691Z]   SKIP (not in footer/header): https://www.avmor.com
[2026-03-12T01:22:15.692Z]   SKIP (not in footer/header): https://www.badosoft.com
[2026-03-12T01:22:15.692Z]   SKIP (not in footer/header): https://www.bavarianpoint.net
[2026-03-12T01:22:15.692Z]   SKIP (not in footer/header): https://www.beautysaloncollegestation.com
[2026-03-12T01:22:15.692Z]   SKIP (not in footer/header): https://www.besthikarisushi.com
[2026-03-12T01:22:15.692Z]   SKIP (not in footer/header): https://www.bgblooms.com
[2026-03-12T01:22:15.692Z]   SKIP (not in footer/header): https://www.binghamtoncaterer.com
[2026-03-12T01:22:15.692Z]   SKIP (not in footer/header): https://www.bistrosoleil.net
[2026-03-12T01:22:15.692Z]   SKIP (not in footer/header): https://www.bitars.com
[2026-03-12T01:22:15.692Z]   SKIP (not in footer/header): https://www.blackeyed.vodka
[2026-03-12T01:22:15.692Z]   SKIP (not in footer/header): https://www.blissweddingfilms.com/wedding-films
[2026-03-12T01:22:15.692Z]   SKIP (not in footer/header): https://www.blogxpressions.com
[2026-03-12T01:22:15.692Z]   SKIP (not in footer/header): https://www.bodybanksfitness.com/shop
[2026-03-12T01:22:15.692Z]   SKIP (not in footer/header): https://www.bonitachinawok.com
[2026-03-12T01:22:15.692Z]   SKIP (not in footer/header): https://www.borderlineartcollective.com
[2026-03-12T01:22:15.693Z]   SKIP (not in footer/header): https://www.bosspizza.co
[2026-03-12T01:22:15.693Z]   SKIP (not in footer/header): https://www.botanarestaurante.com
[2026-03-12T01:22:15.693Z]   SKIP (not in footer/header): https://www.bouchonlyonnais.fr
[2026-03-12T01:22:15.693Z]   SKIP (not in footer/header): https://www.bowonacupunctureherb.com
[2026-03-12T01:22:15.693Z]   SKIP (not in footer/header): https://www.bravadayachts.com
[2026-03-12T01:22:15.693Z]   SKIP (not in footer/header): https://www.brennansbowery.com
[2026-03-12T01:22:15.693Z]   SKIP (not in footer/header): https://www.bullandgarland.com
[2026-03-12T01:22:15.693Z]   SKIP (not in footer/header): https://www.buonanottetoronto.com
[2026-03-12T01:22:15.693Z]   SKIP (not in footer/header): https://www.calapizza.com
[2026-03-12T01:22:15.693Z]   SKIP (not in footer/header): https://www.capemaycharter.com
[2026-03-12T01:22:15.693Z]   SKIP (not in footer/header): https://www.carlsbadebikesandmoreca.com
[2026-03-12T01:22:15.693Z]   SKIP (not in footer/header): https://www.carnevillamaria.com
[2026-03-12T01:22:15.693Z]   SKIP (not in footer/header): https://www.catalantapasbar.com
[2026-03-12T01:22:15.694Z]   SKIP (not in footer/header): https://www.cavespringga.com
[2026-03-12T01:22:15.694Z]   SKIP (not in footer/header): https://www.challisroadhouse.com
[2026-03-12T01:22:15.694Z]   SKIP (not in footer/header): https://www.chandlerlimoservice.com
[2026-03-12T01:22:15.694Z]   SKIP (not in footer/header): https://www.clevly.com
[2026-03-12T01:22:15.694Z]   SKIP (not in footer/header): https://www.cochonvolantchicago.com
[2026-03-12T01:22:15.694Z]   SKIP (not in footer/header): https://www.coescape.com
[2026-03-12T01:22:15.694Z]   SKIP (not in footer/header): https://www.congomoja.com
[2026-03-12T01:22:15.694Z]   SKIP (not in footer/header): https://www.crazycrab.co
[2026-03-12T01:22:15.694Z]   SKIP (not in footer/header): https://www.curtscleaners.com
[2026-03-12T01:22:15.694Z]   SKIP (not in footer/header): https://www.delightfuldonutsmilton.com
[2026-03-12T01:22:15.694Z]   SKIP (not in footer/header): https://www.denscosupply.com
[2026-03-12T01:22:15.695Z]   SKIP (not in footer/header): https://www.dessertmonstersg.com
[2026-03-12T01:22:15.695Z]   SKIP (not in footer/header): https://www.divazapatos.com
[2026-03-12T01:22:15.695Z]   SKIP (not in footer/header): https://www.dodsonms.com
[2026-03-12T01:22:15.695Z]   SKIP (not in footer/header): https://www.donpetrinospizzeriami.com
[2026-03-12T01:22:15.695Z]   SKIP (not in footer/header): https://www.drunkendragon.com
[2026-03-12T01:22:15.695Z]   SKIP (not in footer/header): https://www.easyparkusa.com
[2026-03-12T01:22:15.695Z]   SKIP (not in footer/header): https://www.edoasiancuisine.com
[2026-03-12T01:22:15.695Z]   SKIP (not in footer/header): https://www.eliteboatandrvstorage.com
[2026-03-12T01:22:15.695Z]   SKIP (not in footer/header): https://www.elitify.com
[2026-03-12T01:22:15.695Z]   SKIP (not in footer/header): https://www.eljardincolumbia.com
[2026-03-12T01:22:15.695Z]   SKIP (not in footer/header): https://www.eltacofrescoeugene.com/about
[2026-03-12T01:22:15.695Z]   SKIP (not in footer/header): https://www.eltacofrescoeugene.com/menu
[2026-03-12T01:22:15.695Z]   SKIP (not in footer/header): https://www.eofficedirect.com
[2026-03-12T01:22:15.696Z]   SKIP (not in footer/header): https://www.everestcafeandbar.com
[2026-03-12T01:22:15.696Z]   SKIP (not in footer/header): https://www.everestvision.com
[2026-03-12T01:22:15.696Z]   SKIP (not in footer/header): https://www.expoeventcenter.com
[2026-03-12T01:22:15.696Z]   SKIP (not in footer/header): https://www.fabulisttravel.com
[2026-03-12T01:22:15.696Z]   SKIP (not in footer/header): https://www.fairlandboysgymnastics.org
[2026-03-12T01:22:15.696Z]   SKIP (not in footer/header): https://www.firstchoicerealty1.com
[2026-03-12T01:22:15.696Z]   SKIP (not in footer/header): https://www.gacor66site.online
[2026-03-12T01:22:15.696Z]   SKIP (not in footer/header): https://www.gardenmediterraneangrilllutz.com
[2026-03-12T01:22:15.696Z]   SKIP (not in footer/header): https://www.garuda303.id
[2026-03-12T01:22:15.696Z]   SKIP (not in footer/header): https://www.gentlebreezecabins.com
[2026-03-12T01:22:15.696Z]   SKIP (not in footer/header): https://www.giffordfuneralhome.com
[2026-03-12T01:22:15.696Z]   SKIP (not in footer/header): https://www.globalwater.org
[2026-03-12T01:22:15.696Z]   SKIP (not in footer/header): https://www.goatfarmgaming.com
[2026-03-12T01:22:15.696Z]   SKIP (not in footer/header): https://www.greatamericanpizzeria.com
[2026-03-12T01:22:15.696Z]   SKIP (not in footer/header): https://www.greensupsalads.com
[2026-03-12T01:22:15.697Z]   SKIP (not in footer/header): https://www.hairraisersalon.com/a-b-o-u-t
[2026-03-12T01:22:15.697Z]   SKIP (not in footer/header): https://www.halfmoonisland.com
[2026-03-12T01:22:15.697Z]   SKIP (not in footer/header): https://www.hannahmontanarentals.com
[2026-03-12T01:22:15.697Z]   SKIP (not in footer/header): https://www.hargalaptop.id
[2026-03-12T01:22:15.697Z]   SKIP (not in footer/header): https://www.harvardpsc.com
[2026-03-12T01:22:15.697Z]   SKIP (not in footer/header): https://www.hegesrestaurant.com
[2026-03-12T01:22:15.697Z]   SKIP (not in footer/header): https://www.holidaypizzamenu.com
[2026-03-12T01:22:15.697Z]   SKIP (not in footer/header): https://www.horizonsolarpower.com
[2026-03-12T01:22:15.697Z]   SKIP (not in footer/header): https://www.hosdenar.gov.co
[2026-03-12T01:22:15.697Z]   SKIP (not in footer/header): https://www.hotelclassicchandigarh.com
[2026-03-12T01:22:15.697Z]   SKIP (not in footer/header): https://www.huntfishcampwisconsin.com
[2026-03-12T01:22:15.697Z]   SKIP (not in footer/header): https://www.huntingtonbeachpassports.com
[2026-03-12T01:22:15.697Z]   SKIP (not in footer/header): https://www.hypnoticsalonspa.com
[2026-03-12T01:22:15.698Z]   SKIP (not in footer/header): https://www.icedogfans.com
[2026-03-12T01:22:15.698Z]   SKIP (not in footer/header): https://www.ifeelmaps.com
[2026-03-12T01:22:15.698Z]   SKIP (not in footer/header): https://www.imaginemediaconsulting.com
[2026-03-12T01:22:15.698Z]   SKIP (not in footer/header): https://www.imraan4congress.com
[2026-03-12T01:22:15.698Z]   SKIP (not in footer/header): https://www.jackrooke.com
[2026-03-12T01:22:15.698Z]   SKIP (not in footer/header): https://www.jandstransportation.net
[2026-03-12T01:22:15.698Z]   SKIP (not in footer/header): https://www.janjislot.biz
[2026-03-12T01:22:15.698Z]   SKIP (not in footer/header): https://www.jaysthaikitchen.com
[2026-03-12T01:22:15.698Z]   SKIP (not in footer/header): https://www.kalaia.co
[2026-03-12T01:22:15.699Z]   SKIP (not in footer/header): https://www.kenwoodlanegrille.com
[2026-03-12T01:22:15.699Z]   SKIP (not in footer/header): https://www.kingscafechelmsford.com/locations
[2026-03-12T01:22:15.699Z]   SKIP (not in footer/header): https://www.knitterly.net
[2026-03-12T01:22:15.699Z]   SKIP (not in footer/header): https://www.kosherchicknchow.com
[2026-03-12T01:22:15.699Z]   SKIP (not in footer/header): https://www.lalasport.com
[2026-03-12T01:22:15.699Z]   SKIP (not in footer/header): https://www.larrykleinmusic.com
[2026-03-12T01:22:15.699Z]   SKIP (not in footer/header): https://www.letsbuilddreams.com
[2026-03-12T01:22:15.699Z]   SKIP (not in footer/header): https://www.limobangor.com
[2026-03-12T01:22:15.699Z]   SKIP (not in footer/header): https://www.littlebrotherspizzamenu.com
[2026-03-12T01:22:15.699Z]   SKIP (not in footer/header): https://www.luishortaecosta.com
[2026-03-12T01:22:15.699Z]   SKIP (not in footer/header): https://www.macontreepros.com
[2026-03-12T01:22:15.699Z]   SKIP (not in footer/header): https://www.madnesshub.com
[2026-03-12T01:22:15.699Z]   SKIP (not in footer/header): https://www.magicchinacafe.com
[2026-03-12T01:22:15.699Z]   SKIP (not in footer/header): https://www.mansion54.com
[2026-03-12T01:22:15.700Z]   SKIP (not in footer/header): https://www.marcellospizzaandristorante.com
[2026-03-12T01:22:15.700Z]   SKIP (not in footer/header): https://www.marukitchen.us
[2026-03-12T01:22:15.700Z]   SKIP (not in footer/header): https://www.maryannstearoom.com
[2026-03-12T01:22:15.700Z]   SKIP (not in footer/header): https://www.matthewdickmanpoetry.com
[2026-03-12T01:22:15.700Z]   SKIP (not in footer/header): https://www.matutute.com
[2026-03-12T01:22:15.700Z]   SKIP (not in footer/header): https://www.mebelkart.com
[2026-03-12T01:22:15.700Z]   SKIP (not in footer/header): https://www.metropizzas.com
[2026-03-12T01:22:15.700Z]   SKIP (not in footer/header): https://www.miasbliv.com
[2026-03-12T01:22:15.700Z]   SKIP (not in footer/header): https://www.michaelfarren.com
[2026-03-12T01:22:15.700Z]   SKIP (not in footer/header): https://www.michaelsmithmusic.com
[2026-03-12T01:22:15.700Z]   SKIP (not in footer/header): https://www.milliondollarquartet.net
[2026-03-12T01:22:15.700Z]   SKIP (not in footer/header): https://www.millwoodgardencenter.com
[2026-03-12T01:22:15.700Z]   SKIP (not in footer/header): https://www.mommiecooks.com
[2026-03-12T01:22:15.701Z]   SKIP (not in footer/header): https://www.mouratovalawfirm.com
[2026-03-12T01:22:15.701Z]   SKIP (not in footer/header): https://www.muslim-housing.org
[2026-03-12T01:22:15.701Z]   SKIP (not in footer/header): https://www.myangelcardreadings.com
[2026-03-12T01:22:15.701Z]   SKIP (not in footer/header): https://www.myblessedhome.net
[2026-03-12T01:22:15.701Z]   SKIP (not in footer/header): https://www.mynewdaycafe.com
[2026-03-12T01:22:15.701Z]   SKIP (not in footer/header): https://www.neon-tiger.com
[2026-03-12T01:22:15.701Z]   SKIP (not in footer/header): https://www.newhongkongnj.com
[2026-03-12T01:22:15.701Z]   SKIP (not in footer/header): https://www.nomadcic.com
[2026-03-12T01:22:15.701Z]   SKIP (not in footer/header): https://www.okinawalonetree.com
[2026-03-12T01:22:15.701Z]   SKIP (not in footer/header): https://www.oldcapitaltavern.com
[2026-03-12T01:22:15.701Z]   SKIP (not in footer/header): https://www.orderbozzyspizzeria.com
[2026-03-12T01:22:15.701Z]   SKIP (not in footer/header): https://www.orderconstantinesdeli.com
[2026-03-12T01:22:15.702Z]   SKIP (not in footer/header): https://www.ozkanelectronic.com
[2026-03-12T01:22:15.702Z]   SKIP (not in footer/header): https://www.ozonelasertag.com
[2026-03-12T01:22:15.702Z]   SKIP (not in footer/header): https://www.papawoodyspizza.com
[2026-03-12T01:22:15.702Z]   SKIP (not in footer/header): https://www.pfstandardpoodles.com
[2026-03-12T01:22:15.702Z]   SKIP (not in footer/header): https://www.photodigiscoping.com
[2026-03-12T01:22:15.702Z]   SKIP (not in footer/header): https://www.piggytoespress.com
[2026-03-12T01:22:15.702Z]   SKIP (not in footer/header): https://www.pinnstation.co
[2026-03-12T01:22:15.702Z]   SKIP (not in footer/header): https://www.piso16.cultura.unam.mx
[2026-03-12T01:22:15.702Z]   SKIP (not in footer/header): https://www.pizzachefguyton.com
[2026-03-12T01:22:15.702Z]   SKIP (not in footer/header): https://www.plumtomatoespizza.com
[2026-03-12T01:22:15.702Z]   SKIP (not in footer/header): https://www.precisiongageinc.com
[2026-03-12T01:22:15.702Z]   SKIP (not in footer/header): https://www.professionallyfaded.com
[2026-03-12T01:22:15.702Z]   SKIP (not in footer/header): https://www.qualityyouthdevelopment.org
[2026-03-12T01:22:15.703Z]   SKIP (not in footer/header): https://www.ramirezdoorglass.com
[2026-03-12T01:22:15.703Z]   SKIP (not in footer/header): https://www.ranasbridgeofallan.com/menus.html
[2026-03-12T01:22:15.703Z]   SKIP (not in footer/header): https://www.redemprendia.org
[2026-03-12T01:22:15.703Z]   SKIP (not in footer/header): https://www.redhillspowersports.com
[2026-03-12T01:22:15.703Z]   SKIP (not in footer/header): https://www.relaxinelysium.com
[2026-03-12T01:22:15.703Z]   SKIP (not in footer/header): https://www.repmetcalfe.com
[2026-03-12T01:22:15.703Z]   SKIP (not in footer/header): https://www.resthavenmotel.net
[2026-03-12T01:22:15.703Z]   SKIP (not in footer/header): https://www.revivecleaningservice.com
[2026-03-12T01:22:15.703Z]   SKIP (not in footer/header): https://www.roxsbar.com
[2026-03-12T01:22:15.703Z]   SKIP (not in footer/header): https://www.ruestreetcottage.com/product-page/breakfast-nook
[2026-03-12T01:22:15.703Z]   SKIP (not in footer/header): https://www.rumahyatimalphajateng.org
[2026-03-12T01:22:15.703Z]   SKIP (not in footer/header): https://www.ryanwalshquilts.com
[2026-03-12T01:22:15.704Z]   SKIP (not in footer/header): https://www.samstapmke.com
[2026-03-12T01:22:15.704Z]   SKIP (not in footer/header): https://www.sarahs-sweets.com
[2026-03-12T01:22:15.704Z]   SKIP (not in footer/header): https://www.scrapmetaljunkie.com
[2026-03-12T01:22:15.704Z]   SKIP (not in footer/header): https://www.scrupleshouston.com
[2026-03-12T01:22:15.704Z]   SKIP (not in footer/header): https://www.serenitymemorialgardens.net
[2026-03-12T01:22:15.704Z]   SKIP (not in footer/header): https://www.sewickleyconfectionery.com
[2026-03-12T01:22:15.704Z]   SKIP (not in footer/header): https://www.shanghaitokyocafemd.com
[2026-03-12T01:22:15.704Z]   SKIP (not in footer/header): https://www.shischool.com
[2026-03-12T01:22:15.704Z]   SKIP (not in footer/header): https://www.shopafle.com
[2026-03-12T01:22:15.704Z]   SKIP (not in footer/header): https://www.showmanfurniture.com
[2026-03-12T01:22:15.704Z]   SKIP (not in footer/header): https://www.shoyudenver.com
[2026-03-12T01:22:15.704Z]   SKIP (not in footer/header): https://www.sideburnersbbq.com
[2026-03-12T01:22:15.704Z]   SKIP (not in footer/header): https://www.siding14brewing.com
[2026-03-12T01:22:15.705Z]   SKIP (not in footer/header): https://www.socalacuradealers.com
[2026-03-12T01:22:15.705Z]   SKIP (not in footer/header): https://www.socksrocks.com/about-the-doctors
[2026-03-12T01:22:15.705Z]   SKIP (not in footer/header): https://www.solarftp.com
[2026-03-12T01:22:15.705Z]   SKIP (not in footer/header): https://www.someonetosew.com
[2026-03-12T01:22:15.705Z]   SKIP (not in footer/header): https://www.soundslikekathleen.com
[2026-03-12T01:22:15.705Z]   SKIP (not in footer/header): https://www.sourceonemeds.com/drops
[2026-03-12T01:22:15.705Z]   SKIP (not in footer/header): https://www.speedxbrentwood.com
[2026-03-12T01:22:15.705Z]   SKIP (not in footer/header): https://www.sprinklescakes.net
[2026-03-12T01:22:15.705Z]   SKIP (not in footer/header): https://www.stan-im.ac.id
[2026-03-12T01:22:15.705Z]   SKIP (not in footer/header): https://www.standupburgers.com
[2026-03-12T01:22:15.705Z]   SKIP (not in footer/header): https://www.starommillenia.com
[2026-03-12T01:22:15.705Z]   SKIP (not in footer/header): https://www.stephanemanel.com
[2026-03-12T01:22:15.705Z]   SKIP (not in footer/header): https://www.stoneblockartandantiques.com
[2026-03-12T01:22:15.705Z]   SKIP (not in footer/header): https://www.studio2204.com
[2026-03-12T01:22:15.706Z]   SKIP (not in footer/header): https://www.successpointconsulting.com
[2026-03-12T01:22:15.706Z]   SKIP (not in footer/header): https://www.sun-kitchen.com
[2026-03-12T01:22:15.706Z]   SKIP (not in footer/header): https://www.sunshinelandscapingny.com
[2026-03-12T01:22:15.706Z]   SKIP (not in footer/header): https://www.survivalandserenity.com
[2026-03-12T01:22:15.706Z]   SKIP (not in footer/header): https://www.sushifactoryfiske.com
[2026-03-12T01:22:15.706Z]   SKIP (not in footer/header): https://www.swamijuicetampa.com
[2026-03-12T01:22:15.706Z]   SKIP (not in footer/header): https://www.synaesthesiamagazine.com
[2026-03-12T01:22:15.706Z]   SKIP (not in footer/header): https://www.tackleboxseafood.com
[2026-03-12T01:22:15.706Z]   SKIP (not in footer/header): https://www.tatsacto.com
[2026-03-12T01:22:15.706Z]   SKIP (not in footer/header): https://www.tazauae.com/al-nahda
[2026-03-12T01:22:15.706Z]   SKIP (not in footer/header): https://www.tazauae.com/al-rigga
[2026-03-12T01:22:15.706Z]   SKIP (not in footer/header): https://www.tazauae.com/dhiyafa
[2026-03-12T01:22:15.707Z]   SKIP (not in footer/header): https://www.thaieastfusion.com
[2026-03-12T01:22:15.707Z]   SKIP (not in footer/header): https://www.thecopperpotrestaurant.com
[2026-03-12T01:22:15.707Z]   SKIP (not in footer/header): https://www.thecrookedknife.com
[2026-03-12T01:22:15.707Z]   SKIP (not in footer/header): https://www.theculturalcenter.com
[2026-03-12T01:22:15.707Z]   SKIP (not in footer/header): https://www.thegrandadcompany.com
[2026-03-12T01:22:15.707Z]   SKIP (not in footer/header): https://www.themicrobladingbible.com
[2026-03-12T01:22:15.707Z]   SKIP (not in footer/header): https://www.thepaddockcafe.com
[2026-03-12T01:22:15.707Z]   SKIP (not in footer/header): https://www.thepilatesworkshopsf.com
[2026-03-12T01:22:15.707Z]   SKIP (not in footer/header): https://www.thepwc.xyz
[2026-03-12T01:22:15.707Z]   SKIP (not in footer/header): https://www.thequietintheland.org
[2026-03-12T01:22:15.707Z]   SKIP (not in footer/header): https://www.thestickpic.com
[2026-03-12T01:22:15.707Z]   SKIP (not in footer/header): https://www.tinkleonline.com
[2026-03-12T01:22:15.708Z]   SKIP (not in footer/header): https://www.toriestastytreats.com
[2026-03-12T01:22:15.708Z]   SKIP (not in footer/header): https://www.traditionscompany.com
[2026-03-12T01:22:15.708Z]   SKIP (not in footer/header): https://www.traininghamilton.com
[2026-03-12T01:22:15.708Z]   SKIP (not in footer/header): https://www.treeswindon.com
[2026-03-12T01:22:15.708Z]   SKIP (not in footer/header): https://www.triciascafe.com
[2026-03-12T01:22:15.708Z]   SKIP (not in footer/header): https://www.turkeycreeklodgeandrv.com/about.html
[2026-03-12T01:22:15.708Z]   SKIP (not in footer/header): https://www.ucchm.org
[2026-03-12T01:22:15.708Z]   SKIP (not in footer/header): https://www.venetownsc.com
[2026-03-12T01:22:15.708Z]   SKIP (not in footer/header): https://www.vilamaska.com
[2026-03-12T01:22:15.708Z]   SKIP (not in footer/header): https://www.vinelanddental.com
[2026-03-12T01:22:15.708Z]   SKIP (not in footer/header): https://www.visitsevierar.com
[2026-03-12T01:22:15.708Z]   SKIP (not in footer/header): https://www.weddingdates.id
[2026-03-12T01:22:15.708Z]   SKIP (not in footer/header): https://www.whitebirchbrewing.com
[2026-03-12T01:22:15.708Z]   SKIP (not in footer/header): https://www.whitemtauto.com
[2026-03-12T01:22:15.709Z]   SKIP (not in footer/header): https://www.yogapublic.com
[2026-03-12T01:22:15.709Z]   SKIP (not in footer/header): https://www.yogofactory.com
[2026-03-12T01:22:15.709Z]   SKIP (not in footer/header): https://www.yvolvesports.com
[2026-03-12T01:22:15.709Z]   SKIP (not in footer/header): https://www.zanemaloneyracing.com
[2026-03-12T01:22:15.709Z]   SKIP (not in footer/header): https://www.zhonghuarestaurant.com
[2026-03-12T01:22:15.709Z]   SKIP (not in footer/header): https://xo4d.vip
[2026-03-12T01:22:15.709Z]   SKIP (not in footer/header): https://yaffagrillmiamisburg.com
[2026-03-12T01:22:15.709Z]   SKIP (not in footer/header): https://yangfootspa.com
[2026-03-12T01:22:15.709Z]   SKIP (not in footer/header): https://yellowbandcoffeeroasters.com
[2026-03-12T01:22:15.709Z]   SKIP (not in footer/header): https://yellowbellychicken.com
[2026-03-12T01:22:15.709Z]   SKIP (not in footer/header): https://yourfantasticsams.com
[2026-03-12T01:22:15.709Z]   SKIP (not in footer/header): https://zappisbikecafe.com
[2026-03-12T01:22:15.709Z]   SKIP (not in footer/header): https://zeroascope.com
[2026-03-12T01:22:15.710Z]   SKIP (not in footer/header): https://zobowithashotgun.com
[2026-03-12T01:22:15.710Z]   SKIP (not in footer/header): https://zoommeetingbackgrounds.com
[2026-03-12T01:22:15.710Z]   SKIP (not in footer/header): https://zoyuz.com
[2026-03-12T01:22:15.710Z]   SKIP (not in footer/header): https://zukanaperville.com
[2026-03-12T01:22:15.710Z] Step 2b result: added 2 uncategorized domains from footer/header
[2026-03-12T01:22:15.710Z] ── Step 2c: YouTube channel handle resolution ──
[2026-03-12T01:22:15.710Z]   YOUTUBE: no ytc entries to resolve
[2026-03-12T01:22:15.710Z] ── Step 3: Final dedup ──
[2026-03-12T01:22:15.710Z] Dedup: removed 0 of 3 URLs already in specialized fields
[2026-03-12T01:22:15.710Z] ── FINAL RESULT ──
[2026-03-12T01:22:15.710Z]   ws (1):
[2026-03-12T01:22:15.710Z]     - https://bloggersbase.com
[2026-03-12T01:22:15.710Z]   urls (3):
[2026-03-12T01:22:15.711Z]     - https://bloggersbase.com
[2026-03-12T01:22:15.711Z]     - https://themeansar.com
[2026-03-12T01:22:15.711Z]     - https://themeansar.com/free-themes/blogus
[2026-03-12T01:22:15.711Z] Summary: ws:1, urls:3
[2026-03-12T01:22:15.713Z] Saved final result to result.json
[2026-03-12T01:22:15.714Z] Override fields: ws, urls
[2026-03-12T01:22:15.714Z] Finished at: 2026-03-12T01:22:15.714Z
