[2026-03-21T09:12:43.847Z] === Homepage AI Extractor: Etgar Human Resources ===
[2026-03-21T09:12:43.847Z] Started at: 2026-03-21T09:12:43.847Z
[2026-03-21T09:12:43.847Z] Log directory: C:\Users\ahmed\code\mono\packages\scrapper\logs\homepage_ai_extractor\1774084363846_Etgar_Human_Resources
[2026-03-21T09:12:43.847Z] Company: Etgar Human Resources
[2026-03-21T09:12:43.847Z] Website: etgar-hr.com
[2026-03-21T09:12:43.847Z] cbRank: 3196006
[2026-03-21T09:12:43.847Z] Reasons: h
[2026-03-21T09:12:43.847Z] Fetching: https://etgar-hr.com
[2026-03-21T09:12:46.594Z] Redirected: https://etgar-hr.com -> https://etgar-hr.com/
[2026-03-21T09:12:46.611Z] Saved HTML (595890 bytes) to page.html
[2026-03-21T09:12:46.619Z] Extracted 340 unique links from page
[2026-03-21T09:12:46.619Z] Saved 340 links to links.json
[2026-03-21T09:12:46.622Z] Extracted footer HTML (9448 chars)
[2026-03-21T09:12:46.622Z] Extracted header HTML (21672 chars)
[2026-03-21T09:12:46.626Z] Website (post-redirect): https://etgar-hr.com/ → origin: https://etgar-hr.com
[2026-03-21T09:12:46.627Z] External links: 241 (of 340 total)
[2026-03-21T09:12:46.627Z] ── All external links ──
[2026-03-21T09:12:46.627Z]   EXT: https://accessibility-helper.co.il
[2026-03-21T09:12:46.627Z]   EXT: https://etgar-hr.co.il/%D7%AA%D7%95%D7%A6%D7%90%D7%95%D7%AA-%D7%97%D7%99%D7%A4%D7%95%D7%A9/?search=%D7%90%D7%95%D7%99%D7%A8%D7%95%D7%A0%D7%90%D7%95%D7%98%D7%99%D7%A7%D7%94+%D7%95%D7%AA%D7%A2%D7%95%D7%A4%D7%94&mid=62768
[2026-03-21T09:12:46.627Z]   EXT: https://etgar-hr.co.il/%D7%AA%D7%95%D7%A6%D7%90%D7%95%D7%AA-%D7%97%D7%99%D7%A4%D7%95%D7%A9/?search=%D7%90%D7%9C%D7%A7%D7%98%D7%A8%D7%95%D7%A0%D7%99%D7%A7%D7%94&mid=57830
[2026-03-21T09:12:46.627Z]   EXT: https://etgar-hr.co.il/%D7%AA%D7%95%D7%A6%D7%90%D7%95%D7%AA-%D7%97%D7%99%D7%A4%D7%95%D7%A9/?search=%D7%90%D7%9C%D7%A7%D7%98%D7%A8%D7%95%D7%A0%D7%99%D7%A7%D7%94&mid=61404
[2026-03-21T09:12:46.627Z]   EXT: https://etgar-hr.co.il/%D7%AA%D7%95%D7%A6%D7%90%D7%95%D7%AA-%D7%97%D7%99%D7%A4%D7%95%D7%A9/?search=%D7%90%D7%9C%D7%A7%D7%98%D7%A8%D7%95%D7%A0%D7%99%D7%A7%D7%94&mid=61556
[2026-03-21T09:12:46.627Z]   EXT: https://etgar-hr.co.il/%D7%AA%D7%95%D7%A6%D7%90%D7%95%D7%AA-%D7%97%D7%99%D7%A4%D7%95%D7%A9/?search=%D7%90%D7%9C%D7%A7%D7%98%D7%A8%D7%95%D7%A0%D7%99%D7%A7%D7%94&mid=62594
[2026-03-21T09:12:46.627Z]   EXT: https://etgar-hr.co.il/%D7%AA%D7%95%D7%A6%D7%90%D7%95%D7%AA-%D7%97%D7%99%D7%A4%D7%95%D7%A9/?search=%D7%90%D7%9C%D7%A7%D7%98%D7%A8%D7%95%D7%A0%D7%99%D7%A7%D7%94&mid=62696
[2026-03-21T09:12:46.627Z]   EXT: https://etgar-hr.co.il/%D7%AA%D7%95%D7%A6%D7%90%D7%95%D7%AA-%D7%97%D7%99%D7%A4%D7%95%D7%A9/?search=%D7%90%D7%9C%D7%A7%D7%98%D7%A8%D7%95%D7%A0%D7%99%D7%A7%D7%94&mid=62729
[2026-03-21T09:12:46.627Z]   EXT: https://etgar-hr.co.il/%D7%AA%D7%95%D7%A6%D7%90%D7%95%D7%AA-%D7%97%D7%99%D7%A4%D7%95%D7%A9/?search=%D7%90%D7%9C%D7%A7%D7%98%D7%A8%D7%95%D7%A0%D7%99%D7%A7%D7%94&mid=62895
[2026-03-21T09:12:46.627Z]   EXT: https://etgar-hr.co.il/%D7%AA%D7%95%D7%A6%D7%90%D7%95%D7%AA-%D7%97%D7%99%D7%A4%D7%95%D7%A9/?search=%D7%91%D7%9C%D7%AA%D7%99+%D7%9E%D7%A7%D7%A6%D7%95%D7%A2%D7%99+/+%D7%9B%D7%9C%D7%9C%D7%99&mid=58992
[2026-03-21T09:12:46.627Z]   EXT: https://etgar-hr.co.il/%D7%AA%D7%95%D7%A6%D7%90%D7%95%D7%AA-%D7%97%D7%99%D7%A4%D7%95%D7%A9/?search=%D7%91%D7%9C%D7%AA%D7%99+%D7%9E%D7%A7%D7%A6%D7%95%D7%A2%D7%99+/+%D7%9B%D7%9C%D7%9C%D7%99&mid=59173
[2026-03-21T09:12:46.627Z]   EXT: https://etgar-hr.co.il/%D7%AA%D7%95%D7%A6%D7%90%D7%95%D7%AA-%D7%97%D7%99%D7%A4%D7%95%D7%A9/?search=%D7%91%D7%9C%D7%AA%D7%99+%D7%9E%D7%A7%D7%A6%D7%95%D7%A2%D7%99+/+%D7%9B%D7%9C%D7%9C%D7%99&mid=59215
[2026-03-21T09:12:46.627Z]   EXT: https://etgar-hr.co.il/%D7%AA%D7%95%D7%A6%D7%90%D7%95%D7%AA-%D7%97%D7%99%D7%A4%D7%95%D7%A9/?search=%D7%91%D7%9C%D7%AA%D7%99+%D7%9E%D7%A7%D7%A6%D7%95%D7%A2%D7%99+/+%D7%9B%D7%9C%D7%9C%D7%99&mid=60248
[2026-03-21T09:12:46.627Z]   EXT: https://etgar-hr.co.il/%D7%AA%D7%95%D7%A6%D7%90%D7%95%D7%AA-%D7%97%D7%99%D7%A4%D7%95%D7%A9/?search=%D7%91%D7%9C%D7%AA%D7%99+%D7%9E%D7%A7%D7%A6%D7%95%D7%A2%D7%99+/+%D7%9B%D7%9C%D7%9C%D7%99&mid=60292
[2026-03-21T09:12:46.628Z]   EXT: https://etgar-hr.co.il/%D7%AA%D7%95%D7%A6%D7%90%D7%95%D7%AA-%D7%97%D7%99%D7%A4%D7%95%D7%A9/?search=%D7%91%D7%9C%D7%AA%D7%99+%D7%9E%D7%A7%D7%A6%D7%95%D7%A2%D7%99+/+%D7%9B%D7%9C%D7%9C%D7%99&mid=60554
[2026-03-21T09:12:46.628Z]   EXT: https://etgar-hr.co.il/%D7%AA%D7%95%D7%A6%D7%90%D7%95%D7%AA-%D7%97%D7%99%D7%A4%D7%95%D7%A9/?search=%D7%91%D7%9C%D7%AA%D7%99+%D7%9E%D7%A7%D7%A6%D7%95%D7%A2%D7%99+/+%D7%9B%D7%9C%D7%9C%D7%99&mid=60756
[2026-03-21T09:12:46.628Z]   EXT: https://etgar-hr.co.il/%D7%AA%D7%95%D7%A6%D7%90%D7%95%D7%AA-%D7%97%D7%99%D7%A4%D7%95%D7%A9/?search=%D7%91%D7%9C%D7%AA%D7%99+%D7%9E%D7%A7%D7%A6%D7%95%D7%A2%D7%99+/+%D7%9B%D7%9C%D7%9C%D7%99&mid=60895
[2026-03-21T09:12:46.628Z]   EXT: https://etgar-hr.co.il/%D7%AA%D7%95%D7%A6%D7%90%D7%95%D7%AA-%D7%97%D7%99%D7%A4%D7%95%D7%A9/?search=%D7%91%D7%9C%D7%AA%D7%99+%D7%9E%D7%A7%D7%A6%D7%95%D7%A2%D7%99+/+%D7%9B%D7%9C%D7%9C%D7%99&mid=61044
[2026-03-21T09:12:46.628Z]   EXT: https://etgar-hr.co.il/%D7%AA%D7%95%D7%A6%D7%90%D7%95%D7%AA-%D7%97%D7%99%D7%A4%D7%95%D7%A9/?search=%D7%91%D7%9C%D7%AA%D7%99+%D7%9E%D7%A7%D7%A6%D7%95%D7%A2%D7%99+/+%D7%9B%D7%9C%D7%9C%D7%99&mid=61199
[2026-03-21T09:12:46.628Z]   EXT: https://etgar-hr.co.il/%D7%AA%D7%95%D7%A6%D7%90%D7%95%D7%AA-%D7%97%D7%99%D7%A4%D7%95%D7%A9/?search=%D7%91%D7%9C%D7%AA%D7%99+%D7%9E%D7%A7%D7%A6%D7%95%D7%A2%D7%99+/+%D7%9B%D7%9C%D7%9C%D7%99&mid=61358
[2026-03-21T09:12:46.628Z]   EXT: https://etgar-hr.co.il/%D7%AA%D7%95%D7%A6%D7%90%D7%95%D7%AA-%D7%97%D7%99%D7%A4%D7%95%D7%A9/?search=%D7%91%D7%9C%D7%AA%D7%99+%D7%9E%D7%A7%D7%A6%D7%95%D7%A2%D7%99+/+%D7%9B%D7%9C%D7%9C%D7%99&mid=61392
[2026-03-21T09:12:46.628Z]   EXT: https://etgar-hr.co.il/%D7%AA%D7%95%D7%A6%D7%90%D7%95%D7%AA-%D7%97%D7%99%D7%A4%D7%95%D7%A9/?search=%D7%91%D7%9C%D7%AA%D7%99+%D7%9E%D7%A7%D7%A6%D7%95%D7%A2%D7%99+/+%D7%9B%D7%9C%D7%9C%D7%99&mid=61585
[2026-03-21T09:12:46.628Z]   EXT: https://etgar-hr.co.il/%D7%AA%D7%95%D7%A6%D7%90%D7%95%D7%AA-%D7%97%D7%99%D7%A4%D7%95%D7%A9/?search=%D7%91%D7%9C%D7%AA%D7%99+%D7%9E%D7%A7%D7%A6%D7%95%D7%A2%D7%99+/+%D7%9B%D7%9C%D7%9C%D7%99&mid=61595
[2026-03-21T09:12:46.628Z]   EXT: https://etgar-hr.co.il/%D7%AA%D7%95%D7%A6%D7%90%D7%95%D7%AA-%D7%97%D7%99%D7%A4%D7%95%D7%A9/?search=%D7%91%D7%9C%D7%AA%D7%99+%D7%9E%D7%A7%D7%A6%D7%95%D7%A2%D7%99+/+%D7%9B%D7%9C%D7%9C%D7%99&mid=61669
[2026-03-21T09:12:46.628Z]   EXT: https://etgar-hr.co.il/%D7%AA%D7%95%D7%A6%D7%90%D7%95%D7%AA-%D7%97%D7%99%D7%A4%D7%95%D7%A9/?search=%D7%91%D7%9C%D7%AA%D7%99+%D7%9E%D7%A7%D7%A6%D7%95%D7%A2%D7%99+/+%D7%9B%D7%9C%D7%9C%D7%99&mid=61810
[2026-03-21T09:12:46.628Z]   EXT: https://etgar-hr.co.il/%D7%AA%D7%95%D7%A6%D7%90%D7%95%D7%AA-%D7%97%D7%99%D7%A4%D7%95%D7%A9/?search=%D7%91%D7%9C%D7%AA%D7%99+%D7%9E%D7%A7%D7%A6%D7%95%D7%A2%D7%99+/+%D7%9B%D7%9C%D7%9C%D7%99&mid=61858
[2026-03-21T09:12:46.628Z]   EXT: https://etgar-hr.co.il/%D7%AA%D7%95%D7%A6%D7%90%D7%95%D7%AA-%D7%97%D7%99%D7%A4%D7%95%D7%A9/?search=%D7%91%D7%9C%D7%AA%D7%99+%D7%9E%D7%A7%D7%A6%D7%95%D7%A2%D7%99+/+%D7%9B%D7%9C%D7%9C%D7%99&mid=61907
[2026-03-21T09:12:46.628Z]   EXT: https://etgar-hr.co.il/%D7%AA%D7%95%D7%A6%D7%90%D7%95%D7%AA-%D7%97%D7%99%D7%A4%D7%95%D7%A9/?search=%D7%91%D7%9C%D7%AA%D7%99+%D7%9E%D7%A7%D7%A6%D7%95%D7%A2%D7%99+/+%D7%9B%D7%9C%D7%9C%D7%99&mid=61987
[2026-03-21T09:12:46.628Z]   EXT: https://etgar-hr.co.il/%D7%AA%D7%95%D7%A6%D7%90%D7%95%D7%AA-%D7%97%D7%99%D7%A4%D7%95%D7%A9/?search=%D7%91%D7%9C%D7%AA%D7%99+%D7%9E%D7%A7%D7%A6%D7%95%D7%A2%D7%99+/+%D7%9B%D7%9C%D7%9C%D7%99&mid=61989
[2026-03-21T09:12:46.628Z]   EXT: https://etgar-hr.co.il/%D7%AA%D7%95%D7%A6%D7%90%D7%95%D7%AA-%D7%97%D7%99%D7%A4%D7%95%D7%A9/?search=%D7%91%D7%9C%D7%AA%D7%99+%D7%9E%D7%A7%D7%A6%D7%95%D7%A2%D7%99+/+%D7%9B%D7%9C%D7%9C%D7%99&mid=62005
[2026-03-21T09:12:46.628Z]   EXT: https://etgar-hr.co.il/%D7%AA%D7%95%D7%A6%D7%90%D7%95%D7%AA-%D7%97%D7%99%D7%A4%D7%95%D7%A9/?search=%D7%91%D7%9C%D7%AA%D7%99+%D7%9E%D7%A7%D7%A6%D7%95%D7%A2%D7%99+/+%D7%9B%D7%9C%D7%9C%D7%99&mid=62033
[2026-03-21T09:12:46.628Z]   EXT: https://etgar-hr.co.il/%D7%AA%D7%95%D7%A6%D7%90%D7%95%D7%AA-%D7%97%D7%99%D7%A4%D7%95%D7%A9/?search=%D7%91%D7%9C%D7%AA%D7%99+%D7%9E%D7%A7%D7%A6%D7%95%D7%A2%D7%99+/+%D7%9B%D7%9C%D7%9C%D7%99&mid=62046
[2026-03-21T09:12:46.628Z]   EXT: https://etgar-hr.co.il/%D7%AA%D7%95%D7%A6%D7%90%D7%95%D7%AA-%D7%97%D7%99%D7%A4%D7%95%D7%A9/?search=%D7%91%D7%9C%D7%AA%D7%99+%D7%9E%D7%A7%D7%A6%D7%95%D7%A2%D7%99+/+%D7%9B%D7%9C%D7%9C%D7%99&mid=62085
[2026-03-21T09:12:46.628Z]   EXT: https://etgar-hr.co.il/%D7%AA%D7%95%D7%A6%D7%90%D7%95%D7%AA-%D7%97%D7%99%D7%A4%D7%95%D7%A9/?search=%D7%91%D7%9C%D7%AA%D7%99+%D7%9E%D7%A7%D7%A6%D7%95%D7%A2%D7%99+/+%D7%9B%D7%9C%D7%9C%D7%99&mid=62158
[2026-03-21T09:12:46.628Z]   EXT: https://etgar-hr.co.il/%D7%AA%D7%95%D7%A6%D7%90%D7%95%D7%AA-%D7%97%D7%99%D7%A4%D7%95%D7%A9/?search=%D7%91%D7%9C%D7%AA%D7%99+%D7%9E%D7%A7%D7%A6%D7%95%D7%A2%D7%99+/+%D7%9B%D7%9C%D7%9C%D7%99&mid=62257
[2026-03-21T09:12:46.628Z]   EXT: https://etgar-hr.co.il/%D7%AA%D7%95%D7%A6%D7%90%D7%95%D7%AA-%D7%97%D7%99%D7%A4%D7%95%D7%A9/?search=%D7%91%D7%9C%D7%AA%D7%99+%D7%9E%D7%A7%D7%A6%D7%95%D7%A2%D7%99+/+%D7%9B%D7%9C%D7%9C%D7%99&mid=62275
[2026-03-21T09:12:46.628Z]   EXT: https://etgar-hr.co.il/%D7%AA%D7%95%D7%A6%D7%90%D7%95%D7%AA-%D7%97%D7%99%D7%A4%D7%95%D7%A9/?search=%D7%91%D7%9C%D7%AA%D7%99+%D7%9E%D7%A7%D7%A6%D7%95%D7%A2%D7%99+/+%D7%9B%D7%9C%D7%9C%D7%99&mid=62331
[2026-03-21T09:12:46.628Z]   EXT: https://etgar-hr.co.il/%D7%AA%D7%95%D7%A6%D7%90%D7%95%D7%AA-%D7%97%D7%99%D7%A4%D7%95%D7%A9/?search=%D7%91%D7%9C%D7%AA%D7%99+%D7%9E%D7%A7%D7%A6%D7%95%D7%A2%D7%99+/+%D7%9B%D7%9C%D7%9C%D7%99&mid=62548
[2026-03-21T09:12:46.628Z]   EXT: https://etgar-hr.co.il/%D7%AA%D7%95%D7%A6%D7%90%D7%95%D7%AA-%D7%97%D7%99%D7%A4%D7%95%D7%A9/?search=%D7%91%D7%9C%D7%AA%D7%99+%D7%9E%D7%A7%D7%A6%D7%95%D7%A2%D7%99+/+%D7%9B%D7%9C%D7%9C%D7%99&mid=62556
[2026-03-21T09:12:46.629Z]   EXT: https://etgar-hr.co.il/%D7%AA%D7%95%D7%A6%D7%90%D7%95%D7%AA-%D7%97%D7%99%D7%A4%D7%95%D7%A9/?search=%D7%91%D7%9C%D7%AA%D7%99+%D7%9E%D7%A7%D7%A6%D7%95%D7%A2%D7%99+/+%D7%9B%D7%9C%D7%9C%D7%99&mid=62602
[2026-03-21T09:12:46.629Z]   EXT: https://etgar-hr.co.il/%D7%AA%D7%95%D7%A6%D7%90%D7%95%D7%AA-%D7%97%D7%99%D7%A4%D7%95%D7%A9/?search=%D7%91%D7%9C%D7%AA%D7%99+%D7%9E%D7%A7%D7%A6%D7%95%D7%A2%D7%99+/+%D7%9B%D7%9C%D7%9C%D7%99&mid=62604
[2026-03-21T09:12:46.629Z]   EXT: https://etgar-hr.co.il/%D7%AA%D7%95%D7%A6%D7%90%D7%95%D7%AA-%D7%97%D7%99%D7%A4%D7%95%D7%A9/?search=%D7%91%D7%9C%D7%AA%D7%99+%D7%9E%D7%A7%D7%A6%D7%95%D7%A2%D7%99+/+%D7%9B%D7%9C%D7%9C%D7%99&mid=62767
[2026-03-21T09:12:46.629Z]   EXT: https://etgar-hr.co.il/%D7%AA%D7%95%D7%A6%D7%90%D7%95%D7%AA-%D7%97%D7%99%D7%A4%D7%95%D7%A9/?search=%D7%91%D7%9C%D7%AA%D7%99+%D7%9E%D7%A7%D7%A6%D7%95%D7%A2%D7%99+/+%D7%9B%D7%9C%D7%9C%D7%99&mid=62856
[2026-03-21T09:12:46.629Z]   EXT: https://etgar-hr.co.il/%D7%AA%D7%95%D7%A6%D7%90%D7%95%D7%AA-%D7%97%D7%99%D7%A4%D7%95%D7%A9/?search=%D7%91%D7%9C%D7%AA%D7%99+%D7%9E%D7%A7%D7%A6%D7%95%D7%A2%D7%99+/+%D7%9B%D7%9C%D7%9C%D7%99&mid=62865
[2026-03-21T09:12:46.629Z]   EXT: https://etgar-hr.co.il/%D7%AA%D7%95%D7%A6%D7%90%D7%95%D7%AA-%D7%97%D7%99%D7%A4%D7%95%D7%A9/?search=%D7%91%D7%9C%D7%AA%D7%99+%D7%9E%D7%A7%D7%A6%D7%95%D7%A2%D7%99+/+%D7%9B%D7%9C%D7%9C%D7%99&mid=62888
[2026-03-21T09:12:46.629Z]   EXT: https://etgar-hr.co.il/%D7%AA%D7%95%D7%A6%D7%90%D7%95%D7%AA-%D7%97%D7%99%D7%A4%D7%95%D7%A9/?search=%D7%91%D7%9C%D7%AA%D7%99+%D7%9E%D7%A7%D7%A6%D7%95%D7%A2%D7%99+/+%D7%9B%D7%9C%D7%9C%D7%99&mid=62889
[2026-03-21T09:12:46.629Z]   EXT: https://etgar-hr.co.il/%D7%AA%D7%95%D7%A6%D7%90%D7%95%D7%AA-%D7%97%D7%99%D7%A4%D7%95%D7%A9/?search=%D7%91%D7%A7%D7%A8%D7%94+%D7%95%D7%90%D7%91%D7%98%D7%97%D7%AA+%D7%90%D7%99%D7%9B%D7%95%D7%AA&mid=58799
[2026-03-21T09:12:46.629Z]   EXT: https://etgar-hr.co.il/%D7%AA%D7%95%D7%A6%D7%90%D7%95%D7%AA-%D7%97%D7%99%D7%A4%D7%95%D7%A9/?search=%D7%91%D7%A7%D7%A8%D7%94+%D7%95%D7%90%D7%91%D7%98%D7%97%D7%AA+%D7%90%D7%99%D7%9B%D7%95%D7%AA&mid=60340
[2026-03-21T09:12:46.629Z]   EXT: https://etgar-hr.co.il/%D7%AA%D7%95%D7%A6%D7%90%D7%95%D7%AA-%D7%97%D7%99%D7%A4%D7%95%D7%A9/?search=%D7%91%D7%A7%D7%A8%D7%94+%D7%95%D7%90%D7%91%D7%98%D7%97%D7%AA+%D7%90%D7%99%D7%9B%D7%95%D7%AA&mid=60936
[2026-03-21T09:12:46.629Z]   EXT: https://etgar-hr.co.il/%D7%AA%D7%95%D7%A6%D7%90%D7%95%D7%AA-%D7%97%D7%99%D7%A4%D7%95%D7%A9/?search=%D7%91%D7%A7%D7%A8%D7%94+%D7%95%D7%90%D7%91%D7%98%D7%97%D7%AA+%D7%90%D7%99%D7%9B%D7%95%D7%AA&mid=62339
[2026-03-21T09:12:46.629Z]   EXT: https://etgar-hr.co.il/%D7%AA%D7%95%D7%A6%D7%90%D7%95%D7%AA-%D7%97%D7%99%D7%A4%D7%95%D7%A9/?search=%D7%91%D7%A7%D7%A8%D7%94+%D7%95%D7%90%D7%91%D7%98%D7%97%D7%AA+%D7%90%D7%99%D7%9B%D7%95%D7%AA&mid=62515
[2026-03-21T09:12:46.629Z]   EXT: https://etgar-hr.co.il/%D7%AA%D7%95%D7%A6%D7%90%D7%95%D7%AA-%D7%97%D7%99%D7%A4%D7%95%D7%A9/?search=%D7%91%D7%A7%D7%A8%D7%94+%D7%95%D7%90%D7%91%D7%98%D7%97%D7%AA+%D7%90%D7%99%D7%9B%D7%95%D7%AA&mid=62652
[2026-03-21T09:12:46.629Z]   EXT: https://etgar-hr.co.il/%D7%AA%D7%95%D7%A6%D7%90%D7%95%D7%AA-%D7%97%D7%99%D7%A4%D7%95%D7%A9/?search=%D7%91%D7%A7%D7%A8%D7%94+%D7%95%D7%90%D7%91%D7%98%D7%97%D7%AA+%D7%90%D7%99%D7%9B%D7%95%D7%AA&mid=62677
[2026-03-21T09:12:46.629Z]   EXT: https://etgar-hr.co.il/%D7%AA%D7%95%D7%A6%D7%90%D7%95%D7%AA-%D7%97%D7%99%D7%A4%D7%95%D7%A9/?search=%D7%91%D7%A7%D7%A8%D7%94+%D7%95%D7%90%D7%91%D7%98%D7%97%D7%AA+%D7%90%D7%99%D7%9B%D7%95%D7%AA&mid=62795
[2026-03-21T09:12:46.629Z]   EXT: https://etgar-hr.co.il/%D7%AA%D7%95%D7%A6%D7%90%D7%95%D7%AA-%D7%97%D7%99%D7%A4%D7%95%D7%A9/?search=%D7%91%D7%A7%D7%A8%D7%94+%D7%95%D7%90%D7%91%D7%98%D7%97%D7%AA+%D7%90%D7%99%D7%9B%D7%95%D7%AA&mid=62833
[2026-03-21T09:12:46.629Z]   EXT: https://etgar-hr.co.il/%D7%AA%D7%95%D7%A6%D7%90%D7%95%D7%AA-%D7%97%D7%99%D7%A4%D7%95%D7%A9/?search=%D7%91%D7%A7%D7%A8%D7%94+%D7%95%D7%90%D7%91%D7%98%D7%97%D7%AA+%D7%90%D7%99%D7%9B%D7%95%D7%AA&mid=62887
[2026-03-21T09:12:46.629Z]   EXT: https://etgar-hr.co.il/%D7%AA%D7%95%D7%A6%D7%90%D7%95%D7%AA-%D7%97%D7%99%D7%A4%D7%95%D7%A9/?search=%D7%91%D7%A7%D7%A8%D7%94+%D7%95%D7%90%D7%91%D7%98%D7%97%D7%AA+%D7%90%D7%99%D7%9B%D7%95%D7%AA&mid=62898
[2026-03-21T09:12:46.629Z]   EXT: https://etgar-hr.co.il/%D7%AA%D7%95%D7%A6%D7%90%D7%95%D7%AA-%D7%97%D7%99%D7%A4%D7%95%D7%A9/?search=%D7%91%D7%A7%D7%A8%D7%94+%D7%95%D7%90%D7%91%D7%98%D7%97%D7%AA+%D7%90%D7%99%D7%9B%D7%95%D7%AA&mid=62913
[2026-03-21T09:12:46.629Z]   EXT: https://etgar-hr.co.il/%D7%AA%D7%95%D7%A6%D7%90%D7%95%D7%AA-%D7%97%D7%99%D7%A4%D7%95%D7%A9/?search=%D7%91%D7%A7%D7%A8%D7%94+%D7%95%D7%90%D7%91%D7%98%D7%97%D7%AA+%D7%90%D7%99%D7%9B%D7%95%D7%AA&mid=62920
[2026-03-21T09:12:46.629Z]   EXT: https://etgar-hr.co.il/%D7%AA%D7%95%D7%A6%D7%90%D7%95%D7%AA-%D7%97%D7%99%D7%A4%D7%95%D7%A9/?search=%D7%91%D7%A7%D7%A8%D7%94+%D7%95%D7%90%D7%91%D7%98%D7%97%D7%AA+%D7%90%D7%99%D7%9B%D7%95%D7%AA&mid=62921
[2026-03-21T09:12:46.629Z]   EXT: https://etgar-hr.co.il/%D7%AA%D7%95%D7%A6%D7%90%D7%95%D7%AA-%D7%97%D7%99%D7%A4%D7%95%D7%A9/?search=%D7%91%D7%A7%D7%A8%D7%94+%D7%95%D7%90%D7%91%D7%98%D7%97%D7%AA+%D7%90%D7%99%D7%9B%D7%95%D7%AA&mid=62936
[2026-03-21T09:12:46.629Z]   EXT: https://etgar-hr.co.il/%D7%AA%D7%95%D7%A6%D7%90%D7%95%D7%AA-%D7%97%D7%99%D7%A4%D7%95%D7%A9/?search=%D7%91%D7%A7%D7%A8%D7%94+%D7%95%D7%90%D7%91%D7%98%D7%97%D7%AA+%D7%90%D7%99%D7%9B%D7%95%D7%AA&mid=62940
[2026-03-21T09:12:46.629Z]   EXT: https://etgar-hr.co.il/%D7%AA%D7%95%D7%A6%D7%90%D7%95%D7%AA-%D7%97%D7%99%D7%A4%D7%95%D7%A9/?search=%D7%97%D7%99%D7%A0%D7%95%D7%9A+/+%D7%94%D7%93%D7%A8%D7%9B%D7%94&mid=62691
[2026-03-21T09:12:46.629Z]   EXT: https://etgar-hr.co.il/%D7%AA%D7%95%D7%A6%D7%90%D7%95%D7%AA-%D7%97%D7%99%D7%A4%D7%95%D7%A9/?search=%D7%97%D7%A9%D7%9E%D7%9C&mid=60906
[2026-03-21T09:12:46.629Z]   EXT: https://etgar-hr.co.il/%D7%AA%D7%95%D7%A6%D7%90%D7%95%D7%AA-%D7%97%D7%99%D7%A4%D7%95%D7%A9/?search=%D7%97%D7%A9%D7%9E%D7%9C&mid=61266
[2026-03-21T09:12:46.629Z]   EXT: https://etgar-hr.co.il/%D7%AA%D7%95%D7%A6%D7%90%D7%95%D7%AA-%D7%97%D7%99%D7%A4%D7%95%D7%A9/?search=%D7%97%D7%A9%D7%9E%D7%9C&mid=61633
[2026-03-21T09:12:46.629Z]   EXT: https://etgar-hr.co.il/%D7%AA%D7%95%D7%A6%D7%90%D7%95%D7%AA-%D7%97%D7%99%D7%A4%D7%95%D7%A9/?search=%D7%97%D7%A9%D7%9E%D7%9C&mid=61957
[2026-03-21T09:12:46.629Z]   EXT: https://etgar-hr.co.il/%D7%AA%D7%95%D7%A6%D7%90%D7%95%D7%AA-%D7%97%D7%99%D7%A4%D7%95%D7%A9/?search=%D7%97%D7%A9%D7%9E%D7%9C&mid=62377
[2026-03-21T09:12:46.630Z]   EXT: https://etgar-hr.co.il/%D7%AA%D7%95%D7%A6%D7%90%D7%95%D7%AA-%D7%97%D7%99%D7%A4%D7%95%D7%A9/?search=%D7%97%D7%A9%D7%9E%D7%9C&mid=62469
[2026-03-21T09:12:46.630Z]   EXT: https://etgar-hr.co.il/%D7%AA%D7%95%D7%A6%D7%90%D7%95%D7%AA-%D7%97%D7%99%D7%A4%D7%95%D7%A9/?search=%D7%97%D7%A9%D7%9E%D7%9C&mid=62489
[2026-03-21T09:12:46.630Z]   EXT: https://etgar-hr.co.il/%D7%AA%D7%95%D7%A6%D7%90%D7%95%D7%AA-%D7%97%D7%99%D7%A4%D7%95%D7%A9/?search=%D7%97%D7%A9%D7%9E%D7%9C&mid=62610
[2026-03-21T09:12:46.630Z]   EXT: https://etgar-hr.co.il/%D7%AA%D7%95%D7%A6%D7%90%D7%95%D7%AA-%D7%97%D7%99%D7%A4%D7%95%D7%A9/?search=%D7%97%D7%A9%D7%9E%D7%9C&mid=62704
[2026-03-21T09:12:46.630Z]   EXT: https://etgar-hr.co.il/%D7%AA%D7%95%D7%A6%D7%90%D7%95%D7%AA-%D7%97%D7%99%D7%A4%D7%95%D7%A9/?search=%D7%97%D7%A9%D7%9E%D7%9C&mid=62721
[2026-03-21T09:12:46.630Z]   EXT: https://etgar-hr.co.il/%D7%AA%D7%95%D7%A6%D7%90%D7%95%D7%AA-%D7%97%D7%99%D7%A4%D7%95%D7%A9/?search=%D7%97%D7%A9%D7%9E%D7%9C&mid=62775
[2026-03-21T09:12:46.630Z]   EXT: https://etgar-hr.co.il/%D7%AA%D7%95%D7%A6%D7%90%D7%95%D7%AA-%D7%97%D7%99%D7%A4%D7%95%D7%A9/?search=%D7%97%D7%A9%D7%9E%D7%9C&mid=62785
[2026-03-21T09:12:46.630Z]   EXT: https://etgar-hr.co.il/%D7%AA%D7%95%D7%A6%D7%90%D7%95%D7%AA-%D7%97%D7%99%D7%A4%D7%95%D7%A9/?search=%D7%97%D7%A9%D7%9E%D7%9C&mid=62854
[2026-03-21T09:12:46.630Z]   EXT: https://etgar-hr.co.il/%D7%AA%D7%95%D7%A6%D7%90%D7%95%D7%AA-%D7%97%D7%99%D7%A4%D7%95%D7%A9/?search=%D7%97%D7%A9%D7%9E%D7%9C&mid=62892
[2026-03-21T09:12:46.630Z]   EXT: https://etgar-hr.co.il/%D7%AA%D7%95%D7%A6%D7%90%D7%95%D7%AA-%D7%97%D7%99%D7%A4%D7%95%D7%A9/?search=%D7%9C%D7%95%D7%92%D7%99%D7%A1%D7%98%D7%99%D7%A7%D7%94+%D7%95%D7%9E%D7%97%D7%A1%D7%A0%D7%90%D7%95%D7%AA&mid=59887
[2026-03-21T09:12:46.630Z]   EXT: https://etgar-hr.co.il/%D7%AA%D7%95%D7%A6%D7%90%D7%95%D7%AA-%D7%97%D7%99%D7%A4%D7%95%D7%A9/?search=%D7%9C%D7%95%D7%92%D7%99%D7%A1%D7%98%D7%99%D7%A7%D7%94+%D7%95%D7%9E%D7%97%D7%A1%D7%A0%D7%90%D7%95%D7%AA&mid=61481
[2026-03-21T09:12:46.630Z]   EXT: https://etgar-hr.co.il/%D7%AA%D7%95%D7%A6%D7%90%D7%95%D7%AA-%D7%97%D7%99%D7%A4%D7%95%D7%A9/?search=%D7%9C%D7%95%D7%92%D7%99%D7%A1%D7%98%D7%99%D7%A7%D7%94+%D7%95%D7%9E%D7%97%D7%A1%D7%A0%D7%90%D7%95%D7%AA&mid=61740
[2026-03-21T09:12:46.630Z]   EXT: https://etgar-hr.co.il/%D7%AA%D7%95%D7%A6%D7%90%D7%95%D7%AA-%D7%97%D7%99%D7%A4%D7%95%D7%A9/?search=%D7%9C%D7%95%D7%92%D7%99%D7%A1%D7%98%D7%99%D7%A7%D7%94+%D7%95%D7%9E%D7%97%D7%A1%D7%A0%D7%90%D7%95%D7%AA&mid=61913
[2026-03-21T09:12:46.630Z]   EXT: https://etgar-hr.co.il/%D7%AA%D7%95%D7%A6%D7%90%D7%95%D7%AA-%D7%97%D7%99%D7%A4%D7%95%D7%A9/?search=%D7%9C%D7%95%D7%92%D7%99%D7%A1%D7%98%D7%99%D7%A7%D7%94+%D7%95%D7%9E%D7%97%D7%A1%D7%A0%D7%90%D7%95%D7%AA&mid=61962
[2026-03-21T09:12:46.630Z]   EXT: https://etgar-hr.co.il/%D7%AA%D7%95%D7%A6%D7%90%D7%95%D7%AA-%D7%97%D7%99%D7%A4%D7%95%D7%A9/?search=%D7%9C%D7%95%D7%92%D7%99%D7%A1%D7%98%D7%99%D7%A7%D7%94+%D7%95%D7%9E%D7%97%D7%A1%D7%A0%D7%90%D7%95%D7%AA&mid=62111
[2026-03-21T09:12:46.630Z]   EXT: https://etgar-hr.co.il/%D7%AA%D7%95%D7%A6%D7%90%D7%95%D7%AA-%D7%97%D7%99%D7%A4%D7%95%D7%A9/?search=%D7%9C%D7%95%D7%92%D7%99%D7%A1%D7%98%D7%99%D7%A7%D7%94+%D7%95%D7%9E%D7%97%D7%A1%D7%A0%D7%90%D7%95%D7%AA&mid=62349
[2026-03-21T09:12:46.630Z]   EXT: https://etgar-hr.co.il/%D7%AA%D7%95%D7%A6%D7%90%D7%95%D7%AA-%D7%97%D7%99%D7%A4%D7%95%D7%A9/?search=%D7%9C%D7%95%D7%92%D7%99%D7%A1%D7%98%D7%99%D7%A7%D7%94+%D7%95%D7%9E%D7%97%D7%A1%D7%A0%D7%90%D7%95%D7%AA&mid=62373
[2026-03-21T09:12:46.630Z]   EXT: https://etgar-hr.co.il/%D7%AA%D7%95%D7%A6%D7%90%D7%95%D7%AA-%D7%97%D7%99%D7%A4%D7%95%D7%A9/?search=%D7%9C%D7%95%D7%92%D7%99%D7%A1%D7%98%D7%99%D7%A7%D7%94+%D7%95%D7%9E%D7%97%D7%A1%D7%A0%D7%90%D7%95%D7%AA&mid=62389
[2026-03-21T09:12:46.630Z]   EXT: https://etgar-hr.co.il/%D7%AA%D7%95%D7%A6%D7%90%D7%95%D7%AA-%D7%97%D7%99%D7%A4%D7%95%D7%A9/?search=%D7%9C%D7%95%D7%92%D7%99%D7%A1%D7%98%D7%99%D7%A7%D7%94+%D7%95%D7%9E%D7%97%D7%A1%D7%A0%D7%90%D7%95%D7%AA&mid=62424
[2026-03-21T09:12:46.630Z]   EXT: https://etgar-hr.co.il/%D7%AA%D7%95%D7%A6%D7%90%D7%95%D7%AA-%D7%97%D7%99%D7%A4%D7%95%D7%A9/?search=%D7%9C%D7%95%D7%92%D7%99%D7%A1%D7%98%D7%99%D7%A7%D7%94+%D7%95%D7%9E%D7%97%D7%A1%D7%A0%D7%90%D7%95%D7%AA&mid=62601
[2026-03-21T09:12:46.630Z]   EXT: https://etgar-hr.co.il/%D7%AA%D7%95%D7%A6%D7%90%D7%95%D7%AA-%D7%97%D7%99%D7%A4%D7%95%D7%A9/?search=%D7%9C%D7%95%D7%92%D7%99%D7%A1%D7%98%D7%99%D7%A7%D7%94+%D7%95%D7%9E%D7%97%D7%A1%D7%A0%D7%90%D7%95%D7%AA&mid=62603
[2026-03-21T09:12:46.630Z]   EXT: https://etgar-hr.co.il/%D7%AA%D7%95%D7%A6%D7%90%D7%95%D7%AA-%D7%97%D7%99%D7%A4%D7%95%D7%A9/?search=%D7%9C%D7%95%D7%92%D7%99%D7%A1%D7%98%D7%99%D7%A7%D7%94+%D7%95%D7%9E%D7%97%D7%A1%D7%A0%D7%90%D7%95%D7%AA&mid=62695
[2026-03-21T09:12:46.630Z]   EXT: https://etgar-hr.co.il/%D7%AA%D7%95%D7%A6%D7%90%D7%95%D7%AA-%D7%97%D7%99%D7%A4%D7%95%D7%A9/?search=%D7%9C%D7%95%D7%92%D7%99%D7%A1%D7%98%D7%99%D7%A7%D7%94+%D7%95%D7%9E%D7%97%D7%A1%D7%A0%D7%90%D7%95%D7%AA&mid=62749
[2026-03-21T09:12:46.630Z]   EXT: https://etgar-hr.co.il/%D7%AA%D7%95%D7%A6%D7%90%D7%95%D7%AA-%D7%97%D7%99%D7%A4%D7%95%D7%A9/?search=%D7%9C%D7%95%D7%92%D7%99%D7%A1%D7%98%D7%99%D7%A7%D7%94+%D7%95%D7%9E%D7%97%D7%A1%D7%A0%D7%90%D7%95%D7%AA&mid=62790
[2026-03-21T09:12:46.630Z]   EXT: https://etgar-hr.co.il/%D7%AA%D7%95%D7%A6%D7%90%D7%95%D7%AA-%D7%97%D7%99%D7%A4%D7%95%D7%A9/?search=%D7%9C%D7%95%D7%92%D7%99%D7%A1%D7%98%D7%99%D7%A7%D7%94+%D7%95%D7%9E%D7%97%D7%A1%D7%A0%D7%90%D7%95%D7%AA&mid=62807
[2026-03-21T09:12:46.630Z]   EXT: https://etgar-hr.co.il/%D7%AA%D7%95%D7%A6%D7%90%D7%95%D7%AA-%D7%97%D7%99%D7%A4%D7%95%D7%A9/?search=%D7%9C%D7%95%D7%92%D7%99%D7%A1%D7%98%D7%99%D7%A7%D7%94+%D7%95%D7%9E%D7%97%D7%A1%D7%A0%D7%90%D7%95%D7%AA&mid=62822
[2026-03-21T09:12:46.630Z]   EXT: https://etgar-hr.co.il/%D7%AA%D7%95%D7%A6%D7%90%D7%95%D7%AA-%D7%97%D7%99%D7%A4%D7%95%D7%A9/?search=%D7%9C%D7%95%D7%92%D7%99%D7%A1%D7%98%D7%99%D7%A7%D7%94+%D7%95%D7%9E%D7%97%D7%A1%D7%A0%D7%90%D7%95%D7%AA&mid=62827
[2026-03-21T09:12:46.630Z]   EXT: https://etgar-hr.co.il/%D7%AA%D7%95%D7%A6%D7%90%D7%95%D7%AA-%D7%97%D7%99%D7%A4%D7%95%D7%A9/?search=%D7%9C%D7%95%D7%92%D7%99%D7%A1%D7%98%D7%99%D7%A7%D7%94+%D7%95%D7%9E%D7%97%D7%A1%D7%A0%D7%90%D7%95%D7%AA&mid=62830
[2026-03-21T09:12:46.630Z]   EXT: https://etgar-hr.co.il/%D7%AA%D7%95%D7%A6%D7%90%D7%95%D7%AA-%D7%97%D7%99%D7%A4%D7%95%D7%A9/?search=%D7%9C%D7%95%D7%92%D7%99%D7%A1%D7%98%D7%99%D7%A7%D7%94+%D7%95%D7%9E%D7%97%D7%A1%D7%A0%D7%90%D7%95%D7%AA&mid=62844
[2026-03-21T09:12:46.630Z]   EXT: https://etgar-hr.co.il/%D7%AA%D7%95%D7%A6%D7%90%D7%95%D7%AA-%D7%97%D7%99%D7%A4%D7%95%D7%A9/?search=%D7%9C%D7%95%D7%92%D7%99%D7%A1%D7%98%D7%99%D7%A7%D7%94+%D7%95%D7%9E%D7%97%D7%A1%D7%A0%D7%90%D7%95%D7%AA&mid=62882
[2026-03-21T09:12:46.630Z]   EXT: https://etgar-hr.co.il/%D7%AA%D7%95%D7%A6%D7%90%D7%95%D7%AA-%D7%97%D7%99%D7%A4%D7%95%D7%A9/?search=%D7%9C%D7%95%D7%92%D7%99%D7%A1%D7%98%D7%99%D7%A7%D7%94+%D7%95%D7%9E%D7%97%D7%A1%D7%A0%D7%90%D7%95%D7%AA&mid=62894
[2026-03-21T09:12:46.631Z]   EXT: https://etgar-hr.co.il/%D7%AA%D7%95%D7%A6%D7%90%D7%95%D7%AA-%D7%97%D7%99%D7%A4%D7%95%D7%A9/?search=%D7%9E%D7%93%D7%A2%D7%99%D7%9D&mid=61750
[2026-03-21T09:12:46.631Z]   EXT: https://etgar-hr.co.il/%D7%AA%D7%95%D7%A6%D7%90%D7%95%D7%AA-%D7%97%D7%99%D7%A4%D7%95%D7%A9/?search=%D7%9E%D7%93%D7%A2%D7%99%D7%9D&mid=62915
[2026-03-21T09:12:46.631Z]   EXT: https://etgar-hr.co.il/%D7%AA%D7%95%D7%A6%D7%90%D7%95%D7%AA-%D7%97%D7%99%D7%A4%D7%95%D7%A9/?search=%D7%9E%D7%96%D7%95%D7%9F&mid=62875
[2026-03-21T09:12:46.631Z]   EXT: https://etgar-hr.co.il/%D7%AA%D7%95%D7%A6%D7%90%D7%95%D7%AA-%D7%97%D7%99%D7%A4%D7%95%D7%A9/?search=%D7%9E%D7%96%D7%9B%D7%99%D7%A8%D7%95%D7%AA+/+%D7%A4%D7%A7%D7%99%D7%93%D7%95%D7%AA&mid=61881
[2026-03-21T09:12:46.631Z]   EXT: https://etgar-hr.co.il/%D7%AA%D7%95%D7%A6%D7%90%D7%95%D7%AA-%D7%97%D7%99%D7%A4%D7%95%D7%A9/?search=%D7%9E%D7%96%D7%9B%D7%99%D7%A8%D7%95%D7%AA+/+%D7%A4%D7%A7%D7%99%D7%93%D7%95%D7%AA&mid=62663
[2026-03-21T09:12:46.631Z]   EXT: https://etgar-hr.co.il/%D7%AA%D7%95%D7%A6%D7%90%D7%95%D7%AA-%D7%97%D7%99%D7%A4%D7%95%D7%A9/?search=%D7%9E%D7%96%D7%9B%D7%99%D7%A8%D7%95%D7%AA+/+%D7%A4%D7%A7%D7%99%D7%93%D7%95%D7%AA&mid=62665
[2026-03-21T09:12:46.631Z]   EXT: https://etgar-hr.co.il/%D7%AA%D7%95%D7%A6%D7%90%D7%95%D7%AA-%D7%97%D7%99%D7%A4%D7%95%D7%A9/?search=%D7%9E%D7%96%D7%9B%D7%99%D7%A8%D7%95%D7%AA+/+%D7%A4%D7%A7%D7%99%D7%93%D7%95%D7%AA&mid=62666
[2026-03-21T09:12:46.631Z]   EXT: https://etgar-hr.co.il/%D7%AA%D7%95%D7%A6%D7%90%D7%95%D7%AA-%D7%97%D7%99%D7%A4%D7%95%D7%A9/?search=%D7%9E%D7%96%D7%9B%D7%99%D7%A8%D7%95%D7%AA+/+%D7%A4%D7%A7%D7%99%D7%93%D7%95%D7%AA&mid=62669
[2026-03-21T09:12:46.631Z]   EXT: https://etgar-hr.co.il/%D7%AA%D7%95%D7%A6%D7%90%D7%95%D7%AA-%D7%97%D7%99%D7%A4%D7%95%D7%A9/?search=%D7%9E%D7%96%D7%9B%D7%99%D7%A8%D7%95%D7%AA+/+%D7%A4%D7%A7%D7%99%D7%93%D7%95%D7%AA&mid=62727
[2026-03-21T09:12:46.631Z]   EXT: https://etgar-hr.co.il/%D7%AA%D7%95%D7%A6%D7%90%D7%95%D7%AA-%D7%97%D7%99%D7%A4%D7%95%D7%A9/?search=%D7%9E%D7%96%D7%9B%D7%99%D7%A8%D7%95%D7%AA+/+%D7%A4%D7%A7%D7%99%D7%93%D7%95%D7%AA&mid=62848
[2026-03-21T09:12:46.631Z]   EXT: https://etgar-hr.co.il/%D7%AA%D7%95%D7%A6%D7%90%D7%95%D7%AA-%D7%97%D7%99%D7%A4%D7%95%D7%A9/?search=%D7%9E%D7%96%D7%9B%D7%99%D7%A8%D7%95%D7%AA+/+%D7%A4%D7%A7%D7%99%D7%93%D7%95%D7%AA&mid=62861
[2026-03-21T09:12:46.631Z]   EXT: https://etgar-hr.co.il/%D7%AA%D7%95%D7%A6%D7%90%D7%95%D7%AA-%D7%97%D7%99%D7%A4%D7%95%D7%A9/?search=%D7%9E%D7%96%D7%9B%D7%99%D7%A8%D7%95%D7%AA+/+%D7%A4%D7%A7%D7%99%D7%93%D7%95%D7%AA&mid=62934
[2026-03-21T09:12:46.631Z]   EXT: https://etgar-hr.co.il/%D7%AA%D7%95%D7%A6%D7%90%D7%95%D7%AA-%D7%97%D7%99%D7%A4%D7%95%D7%A9/?search=%D7%9E%D7%97%D7%A9%D7%91%D7%99%D7%9D&mid=62334
[2026-03-21T09:12:46.631Z]   EXT: https://etgar-hr.co.il/%D7%AA%D7%95%D7%A6%D7%90%D7%95%D7%AA-%D7%97%D7%99%D7%A4%D7%95%D7%A9/?search=%D7%9E%D7%97%D7%A9%D7%91%D7%99%D7%9D&mid=62774
[2026-03-21T09:12:46.631Z]   EXT: https://etgar-hr.co.il/%D7%AA%D7%95%D7%A6%D7%90%D7%95%D7%AA-%D7%97%D7%99%D7%A4%D7%95%D7%A9/?search=%D7%9E%D7%97%D7%A9%D7%91%D7%99%D7%9D&mid=62798
[2026-03-21T09:12:46.631Z]   EXT: https://etgar-hr.co.il/%D7%AA%D7%95%D7%A6%D7%90%D7%95%D7%AA-%D7%97%D7%99%D7%A4%D7%95%D7%A9/?search=%D7%9E%D7%97%D7%A9%D7%91%D7%99%D7%9D&mid=62918
[2026-03-21T09:12:46.631Z]   EXT: https://etgar-hr.co.il/%D7%AA%D7%95%D7%A6%D7%90%D7%95%D7%AA-%D7%97%D7%99%D7%A4%D7%95%D7%A9/?search=%D7%9E%D7%97%D7%A9%D7%91%D7%99%D7%9D&mid=62922
[2026-03-21T09:12:46.631Z]   EXT: https://etgar-hr.co.il/%D7%AA%D7%95%D7%A6%D7%90%D7%95%D7%AA-%D7%97%D7%99%D7%A4%D7%95%D7%A9/?search=%D7%9E%D7%9B%D7%95%D7%A0%D7%90%D7%95%D7%AA&mid=60515
[2026-03-21T09:12:46.631Z]   EXT: https://etgar-hr.co.il/%D7%AA%D7%95%D7%A6%D7%90%D7%95%D7%AA-%D7%97%D7%99%D7%A4%D7%95%D7%A9/?search=%D7%9E%D7%9B%D7%95%D7%A0%D7%90%D7%95%D7%AA&mid=61651
[2026-03-21T09:12:46.631Z]   EXT: https://etgar-hr.co.il/%D7%AA%D7%95%D7%A6%D7%90%D7%95%D7%AA-%D7%97%D7%99%D7%A4%D7%95%D7%A9/?search=%D7%9E%D7%9B%D7%95%D7%A0%D7%90%D7%95%D7%AA&mid=61999
[2026-03-21T09:12:46.631Z]   EXT: https://etgar-hr.co.il/%D7%AA%D7%95%D7%A6%D7%90%D7%95%D7%AA-%D7%97%D7%99%D7%A4%D7%95%D7%A9/?search=%D7%9E%D7%9B%D7%95%D7%A0%D7%90%D7%95%D7%AA&mid=62001
[2026-03-21T09:12:46.631Z]   EXT: https://etgar-hr.co.il/%D7%AA%D7%95%D7%A6%D7%90%D7%95%D7%AA-%D7%97%D7%99%D7%A4%D7%95%D7%A9/?search=%D7%9E%D7%9B%D7%95%D7%A0%D7%90%D7%95%D7%AA&mid=62117
[2026-03-21T09:12:46.631Z]   EXT: https://etgar-hr.co.il/%D7%AA%D7%95%D7%A6%D7%90%D7%95%D7%AA-%D7%97%D7%99%D7%A4%D7%95%D7%A9/?search=%D7%9E%D7%9B%D7%95%D7%A0%D7%90%D7%95%D7%AA&mid=62293
[2026-03-21T09:12:46.631Z]   EXT: https://etgar-hr.co.il/%D7%AA%D7%95%D7%A6%D7%90%D7%95%D7%AA-%D7%97%D7%99%D7%A4%D7%95%D7%A9/?search=%D7%9E%D7%9B%D7%95%D7%A0%D7%90%D7%95%D7%AA&mid=62397
[2026-03-21T09:12:46.631Z]   EXT: https://etgar-hr.co.il/%D7%AA%D7%95%D7%A6%D7%90%D7%95%D7%AA-%D7%97%D7%99%D7%A4%D7%95%D7%A9/?search=%D7%9E%D7%9B%D7%95%D7%A0%D7%90%D7%95%D7%AA&mid=62452
[2026-03-21T09:12:46.631Z]   EXT: https://etgar-hr.co.il/%D7%AA%D7%95%D7%A6%D7%90%D7%95%D7%AA-%D7%97%D7%99%D7%A4%D7%95%D7%A9/?search=%D7%9E%D7%9B%D7%95%D7%A0%D7%90%D7%95%D7%AA&mid=62884
[2026-03-21T09:12:46.631Z]   EXT: https://etgar-hr.co.il/%D7%AA%D7%95%D7%A6%D7%90%D7%95%D7%AA-%D7%97%D7%99%D7%A4%D7%95%D7%A9/?search=%D7%9E%D7%9B%D7%95%D7%A0%D7%90%D7%95%D7%AA&mid=62900
[2026-03-21T09:12:46.631Z]   EXT: https://etgar-hr.co.il/%D7%AA%D7%95%D7%A6%D7%90%D7%95%D7%AA-%D7%97%D7%99%D7%A4%D7%95%D7%A9/?search=%D7%9E%D7%9B%D7%95%D7%A0%D7%95%D7%AA&mid=56650
[2026-03-21T09:12:46.631Z]   EXT: https://etgar-hr.co.il/%D7%AA%D7%95%D7%A6%D7%90%D7%95%D7%AA-%D7%97%D7%99%D7%A4%D7%95%D7%A9/?search=%D7%9E%D7%9B%D7%95%D7%A0%D7%95%D7%AA&mid=58720
[2026-03-21T09:12:46.631Z]   EXT: https://etgar-hr.co.il/%D7%AA%D7%95%D7%A6%D7%90%D7%95%D7%AA-%D7%97%D7%99%D7%A4%D7%95%D7%A9/?search=%D7%9E%D7%9B%D7%95%D7%A0%D7%95%D7%AA&mid=59011
[2026-03-21T09:12:46.631Z]   EXT: https://etgar-hr.co.il/%D7%AA%D7%95%D7%A6%D7%90%D7%95%D7%AA-%D7%97%D7%99%D7%A4%D7%95%D7%A9/?search=%D7%9E%D7%9B%D7%95%D7%A0%D7%95%D7%AA&mid=60896
[2026-03-21T09:12:46.631Z]   EXT: https://etgar-hr.co.il/%D7%AA%D7%95%D7%A6%D7%90%D7%95%D7%AA-%D7%97%D7%99%D7%A4%D7%95%D7%A9/?search=%D7%9E%D7%9B%D7%95%D7%A0%D7%95%D7%AA&mid=60964
[2026-03-21T09:12:46.632Z]   EXT: https://etgar-hr.co.il/%D7%AA%D7%95%D7%A6%D7%90%D7%95%D7%AA-%D7%97%D7%99%D7%A4%D7%95%D7%A9/?search=%D7%9E%D7%9B%D7%95%D7%A0%D7%95%D7%AA&mid=61202
[2026-03-21T09:12:46.632Z]   EXT: https://etgar-hr.co.il/%D7%AA%D7%95%D7%A6%D7%90%D7%95%D7%AA-%D7%97%D7%99%D7%A4%D7%95%D7%A9/?search=%D7%9E%D7%9B%D7%95%D7%A0%D7%95%D7%AA&mid=61294
[2026-03-21T09:12:46.632Z]   EXT: https://etgar-hr.co.il/%D7%AA%D7%95%D7%A6%D7%90%D7%95%D7%AA-%D7%97%D7%99%D7%A4%D7%95%D7%A9/?search=%D7%9E%D7%9B%D7%95%D7%A0%D7%95%D7%AA&mid=61314
[2026-03-21T09:12:46.632Z]   EXT: https://etgar-hr.co.il/%D7%AA%D7%95%D7%A6%D7%90%D7%95%D7%AA-%D7%97%D7%99%D7%A4%D7%95%D7%A9/?search=%D7%9E%D7%9B%D7%95%D7%A0%D7%95%D7%AA&mid=61389
[2026-03-21T09:12:46.632Z]   EXT: https://etgar-hr.co.il/%D7%AA%D7%95%D7%A6%D7%90%D7%95%D7%AA-%D7%97%D7%99%D7%A4%D7%95%D7%A9/?search=%D7%9E%D7%9B%D7%95%D7%A0%D7%95%D7%AA&mid=61604
[2026-03-21T09:12:46.632Z]   EXT: https://etgar-hr.co.il/%D7%AA%D7%95%D7%A6%D7%90%D7%95%D7%AA-%D7%97%D7%99%D7%A4%D7%95%D7%A9/?search=%D7%9E%D7%9B%D7%95%D7%A0%D7%95%D7%AA&mid=61661
[2026-03-21T09:12:46.632Z]   EXT: https://etgar-hr.co.il/%D7%AA%D7%95%D7%A6%D7%90%D7%95%D7%AA-%D7%97%D7%99%D7%A4%D7%95%D7%A9/?search=%D7%9E%D7%9B%D7%95%D7%A0%D7%95%D7%AA&mid=61694
[2026-03-21T09:12:46.632Z]   EXT: https://etgar-hr.co.il/%D7%AA%D7%95%D7%A6%D7%90%D7%95%D7%AA-%D7%97%D7%99%D7%A4%D7%95%D7%A9/?search=%D7%9E%D7%9B%D7%95%D7%A0%D7%95%D7%AA&mid=61700
[2026-03-21T09:12:46.632Z]   EXT: https://etgar-hr.co.il/%D7%AA%D7%95%D7%A6%D7%90%D7%95%D7%AA-%D7%97%D7%99%D7%A4%D7%95%D7%A9/?search=%D7%9E%D7%9B%D7%95%D7%A0%D7%95%D7%AA&mid=61712
[2026-03-21T09:12:46.632Z]   EXT: https://etgar-hr.co.il/%D7%AA%D7%95%D7%A6%D7%90%D7%95%D7%AA-%D7%97%D7%99%D7%A4%D7%95%D7%A9/?search=%D7%9E%D7%9B%D7%95%D7%A0%D7%95%D7%AA&mid=61784
[2026-03-21T09:12:46.632Z]   EXT: https://etgar-hr.co.il/%D7%AA%D7%95%D7%A6%D7%90%D7%95%D7%AA-%D7%97%D7%99%D7%A4%D7%95%D7%A9/?search=%D7%9E%D7%9B%D7%95%D7%A0%D7%95%D7%AA&mid=61895
[2026-03-21T09:12:46.632Z]   EXT: https://etgar-hr.co.il/%D7%AA%D7%95%D7%A6%D7%90%D7%95%D7%AA-%D7%97%D7%99%D7%A4%D7%95%D7%A9/?search=%D7%9E%D7%9B%D7%95%D7%A0%D7%95%D7%AA&mid=61963
[2026-03-21T09:12:46.632Z]   EXT: https://etgar-hr.co.il/%D7%AA%D7%95%D7%A6%D7%90%D7%95%D7%AA-%D7%97%D7%99%D7%A4%D7%95%D7%A9/?search=%D7%9E%D7%9B%D7%95%D7%A0%D7%95%D7%AA&mid=62065
[2026-03-21T09:12:46.632Z]   EXT: https://etgar-hr.co.il/%D7%AA%D7%95%D7%A6%D7%90%D7%95%D7%AA-%D7%97%D7%99%D7%A4%D7%95%D7%A9/?search=%D7%9E%D7%9B%D7%95%D7%A0%D7%95%D7%AA&mid=62126
[2026-03-21T09:12:46.632Z]   EXT: https://etgar-hr.co.il/%D7%AA%D7%95%D7%A6%D7%90%D7%95%D7%AA-%D7%97%D7%99%D7%A4%D7%95%D7%A9/?search=%D7%9E%D7%9B%D7%95%D7%A0%D7%95%D7%AA&mid=62187
[2026-03-21T09:12:46.632Z]   EXT: https://etgar-hr.co.il/%D7%AA%D7%95%D7%A6%D7%90%D7%95%D7%AA-%D7%97%D7%99%D7%A4%D7%95%D7%A9/?search=%D7%9E%D7%9B%D7%95%D7%A0%D7%95%D7%AA&mid=62267
[2026-03-21T09:12:46.632Z]   EXT: https://etgar-hr.co.il/%D7%AA%D7%95%D7%A6%D7%90%D7%95%D7%AA-%D7%97%D7%99%D7%A4%D7%95%D7%A9/?search=%D7%9E%D7%9B%D7%95%D7%A0%D7%95%D7%AA&mid=62268
[2026-03-21T09:12:46.632Z]   EXT: https://etgar-hr.co.il/%D7%AA%D7%95%D7%A6%D7%90%D7%95%D7%AA-%D7%97%D7%99%D7%A4%D7%95%D7%A9/?search=%D7%9E%D7%9B%D7%95%D7%A0%D7%95%D7%AA&mid=62272
[2026-03-21T09:12:46.632Z]   EXT: https://etgar-hr.co.il/%D7%AA%D7%95%D7%A6%D7%90%D7%95%D7%AA-%D7%97%D7%99%D7%A4%D7%95%D7%A9/?search=%D7%9E%D7%9B%D7%95%D7%A0%D7%95%D7%AA&mid=62278
[2026-03-21T09:12:46.632Z]   EXT: https://etgar-hr.co.il/%D7%AA%D7%95%D7%A6%D7%90%D7%95%D7%AA-%D7%97%D7%99%D7%A4%D7%95%D7%A9/?search=%D7%9E%D7%9B%D7%95%D7%A0%D7%95%D7%AA&mid=62294
[2026-03-21T09:12:46.632Z]   EXT: https://etgar-hr.co.il/%D7%AA%D7%95%D7%A6%D7%90%D7%95%D7%AA-%D7%97%D7%99%D7%A4%D7%95%D7%A9/?search=%D7%9E%D7%9B%D7%95%D7%A0%D7%95%D7%AA&mid=62308
[2026-03-21T09:12:46.632Z]   EXT: https://etgar-hr.co.il/%D7%AA%D7%95%D7%A6%D7%90%D7%95%D7%AA-%D7%97%D7%99%D7%A4%D7%95%D7%A9/?search=%D7%9E%D7%9B%D7%95%D7%A0%D7%95%D7%AA&mid=62325
[2026-03-21T09:12:46.632Z]   EXT: https://etgar-hr.co.il/%D7%AA%D7%95%D7%A6%D7%90%D7%95%D7%AA-%D7%97%D7%99%D7%A4%D7%95%D7%A9/?search=%D7%9E%D7%9B%D7%95%D7%A0%D7%95%D7%AA&mid=62484
[2026-03-21T09:12:46.632Z]   EXT: https://etgar-hr.co.il/%D7%AA%D7%95%D7%A6%D7%90%D7%95%D7%AA-%D7%97%D7%99%D7%A4%D7%95%D7%A9/?search=%D7%9E%D7%9B%D7%95%D7%A0%D7%95%D7%AA&mid=62591
[2026-03-21T09:12:46.632Z]   EXT: https://etgar-hr.co.il/%D7%AA%D7%95%D7%A6%D7%90%D7%95%D7%AA-%D7%97%D7%99%D7%A4%D7%95%D7%A9/?search=%D7%9E%D7%9B%D7%95%D7%A0%D7%95%D7%AA&mid=62592
[2026-03-21T09:12:46.632Z]   EXT: https://etgar-hr.co.il/%D7%AA%D7%95%D7%A6%D7%90%D7%95%D7%AA-%D7%97%D7%99%D7%A4%D7%95%D7%A9/?search=%D7%9E%D7%9B%D7%95%D7%A0%D7%95%D7%AA&mid=62596
[2026-03-21T09:12:46.632Z]   EXT: https://etgar-hr.co.il/%D7%AA%D7%95%D7%A6%D7%90%D7%95%D7%AA-%D7%97%D7%99%D7%A4%D7%95%D7%A9/?search=%D7%9E%D7%9B%D7%95%D7%A0%D7%95%D7%AA&mid=62606
[2026-03-21T09:12:46.632Z]   EXT: https://etgar-hr.co.il/%D7%AA%D7%95%D7%A6%D7%90%D7%95%D7%AA-%D7%97%D7%99%D7%A4%D7%95%D7%A9/?search=%D7%9E%D7%9B%D7%95%D7%A0%D7%95%D7%AA&mid=62630
[2026-03-21T09:12:46.632Z]   EXT: https://etgar-hr.co.il/%D7%AA%D7%95%D7%A6%D7%90%D7%95%D7%AA-%D7%97%D7%99%D7%A4%D7%95%D7%A9/?search=%D7%9E%D7%9B%D7%95%D7%A0%D7%95%D7%AA&mid=62682
[2026-03-21T09:12:46.632Z]   EXT: https://etgar-hr.co.il/%D7%AA%D7%95%D7%A6%D7%90%D7%95%D7%AA-%D7%97%D7%99%D7%A4%D7%95%D7%A9/?search=%D7%9E%D7%9B%D7%95%D7%A0%D7%95%D7%AA&mid=62697
[2026-03-21T09:12:46.632Z]   EXT: https://etgar-hr.co.il/%D7%AA%D7%95%D7%A6%D7%90%D7%95%D7%AA-%D7%97%D7%99%D7%A4%D7%95%D7%A9/?search=%D7%9E%D7%9B%D7%95%D7%A0%D7%95%D7%AA&mid=62703
[2026-03-21T09:12:46.632Z]   EXT: https://etgar-hr.co.il/%D7%AA%D7%95%D7%A6%D7%90%D7%95%D7%AA-%D7%97%D7%99%D7%A4%D7%95%D7%A9/?search=%D7%9E%D7%9B%D7%95%D7%A0%D7%95%D7%AA&mid=62742
[2026-03-21T09:12:46.633Z]   EXT: https://etgar-hr.co.il/%D7%AA%D7%95%D7%A6%D7%90%D7%95%D7%AA-%D7%97%D7%99%D7%A4%D7%95%D7%A9/?search=%D7%9E%D7%9B%D7%95%D7%A0%D7%95%D7%AA&mid=62755
[2026-03-21T09:12:46.633Z]   EXT: https://etgar-hr.co.il/%D7%AA%D7%95%D7%A6%D7%90%D7%95%D7%AA-%D7%97%D7%99%D7%A4%D7%95%D7%A9/?search=%D7%9E%D7%9B%D7%95%D7%A0%D7%95%D7%AA&mid=62772
[2026-03-21T09:12:46.633Z]   EXT: https://etgar-hr.co.il/%D7%AA%D7%95%D7%A6%D7%90%D7%95%D7%AA-%D7%97%D7%99%D7%A4%D7%95%D7%A9/?search=%D7%9E%D7%9B%D7%95%D7%A0%D7%95%D7%AA&mid=62883
[2026-03-21T09:12:46.633Z]   EXT: https://etgar-hr.co.il/%D7%AA%D7%95%D7%A6%D7%90%D7%95%D7%AA-%D7%97%D7%99%D7%A4%D7%95%D7%A9/?search=%D7%9E%D7%9B%D7%95%D7%A0%D7%95%D7%AA&mid=62908
[2026-03-21T09:12:46.633Z]   EXT: https://etgar-hr.co.il/%D7%AA%D7%95%D7%A6%D7%90%D7%95%D7%AA-%D7%97%D7%99%D7%A4%D7%95%D7%A9/?search=%D7%9E%D7%9B%D7%95%D7%A0%D7%95%D7%AA&mid=62910
[2026-03-21T09:12:46.633Z]   EXT: https://etgar-hr.co.il/%D7%AA%D7%95%D7%A6%D7%90%D7%95%D7%AA-%D7%97%D7%99%D7%A4%D7%95%D7%A9/?search=%D7%9E%D7%9B%D7%95%D7%A0%D7%95%D7%AA&mid=62938
[2026-03-21T09:12:46.633Z]   EXT: https://etgar-hr.co.il/%D7%AA%D7%95%D7%A6%D7%90%D7%95%D7%AA-%D7%97%D7%99%D7%A4%D7%95%D7%A9/?search=%D7%9E%D7%9B%D7%99%D7%A8%D7%95%D7%AA&mid=61833
[2026-03-21T09:12:46.633Z]   EXT: https://etgar-hr.co.il/%D7%AA%D7%95%D7%A6%D7%90%D7%95%D7%AA-%D7%97%D7%99%D7%A4%D7%95%D7%A9/?search=%D7%9E%D7%9B%D7%99%D7%A8%D7%95%D7%AA&mid=62050
[2026-03-21T09:12:46.633Z]   EXT: https://etgar-hr.co.il/%D7%AA%D7%95%D7%A6%D7%90%D7%95%D7%AA-%D7%97%D7%99%D7%A4%D7%95%D7%A9/?search=%D7%9E%D7%9B%D7%99%D7%A8%D7%95%D7%AA&mid=62423
[2026-03-21T09:12:46.633Z]   EXT: https://etgar-hr.co.il/%D7%AA%D7%95%D7%A6%D7%90%D7%95%D7%AA-%D7%97%D7%99%D7%A4%D7%95%D7%A9/?search=%D7%9E%D7%9B%D7%99%D7%A8%D7%95%D7%AA&mid=62847
[2026-03-21T09:12:46.633Z]   EXT: https://etgar-hr.co.il/%D7%AA%D7%95%D7%A6%D7%90%D7%95%D7%AA-%D7%97%D7%99%D7%A4%D7%95%D7%A9/?search=%D7%9E%D7%9B%D7%99%D7%A8%D7%95%D7%AA&mid=62914
[2026-03-21T09:12:46.633Z]   EXT: https://etgar-hr.co.il/%D7%AA%D7%95%D7%A6%D7%90%D7%95%D7%AA-%D7%97%D7%99%D7%A4%D7%95%D7%A9/?search=%D7%9E%D7%A9%D7%90%D7%91%D7%99+%D7%90%D7%A0%D7%95%D7%A9&mid=61718
[2026-03-21T09:12:46.633Z]   EXT: https://etgar-hr.co.il/%D7%AA%D7%95%D7%A6%D7%90%D7%95%D7%AA-%D7%97%D7%99%D7%A4%D7%95%D7%A9/?search=%D7%9E%D7%A9%D7%90%D7%91%D7%99+%D7%90%D7%A0%D7%95%D7%A9&mid=62473
[2026-03-21T09:12:46.633Z]   EXT: https://etgar-hr.co.il/%D7%AA%D7%95%D7%A6%D7%90%D7%95%D7%AA-%D7%97%D7%99%D7%A4%D7%95%D7%A9/?search=%D7%9E%D7%A9%D7%90%D7%91%D7%99+%D7%90%D7%A0%D7%95%D7%A9&mid=62659
[2026-03-21T09:12:46.633Z]   EXT: https://etgar-hr.co.il/%D7%AA%D7%95%D7%A6%D7%90%D7%95%D7%AA-%D7%97%D7%99%D7%A4%D7%95%D7%A9/?search=%D7%9E%D7%A9%D7%90%D7%91%D7%99+%D7%90%D7%A0%D7%95%D7%A9&mid=62660
[2026-03-21T09:12:46.633Z]   EXT: https://etgar-hr.co.il/%D7%AA%D7%95%D7%A6%D7%90%D7%95%D7%AA-%D7%97%D7%99%D7%A4%D7%95%D7%A9/?search=%D7%9E%D7%A9%D7%90%D7%91%D7%99+%D7%90%D7%A0%D7%95%D7%A9&mid=62661
[2026-03-21T09:12:46.633Z]   EXT: https://etgar-hr.co.il/%D7%AA%D7%95%D7%A6%D7%90%D7%95%D7%AA-%D7%97%D7%99%D7%A4%D7%95%D7%A9/?search=%D7%9E%D7%A9%D7%90%D7%91%D7%99+%D7%90%D7%A0%D7%95%D7%A9&mid=62676
[2026-03-21T09:12:46.633Z]   EXT: https://etgar-hr.co.il/%D7%AA%D7%95%D7%A6%D7%90%D7%95%D7%AA-%D7%97%D7%99%D7%A4%D7%95%D7%A9/?search=%D7%9E%D7%A9%D7%90%D7%91%D7%99+%D7%90%D7%A0%D7%95%D7%A9&mid=62700
[2026-03-21T09:12:46.633Z]   EXT: https://etgar-hr.co.il/%D7%AA%D7%95%D7%A6%D7%90%D7%95%D7%AA-%D7%97%D7%99%D7%A4%D7%95%D7%A9/?search=%D7%9E%D7%A9%D7%90%D7%91%D7%99+%D7%90%D7%A0%D7%95%D7%A9&mid=62713
[2026-03-21T09:12:46.633Z]   EXT: https://etgar-hr.co.il/%D7%AA%D7%95%D7%A6%D7%90%D7%95%D7%AA-%D7%97%D7%99%D7%A4%D7%95%D7%A9/?search=%D7%9E%D7%AA%D7%9B%D7%AA&mid=56342
[2026-03-21T09:12:46.633Z]   EXT: https://etgar-hr.co.il/%D7%AA%D7%95%D7%A6%D7%90%D7%95%D7%AA-%D7%97%D7%99%D7%A4%D7%95%D7%A9/?search=%D7%9E%D7%AA%D7%9B%D7%AA&mid=62333
[2026-03-21T09:12:46.633Z]   EXT: https://etgar-hr.co.il/%D7%AA%D7%95%D7%A6%D7%90%D7%95%D7%AA-%D7%97%D7%99%D7%A4%D7%95%D7%A9/?search=%D7%9E%D7%AA%D7%9B%D7%AA&mid=62751
[2026-03-21T09:12:46.633Z]   EXT: https://etgar-hr.co.il/%D7%AA%D7%95%D7%A6%D7%90%D7%95%D7%AA-%D7%97%D7%99%D7%A4%D7%95%D7%A9/?search=%D7%A0%D7%94%D7%92%D7%95%D7%AA&mid=61743
[2026-03-21T09:12:46.633Z]   EXT: https://etgar-hr.co.il/%D7%AA%D7%95%D7%A6%D7%90%D7%95%D7%AA-%D7%97%D7%99%D7%A4%D7%95%D7%A9/?search=%D7%A0%D7%94%D7%92%D7%95%D7%AA&mid=61849
[2026-03-21T09:12:46.633Z]   EXT: https://etgar-hr.co.il/%D7%AA%D7%95%D7%A6%D7%90%D7%95%D7%AA-%D7%97%D7%99%D7%A4%D7%95%D7%A9/?search=%D7%A0%D7%94%D7%92%D7%95%D7%AA&mid=61991
[2026-03-21T09:12:46.633Z]   EXT: https://etgar-hr.co.il/%D7%AA%D7%95%D7%A6%D7%90%D7%95%D7%AA-%D7%97%D7%99%D7%A4%D7%95%D7%A9/?search=%D7%A0%D7%94%D7%92%D7%95%D7%AA&mid=62615
[2026-03-21T09:12:46.634Z]   EXT: https://etgar-hr.co.il/%D7%AA%D7%95%D7%A6%D7%90%D7%95%D7%AA-%D7%97%D7%99%D7%A4%D7%95%D7%A9/?search=%D7%A0%D7%94%D7%92%D7%95%D7%AA&mid=62769
[2026-03-21T09:12:46.634Z]   EXT: https://etgar-hr.co.il/%D7%AA%D7%95%D7%A6%D7%90%D7%95%D7%AA-%D7%97%D7%99%D7%A4%D7%95%D7%A9/?search=%D7%A0%D7%99%D7%94%D7%95%D7%9C&mid=61758
[2026-03-21T09:12:46.634Z]   EXT: https://etgar-hr.co.il/%D7%AA%D7%95%D7%A6%D7%90%D7%95%D7%AA-%D7%97%D7%99%D7%A4%D7%95%D7%A9/?search=%D7%A0%D7%99%D7%94%D7%95%D7%9C&mid=62491
[2026-03-21T09:12:46.634Z]   EXT: https://etgar-hr.co.il/%D7%AA%D7%95%D7%A6%D7%90%D7%95%D7%AA-%D7%97%D7%99%D7%A4%D7%95%D7%A9/?search=%D7%A0%D7%99%D7%94%D7%95%D7%9C&mid=62540
[2026-03-21T09:12:46.634Z]   EXT: https://etgar-hr.co.il/%D7%AA%D7%95%D7%A6%D7%90%D7%95%D7%AA-%D7%97%D7%99%D7%A4%D7%95%D7%A9/?search=%D7%A0%D7%99%D7%94%D7%95%D7%9C&mid=62662
[2026-03-21T09:12:46.634Z]   EXT: https://etgar-hr.co.il/%D7%AA%D7%95%D7%A6%D7%90%D7%95%D7%AA-%D7%97%D7%99%D7%A4%D7%95%D7%A9/?search=%D7%A0%D7%99%D7%94%D7%95%D7%9C&mid=62664
[2026-03-21T09:12:46.634Z]   EXT: https://etgar-hr.co.il/%D7%AA%D7%95%D7%A6%D7%90%D7%95%D7%AA-%D7%97%D7%99%D7%A4%D7%95%D7%A9/?search=%D7%A0%D7%99%D7%94%D7%95%D7%9C&mid=62699
[2026-03-21T09:12:46.634Z]   EXT: https://etgar-hr.co.il/%D7%AA%D7%95%D7%A6%D7%90%D7%95%D7%AA-%D7%97%D7%99%D7%A4%D7%95%D7%A9/?search=%D7%A0%D7%99%D7%94%D7%95%D7%9C&mid=62708
[2026-03-21T09:12:46.634Z]   EXT: https://etgar-hr.co.il/%D7%AA%D7%95%D7%A6%D7%90%D7%95%D7%AA-%D7%97%D7%99%D7%A4%D7%95%D7%A9/?search=%D7%A0%D7%99%D7%94%D7%95%D7%9C&mid=62764
[2026-03-21T09:12:46.634Z]   EXT: https://etgar-hr.co.il/%D7%AA%D7%95%D7%A6%D7%90%D7%95%D7%AA-%D7%97%D7%99%D7%A4%D7%95%D7%A9/?search=%D7%A0%D7%99%D7%94%D7%95%D7%9C&mid=62829
[2026-03-21T09:12:46.634Z]   EXT: https://etgar-hr.co.il/%D7%AA%D7%95%D7%A6%D7%90%D7%95%D7%AA-%D7%97%D7%99%D7%A4%D7%95%D7%A9/?search=%D7%A0%D7%99%D7%94%D7%95%D7%9C&mid=62834
[2026-03-21T09:12:46.634Z]   EXT: https://etgar-hr.co.il/%D7%AA%D7%95%D7%A6%D7%90%D7%95%D7%AA-%D7%97%D7%99%D7%A4%D7%95%D7%A9/?search=%D7%A0%D7%99%D7%94%D7%95%D7%9C&mid=62880
[2026-03-21T09:12:46.634Z]   EXT: https://etgar-hr.co.il/%D7%AA%D7%95%D7%A6%D7%90%D7%95%D7%AA-%D7%97%D7%99%D7%A4%D7%95%D7%A9/?search=%D7%A0%D7%99%D7%94%D7%95%D7%9C&mid=62906
[2026-03-21T09:12:46.634Z]   EXT: https://etgar-hr.co.il/%D7%AA%D7%95%D7%A6%D7%90%D7%95%D7%AA-%D7%97%D7%99%D7%A4%D7%95%D7%A9/?search=%D7%A0%D7%99%D7%94%D7%95%D7%9C&mid=62919
[2026-03-21T09:12:46.634Z]   EXT: https://etgar-hr.co.il/%D7%AA%D7%95%D7%A6%D7%90%D7%95%D7%AA-%D7%97%D7%99%D7%A4%D7%95%D7%A9/?search=%D7%A4%D7%99%D7%A0%D7%A0%D7%A1%D7%99&mid=62039
[2026-03-21T09:12:46.634Z]   EXT: https://etgar-hr.co.il/%D7%AA%D7%95%D7%A6%D7%90%D7%95%D7%AA-%D7%97%D7%99%D7%A4%D7%95%D7%A9/?search=%D7%A4%D7%99%D7%A0%D7%A0%D7%A1%D7%99&mid=62476
[2026-03-21T09:12:46.634Z]   EXT: https://etgar-hr.co.il/%D7%AA%D7%95%D7%A6%D7%90%D7%95%D7%AA-%D7%97%D7%99%D7%A4%D7%95%D7%A9/?search=%D7%A4%D7%99%D7%A0%D7%A0%D7%A1%D7%99&mid=62657
[2026-03-21T09:12:46.634Z]   EXT: https://etgar-hr.co.il/%D7%AA%D7%95%D7%A6%D7%90%D7%95%D7%AA-%D7%97%D7%99%D7%A4%D7%95%D7%A9/?search=%D7%A4%D7%99%D7%A0%D7%A0%D7%A1%D7%99&mid=62725
[2026-03-21T09:12:46.634Z]   EXT: https://etgar-hr.co.il/%D7%AA%D7%95%D7%A6%D7%90%D7%95%D7%AA-%D7%97%D7%99%D7%A4%D7%95%D7%A9/?search=%D7%A4%D7%99%D7%A0%D7%A0%D7%A1%D7%99&mid=62735
[2026-03-21T09:12:46.634Z]   EXT: https://etgar-hr.co.il/%D7%AA%D7%95%D7%A6%D7%90%D7%95%D7%AA-%D7%97%D7%99%D7%A4%D7%95%D7%A9/?search=%D7%A4%D7%99%D7%A0%D7%A0%D7%A1%D7%99&mid=62766
[2026-03-21T09:12:46.634Z]   EXT: https://etgar-hr.co.il/%D7%AA%D7%95%D7%A6%D7%90%D7%95%D7%AA-%D7%97%D7%99%D7%A4%D7%95%D7%A9/?search=%D7%A4%D7%99%D7%A0%D7%A0%D7%A1%D7%99&mid=62866
[2026-03-21T09:12:46.634Z]   EXT: https://etgar-hr.co.il/%D7%AA%D7%95%D7%A6%D7%90%D7%95%D7%AA-%D7%97%D7%99%D7%A4%D7%95%D7%A9/?search=%D7%A4%D7%99%D7%A0%D7%A0%D7%A1%D7%99&mid=62869
[2026-03-21T09:12:46.634Z]   EXT: https://etgar-hr.co.il/%D7%AA%D7%95%D7%A6%D7%90%D7%95%D7%AA-%D7%97%D7%99%D7%A4%D7%95%D7%A9/?search=%D7%A4%D7%A8%D7%A1%D7%95%D7%9D+%D7%95%D7%A9%D7%99%D7%95%D7%95%D7%A7&mid=62580
[2026-03-21T09:12:46.634Z]   EXT: https://etgar-hr.co.il/%D7%AA%D7%95%D7%A6%D7%90%D7%95%D7%AA-%D7%97%D7%99%D7%A4%D7%95%D7%A9/?search=%D7%A4%D7%A8%D7%A1%D7%95%D7%9D+%D7%95%D7%A9%D7%99%D7%95%D7%95%D7%A7&mid=62639
[2026-03-21T09:12:46.634Z]   EXT: https://etgar-hr.co.il/%D7%AA%D7%95%D7%A6%D7%90%D7%95%D7%AA-%D7%97%D7%99%D7%A4%D7%95%D7%A9/?search=%D7%A4%D7%A8%D7%A1%D7%95%D7%9D+%D7%95%D7%A9%D7%99%D7%95%D7%95%D7%A7&mid=62759
[2026-03-21T09:12:46.634Z]   EXT: https://etgar-hr.co.il/%D7%AA%D7%95%D7%A6%D7%90%D7%95%D7%AA-%D7%97%D7%99%D7%A4%D7%95%D7%A9/?search=%D7%A7%D7%99%D7%A8%D7%95%D7%A8+%D7%95%D7%9E%D7%99%D7%96%D7%95%D7%92+%D7%90%D7%95%D7%99%D7%A8&mid=62855
[2026-03-21T09:12:46.634Z]   EXT: https://etgar-hr.co.il/%D7%AA%D7%95%D7%A6%D7%90%D7%95%D7%AA-%D7%97%D7%99%D7%A4%D7%95%D7%A9/?search=%D7%A7%D7%99%D7%A8%D7%95%D7%A8+%D7%95%D7%9E%D7%99%D7%96%D7%95%D7%92+%D7%90%D7%95%D7%99%D7%A8&mid=62859
[2026-03-21T09:12:46.634Z]   EXT: https://etgar-hr.co.il/%D7%AA%D7%95%D7%A6%D7%90%D7%95%D7%AA-%D7%97%D7%99%D7%A4%D7%95%D7%A9/?search=%D7%A8%D7%9B%D7%A9+%D7%95%D7%A7%D7%A0%D7%99%D7%99%D7%A0%D7%95%D7%AA&mid=62678
[2026-03-21T09:12:46.634Z]   EXT: https://etgar-hr.co.il/%D7%AA%D7%95%D7%A6%D7%90%D7%95%D7%AA-%D7%97%D7%99%D7%A4%D7%95%D7%A9/?search=%D7%A8%D7%9B%D7%A9+%D7%95%D7%A7%D7%A0%D7%99%D7%99%D7%A0%D7%95%D7%AA&mid=62819
[2026-03-21T09:12:46.634Z]   EXT: https://etgar-hr.co.il/%D7%AA%D7%95%D7%A6%D7%90%D7%95%D7%AA-%D7%97%D7%99%D7%A4%D7%95%D7%A9/?search=%D7%A8%D7%9B%D7%A9+%D7%95%D7%A7%D7%A0%D7%99%D7%99%D7%A0%D7%95%D7%AA&mid=62911
[2026-03-21T09:12:46.634Z]   EXT: https://etgar-hr.co.il/%D7%AA%D7%95%D7%A6%D7%90%D7%95%D7%AA-%D7%97%D7%99%D7%A4%D7%95%D7%A9/?search=%D7%A8%D7%9B%D7%A9+%D7%95%D7%A7%D7%A0%D7%99%D7%99%D7%A0%D7%95%D7%AA&mid=62912
[2026-03-21T09:12:46.634Z]   EXT: https://etgar-hr.co.il/%D7%AA%D7%95%D7%A6%D7%90%D7%95%D7%AA-%D7%97%D7%99%D7%A4%D7%95%D7%A9/?search=%D7%A8%D7%9B%D7%A9+%D7%95%D7%A7%D7%A0%D7%99%D7%99%D7%A0%D7%95%D7%AA&mid=62916
[2026-03-21T09:12:46.634Z]   EXT: https://etgar-hr.co.il/%D7%AA%D7%95%D7%A6%D7%90%D7%95%D7%AA-%D7%97%D7%99%D7%A4%D7%95%D7%A9/?search=%D7%A8%D7%A4%D7%95%D7%90%D7%94+/+%D7%A1%D7%99%D7%A2%D7%95%D7%93&mid=62667
[2026-03-21T09:12:46.635Z]   EXT: https://etgar-hr.co.il/%D7%AA%D7%95%D7%A6%D7%90%D7%95%D7%AA-%D7%97%D7%99%D7%A4%D7%95%D7%A9/?search=%D7%A8%D7%A4%D7%95%D7%90%D7%94+/+%D7%A1%D7%99%D7%A2%D7%95%D7%93&mid=62668
[2026-03-21T09:12:46.635Z]   EXT: https://etgar-hr.co.il/%D7%AA%D7%95%D7%A6%D7%90%D7%95%D7%AA-%D7%97%D7%99%D7%A4%D7%95%D7%A9/?search=%D7%A8%D7%A4%D7%95%D7%90%D7%94+/+%D7%A1%D7%99%D7%A2%D7%95%D7%93&mid=62670
[2026-03-21T09:12:46.635Z]   EXT: https://etgar-hr.co.il/%D7%AA%D7%95%D7%A6%D7%90%D7%95%D7%AA-%D7%97%D7%99%D7%A4%D7%95%D7%A9/?search=%D7%A8%D7%A4%D7%95%D7%90%D7%94+/+%D7%A1%D7%99%D7%A2%D7%95%D7%93&mid=62671
[2026-03-21T09:12:46.635Z]   EXT: https://etgar-hr.co.il/%D7%AA%D7%95%D7%A6%D7%90%D7%95%D7%AA-%D7%97%D7%99%D7%A4%D7%95%D7%A9/?search=%D7%A8%D7%A4%D7%95%D7%90%D7%94+/+%D7%A1%D7%99%D7%A2%D7%95%D7%93&mid=62673
[2026-03-21T09:12:46.635Z]   EXT: https://etgar-hr.co.il/%D7%AA%D7%95%D7%A6%D7%90%D7%95%D7%AA-%D7%97%D7%99%D7%A4%D7%95%D7%A9/?search=%D7%A8%D7%A4%D7%95%D7%90%D7%94+/+%D7%A1%D7%99%D7%A2%D7%95%D7%93&mid=62674
[2026-03-21T09:12:46.635Z]   EXT: https://etgar-hr.co.il/%D7%AA%D7%95%D7%A6%D7%90%D7%95%D7%AA-%D7%97%D7%99%D7%A4%D7%95%D7%A9/?search=%D7%A9%D7%99%D7%A8%D7%95%D7%AA+%D7%9C%D7%A7%D7%95%D7%97%D7%95%D7%AA&mid=62116
[2026-03-21T09:12:46.635Z]   EXT: https://etgar-hr.co.il/%D7%AA%D7%95%D7%A6%D7%90%D7%95%D7%AA-%D7%97%D7%99%D7%A4%D7%95%D7%A9/?search=%D7%A9%D7%99%D7%A8%D7%95%D7%AA+%D7%9C%D7%A7%D7%95%D7%97%D7%95%D7%AA&mid=62573
[2026-03-21T09:12:46.635Z]   EXT: https://etgar-hr.co.il/%D7%AA%D7%95%D7%A6%D7%90%D7%95%D7%AA-%D7%97%D7%99%D7%A4%D7%95%D7%A9/?search=%D7%A9%D7%9E%D7%99%D7%A8%D7%94+/+%D7%90%D7%91%D7%98%D7%97%D7%94&mid=62867
[2026-03-21T09:12:46.635Z]   EXT: https://etgar-hr.co.il/%D7%AA%D7%95%D7%A6%D7%90%D7%95%D7%AA-%D7%97%D7%99%D7%A4%D7%95%D7%A9/?search=%D7%A9%D7%9E%D7%99%D7%A8%D7%94+/+%D7%90%D7%91%D7%98%D7%97%D7%94&mid=62868
[2026-03-21T09:12:46.635Z]   EXT: https://etgar-hr.co.il/%D7%AA%D7%95%D7%A6%D7%90%D7%95%D7%AA-%D7%97%D7%99%D7%A4%D7%95%D7%A9/?search=%D7%A9%D7%9E%D7%99%D7%A8%D7%94+/+%D7%90%D7%91%D7%98%D7%97%D7%94&mid=62870
[2026-03-21T09:12:46.635Z]   EXT: https://etgar-hr.co.il/%D7%AA%D7%95%D7%A6%D7%90%D7%95%D7%AA-%D7%97%D7%99%D7%A4%D7%95%D7%A9/?search=%D7%A9%D7%9E%D7%99%D7%A8%D7%94+/+%D7%90%D7%91%D7%98%D7%97%D7%94&mid=62872
[2026-03-21T09:12:46.635Z]   EXT: https://etgar-hr.co.il/%D7%AA%D7%95%D7%A6%D7%90%D7%95%D7%AA-%D7%97%D7%99%D7%A4%D7%95%D7%A9/?search=%D7%A9%D7%9E%D7%99%D7%A8%D7%94+/+%D7%90%D7%91%D7%98%D7%97%D7%94&mid=62873
[2026-03-21T09:12:46.635Z]   EXT: https://etgar-hr.co.il/%D7%AA%D7%95%D7%A6%D7%90%D7%95%D7%AA-%D7%97%D7%99%D7%A4%D7%95%D7%A9/?search=%D7%AA%D7%A2%D7%A9%D7%99%D7%94+%D7%95%D7%A0%D7%99%D7%94%D7%95%D7%9C&mid=62142
[2026-03-21T09:12:46.635Z]   EXT: https://etgar-hr.co.il/%D7%AA%D7%95%D7%A6%D7%90%D7%95%D7%AA-%D7%97%D7%99%D7%A4%D7%95%D7%A9/?search=%D7%AA%D7%A2%D7%A9%D7%99%D7%94+%D7%95%D7%A0%D7%99%D7%94%D7%95%D7%9C&mid=62269
[2026-03-21T09:12:46.635Z]   EXT: https://etgar-hr.co.il/%D7%AA%D7%95%D7%A6%D7%90%D7%95%D7%AA-%D7%97%D7%99%D7%A4%D7%95%D7%A9/?search=%D7%AA%D7%A2%D7%A9%D7%99%D7%94+%D7%95%D7%A0%D7%99%D7%94%D7%95%D7%9C&mid=62608
[2026-03-21T09:12:46.635Z]   EXT: https://etgar-hr.co.il/%D7%AA%D7%95%D7%A6%D7%90%D7%95%D7%AA-%D7%97%D7%99%D7%A4%D7%95%D7%A9/?search=%D7%AA%D7%A2%D7%A9%D7%99%D7%94+%D7%95%D7%A0%D7%99%D7%94%D7%95%D7%9C&mid=62651
[2026-03-21T09:12:46.635Z]   EXT: https://etgar-hr.co.il/%D7%AA%D7%95%D7%A6%D7%90%D7%95%D7%AA-%D7%97%D7%99%D7%A4%D7%95%D7%A9/?search=%D7%AA%D7%A2%D7%A9%D7%99%D7%94+%D7%95%D7%A0%D7%99%D7%94%D7%95%D7%9C&mid=62680
[2026-03-21T09:12:46.635Z]   EXT: https://etgar-hr.co.il/%D7%AA%D7%95%D7%A6%D7%90%D7%95%D7%AA-%D7%97%D7%99%D7%A4%D7%95%D7%A9/?search=%D7%AA%D7%A2%D7%A9%D7%99%D7%94+%D7%95%D7%A0%D7%99%D7%94%D7%95%D7%9C&mid=62803
[2026-03-21T09:12:46.635Z]   EXT: https://www.facebook.com/%D7%90%D7%AA%D7%92%D7%A8-%D7%9E%D7%A9%D7%90%D7%91%D7%99-%D7%90%D7%A0%D7%95%D7%A9-205222022945305
[2026-03-21T09:12:46.635Z] ── Step 1: Programmatic categorization ──
[2026-03-21T09:12:46.635Z]   UNCATEGORIZED: https://accessibility-helper.co.il
[2026-03-21T09:12:46.635Z]   UNCATEGORIZED: https://etgar-hr.co.il/%D7%AA%D7%95%D7%A6%D7%90%D7%95%D7%AA-%D7%97%D7%99%D7%A4%D7%95%D7%A9/?search=%D7%90%D7%95%D7%99%D7%A8%D7%95%D7%A0%D7%90%D7%95%D7%98%D7%99%D7%A7%D7%94+%D7%95%D7%AA%D7%A2%D7%95%D7%A4%D7%94&mid=62768
[2026-03-21T09:12:46.635Z]   UNCATEGORIZED: https://etgar-hr.co.il/%D7%AA%D7%95%D7%A6%D7%90%D7%95%D7%AA-%D7%97%D7%99%D7%A4%D7%95%D7%A9/?search=%D7%90%D7%9C%D7%A7%D7%98%D7%A8%D7%95%D7%A0%D7%99%D7%A7%D7%94&mid=57830
[2026-03-21T09:12:46.635Z]   UNCATEGORIZED: https://etgar-hr.co.il/%D7%AA%D7%95%D7%A6%D7%90%D7%95%D7%AA-%D7%97%D7%99%D7%A4%D7%95%D7%A9/?search=%D7%90%D7%9C%D7%A7%D7%98%D7%A8%D7%95%D7%A0%D7%99%D7%A7%D7%94&mid=61404
[2026-03-21T09:12:46.635Z]   UNCATEGORIZED: https://etgar-hr.co.il/%D7%AA%D7%95%D7%A6%D7%90%D7%95%D7%AA-%D7%97%D7%99%D7%A4%D7%95%D7%A9/?search=%D7%90%D7%9C%D7%A7%D7%98%D7%A8%D7%95%D7%A0%D7%99%D7%A7%D7%94&mid=61556
[2026-03-21T09:12:46.635Z]   UNCATEGORIZED: https://etgar-hr.co.il/%D7%AA%D7%95%D7%A6%D7%90%D7%95%D7%AA-%D7%97%D7%99%D7%A4%D7%95%D7%A9/?search=%D7%90%D7%9C%D7%A7%D7%98%D7%A8%D7%95%D7%A0%D7%99%D7%A7%D7%94&mid=62594
[2026-03-21T09:12:46.635Z]   UNCATEGORIZED: https://etgar-hr.co.il/%D7%AA%D7%95%D7%A6%D7%90%D7%95%D7%AA-%D7%97%D7%99%D7%A4%D7%95%D7%A9/?search=%D7%90%D7%9C%D7%A7%D7%98%D7%A8%D7%95%D7%A0%D7%99%D7%A7%D7%94&mid=62696
[2026-03-21T09:12:46.635Z]   UNCATEGORIZED: https://etgar-hr.co.il/%D7%AA%D7%95%D7%A6%D7%90%D7%95%D7%AA-%D7%97%D7%99%D7%A4%D7%95%D7%A9/?search=%D7%90%D7%9C%D7%A7%D7%98%D7%A8%D7%95%D7%A0%D7%99%D7%A7%D7%94&mid=62729
[2026-03-21T09:12:46.635Z]   UNCATEGORIZED: https://etgar-hr.co.il/%D7%AA%D7%95%D7%A6%D7%90%D7%95%D7%AA-%D7%97%D7%99%D7%A4%D7%95%D7%A9/?search=%D7%90%D7%9C%D7%A7%D7%98%D7%A8%D7%95%D7%A0%D7%99%D7%A7%D7%94&mid=62895
[2026-03-21T09:12:46.636Z]   UNCATEGORIZED: https://etgar-hr.co.il/%D7%AA%D7%95%D7%A6%D7%90%D7%95%D7%AA-%D7%97%D7%99%D7%A4%D7%95%D7%A9/?search=%D7%91%D7%9C%D7%AA%D7%99+%D7%9E%D7%A7%D7%A6%D7%95%D7%A2%D7%99+/+%D7%9B%D7%9C%D7%9C%D7%99&mid=58992
[2026-03-21T09:12:46.636Z]   UNCATEGORIZED: https://etgar-hr.co.il/%D7%AA%D7%95%D7%A6%D7%90%D7%95%D7%AA-%D7%97%D7%99%D7%A4%D7%95%D7%A9/?search=%D7%91%D7%9C%D7%AA%D7%99+%D7%9E%D7%A7%D7%A6%D7%95%D7%A2%D7%99+/+%D7%9B%D7%9C%D7%9C%D7%99&mid=59173
[2026-03-21T09:12:46.636Z]   UNCATEGORIZED: https://etgar-hr.co.il/%D7%AA%D7%95%D7%A6%D7%90%D7%95%D7%AA-%D7%97%D7%99%D7%A4%D7%95%D7%A9/?search=%D7%91%D7%9C%D7%AA%D7%99+%D7%9E%D7%A7%D7%A6%D7%95%D7%A2%D7%99+/+%D7%9B%D7%9C%D7%9C%D7%99&mid=59215
[2026-03-21T09:12:46.636Z]   UNCATEGORIZED: https://etgar-hr.co.il/%D7%AA%D7%95%D7%A6%D7%90%D7%95%D7%AA-%D7%97%D7%99%D7%A4%D7%95%D7%A9/?search=%D7%91%D7%9C%D7%AA%D7%99+%D7%9E%D7%A7%D7%A6%D7%95%D7%A2%D7%99+/+%D7%9B%D7%9C%D7%9C%D7%99&mid=60248
[2026-03-21T09:12:46.636Z]   UNCATEGORIZED: https://etgar-hr.co.il/%D7%AA%D7%95%D7%A6%D7%90%D7%95%D7%AA-%D7%97%D7%99%D7%A4%D7%95%D7%A9/?search=%D7%91%D7%9C%D7%AA%D7%99+%D7%9E%D7%A7%D7%A6%D7%95%D7%A2%D7%99+/+%D7%9B%D7%9C%D7%9C%D7%99&mid=60292
[2026-03-21T09:12:46.636Z]   UNCATEGORIZED: https://etgar-hr.co.il/%D7%AA%D7%95%D7%A6%D7%90%D7%95%D7%AA-%D7%97%D7%99%D7%A4%D7%95%D7%A9/?search=%D7%91%D7%9C%D7%AA%D7%99+%D7%9E%D7%A7%D7%A6%D7%95%D7%A2%D7%99+/+%D7%9B%D7%9C%D7%9C%D7%99&mid=60554
[2026-03-21T09:12:46.636Z]   UNCATEGORIZED: https://etgar-hr.co.il/%D7%AA%D7%95%D7%A6%D7%90%D7%95%D7%AA-%D7%97%D7%99%D7%A4%D7%95%D7%A9/?search=%D7%91%D7%9C%D7%AA%D7%99+%D7%9E%D7%A7%D7%A6%D7%95%D7%A2%D7%99+/+%D7%9B%D7%9C%D7%9C%D7%99&mid=60756
[2026-03-21T09:12:46.636Z]   UNCATEGORIZED: https://etgar-hr.co.il/%D7%AA%D7%95%D7%A6%D7%90%D7%95%D7%AA-%D7%97%D7%99%D7%A4%D7%95%D7%A9/?search=%D7%91%D7%9C%D7%AA%D7%99+%D7%9E%D7%A7%D7%A6%D7%95%D7%A2%D7%99+/+%D7%9B%D7%9C%D7%9C%D7%99&mid=60895
[2026-03-21T09:12:46.636Z]   UNCATEGORIZED: https://etgar-hr.co.il/%D7%AA%D7%95%D7%A6%D7%90%D7%95%D7%AA-%D7%97%D7%99%D7%A4%D7%95%D7%A9/?search=%D7%91%D7%9C%D7%AA%D7%99+%D7%9E%D7%A7%D7%A6%D7%95%D7%A2%D7%99+/+%D7%9B%D7%9C%D7%9C%D7%99&mid=61044
[2026-03-21T09:12:46.636Z]   UNCATEGORIZED: https://etgar-hr.co.il/%D7%AA%D7%95%D7%A6%D7%90%D7%95%D7%AA-%D7%97%D7%99%D7%A4%D7%95%D7%A9/?search=%D7%91%D7%9C%D7%AA%D7%99+%D7%9E%D7%A7%D7%A6%D7%95%D7%A2%D7%99+/+%D7%9B%D7%9C%D7%9C%D7%99&mid=61199
[2026-03-21T09:12:46.636Z]   UNCATEGORIZED: https://etgar-hr.co.il/%D7%AA%D7%95%D7%A6%D7%90%D7%95%D7%AA-%D7%97%D7%99%D7%A4%D7%95%D7%A9/?search=%D7%91%D7%9C%D7%AA%D7%99+%D7%9E%D7%A7%D7%A6%D7%95%D7%A2%D7%99+/+%D7%9B%D7%9C%D7%9C%D7%99&mid=61358
[2026-03-21T09:12:46.636Z]   UNCATEGORIZED: https://etgar-hr.co.il/%D7%AA%D7%95%D7%A6%D7%90%D7%95%D7%AA-%D7%97%D7%99%D7%A4%D7%95%D7%A9/?search=%D7%91%D7%9C%D7%AA%D7%99+%D7%9E%D7%A7%D7%A6%D7%95%D7%A2%D7%99+/+%D7%9B%D7%9C%D7%9C%D7%99&mid=61392
[2026-03-21T09:12:46.636Z]   UNCATEGORIZED: https://etgar-hr.co.il/%D7%AA%D7%95%D7%A6%D7%90%D7%95%D7%AA-%D7%97%D7%99%D7%A4%D7%95%D7%A9/?search=%D7%91%D7%9C%D7%AA%D7%99+%D7%9E%D7%A7%D7%A6%D7%95%D7%A2%D7%99+/+%D7%9B%D7%9C%D7%9C%D7%99&mid=61585
[2026-03-21T09:12:46.636Z]   UNCATEGORIZED: https://etgar-hr.co.il/%D7%AA%D7%95%D7%A6%D7%90%D7%95%D7%AA-%D7%97%D7%99%D7%A4%D7%95%D7%A9/?search=%D7%91%D7%9C%D7%AA%D7%99+%D7%9E%D7%A7%D7%A6%D7%95%D7%A2%D7%99+/+%D7%9B%D7%9C%D7%9C%D7%99&mid=61595
[2026-03-21T09:12:46.636Z]   UNCATEGORIZED: https://etgar-hr.co.il/%D7%AA%D7%95%D7%A6%D7%90%D7%95%D7%AA-%D7%97%D7%99%D7%A4%D7%95%D7%A9/?search=%D7%91%D7%9C%D7%AA%D7%99+%D7%9E%D7%A7%D7%A6%D7%95%D7%A2%D7%99+/+%D7%9B%D7%9C%D7%9C%D7%99&mid=61669
[2026-03-21T09:12:46.636Z]   UNCATEGORIZED: https://etgar-hr.co.il/%D7%AA%D7%95%D7%A6%D7%90%D7%95%D7%AA-%D7%97%D7%99%D7%A4%D7%95%D7%A9/?search=%D7%91%D7%9C%D7%AA%D7%99+%D7%9E%D7%A7%D7%A6%D7%95%D7%A2%D7%99+/+%D7%9B%D7%9C%D7%9C%D7%99&mid=61810
[2026-03-21T09:12:46.636Z]   UNCATEGORIZED: https://etgar-hr.co.il/%D7%AA%D7%95%D7%A6%D7%90%D7%95%D7%AA-%D7%97%D7%99%D7%A4%D7%95%D7%A9/?search=%D7%91%D7%9C%D7%AA%D7%99+%D7%9E%D7%A7%D7%A6%D7%95%D7%A2%D7%99+/+%D7%9B%D7%9C%D7%9C%D7%99&mid=61858
[2026-03-21T09:12:46.636Z]   UNCATEGORIZED: https://etgar-hr.co.il/%D7%AA%D7%95%D7%A6%D7%90%D7%95%D7%AA-%D7%97%D7%99%D7%A4%D7%95%D7%A9/?search=%D7%91%D7%9C%D7%AA%D7%99+%D7%9E%D7%A7%D7%A6%D7%95%D7%A2%D7%99+/+%D7%9B%D7%9C%D7%9C%D7%99&mid=61907
[2026-03-21T09:12:46.636Z]   UNCATEGORIZED: https://etgar-hr.co.il/%D7%AA%D7%95%D7%A6%D7%90%D7%95%D7%AA-%D7%97%D7%99%D7%A4%D7%95%D7%A9/?search=%D7%91%D7%9C%D7%AA%D7%99+%D7%9E%D7%A7%D7%A6%D7%95%D7%A2%D7%99+/+%D7%9B%D7%9C%D7%9C%D7%99&mid=61987
[2026-03-21T09:12:46.636Z]   UNCATEGORIZED: https://etgar-hr.co.il/%D7%AA%D7%95%D7%A6%D7%90%D7%95%D7%AA-%D7%97%D7%99%D7%A4%D7%95%D7%A9/?search=%D7%91%D7%9C%D7%AA%D7%99+%D7%9E%D7%A7%D7%A6%D7%95%D7%A2%D7%99+/+%D7%9B%D7%9C%D7%9C%D7%99&mid=61989
[2026-03-21T09:12:46.636Z]   UNCATEGORIZED: https://etgar-hr.co.il/%D7%AA%D7%95%D7%A6%D7%90%D7%95%D7%AA-%D7%97%D7%99%D7%A4%D7%95%D7%A9/?search=%D7%91%D7%9C%D7%AA%D7%99+%D7%9E%D7%A7%D7%A6%D7%95%D7%A2%D7%99+/+%D7%9B%D7%9C%D7%9C%D7%99&mid=62005
[2026-03-21T09:12:46.636Z]   UNCATEGORIZED: https://etgar-hr.co.il/%D7%AA%D7%95%D7%A6%D7%90%D7%95%D7%AA-%D7%97%D7%99%D7%A4%D7%95%D7%A9/?search=%D7%91%D7%9C%D7%AA%D7%99+%D7%9E%D7%A7%D7%A6%D7%95%D7%A2%D7%99+/+%D7%9B%D7%9C%D7%9C%D7%99&mid=62033
[2026-03-21T09:12:46.636Z]   UNCATEGORIZED: https://etgar-hr.co.il/%D7%AA%D7%95%D7%A6%D7%90%D7%95%D7%AA-%D7%97%D7%99%D7%A4%D7%95%D7%A9/?search=%D7%91%D7%9C%D7%AA%D7%99+%D7%9E%D7%A7%D7%A6%D7%95%D7%A2%D7%99+/+%D7%9B%D7%9C%D7%9C%D7%99&mid=62046
[2026-03-21T09:12:46.636Z]   UNCATEGORIZED: https://etgar-hr.co.il/%D7%AA%D7%95%D7%A6%D7%90%D7%95%D7%AA-%D7%97%D7%99%D7%A4%D7%95%D7%A9/?search=%D7%91%D7%9C%D7%AA%D7%99+%D7%9E%D7%A7%D7%A6%D7%95%D7%A2%D7%99+/+%D7%9B%D7%9C%D7%9C%D7%99&mid=62085
[2026-03-21T09:12:46.637Z]   UNCATEGORIZED: https://etgar-hr.co.il/%D7%AA%D7%95%D7%A6%D7%90%D7%95%D7%AA-%D7%97%D7%99%D7%A4%D7%95%D7%A9/?search=%D7%91%D7%9C%D7%AA%D7%99+%D7%9E%D7%A7%D7%A6%D7%95%D7%A2%D7%99+/+%D7%9B%D7%9C%D7%9C%D7%99&mid=62158
[2026-03-21T09:12:46.637Z]   UNCATEGORIZED: https://etgar-hr.co.il/%D7%AA%D7%95%D7%A6%D7%90%D7%95%D7%AA-%D7%97%D7%99%D7%A4%D7%95%D7%A9/?search=%D7%91%D7%9C%D7%AA%D7%99+%D7%9E%D7%A7%D7%A6%D7%95%D7%A2%D7%99+/+%D7%9B%D7%9C%D7%9C%D7%99&mid=62257
[2026-03-21T09:12:46.637Z]   UNCATEGORIZED: https://etgar-hr.co.il/%D7%AA%D7%95%D7%A6%D7%90%D7%95%D7%AA-%D7%97%D7%99%D7%A4%D7%95%D7%A9/?search=%D7%91%D7%9C%D7%AA%D7%99+%D7%9E%D7%A7%D7%A6%D7%95%D7%A2%D7%99+/+%D7%9B%D7%9C%D7%9C%D7%99&mid=62275
[2026-03-21T09:12:46.637Z]   UNCATEGORIZED: https://etgar-hr.co.il/%D7%AA%D7%95%D7%A6%D7%90%D7%95%D7%AA-%D7%97%D7%99%D7%A4%D7%95%D7%A9/?search=%D7%91%D7%9C%D7%AA%D7%99+%D7%9E%D7%A7%D7%A6%D7%95%D7%A2%D7%99+/+%D7%9B%D7%9C%D7%9C%D7%99&mid=62331
[2026-03-21T09:12:46.637Z]   UNCATEGORIZED: https://etgar-hr.co.il/%D7%AA%D7%95%D7%A6%D7%90%D7%95%D7%AA-%D7%97%D7%99%D7%A4%D7%95%D7%A9/?search=%D7%91%D7%9C%D7%AA%D7%99+%D7%9E%D7%A7%D7%A6%D7%95%D7%A2%D7%99+/+%D7%9B%D7%9C%D7%9C%D7%99&mid=62548
[2026-03-21T09:12:46.637Z]   UNCATEGORIZED: https://etgar-hr.co.il/%D7%AA%D7%95%D7%A6%D7%90%D7%95%D7%AA-%D7%97%D7%99%D7%A4%D7%95%D7%A9/?search=%D7%91%D7%9C%D7%AA%D7%99+%D7%9E%D7%A7%D7%A6%D7%95%D7%A2%D7%99+/+%D7%9B%D7%9C%D7%9C%D7%99&mid=62556
[2026-03-21T09:12:46.637Z]   UNCATEGORIZED: https://etgar-hr.co.il/%D7%AA%D7%95%D7%A6%D7%90%D7%95%D7%AA-%D7%97%D7%99%D7%A4%D7%95%D7%A9/?search=%D7%91%D7%9C%D7%AA%D7%99+%D7%9E%D7%A7%D7%A6%D7%95%D7%A2%D7%99+/+%D7%9B%D7%9C%D7%9C%D7%99&mid=62602
[2026-03-21T09:12:46.637Z]   UNCATEGORIZED: https://etgar-hr.co.il/%D7%AA%D7%95%D7%A6%D7%90%D7%95%D7%AA-%D7%97%D7%99%D7%A4%D7%95%D7%A9/?search=%D7%91%D7%9C%D7%AA%D7%99+%D7%9E%D7%A7%D7%A6%D7%95%D7%A2%D7%99+/+%D7%9B%D7%9C%D7%9C%D7%99&mid=62604
[2026-03-21T09:12:46.637Z]   UNCATEGORIZED: https://etgar-hr.co.il/%D7%AA%D7%95%D7%A6%D7%90%D7%95%D7%AA-%D7%97%D7%99%D7%A4%D7%95%D7%A9/?search=%D7%91%D7%9C%D7%AA%D7%99+%D7%9E%D7%A7%D7%A6%D7%95%D7%A2%D7%99+/+%D7%9B%D7%9C%D7%9C%D7%99&mid=62767
[2026-03-21T09:12:46.637Z]   UNCATEGORIZED: https://etgar-hr.co.il/%D7%AA%D7%95%D7%A6%D7%90%D7%95%D7%AA-%D7%97%D7%99%D7%A4%D7%95%D7%A9/?search=%D7%91%D7%9C%D7%AA%D7%99+%D7%9E%D7%A7%D7%A6%D7%95%D7%A2%D7%99+/+%D7%9B%D7%9C%D7%9C%D7%99&mid=62856
[2026-03-21T09:12:46.637Z]   UNCATEGORIZED: https://etgar-hr.co.il/%D7%AA%D7%95%D7%A6%D7%90%D7%95%D7%AA-%D7%97%D7%99%D7%A4%D7%95%D7%A9/?search=%D7%91%D7%9C%D7%AA%D7%99+%D7%9E%D7%A7%D7%A6%D7%95%D7%A2%D7%99+/+%D7%9B%D7%9C%D7%9C%D7%99&mid=62865
[2026-03-21T09:12:46.637Z]   UNCATEGORIZED: https://etgar-hr.co.il/%D7%AA%D7%95%D7%A6%D7%90%D7%95%D7%AA-%D7%97%D7%99%D7%A4%D7%95%D7%A9/?search=%D7%91%D7%9C%D7%AA%D7%99+%D7%9E%D7%A7%D7%A6%D7%95%D7%A2%D7%99+/+%D7%9B%D7%9C%D7%9C%D7%99&mid=62888
[2026-03-21T09:12:46.637Z]   UNCATEGORIZED: https://etgar-hr.co.il/%D7%AA%D7%95%D7%A6%D7%90%D7%95%D7%AA-%D7%97%D7%99%D7%A4%D7%95%D7%A9/?search=%D7%91%D7%9C%D7%AA%D7%99+%D7%9E%D7%A7%D7%A6%D7%95%D7%A2%D7%99+/+%D7%9B%D7%9C%D7%9C%D7%99&mid=62889
[2026-03-21T09:12:46.637Z]   UNCATEGORIZED: https://etgar-hr.co.il/%D7%AA%D7%95%D7%A6%D7%90%D7%95%D7%AA-%D7%97%D7%99%D7%A4%D7%95%D7%A9/?search=%D7%91%D7%A7%D7%A8%D7%94+%D7%95%D7%90%D7%91%D7%98%D7%97%D7%AA+%D7%90%D7%99%D7%9B%D7%95%D7%AA&mid=58799
[2026-03-21T09:12:46.637Z]   UNCATEGORIZED: https://etgar-hr.co.il/%D7%AA%D7%95%D7%A6%D7%90%D7%95%D7%AA-%D7%97%D7%99%D7%A4%D7%95%D7%A9/?search=%D7%91%D7%A7%D7%A8%D7%94+%D7%95%D7%90%D7%91%D7%98%D7%97%D7%AA+%D7%90%D7%99%D7%9B%D7%95%D7%AA&mid=60340
[2026-03-21T09:12:46.637Z]   UNCATEGORIZED: https://etgar-hr.co.il/%D7%AA%D7%95%D7%A6%D7%90%D7%95%D7%AA-%D7%97%D7%99%D7%A4%D7%95%D7%A9/?search=%D7%91%D7%A7%D7%A8%D7%94+%D7%95%D7%90%D7%91%D7%98%D7%97%D7%AA+%D7%90%D7%99%D7%9B%D7%95%D7%AA&mid=60936
[2026-03-21T09:12:46.637Z]   UNCATEGORIZED: https://etgar-hr.co.il/%D7%AA%D7%95%D7%A6%D7%90%D7%95%D7%AA-%D7%97%D7%99%D7%A4%D7%95%D7%A9/?search=%D7%91%D7%A7%D7%A8%D7%94+%D7%95%D7%90%D7%91%D7%98%D7%97%D7%AA+%D7%90%D7%99%D7%9B%D7%95%D7%AA&mid=62339
[2026-03-21T09:12:46.637Z]   UNCATEGORIZED: https://etgar-hr.co.il/%D7%AA%D7%95%D7%A6%D7%90%D7%95%D7%AA-%D7%97%D7%99%D7%A4%D7%95%D7%A9/?search=%D7%91%D7%A7%D7%A8%D7%94+%D7%95%D7%90%D7%91%D7%98%D7%97%D7%AA+%D7%90%D7%99%D7%9B%D7%95%D7%AA&mid=62515
[2026-03-21T09:12:46.638Z]   UNCATEGORIZED: https://etgar-hr.co.il/%D7%AA%D7%95%D7%A6%D7%90%D7%95%D7%AA-%D7%97%D7%99%D7%A4%D7%95%D7%A9/?search=%D7%91%D7%A7%D7%A8%D7%94+%D7%95%D7%90%D7%91%D7%98%D7%97%D7%AA+%D7%90%D7%99%D7%9B%D7%95%D7%AA&mid=62652
[2026-03-21T09:12:46.638Z]   UNCATEGORIZED: https://etgar-hr.co.il/%D7%AA%D7%95%D7%A6%D7%90%D7%95%D7%AA-%D7%97%D7%99%D7%A4%D7%95%D7%A9/?search=%D7%91%D7%A7%D7%A8%D7%94+%D7%95%D7%90%D7%91%D7%98%D7%97%D7%AA+%D7%90%D7%99%D7%9B%D7%95%D7%AA&mid=62677
[2026-03-21T09:12:46.638Z]   UNCATEGORIZED: https://etgar-hr.co.il/%D7%AA%D7%95%D7%A6%D7%90%D7%95%D7%AA-%D7%97%D7%99%D7%A4%D7%95%D7%A9/?search=%D7%91%D7%A7%D7%A8%D7%94+%D7%95%D7%90%D7%91%D7%98%D7%97%D7%AA+%D7%90%D7%99%D7%9B%D7%95%D7%AA&mid=62795
[2026-03-21T09:12:46.638Z]   UNCATEGORIZED: https://etgar-hr.co.il/%D7%AA%D7%95%D7%A6%D7%90%D7%95%D7%AA-%D7%97%D7%99%D7%A4%D7%95%D7%A9/?search=%D7%91%D7%A7%D7%A8%D7%94+%D7%95%D7%90%D7%91%D7%98%D7%97%D7%AA+%D7%90%D7%99%D7%9B%D7%95%D7%AA&mid=62833
[2026-03-21T09:12:46.638Z]   UNCATEGORIZED: https://etgar-hr.co.il/%D7%AA%D7%95%D7%A6%D7%90%D7%95%D7%AA-%D7%97%D7%99%D7%A4%D7%95%D7%A9/?search=%D7%91%D7%A7%D7%A8%D7%94+%D7%95%D7%90%D7%91%D7%98%D7%97%D7%AA+%D7%90%D7%99%D7%9B%D7%95%D7%AA&mid=62887
[2026-03-21T09:12:46.638Z]   UNCATEGORIZED: https://etgar-hr.co.il/%D7%AA%D7%95%D7%A6%D7%90%D7%95%D7%AA-%D7%97%D7%99%D7%A4%D7%95%D7%A9/?search=%D7%91%D7%A7%D7%A8%D7%94+%D7%95%D7%90%D7%91%D7%98%D7%97%D7%AA+%D7%90%D7%99%D7%9B%D7%95%D7%AA&mid=62898
[2026-03-21T09:12:46.638Z]   UNCATEGORIZED: https://etgar-hr.co.il/%D7%AA%D7%95%D7%A6%D7%90%D7%95%D7%AA-%D7%97%D7%99%D7%A4%D7%95%D7%A9/?search=%D7%91%D7%A7%D7%A8%D7%94+%D7%95%D7%90%D7%91%D7%98%D7%97%D7%AA+%D7%90%D7%99%D7%9B%D7%95%D7%AA&mid=62913
[2026-03-21T09:12:46.638Z]   UNCATEGORIZED: https://etgar-hr.co.il/%D7%AA%D7%95%D7%A6%D7%90%D7%95%D7%AA-%D7%97%D7%99%D7%A4%D7%95%D7%A9/?search=%D7%91%D7%A7%D7%A8%D7%94+%D7%95%D7%90%D7%91%D7%98%D7%97%D7%AA+%D7%90%D7%99%D7%9B%D7%95%D7%AA&mid=62920
[2026-03-21T09:12:46.638Z]   UNCATEGORIZED: https://etgar-hr.co.il/%D7%AA%D7%95%D7%A6%D7%90%D7%95%D7%AA-%D7%97%D7%99%D7%A4%D7%95%D7%A9/?search=%D7%91%D7%A7%D7%A8%D7%94+%D7%95%D7%90%D7%91%D7%98%D7%97%D7%AA+%D7%90%D7%99%D7%9B%D7%95%D7%AA&mid=62921
[2026-03-21T09:12:46.638Z]   UNCATEGORIZED: https://etgar-hr.co.il/%D7%AA%D7%95%D7%A6%D7%90%D7%95%D7%AA-%D7%97%D7%99%D7%A4%D7%95%D7%A9/?search=%D7%91%D7%A7%D7%A8%D7%94+%D7%95%D7%90%D7%91%D7%98%D7%97%D7%AA+%D7%90%D7%99%D7%9B%D7%95%D7%AA&mid=62936
[2026-03-21T09:12:46.638Z]   UNCATEGORIZED: https://etgar-hr.co.il/%D7%AA%D7%95%D7%A6%D7%90%D7%95%D7%AA-%D7%97%D7%99%D7%A4%D7%95%D7%A9/?search=%D7%91%D7%A7%D7%A8%D7%94+%D7%95%D7%90%D7%91%D7%98%D7%97%D7%AA+%D7%90%D7%99%D7%9B%D7%95%D7%AA&mid=62940
[2026-03-21T09:12:46.638Z]   UNCATEGORIZED: https://etgar-hr.co.il/%D7%AA%D7%95%D7%A6%D7%90%D7%95%D7%AA-%D7%97%D7%99%D7%A4%D7%95%D7%A9/?search=%D7%97%D7%99%D7%A0%D7%95%D7%9A+/+%D7%94%D7%93%D7%A8%D7%9B%D7%94&mid=62691
[2026-03-21T09:12:46.638Z]   UNCATEGORIZED: https://etgar-hr.co.il/%D7%AA%D7%95%D7%A6%D7%90%D7%95%D7%AA-%D7%97%D7%99%D7%A4%D7%95%D7%A9/?search=%D7%97%D7%A9%D7%9E%D7%9C&mid=60906
[2026-03-21T09:12:46.638Z]   UNCATEGORIZED: https://etgar-hr.co.il/%D7%AA%D7%95%D7%A6%D7%90%D7%95%D7%AA-%D7%97%D7%99%D7%A4%D7%95%D7%A9/?search=%D7%97%D7%A9%D7%9E%D7%9C&mid=61266
[2026-03-21T09:12:46.638Z]   UNCATEGORIZED: https://etgar-hr.co.il/%D7%AA%D7%95%D7%A6%D7%90%D7%95%D7%AA-%D7%97%D7%99%D7%A4%D7%95%D7%A9/?search=%D7%97%D7%A9%D7%9E%D7%9C&mid=61633
[2026-03-21T09:12:46.638Z]   UNCATEGORIZED: https://etgar-hr.co.il/%D7%AA%D7%95%D7%A6%D7%90%D7%95%D7%AA-%D7%97%D7%99%D7%A4%D7%95%D7%A9/?search=%D7%97%D7%A9%D7%9E%D7%9C&mid=61957
[2026-03-21T09:12:46.638Z]   UNCATEGORIZED: https://etgar-hr.co.il/%D7%AA%D7%95%D7%A6%D7%90%D7%95%D7%AA-%D7%97%D7%99%D7%A4%D7%95%D7%A9/?search=%D7%97%D7%A9%D7%9E%D7%9C&mid=62377
[2026-03-21T09:12:46.638Z]   UNCATEGORIZED: https://etgar-hr.co.il/%D7%AA%D7%95%D7%A6%D7%90%D7%95%D7%AA-%D7%97%D7%99%D7%A4%D7%95%D7%A9/?search=%D7%97%D7%A9%D7%9E%D7%9C&mid=62469
[2026-03-21T09:12:46.638Z]   UNCATEGORIZED: https://etgar-hr.co.il/%D7%AA%D7%95%D7%A6%D7%90%D7%95%D7%AA-%D7%97%D7%99%D7%A4%D7%95%D7%A9/?search=%D7%97%D7%A9%D7%9E%D7%9C&mid=62489
[2026-03-21T09:12:46.638Z]   UNCATEGORIZED: https://etgar-hr.co.il/%D7%AA%D7%95%D7%A6%D7%90%D7%95%D7%AA-%D7%97%D7%99%D7%A4%D7%95%D7%A9/?search=%D7%97%D7%A9%D7%9E%D7%9C&mid=62610
[2026-03-21T09:12:46.639Z]   UNCATEGORIZED: https://etgar-hr.co.il/%D7%AA%D7%95%D7%A6%D7%90%D7%95%D7%AA-%D7%97%D7%99%D7%A4%D7%95%D7%A9/?search=%D7%97%D7%A9%D7%9E%D7%9C&mid=62704
[2026-03-21T09:12:46.639Z]   UNCATEGORIZED: https://etgar-hr.co.il/%D7%AA%D7%95%D7%A6%D7%90%D7%95%D7%AA-%D7%97%D7%99%D7%A4%D7%95%D7%A9/?search=%D7%97%D7%A9%D7%9E%D7%9C&mid=62721
[2026-03-21T09:12:46.639Z]   UNCATEGORIZED: https://etgar-hr.co.il/%D7%AA%D7%95%D7%A6%D7%90%D7%95%D7%AA-%D7%97%D7%99%D7%A4%D7%95%D7%A9/?search=%D7%97%D7%A9%D7%9E%D7%9C&mid=62775
[2026-03-21T09:12:46.639Z]   UNCATEGORIZED: https://etgar-hr.co.il/%D7%AA%D7%95%D7%A6%D7%90%D7%95%D7%AA-%D7%97%D7%99%D7%A4%D7%95%D7%A9/?search=%D7%97%D7%A9%D7%9E%D7%9C&mid=62785
[2026-03-21T09:12:46.639Z]   UNCATEGORIZED: https://etgar-hr.co.il/%D7%AA%D7%95%D7%A6%D7%90%D7%95%D7%AA-%D7%97%D7%99%D7%A4%D7%95%D7%A9/?search=%D7%97%D7%A9%D7%9E%D7%9C&mid=62854
[2026-03-21T09:12:46.639Z]   UNCATEGORIZED: https://etgar-hr.co.il/%D7%AA%D7%95%D7%A6%D7%90%D7%95%D7%AA-%D7%97%D7%99%D7%A4%D7%95%D7%A9/?search=%D7%97%D7%A9%D7%9E%D7%9C&mid=62892
[2026-03-21T09:12:46.639Z]   UNCATEGORIZED: https://etgar-hr.co.il/%D7%AA%D7%95%D7%A6%D7%90%D7%95%D7%AA-%D7%97%D7%99%D7%A4%D7%95%D7%A9/?search=%D7%9C%D7%95%D7%92%D7%99%D7%A1%D7%98%D7%99%D7%A7%D7%94+%D7%95%D7%9E%D7%97%D7%A1%D7%A0%D7%90%D7%95%D7%AA&mid=59887
[2026-03-21T09:12:46.639Z]   UNCATEGORIZED: https://etgar-hr.co.il/%D7%AA%D7%95%D7%A6%D7%90%D7%95%D7%AA-%D7%97%D7%99%D7%A4%D7%95%D7%A9/?search=%D7%9C%D7%95%D7%92%D7%99%D7%A1%D7%98%D7%99%D7%A7%D7%94+%D7%95%D7%9E%D7%97%D7%A1%D7%A0%D7%90%D7%95%D7%AA&mid=61481
[2026-03-21T09:12:46.639Z]   UNCATEGORIZED: https://etgar-hr.co.il/%D7%AA%D7%95%D7%A6%D7%90%D7%95%D7%AA-%D7%97%D7%99%D7%A4%D7%95%D7%A9/?search=%D7%9C%D7%95%D7%92%D7%99%D7%A1%D7%98%D7%99%D7%A7%D7%94+%D7%95%D7%9E%D7%97%D7%A1%D7%A0%D7%90%D7%95%D7%AA&mid=61740
[2026-03-21T09:12:46.639Z]   UNCATEGORIZED: https://etgar-hr.co.il/%D7%AA%D7%95%D7%A6%D7%90%D7%95%D7%AA-%D7%97%D7%99%D7%A4%D7%95%D7%A9/?search=%D7%9C%D7%95%D7%92%D7%99%D7%A1%D7%98%D7%99%D7%A7%D7%94+%D7%95%D7%9E%D7%97%D7%A1%D7%A0%D7%90%D7%95%D7%AA&mid=61913
[2026-03-21T09:12:46.639Z]   UNCATEGORIZED: https://etgar-hr.co.il/%D7%AA%D7%95%D7%A6%D7%90%D7%95%D7%AA-%D7%97%D7%99%D7%A4%D7%95%D7%A9/?search=%D7%9C%D7%95%D7%92%D7%99%D7%A1%D7%98%D7%99%D7%A7%D7%94+%D7%95%D7%9E%D7%97%D7%A1%D7%A0%D7%90%D7%95%D7%AA&mid=61962
[2026-03-21T09:12:46.639Z]   UNCATEGORIZED: https://etgar-hr.co.il/%D7%AA%D7%95%D7%A6%D7%90%D7%95%D7%AA-%D7%97%D7%99%D7%A4%D7%95%D7%A9/?search=%D7%9C%D7%95%D7%92%D7%99%D7%A1%D7%98%D7%99%D7%A7%D7%94+%D7%95%D7%9E%D7%97%D7%A1%D7%A0%D7%90%D7%95%D7%AA&mid=62111
[2026-03-21T09:12:46.639Z]   UNCATEGORIZED: https://etgar-hr.co.il/%D7%AA%D7%95%D7%A6%D7%90%D7%95%D7%AA-%D7%97%D7%99%D7%A4%D7%95%D7%A9/?search=%D7%9C%D7%95%D7%92%D7%99%D7%A1%D7%98%D7%99%D7%A7%D7%94+%D7%95%D7%9E%D7%97%D7%A1%D7%A0%D7%90%D7%95%D7%AA&mid=62349
[2026-03-21T09:12:46.639Z]   UNCATEGORIZED: https://etgar-hr.co.il/%D7%AA%D7%95%D7%A6%D7%90%D7%95%D7%AA-%D7%97%D7%99%D7%A4%D7%95%D7%A9/?search=%D7%9C%D7%95%D7%92%D7%99%D7%A1%D7%98%D7%99%D7%A7%D7%94+%D7%95%D7%9E%D7%97%D7%A1%D7%A0%D7%90%D7%95%D7%AA&mid=62373
[2026-03-21T09:12:46.639Z]   UNCATEGORIZED: https://etgar-hr.co.il/%D7%AA%D7%95%D7%A6%D7%90%D7%95%D7%AA-%D7%97%D7%99%D7%A4%D7%95%D7%A9/?search=%D7%9C%D7%95%D7%92%D7%99%D7%A1%D7%98%D7%99%D7%A7%D7%94+%D7%95%D7%9E%D7%97%D7%A1%D7%A0%D7%90%D7%95%D7%AA&mid=62389
[2026-03-21T09:12:46.639Z]   UNCATEGORIZED: https://etgar-hr.co.il/%D7%AA%D7%95%D7%A6%D7%90%D7%95%D7%AA-%D7%97%D7%99%D7%A4%D7%95%D7%A9/?search=%D7%9C%D7%95%D7%92%D7%99%D7%A1%D7%98%D7%99%D7%A7%D7%94+%D7%95%D7%9E%D7%97%D7%A1%D7%A0%D7%90%D7%95%D7%AA&mid=62424
[2026-03-21T09:12:46.639Z]   UNCATEGORIZED: https://etgar-hr.co.il/%D7%AA%D7%95%D7%A6%D7%90%D7%95%D7%AA-%D7%97%D7%99%D7%A4%D7%95%D7%A9/?search=%D7%9C%D7%95%D7%92%D7%99%D7%A1%D7%98%D7%99%D7%A7%D7%94+%D7%95%D7%9E%D7%97%D7%A1%D7%A0%D7%90%D7%95%D7%AA&mid=62601
[2026-03-21T09:12:46.639Z]   UNCATEGORIZED: https://etgar-hr.co.il/%D7%AA%D7%95%D7%A6%D7%90%D7%95%D7%AA-%D7%97%D7%99%D7%A4%D7%95%D7%A9/?search=%D7%9C%D7%95%D7%92%D7%99%D7%A1%D7%98%D7%99%D7%A7%D7%94+%D7%95%D7%9E%D7%97%D7%A1%D7%A0%D7%90%D7%95%D7%AA&mid=62603
[2026-03-21T09:12:46.639Z]   UNCATEGORIZED: https://etgar-hr.co.il/%D7%AA%D7%95%D7%A6%D7%90%D7%95%D7%AA-%D7%97%D7%99%D7%A4%D7%95%D7%A9/?search=%D7%9C%D7%95%D7%92%D7%99%D7%A1%D7%98%D7%99%D7%A7%D7%94+%D7%95%D7%9E%D7%97%D7%A1%D7%A0%D7%90%D7%95%D7%AA&mid=62695
[2026-03-21T09:12:46.639Z]   UNCATEGORIZED: https://etgar-hr.co.il/%D7%AA%D7%95%D7%A6%D7%90%D7%95%D7%AA-%D7%97%D7%99%D7%A4%D7%95%D7%A9/?search=%D7%9C%D7%95%D7%92%D7%99%D7%A1%D7%98%D7%99%D7%A7%D7%94+%D7%95%D7%9E%D7%97%D7%A1%D7%A0%D7%90%D7%95%D7%AA&mid=62749
[2026-03-21T09:12:46.639Z]   UNCATEGORIZED: https://etgar-hr.co.il/%D7%AA%D7%95%D7%A6%D7%90%D7%95%D7%AA-%D7%97%D7%99%D7%A4%D7%95%D7%A9/?search=%D7%9C%D7%95%D7%92%D7%99%D7%A1%D7%98%D7%99%D7%A7%D7%94+%D7%95%D7%9E%D7%97%D7%A1%D7%A0%D7%90%D7%95%D7%AA&mid=62790
[2026-03-21T09:12:46.639Z]   UNCATEGORIZED: https://etgar-hr.co.il/%D7%AA%D7%95%D7%A6%D7%90%D7%95%D7%AA-%D7%97%D7%99%D7%A4%D7%95%D7%A9/?search=%D7%9C%D7%95%D7%92%D7%99%D7%A1%D7%98%D7%99%D7%A7%D7%94+%D7%95%D7%9E%D7%97%D7%A1%D7%A0%D7%90%D7%95%D7%AA&mid=62807
[2026-03-21T09:12:46.639Z]   UNCATEGORIZED: https://etgar-hr.co.il/%D7%AA%D7%95%D7%A6%D7%90%D7%95%D7%AA-%D7%97%D7%99%D7%A4%D7%95%D7%A9/?search=%D7%9C%D7%95%D7%92%D7%99%D7%A1%D7%98%D7%99%D7%A7%D7%94+%D7%95%D7%9E%D7%97%D7%A1%D7%A0%D7%90%D7%95%D7%AA&mid=62822
[2026-03-21T09:12:46.639Z]   UNCATEGORIZED: https://etgar-hr.co.il/%D7%AA%D7%95%D7%A6%D7%90%D7%95%D7%AA-%D7%97%D7%99%D7%A4%D7%95%D7%A9/?search=%D7%9C%D7%95%D7%92%D7%99%D7%A1%D7%98%D7%99%D7%A7%D7%94+%D7%95%D7%9E%D7%97%D7%A1%D7%A0%D7%90%D7%95%D7%AA&mid=62827
[2026-03-21T09:12:46.639Z]   UNCATEGORIZED: https://etgar-hr.co.il/%D7%AA%D7%95%D7%A6%D7%90%D7%95%D7%AA-%D7%97%D7%99%D7%A4%D7%95%D7%A9/?search=%D7%9C%D7%95%D7%92%D7%99%D7%A1%D7%98%D7%99%D7%A7%D7%94+%D7%95%D7%9E%D7%97%D7%A1%D7%A0%D7%90%D7%95%D7%AA&mid=62830
[2026-03-21T09:12:46.639Z]   UNCATEGORIZED: https://etgar-hr.co.il/%D7%AA%D7%95%D7%A6%D7%90%D7%95%D7%AA-%D7%97%D7%99%D7%A4%D7%95%D7%A9/?search=%D7%9C%D7%95%D7%92%D7%99%D7%A1%D7%98%D7%99%D7%A7%D7%94+%D7%95%D7%9E%D7%97%D7%A1%D7%A0%D7%90%D7%95%D7%AA&mid=62844
[2026-03-21T09:12:46.639Z]   UNCATEGORIZED: https://etgar-hr.co.il/%D7%AA%D7%95%D7%A6%D7%90%D7%95%D7%AA-%D7%97%D7%99%D7%A4%D7%95%D7%A9/?search=%D7%9C%D7%95%D7%92%D7%99%D7%A1%D7%98%D7%99%D7%A7%D7%94+%D7%95%D7%9E%D7%97%D7%A1%D7%A0%D7%90%D7%95%D7%AA&mid=62882
[2026-03-21T09:12:46.640Z]   UNCATEGORIZED: https://etgar-hr.co.il/%D7%AA%D7%95%D7%A6%D7%90%D7%95%D7%AA-%D7%97%D7%99%D7%A4%D7%95%D7%A9/?search=%D7%9C%D7%95%D7%92%D7%99%D7%A1%D7%98%D7%99%D7%A7%D7%94+%D7%95%D7%9E%D7%97%D7%A1%D7%A0%D7%90%D7%95%D7%AA&mid=62894
[2026-03-21T09:12:46.640Z]   UNCATEGORIZED: https://etgar-hr.co.il/%D7%AA%D7%95%D7%A6%D7%90%D7%95%D7%AA-%D7%97%D7%99%D7%A4%D7%95%D7%A9/?search=%D7%9E%D7%93%D7%A2%D7%99%D7%9D&mid=61750
[2026-03-21T09:12:46.640Z]   UNCATEGORIZED: https://etgar-hr.co.il/%D7%AA%D7%95%D7%A6%D7%90%D7%95%D7%AA-%D7%97%D7%99%D7%A4%D7%95%D7%A9/?search=%D7%9E%D7%93%D7%A2%D7%99%D7%9D&mid=62915
[2026-03-21T09:12:46.640Z]   UNCATEGORIZED: https://etgar-hr.co.il/%D7%AA%D7%95%D7%A6%D7%90%D7%95%D7%AA-%D7%97%D7%99%D7%A4%D7%95%D7%A9/?search=%D7%9E%D7%96%D7%95%D7%9F&mid=62875
[2026-03-21T09:12:46.640Z]   UNCATEGORIZED: https://etgar-hr.co.il/%D7%AA%D7%95%D7%A6%D7%90%D7%95%D7%AA-%D7%97%D7%99%D7%A4%D7%95%D7%A9/?search=%D7%9E%D7%96%D7%9B%D7%99%D7%A8%D7%95%D7%AA+/+%D7%A4%D7%A7%D7%99%D7%93%D7%95%D7%AA&mid=61881
[2026-03-21T09:12:46.640Z]   UNCATEGORIZED: https://etgar-hr.co.il/%D7%AA%D7%95%D7%A6%D7%90%D7%95%D7%AA-%D7%97%D7%99%D7%A4%D7%95%D7%A9/?search=%D7%9E%D7%96%D7%9B%D7%99%D7%A8%D7%95%D7%AA+/+%D7%A4%D7%A7%D7%99%D7%93%D7%95%D7%AA&mid=62663
[2026-03-21T09:12:46.640Z]   UNCATEGORIZED: https://etgar-hr.co.il/%D7%AA%D7%95%D7%A6%D7%90%D7%95%D7%AA-%D7%97%D7%99%D7%A4%D7%95%D7%A9/?search=%D7%9E%D7%96%D7%9B%D7%99%D7%A8%D7%95%D7%AA+/+%D7%A4%D7%A7%D7%99%D7%93%D7%95%D7%AA&mid=62665
[2026-03-21T09:12:46.640Z]   UNCATEGORIZED: https://etgar-hr.co.il/%D7%AA%D7%95%D7%A6%D7%90%D7%95%D7%AA-%D7%97%D7%99%D7%A4%D7%95%D7%A9/?search=%D7%9E%D7%96%D7%9B%D7%99%D7%A8%D7%95%D7%AA+/+%D7%A4%D7%A7%D7%99%D7%93%D7%95%D7%AA&mid=62666
[2026-03-21T09:12:46.640Z]   UNCATEGORIZED: https://etgar-hr.co.il/%D7%AA%D7%95%D7%A6%D7%90%D7%95%D7%AA-%D7%97%D7%99%D7%A4%D7%95%D7%A9/?search=%D7%9E%D7%96%D7%9B%D7%99%D7%A8%D7%95%D7%AA+/+%D7%A4%D7%A7%D7%99%D7%93%D7%95%D7%AA&mid=62669
[2026-03-21T09:12:46.640Z]   UNCATEGORIZED: https://etgar-hr.co.il/%D7%AA%D7%95%D7%A6%D7%90%D7%95%D7%AA-%D7%97%D7%99%D7%A4%D7%95%D7%A9/?search=%D7%9E%D7%96%D7%9B%D7%99%D7%A8%D7%95%D7%AA+/+%D7%A4%D7%A7%D7%99%D7%93%D7%95%D7%AA&mid=62727
[2026-03-21T09:12:46.640Z]   UNCATEGORIZED: https://etgar-hr.co.il/%D7%AA%D7%95%D7%A6%D7%90%D7%95%D7%AA-%D7%97%D7%99%D7%A4%D7%95%D7%A9/?search=%D7%9E%D7%96%D7%9B%D7%99%D7%A8%D7%95%D7%AA+/+%D7%A4%D7%A7%D7%99%D7%93%D7%95%D7%AA&mid=62848
[2026-03-21T09:12:46.640Z]   UNCATEGORIZED: https://etgar-hr.co.il/%D7%AA%D7%95%D7%A6%D7%90%D7%95%D7%AA-%D7%97%D7%99%D7%A4%D7%95%D7%A9/?search=%D7%9E%D7%96%D7%9B%D7%99%D7%A8%D7%95%D7%AA+/+%D7%A4%D7%A7%D7%99%D7%93%D7%95%D7%AA&mid=62861
[2026-03-21T09:12:46.640Z]   UNCATEGORIZED: https://etgar-hr.co.il/%D7%AA%D7%95%D7%A6%D7%90%D7%95%D7%AA-%D7%97%D7%99%D7%A4%D7%95%D7%A9/?search=%D7%9E%D7%96%D7%9B%D7%99%D7%A8%D7%95%D7%AA+/+%D7%A4%D7%A7%D7%99%D7%93%D7%95%D7%AA&mid=62934
[2026-03-21T09:12:46.640Z]   UNCATEGORIZED: https://etgar-hr.co.il/%D7%AA%D7%95%D7%A6%D7%90%D7%95%D7%AA-%D7%97%D7%99%D7%A4%D7%95%D7%A9/?search=%D7%9E%D7%97%D7%A9%D7%91%D7%99%D7%9D&mid=62334
[2026-03-21T09:12:46.640Z]   UNCATEGORIZED: https://etgar-hr.co.il/%D7%AA%D7%95%D7%A6%D7%90%D7%95%D7%AA-%D7%97%D7%99%D7%A4%D7%95%D7%A9/?search=%D7%9E%D7%97%D7%A9%D7%91%D7%99%D7%9D&mid=62774
[2026-03-21T09:12:46.640Z]   UNCATEGORIZED: https://etgar-hr.co.il/%D7%AA%D7%95%D7%A6%D7%90%D7%95%D7%AA-%D7%97%D7%99%D7%A4%D7%95%D7%A9/?search=%D7%9E%D7%97%D7%A9%D7%91%D7%99%D7%9D&mid=62798
[2026-03-21T09:12:46.640Z]   UNCATEGORIZED: https://etgar-hr.co.il/%D7%AA%D7%95%D7%A6%D7%90%D7%95%D7%AA-%D7%97%D7%99%D7%A4%D7%95%D7%A9/?search=%D7%9E%D7%97%D7%A9%D7%91%D7%99%D7%9D&mid=62918
[2026-03-21T09:12:46.640Z]   UNCATEGORIZED: https://etgar-hr.co.il/%D7%AA%D7%95%D7%A6%D7%90%D7%95%D7%AA-%D7%97%D7%99%D7%A4%D7%95%D7%A9/?search=%D7%9E%D7%97%D7%A9%D7%91%D7%99%D7%9D&mid=62922
[2026-03-21T09:12:46.640Z]   UNCATEGORIZED: https://etgar-hr.co.il/%D7%AA%D7%95%D7%A6%D7%90%D7%95%D7%AA-%D7%97%D7%99%D7%A4%D7%95%D7%A9/?search=%D7%9E%D7%9B%D7%95%D7%A0%D7%90%D7%95%D7%AA&mid=60515
[2026-03-21T09:12:46.640Z]   UNCATEGORIZED: https://etgar-hr.co.il/%D7%AA%D7%95%D7%A6%D7%90%D7%95%D7%AA-%D7%97%D7%99%D7%A4%D7%95%D7%A9/?search=%D7%9E%D7%9B%D7%95%D7%A0%D7%90%D7%95%D7%AA&mid=61651
[2026-03-21T09:12:46.640Z]   UNCATEGORIZED: https://etgar-hr.co.il/%D7%AA%D7%95%D7%A6%D7%90%D7%95%D7%AA-%D7%97%D7%99%D7%A4%D7%95%D7%A9/?search=%D7%9E%D7%9B%D7%95%D7%A0%D7%90%D7%95%D7%AA&mid=61999
[2026-03-21T09:12:46.640Z]   UNCATEGORIZED: https://etgar-hr.co.il/%D7%AA%D7%95%D7%A6%D7%90%D7%95%D7%AA-%D7%97%D7%99%D7%A4%D7%95%D7%A9/?search=%D7%9E%D7%9B%D7%95%D7%A0%D7%90%D7%95%D7%AA&mid=62001
[2026-03-21T09:12:46.640Z]   UNCATEGORIZED: https://etgar-hr.co.il/%D7%AA%D7%95%D7%A6%D7%90%D7%95%D7%AA-%D7%97%D7%99%D7%A4%D7%95%D7%A9/?search=%D7%9E%D7%9B%D7%95%D7%A0%D7%90%D7%95%D7%AA&mid=62117
[2026-03-21T09:12:46.640Z]   UNCATEGORIZED: https://etgar-hr.co.il/%D7%AA%D7%95%D7%A6%D7%90%D7%95%D7%AA-%D7%97%D7%99%D7%A4%D7%95%D7%A9/?search=%D7%9E%D7%9B%D7%95%D7%A0%D7%90%D7%95%D7%AA&mid=62293
[2026-03-21T09:12:46.640Z]   UNCATEGORIZED: https://etgar-hr.co.il/%D7%AA%D7%95%D7%A6%D7%90%D7%95%D7%AA-%D7%97%D7%99%D7%A4%D7%95%D7%A9/?search=%D7%9E%D7%9B%D7%95%D7%A0%D7%90%D7%95%D7%AA&mid=62397
[2026-03-21T09:12:46.640Z]   UNCATEGORIZED: https://etgar-hr.co.il/%D7%AA%D7%95%D7%A6%D7%90%D7%95%D7%AA-%D7%97%D7%99%D7%A4%D7%95%D7%A9/?search=%D7%9E%D7%9B%D7%95%D7%A0%D7%90%D7%95%D7%AA&mid=62452
[2026-03-21T09:12:46.640Z]   UNCATEGORIZED: https://etgar-hr.co.il/%D7%AA%D7%95%D7%A6%D7%90%D7%95%D7%AA-%D7%97%D7%99%D7%A4%D7%95%D7%A9/?search=%D7%9E%D7%9B%D7%95%D7%A0%D7%90%D7%95%D7%AA&mid=62884
[2026-03-21T09:12:46.640Z]   UNCATEGORIZED: https://etgar-hr.co.il/%D7%AA%D7%95%D7%A6%D7%90%D7%95%D7%AA-%D7%97%D7%99%D7%A4%D7%95%D7%A9/?search=%D7%9E%D7%9B%D7%95%D7%A0%D7%90%D7%95%D7%AA&mid=62900
[2026-03-21T09:12:46.641Z]   UNCATEGORIZED: https://etgar-hr.co.il/%D7%AA%D7%95%D7%A6%D7%90%D7%95%D7%AA-%D7%97%D7%99%D7%A4%D7%95%D7%A9/?search=%D7%9E%D7%9B%D7%95%D7%A0%D7%95%D7%AA&mid=56650
[2026-03-21T09:12:46.641Z]   UNCATEGORIZED: https://etgar-hr.co.il/%D7%AA%D7%95%D7%A6%D7%90%D7%95%D7%AA-%D7%97%D7%99%D7%A4%D7%95%D7%A9/?search=%D7%9E%D7%9B%D7%95%D7%A0%D7%95%D7%AA&mid=58720
[2026-03-21T09:12:46.641Z]   UNCATEGORIZED: https://etgar-hr.co.il/%D7%AA%D7%95%D7%A6%D7%90%D7%95%D7%AA-%D7%97%D7%99%D7%A4%D7%95%D7%A9/?search=%D7%9E%D7%9B%D7%95%D7%A0%D7%95%D7%AA&mid=59011
[2026-03-21T09:12:46.641Z]   UNCATEGORIZED: https://etgar-hr.co.il/%D7%AA%D7%95%D7%A6%D7%90%D7%95%D7%AA-%D7%97%D7%99%D7%A4%D7%95%D7%A9/?search=%D7%9E%D7%9B%D7%95%D7%A0%D7%95%D7%AA&mid=60896
[2026-03-21T09:12:46.641Z]   UNCATEGORIZED: https://etgar-hr.co.il/%D7%AA%D7%95%D7%A6%D7%90%D7%95%D7%AA-%D7%97%D7%99%D7%A4%D7%95%D7%A9/?search=%D7%9E%D7%9B%D7%95%D7%A0%D7%95%D7%AA&mid=60964
[2026-03-21T09:12:46.641Z]   UNCATEGORIZED: https://etgar-hr.co.il/%D7%AA%D7%95%D7%A6%D7%90%D7%95%D7%AA-%D7%97%D7%99%D7%A4%D7%95%D7%A9/?search=%D7%9E%D7%9B%D7%95%D7%A0%D7%95%D7%AA&mid=61202
[2026-03-21T09:12:46.641Z]   UNCATEGORIZED: https://etgar-hr.co.il/%D7%AA%D7%95%D7%A6%D7%90%D7%95%D7%AA-%D7%97%D7%99%D7%A4%D7%95%D7%A9/?search=%D7%9E%D7%9B%D7%95%D7%A0%D7%95%D7%AA&mid=61294
[2026-03-21T09:12:46.641Z]   UNCATEGORIZED: https://etgar-hr.co.il/%D7%AA%D7%95%D7%A6%D7%90%D7%95%D7%AA-%D7%97%D7%99%D7%A4%D7%95%D7%A9/?search=%D7%9E%D7%9B%D7%95%D7%A0%D7%95%D7%AA&mid=61314
[2026-03-21T09:12:46.641Z]   UNCATEGORIZED: https://etgar-hr.co.il/%D7%AA%D7%95%D7%A6%D7%90%D7%95%D7%AA-%D7%97%D7%99%D7%A4%D7%95%D7%A9/?search=%D7%9E%D7%9B%D7%95%D7%A0%D7%95%D7%AA&mid=61389
[2026-03-21T09:12:46.641Z]   UNCATEGORIZED: https://etgar-hr.co.il/%D7%AA%D7%95%D7%A6%D7%90%D7%95%D7%AA-%D7%97%D7%99%D7%A4%D7%95%D7%A9/?search=%D7%9E%D7%9B%D7%95%D7%A0%D7%95%D7%AA&mid=61604
[2026-03-21T09:12:46.641Z]   UNCATEGORIZED: https://etgar-hr.co.il/%D7%AA%D7%95%D7%A6%D7%90%D7%95%D7%AA-%D7%97%D7%99%D7%A4%D7%95%D7%A9/?search=%D7%9E%D7%9B%D7%95%D7%A0%D7%95%D7%AA&mid=61661
[2026-03-21T09:12:46.641Z]   UNCATEGORIZED: https://etgar-hr.co.il/%D7%AA%D7%95%D7%A6%D7%90%D7%95%D7%AA-%D7%97%D7%99%D7%A4%D7%95%D7%A9/?search=%D7%9E%D7%9B%D7%95%D7%A0%D7%95%D7%AA&mid=61694
[2026-03-21T09:12:46.641Z]   UNCATEGORIZED: https://etgar-hr.co.il/%D7%AA%D7%95%D7%A6%D7%90%D7%95%D7%AA-%D7%97%D7%99%D7%A4%D7%95%D7%A9/?search=%D7%9E%D7%9B%D7%95%D7%A0%D7%95%D7%AA&mid=61700
[2026-03-21T09:12:46.641Z]   UNCATEGORIZED: https://etgar-hr.co.il/%D7%AA%D7%95%D7%A6%D7%90%D7%95%D7%AA-%D7%97%D7%99%D7%A4%D7%95%D7%A9/?search=%D7%9E%D7%9B%D7%95%D7%A0%D7%95%D7%AA&mid=61712
[2026-03-21T09:12:46.641Z]   UNCATEGORIZED: https://etgar-hr.co.il/%D7%AA%D7%95%D7%A6%D7%90%D7%95%D7%AA-%D7%97%D7%99%D7%A4%D7%95%D7%A9/?search=%D7%9E%D7%9B%D7%95%D7%A0%D7%95%D7%AA&mid=61784
[2026-03-21T09:12:46.641Z]   UNCATEGORIZED: https://etgar-hr.co.il/%D7%AA%D7%95%D7%A6%D7%90%D7%95%D7%AA-%D7%97%D7%99%D7%A4%D7%95%D7%A9/?search=%D7%9E%D7%9B%D7%95%D7%A0%D7%95%D7%AA&mid=61895
[2026-03-21T09:12:46.641Z]   UNCATEGORIZED: https://etgar-hr.co.il/%D7%AA%D7%95%D7%A6%D7%90%D7%95%D7%AA-%D7%97%D7%99%D7%A4%D7%95%D7%A9/?search=%D7%9E%D7%9B%D7%95%D7%A0%D7%95%D7%AA&mid=61963
[2026-03-21T09:12:46.641Z]   UNCATEGORIZED: https://etgar-hr.co.il/%D7%AA%D7%95%D7%A6%D7%90%D7%95%D7%AA-%D7%97%D7%99%D7%A4%D7%95%D7%A9/?search=%D7%9E%D7%9B%D7%95%D7%A0%D7%95%D7%AA&mid=62065
[2026-03-21T09:12:46.641Z]   UNCATEGORIZED: https://etgar-hr.co.il/%D7%AA%D7%95%D7%A6%D7%90%D7%95%D7%AA-%D7%97%D7%99%D7%A4%D7%95%D7%A9/?search=%D7%9E%D7%9B%D7%95%D7%A0%D7%95%D7%AA&mid=62126
[2026-03-21T09:12:46.641Z]   UNCATEGORIZED: https://etgar-hr.co.il/%D7%AA%D7%95%D7%A6%D7%90%D7%95%D7%AA-%D7%97%D7%99%D7%A4%D7%95%D7%A9/?search=%D7%9E%D7%9B%D7%95%D7%A0%D7%95%D7%AA&mid=62187
[2026-03-21T09:12:46.641Z]   UNCATEGORIZED: https://etgar-hr.co.il/%D7%AA%D7%95%D7%A6%D7%90%D7%95%D7%AA-%D7%97%D7%99%D7%A4%D7%95%D7%A9/?search=%D7%9E%D7%9B%D7%95%D7%A0%D7%95%D7%AA&mid=62267
[2026-03-21T09:12:46.641Z]   UNCATEGORIZED: https://etgar-hr.co.il/%D7%AA%D7%95%D7%A6%D7%90%D7%95%D7%AA-%D7%97%D7%99%D7%A4%D7%95%D7%A9/?search=%D7%9E%D7%9B%D7%95%D7%A0%D7%95%D7%AA&mid=62268
[2026-03-21T09:12:46.641Z]   UNCATEGORIZED: https://etgar-hr.co.il/%D7%AA%D7%95%D7%A6%D7%90%D7%95%D7%AA-%D7%97%D7%99%D7%A4%D7%95%D7%A9/?search=%D7%9E%D7%9B%D7%95%D7%A0%D7%95%D7%AA&mid=62272
[2026-03-21T09:12:46.641Z]   UNCATEGORIZED: https://etgar-hr.co.il/%D7%AA%D7%95%D7%A6%D7%90%D7%95%D7%AA-%D7%97%D7%99%D7%A4%D7%95%D7%A9/?search=%D7%9E%D7%9B%D7%95%D7%A0%D7%95%D7%AA&mid=62278
[2026-03-21T09:12:46.642Z]   UNCATEGORIZED: https://etgar-hr.co.il/%D7%AA%D7%95%D7%A6%D7%90%D7%95%D7%AA-%D7%97%D7%99%D7%A4%D7%95%D7%A9/?search=%D7%9E%D7%9B%D7%95%D7%A0%D7%95%D7%AA&mid=62294
[2026-03-21T09:12:46.642Z]   UNCATEGORIZED: https://etgar-hr.co.il/%D7%AA%D7%95%D7%A6%D7%90%D7%95%D7%AA-%D7%97%D7%99%D7%A4%D7%95%D7%A9/?search=%D7%9E%D7%9B%D7%95%D7%A0%D7%95%D7%AA&mid=62308
[2026-03-21T09:12:46.642Z]   UNCATEGORIZED: https://etgar-hr.co.il/%D7%AA%D7%95%D7%A6%D7%90%D7%95%D7%AA-%D7%97%D7%99%D7%A4%D7%95%D7%A9/?search=%D7%9E%D7%9B%D7%95%D7%A0%D7%95%D7%AA&mid=62325
[2026-03-21T09:12:46.642Z]   UNCATEGORIZED: https://etgar-hr.co.il/%D7%AA%D7%95%D7%A6%D7%90%D7%95%D7%AA-%D7%97%D7%99%D7%A4%D7%95%D7%A9/?search=%D7%9E%D7%9B%D7%95%D7%A0%D7%95%D7%AA&mid=62484
[2026-03-21T09:12:46.642Z]   UNCATEGORIZED: https://etgar-hr.co.il/%D7%AA%D7%95%D7%A6%D7%90%D7%95%D7%AA-%D7%97%D7%99%D7%A4%D7%95%D7%A9/?search=%D7%9E%D7%9B%D7%95%D7%A0%D7%95%D7%AA&mid=62591
[2026-03-21T09:12:46.642Z]   UNCATEGORIZED: https://etgar-hr.co.il/%D7%AA%D7%95%D7%A6%D7%90%D7%95%D7%AA-%D7%97%D7%99%D7%A4%D7%95%D7%A9/?search=%D7%9E%D7%9B%D7%95%D7%A0%D7%95%D7%AA&mid=62592
[2026-03-21T09:12:46.642Z]   UNCATEGORIZED: https://etgar-hr.co.il/%D7%AA%D7%95%D7%A6%D7%90%D7%95%D7%AA-%D7%97%D7%99%D7%A4%D7%95%D7%A9/?search=%D7%9E%D7%9B%D7%95%D7%A0%D7%95%D7%AA&mid=62596
[2026-03-21T09:12:46.642Z]   UNCATEGORIZED: https://etgar-hr.co.il/%D7%AA%D7%95%D7%A6%D7%90%D7%95%D7%AA-%D7%97%D7%99%D7%A4%D7%95%D7%A9/?search=%D7%9E%D7%9B%D7%95%D7%A0%D7%95%D7%AA&mid=62606
[2026-03-21T09:12:46.642Z]   UNCATEGORIZED: https://etgar-hr.co.il/%D7%AA%D7%95%D7%A6%D7%90%D7%95%D7%AA-%D7%97%D7%99%D7%A4%D7%95%D7%A9/?search=%D7%9E%D7%9B%D7%95%D7%A0%D7%95%D7%AA&mid=62630
[2026-03-21T09:12:46.642Z]   UNCATEGORIZED: https://etgar-hr.co.il/%D7%AA%D7%95%D7%A6%D7%90%D7%95%D7%AA-%D7%97%D7%99%D7%A4%D7%95%D7%A9/?search=%D7%9E%D7%9B%D7%95%D7%A0%D7%95%D7%AA&mid=62682
[2026-03-21T09:12:46.642Z]   UNCATEGORIZED: https://etgar-hr.co.il/%D7%AA%D7%95%D7%A6%D7%90%D7%95%D7%AA-%D7%97%D7%99%D7%A4%D7%95%D7%A9/?search=%D7%9E%D7%9B%D7%95%D7%A0%D7%95%D7%AA&mid=62697
[2026-03-21T09:12:46.642Z]   UNCATEGORIZED: https://etgar-hr.co.il/%D7%AA%D7%95%D7%A6%D7%90%D7%95%D7%AA-%D7%97%D7%99%D7%A4%D7%95%D7%A9/?search=%D7%9E%D7%9B%D7%95%D7%A0%D7%95%D7%AA&mid=62703
[2026-03-21T09:12:46.642Z]   UNCATEGORIZED: https://etgar-hr.co.il/%D7%AA%D7%95%D7%A6%D7%90%D7%95%D7%AA-%D7%97%D7%99%D7%A4%D7%95%D7%A9/?search=%D7%9E%D7%9B%D7%95%D7%A0%D7%95%D7%AA&mid=62742
[2026-03-21T09:12:46.642Z]   UNCATEGORIZED: https://etgar-hr.co.il/%D7%AA%D7%95%D7%A6%D7%90%D7%95%D7%AA-%D7%97%D7%99%D7%A4%D7%95%D7%A9/?search=%D7%9E%D7%9B%D7%95%D7%A0%D7%95%D7%AA&mid=62755
[2026-03-21T09:12:46.642Z]   UNCATEGORIZED: https://etgar-hr.co.il/%D7%AA%D7%95%D7%A6%D7%90%D7%95%D7%AA-%D7%97%D7%99%D7%A4%D7%95%D7%A9/?search=%D7%9E%D7%9B%D7%95%D7%A0%D7%95%D7%AA&mid=62772
[2026-03-21T09:12:46.642Z]   UNCATEGORIZED: https://etgar-hr.co.il/%D7%AA%D7%95%D7%A6%D7%90%D7%95%D7%AA-%D7%97%D7%99%D7%A4%D7%95%D7%A9/?search=%D7%9E%D7%9B%D7%95%D7%A0%D7%95%D7%AA&mid=62883
[2026-03-21T09:12:46.642Z]   UNCATEGORIZED: https://etgar-hr.co.il/%D7%AA%D7%95%D7%A6%D7%90%D7%95%D7%AA-%D7%97%D7%99%D7%A4%D7%95%D7%A9/?search=%D7%9E%D7%9B%D7%95%D7%A0%D7%95%D7%AA&mid=62908
[2026-03-21T09:12:46.643Z]   UNCATEGORIZED: https://etgar-hr.co.il/%D7%AA%D7%95%D7%A6%D7%90%D7%95%D7%AA-%D7%97%D7%99%D7%A4%D7%95%D7%A9/?search=%D7%9E%D7%9B%D7%95%D7%A0%D7%95%D7%AA&mid=62910
[2026-03-21T09:12:46.643Z]   UNCATEGORIZED: https://etgar-hr.co.il/%D7%AA%D7%95%D7%A6%D7%90%D7%95%D7%AA-%D7%97%D7%99%D7%A4%D7%95%D7%A9/?search=%D7%9E%D7%9B%D7%95%D7%A0%D7%95%D7%AA&mid=62938
[2026-03-21T09:12:46.643Z]   UNCATEGORIZED: https://etgar-hr.co.il/%D7%AA%D7%95%D7%A6%D7%90%D7%95%D7%AA-%D7%97%D7%99%D7%A4%D7%95%D7%A9/?search=%D7%9E%D7%9B%D7%99%D7%A8%D7%95%D7%AA&mid=61833
[2026-03-21T09:12:46.643Z]   UNCATEGORIZED: https://etgar-hr.co.il/%D7%AA%D7%95%D7%A6%D7%90%D7%95%D7%AA-%D7%97%D7%99%D7%A4%D7%95%D7%A9/?search=%D7%9E%D7%9B%D7%99%D7%A8%D7%95%D7%AA&mid=62050
[2026-03-21T09:12:46.643Z]   UNCATEGORIZED: https://etgar-hr.co.il/%D7%AA%D7%95%D7%A6%D7%90%D7%95%D7%AA-%D7%97%D7%99%D7%A4%D7%95%D7%A9/?search=%D7%9E%D7%9B%D7%99%D7%A8%D7%95%D7%AA&mid=62423
[2026-03-21T09:12:46.643Z]   UNCATEGORIZED: https://etgar-hr.co.il/%D7%AA%D7%95%D7%A6%D7%90%D7%95%D7%AA-%D7%97%D7%99%D7%A4%D7%95%D7%A9/?search=%D7%9E%D7%9B%D7%99%D7%A8%D7%95%D7%AA&mid=62847
[2026-03-21T09:12:46.643Z]   UNCATEGORIZED: https://etgar-hr.co.il/%D7%AA%D7%95%D7%A6%D7%90%D7%95%D7%AA-%D7%97%D7%99%D7%A4%D7%95%D7%A9/?search=%D7%9E%D7%9B%D7%99%D7%A8%D7%95%D7%AA&mid=62914
[2026-03-21T09:12:46.643Z]   UNCATEGORIZED: https://etgar-hr.co.il/%D7%AA%D7%95%D7%A6%D7%90%D7%95%D7%AA-%D7%97%D7%99%D7%A4%D7%95%D7%A9/?search=%D7%9E%D7%A9%D7%90%D7%91%D7%99+%D7%90%D7%A0%D7%95%D7%A9&mid=61718
[2026-03-21T09:12:46.643Z]   UNCATEGORIZED: https://etgar-hr.co.il/%D7%AA%D7%95%D7%A6%D7%90%D7%95%D7%AA-%D7%97%D7%99%D7%A4%D7%95%D7%A9/?search=%D7%9E%D7%A9%D7%90%D7%91%D7%99+%D7%90%D7%A0%D7%95%D7%A9&mid=62473
[2026-03-21T09:12:46.643Z]   UNCATEGORIZED: https://etgar-hr.co.il/%D7%AA%D7%95%D7%A6%D7%90%D7%95%D7%AA-%D7%97%D7%99%D7%A4%D7%95%D7%A9/?search=%D7%9E%D7%A9%D7%90%D7%91%D7%99+%D7%90%D7%A0%D7%95%D7%A9&mid=62659
[2026-03-21T09:12:46.643Z]   UNCATEGORIZED: https://etgar-hr.co.il/%D7%AA%D7%95%D7%A6%D7%90%D7%95%D7%AA-%D7%97%D7%99%D7%A4%D7%95%D7%A9/?search=%D7%9E%D7%A9%D7%90%D7%91%D7%99+%D7%90%D7%A0%D7%95%D7%A9&mid=62660
[2026-03-21T09:12:46.643Z]   UNCATEGORIZED: https://etgar-hr.co.il/%D7%AA%D7%95%D7%A6%D7%90%D7%95%D7%AA-%D7%97%D7%99%D7%A4%D7%95%D7%A9/?search=%D7%9E%D7%A9%D7%90%D7%91%D7%99+%D7%90%D7%A0%D7%95%D7%A9&mid=62661
[2026-03-21T09:12:46.643Z]   UNCATEGORIZED: https://etgar-hr.co.il/%D7%AA%D7%95%D7%A6%D7%90%D7%95%D7%AA-%D7%97%D7%99%D7%A4%D7%95%D7%A9/?search=%D7%9E%D7%A9%D7%90%D7%91%D7%99+%D7%90%D7%A0%D7%95%D7%A9&mid=62676
[2026-03-21T09:12:46.643Z]   UNCATEGORIZED: https://etgar-hr.co.il/%D7%AA%D7%95%D7%A6%D7%90%D7%95%D7%AA-%D7%97%D7%99%D7%A4%D7%95%D7%A9/?search=%D7%9E%D7%A9%D7%90%D7%91%D7%99+%D7%90%D7%A0%D7%95%D7%A9&mid=62700
[2026-03-21T09:12:46.643Z]   UNCATEGORIZED: https://etgar-hr.co.il/%D7%AA%D7%95%D7%A6%D7%90%D7%95%D7%AA-%D7%97%D7%99%D7%A4%D7%95%D7%A9/?search=%D7%9E%D7%A9%D7%90%D7%91%D7%99+%D7%90%D7%A0%D7%95%D7%A9&mid=62713
[2026-03-21T09:12:46.643Z]   UNCATEGORIZED: https://etgar-hr.co.il/%D7%AA%D7%95%D7%A6%D7%90%D7%95%D7%AA-%D7%97%D7%99%D7%A4%D7%95%D7%A9/?search=%D7%9E%D7%AA%D7%9B%D7%AA&mid=56342
[2026-03-21T09:12:46.643Z]   UNCATEGORIZED: https://etgar-hr.co.il/%D7%AA%D7%95%D7%A6%D7%90%D7%95%D7%AA-%D7%97%D7%99%D7%A4%D7%95%D7%A9/?search=%D7%9E%D7%AA%D7%9B%D7%AA&mid=62333
[2026-03-21T09:12:46.643Z]   UNCATEGORIZED: https://etgar-hr.co.il/%D7%AA%D7%95%D7%A6%D7%90%D7%95%D7%AA-%D7%97%D7%99%D7%A4%D7%95%D7%A9/?search=%D7%9E%D7%AA%D7%9B%D7%AA&mid=62751
[2026-03-21T09:12:46.644Z]   UNCATEGORIZED: https://etgar-hr.co.il/%D7%AA%D7%95%D7%A6%D7%90%D7%95%D7%AA-%D7%97%D7%99%D7%A4%D7%95%D7%A9/?search=%D7%A0%D7%94%D7%92%D7%95%D7%AA&mid=61743
[2026-03-21T09:12:46.644Z]   UNCATEGORIZED: https://etgar-hr.co.il/%D7%AA%D7%95%D7%A6%D7%90%D7%95%D7%AA-%D7%97%D7%99%D7%A4%D7%95%D7%A9/?search=%D7%A0%D7%94%D7%92%D7%95%D7%AA&mid=61849
[2026-03-21T09:12:46.644Z]   UNCATEGORIZED: https://etgar-hr.co.il/%D7%AA%D7%95%D7%A6%D7%90%D7%95%D7%AA-%D7%97%D7%99%D7%A4%D7%95%D7%A9/?search=%D7%A0%D7%94%D7%92%D7%95%D7%AA&mid=61991
[2026-03-21T09:12:46.644Z]   UNCATEGORIZED: https://etgar-hr.co.il/%D7%AA%D7%95%D7%A6%D7%90%D7%95%D7%AA-%D7%97%D7%99%D7%A4%D7%95%D7%A9/?search=%D7%A0%D7%94%D7%92%D7%95%D7%AA&mid=62615
[2026-03-21T09:12:46.644Z]   UNCATEGORIZED: https://etgar-hr.co.il/%D7%AA%D7%95%D7%A6%D7%90%D7%95%D7%AA-%D7%97%D7%99%D7%A4%D7%95%D7%A9/?search=%D7%A0%D7%94%D7%92%D7%95%D7%AA&mid=62769
[2026-03-21T09:12:46.644Z]   UNCATEGORIZED: https://etgar-hr.co.il/%D7%AA%D7%95%D7%A6%D7%90%D7%95%D7%AA-%D7%97%D7%99%D7%A4%D7%95%D7%A9/?search=%D7%A0%D7%99%D7%94%D7%95%D7%9C&mid=61758
[2026-03-21T09:12:46.644Z]   UNCATEGORIZED: https://etgar-hr.co.il/%D7%AA%D7%95%D7%A6%D7%90%D7%95%D7%AA-%D7%97%D7%99%D7%A4%D7%95%D7%A9/?search=%D7%A0%D7%99%D7%94%D7%95%D7%9C&mid=62491
[2026-03-21T09:12:46.644Z]   UNCATEGORIZED: https://etgar-hr.co.il/%D7%AA%D7%95%D7%A6%D7%90%D7%95%D7%AA-%D7%97%D7%99%D7%A4%D7%95%D7%A9/?search=%D7%A0%D7%99%D7%94%D7%95%D7%9C&mid=62540
[2026-03-21T09:12:46.644Z]   UNCATEGORIZED: https://etgar-hr.co.il/%D7%AA%D7%95%D7%A6%D7%90%D7%95%D7%AA-%D7%97%D7%99%D7%A4%D7%95%D7%A9/?search=%D7%A0%D7%99%D7%94%D7%95%D7%9C&mid=62662
[2026-03-21T09:12:46.644Z]   UNCATEGORIZED: https://etgar-hr.co.il/%D7%AA%D7%95%D7%A6%D7%90%D7%95%D7%AA-%D7%97%D7%99%D7%A4%D7%95%D7%A9/?search=%D7%A0%D7%99%D7%94%D7%95%D7%9C&mid=62664
[2026-03-21T09:12:46.644Z]   UNCATEGORIZED: https://etgar-hr.co.il/%D7%AA%D7%95%D7%A6%D7%90%D7%95%D7%AA-%D7%97%D7%99%D7%A4%D7%95%D7%A9/?search=%D7%A0%D7%99%D7%94%D7%95%D7%9C&mid=62699
[2026-03-21T09:12:46.644Z]   UNCATEGORIZED: https://etgar-hr.co.il/%D7%AA%D7%95%D7%A6%D7%90%D7%95%D7%AA-%D7%97%D7%99%D7%A4%D7%95%D7%A9/?search=%D7%A0%D7%99%D7%94%D7%95%D7%9C&mid=62708
[2026-03-21T09:12:46.644Z]   UNCATEGORIZED: https://etgar-hr.co.il/%D7%AA%D7%95%D7%A6%D7%90%D7%95%D7%AA-%D7%97%D7%99%D7%A4%D7%95%D7%A9/?search=%D7%A0%D7%99%D7%94%D7%95%D7%9C&mid=62764
[2026-03-21T09:12:46.645Z]   UNCATEGORIZED: https://etgar-hr.co.il/%D7%AA%D7%95%D7%A6%D7%90%D7%95%D7%AA-%D7%97%D7%99%D7%A4%D7%95%D7%A9/?search=%D7%A0%D7%99%D7%94%D7%95%D7%9C&mid=62829
[2026-03-21T09:12:46.645Z]   UNCATEGORIZED: https://etgar-hr.co.il/%D7%AA%D7%95%D7%A6%D7%90%D7%95%D7%AA-%D7%97%D7%99%D7%A4%D7%95%D7%A9/?search=%D7%A0%D7%99%D7%94%D7%95%D7%9C&mid=62834
[2026-03-21T09:12:46.645Z]   UNCATEGORIZED: https://etgar-hr.co.il/%D7%AA%D7%95%D7%A6%D7%90%D7%95%D7%AA-%D7%97%D7%99%D7%A4%D7%95%D7%A9/?search=%D7%A0%D7%99%D7%94%D7%95%D7%9C&mid=62880
[2026-03-21T09:12:46.645Z]   UNCATEGORIZED: https://etgar-hr.co.il/%D7%AA%D7%95%D7%A6%D7%90%D7%95%D7%AA-%D7%97%D7%99%D7%A4%D7%95%D7%A9/?search=%D7%A0%D7%99%D7%94%D7%95%D7%9C&mid=62906
[2026-03-21T09:12:46.645Z]   UNCATEGORIZED: https://etgar-hr.co.il/%D7%AA%D7%95%D7%A6%D7%90%D7%95%D7%AA-%D7%97%D7%99%D7%A4%D7%95%D7%A9/?search=%D7%A0%D7%99%D7%94%D7%95%D7%9C&mid=62919
[2026-03-21T09:12:46.645Z]   UNCATEGORIZED: https://etgar-hr.co.il/%D7%AA%D7%95%D7%A6%D7%90%D7%95%D7%AA-%D7%97%D7%99%D7%A4%D7%95%D7%A9/?search=%D7%A4%D7%99%D7%A0%D7%A0%D7%A1%D7%99&mid=62039
[2026-03-21T09:12:46.645Z]   UNCATEGORIZED: https://etgar-hr.co.il/%D7%AA%D7%95%D7%A6%D7%90%D7%95%D7%AA-%D7%97%D7%99%D7%A4%D7%95%D7%A9/?search=%D7%A4%D7%99%D7%A0%D7%A0%D7%A1%D7%99&mid=62476
[2026-03-21T09:12:46.645Z]   UNCATEGORIZED: https://etgar-hr.co.il/%D7%AA%D7%95%D7%A6%D7%90%D7%95%D7%AA-%D7%97%D7%99%D7%A4%D7%95%D7%A9/?search=%D7%A4%D7%99%D7%A0%D7%A0%D7%A1%D7%99&mid=62657
[2026-03-21T09:12:46.645Z]   UNCATEGORIZED: https://etgar-hr.co.il/%D7%AA%D7%95%D7%A6%D7%90%D7%95%D7%AA-%D7%97%D7%99%D7%A4%D7%95%D7%A9/?search=%D7%A4%D7%99%D7%A0%D7%A0%D7%A1%D7%99&mid=62725
[2026-03-21T09:12:46.645Z]   UNCATEGORIZED: https://etgar-hr.co.il/%D7%AA%D7%95%D7%A6%D7%90%D7%95%D7%AA-%D7%97%D7%99%D7%A4%D7%95%D7%A9/?search=%D7%A4%D7%99%D7%A0%D7%A0%D7%A1%D7%99&mid=62735
[2026-03-21T09:12:46.645Z]   UNCATEGORIZED: https://etgar-hr.co.il/%D7%AA%D7%95%D7%A6%D7%90%D7%95%D7%AA-%D7%97%D7%99%D7%A4%D7%95%D7%A9/?search=%D7%A4%D7%99%D7%A0%D7%A0%D7%A1%D7%99&mid=62766
[2026-03-21T09:12:46.645Z]   UNCATEGORIZED: https://etgar-hr.co.il/%D7%AA%D7%95%D7%A6%D7%90%D7%95%D7%AA-%D7%97%D7%99%D7%A4%D7%95%D7%A9/?search=%D7%A4%D7%99%D7%A0%D7%A0%D7%A1%D7%99&mid=62866
[2026-03-21T09:12:46.645Z]   UNCATEGORIZED: https://etgar-hr.co.il/%D7%AA%D7%95%D7%A6%D7%90%D7%95%D7%AA-%D7%97%D7%99%D7%A4%D7%95%D7%A9/?search=%D7%A4%D7%99%D7%A0%D7%A0%D7%A1%D7%99&mid=62869
[2026-03-21T09:12:46.645Z]   UNCATEGORIZED: https://etgar-hr.co.il/%D7%AA%D7%95%D7%A6%D7%90%D7%95%D7%AA-%D7%97%D7%99%D7%A4%D7%95%D7%A9/?search=%D7%A4%D7%A8%D7%A1%D7%95%D7%9D+%D7%95%D7%A9%D7%99%D7%95%D7%95%D7%A7&mid=62580
[2026-03-21T09:12:46.645Z]   UNCATEGORIZED: https://etgar-hr.co.il/%D7%AA%D7%95%D7%A6%D7%90%D7%95%D7%AA-%D7%97%D7%99%D7%A4%D7%95%D7%A9/?search=%D7%A4%D7%A8%D7%A1%D7%95%D7%9D+%D7%95%D7%A9%D7%99%D7%95%D7%95%D7%A7&mid=62639
[2026-03-21T09:12:46.645Z]   UNCATEGORIZED: https://etgar-hr.co.il/%D7%AA%D7%95%D7%A6%D7%90%D7%95%D7%AA-%D7%97%D7%99%D7%A4%D7%95%D7%A9/?search=%D7%A4%D7%A8%D7%A1%D7%95%D7%9D+%D7%95%D7%A9%D7%99%D7%95%D7%95%D7%A7&mid=62759
[2026-03-21T09:12:46.645Z]   UNCATEGORIZED: https://etgar-hr.co.il/%D7%AA%D7%95%D7%A6%D7%90%D7%95%D7%AA-%D7%97%D7%99%D7%A4%D7%95%D7%A9/?search=%D7%A7%D7%99%D7%A8%D7%95%D7%A8+%D7%95%D7%9E%D7%99%D7%96%D7%95%D7%92+%D7%90%D7%95%D7%99%D7%A8&mid=62855
[2026-03-21T09:12:46.645Z]   UNCATEGORIZED: https://etgar-hr.co.il/%D7%AA%D7%95%D7%A6%D7%90%D7%95%D7%AA-%D7%97%D7%99%D7%A4%D7%95%D7%A9/?search=%D7%A7%D7%99%D7%A8%D7%95%D7%A8+%D7%95%D7%9E%D7%99%D7%96%D7%95%D7%92+%D7%90%D7%95%D7%99%D7%A8&mid=62859
[2026-03-21T09:12:46.645Z]   UNCATEGORIZED: https://etgar-hr.co.il/%D7%AA%D7%95%D7%A6%D7%90%D7%95%D7%AA-%D7%97%D7%99%D7%A4%D7%95%D7%A9/?search=%D7%A8%D7%9B%D7%A9+%D7%95%D7%A7%D7%A0%D7%99%D7%99%D7%A0%D7%95%D7%AA&mid=62678
[2026-03-21T09:12:46.645Z]   UNCATEGORIZED: https://etgar-hr.co.il/%D7%AA%D7%95%D7%A6%D7%90%D7%95%D7%AA-%D7%97%D7%99%D7%A4%D7%95%D7%A9/?search=%D7%A8%D7%9B%D7%A9+%D7%95%D7%A7%D7%A0%D7%99%D7%99%D7%A0%D7%95%D7%AA&mid=62819
[2026-03-21T09:12:46.645Z]   UNCATEGORIZED: https://etgar-hr.co.il/%D7%AA%D7%95%D7%A6%D7%90%D7%95%D7%AA-%D7%97%D7%99%D7%A4%D7%95%D7%A9/?search=%D7%A8%D7%9B%D7%A9+%D7%95%D7%A7%D7%A0%D7%99%D7%99%D7%A0%D7%95%D7%AA&mid=62911
[2026-03-21T09:12:46.645Z]   UNCATEGORIZED: https://etgar-hr.co.il/%D7%AA%D7%95%D7%A6%D7%90%D7%95%D7%AA-%D7%97%D7%99%D7%A4%D7%95%D7%A9/?search=%D7%A8%D7%9B%D7%A9+%D7%95%D7%A7%D7%A0%D7%99%D7%99%D7%A0%D7%95%D7%AA&mid=62912
[2026-03-21T09:12:46.645Z]   UNCATEGORIZED: https://etgar-hr.co.il/%D7%AA%D7%95%D7%A6%D7%90%D7%95%D7%AA-%D7%97%D7%99%D7%A4%D7%95%D7%A9/?search=%D7%A8%D7%9B%D7%A9+%D7%95%D7%A7%D7%A0%D7%99%D7%99%D7%A0%D7%95%D7%AA&mid=62916
[2026-03-21T09:12:46.646Z]   UNCATEGORIZED: https://etgar-hr.co.il/%D7%AA%D7%95%D7%A6%D7%90%D7%95%D7%AA-%D7%97%D7%99%D7%A4%D7%95%D7%A9/?search=%D7%A8%D7%A4%D7%95%D7%90%D7%94+/+%D7%A1%D7%99%D7%A2%D7%95%D7%93&mid=62667
[2026-03-21T09:12:46.646Z]   UNCATEGORIZED: https://etgar-hr.co.il/%D7%AA%D7%95%D7%A6%D7%90%D7%95%D7%AA-%D7%97%D7%99%D7%A4%D7%95%D7%A9/?search=%D7%A8%D7%A4%D7%95%D7%90%D7%94+/+%D7%A1%D7%99%D7%A2%D7%95%D7%93&mid=62668
[2026-03-21T09:12:46.646Z]   UNCATEGORIZED: https://etgar-hr.co.il/%D7%AA%D7%95%D7%A6%D7%90%D7%95%D7%AA-%D7%97%D7%99%D7%A4%D7%95%D7%A9/?search=%D7%A8%D7%A4%D7%95%D7%90%D7%94+/+%D7%A1%D7%99%D7%A2%D7%95%D7%93&mid=62670
[2026-03-21T09:12:46.646Z]   UNCATEGORIZED: https://etgar-hr.co.il/%D7%AA%D7%95%D7%A6%D7%90%D7%95%D7%AA-%D7%97%D7%99%D7%A4%D7%95%D7%A9/?search=%D7%A8%D7%A4%D7%95%D7%90%D7%94+/+%D7%A1%D7%99%D7%A2%D7%95%D7%93&mid=62671
[2026-03-21T09:12:46.646Z]   UNCATEGORIZED: https://etgar-hr.co.il/%D7%AA%D7%95%D7%A6%D7%90%D7%95%D7%AA-%D7%97%D7%99%D7%A4%D7%95%D7%A9/?search=%D7%A8%D7%A4%D7%95%D7%90%D7%94+/+%D7%A1%D7%99%D7%A2%D7%95%D7%93&mid=62673
[2026-03-21T09:12:46.646Z]   UNCATEGORIZED: https://etgar-hr.co.il/%D7%AA%D7%95%D7%A6%D7%90%D7%95%D7%AA-%D7%97%D7%99%D7%A4%D7%95%D7%A9/?search=%D7%A8%D7%A4%D7%95%D7%90%D7%94+/+%D7%A1%D7%99%D7%A2%D7%95%D7%93&mid=62674
[2026-03-21T09:12:46.646Z]   UNCATEGORIZED: https://etgar-hr.co.il/%D7%AA%D7%95%D7%A6%D7%90%D7%95%D7%AA-%D7%97%D7%99%D7%A4%D7%95%D7%A9/?search=%D7%A9%D7%99%D7%A8%D7%95%D7%AA+%D7%9C%D7%A7%D7%95%D7%97%D7%95%D7%AA&mid=62116
[2026-03-21T09:12:46.646Z]   UNCATEGORIZED: https://etgar-hr.co.il/%D7%AA%D7%95%D7%A6%D7%90%D7%95%D7%AA-%D7%97%D7%99%D7%A4%D7%95%D7%A9/?search=%D7%A9%D7%99%D7%A8%D7%95%D7%AA+%D7%9C%D7%A7%D7%95%D7%97%D7%95%D7%AA&mid=62573
[2026-03-21T09:12:46.646Z]   UNCATEGORIZED: https://etgar-hr.co.il/%D7%AA%D7%95%D7%A6%D7%90%D7%95%D7%AA-%D7%97%D7%99%D7%A4%D7%95%D7%A9/?search=%D7%A9%D7%9E%D7%99%D7%A8%D7%94+/+%D7%90%D7%91%D7%98%D7%97%D7%94&mid=62867
[2026-03-21T09:12:46.646Z]   UNCATEGORIZED: https://etgar-hr.co.il/%D7%AA%D7%95%D7%A6%D7%90%D7%95%D7%AA-%D7%97%D7%99%D7%A4%D7%95%D7%A9/?search=%D7%A9%D7%9E%D7%99%D7%A8%D7%94+/+%D7%90%D7%91%D7%98%D7%97%D7%94&mid=62868
[2026-03-21T09:12:46.646Z]   UNCATEGORIZED: https://etgar-hr.co.il/%D7%AA%D7%95%D7%A6%D7%90%D7%95%D7%AA-%D7%97%D7%99%D7%A4%D7%95%D7%A9/?search=%D7%A9%D7%9E%D7%99%D7%A8%D7%94+/+%D7%90%D7%91%D7%98%D7%97%D7%94&mid=62870
[2026-03-21T09:12:46.646Z]   UNCATEGORIZED: https://etgar-hr.co.il/%D7%AA%D7%95%D7%A6%D7%90%D7%95%D7%AA-%D7%97%D7%99%D7%A4%D7%95%D7%A9/?search=%D7%A9%D7%9E%D7%99%D7%A8%D7%94+/+%D7%90%D7%91%D7%98%D7%97%D7%94&mid=62872
[2026-03-21T09:12:46.646Z]   UNCATEGORIZED: https://etgar-hr.co.il/%D7%AA%D7%95%D7%A6%D7%90%D7%95%D7%AA-%D7%97%D7%99%D7%A4%D7%95%D7%A9/?search=%D7%A9%D7%9E%D7%99%D7%A8%D7%94+/+%D7%90%D7%91%D7%98%D7%97%D7%94&mid=62873
[2026-03-21T09:12:46.646Z]   UNCATEGORIZED: https://etgar-hr.co.il/%D7%AA%D7%95%D7%A6%D7%90%D7%95%D7%AA-%D7%97%D7%99%D7%A4%D7%95%D7%A9/?search=%D7%AA%D7%A2%D7%A9%D7%99%D7%94+%D7%95%D7%A0%D7%99%D7%94%D7%95%D7%9C&mid=62142
[2026-03-21T09:12:46.646Z]   UNCATEGORIZED: https://etgar-hr.co.il/%D7%AA%D7%95%D7%A6%D7%90%D7%95%D7%AA-%D7%97%D7%99%D7%A4%D7%95%D7%A9/?search=%D7%AA%D7%A2%D7%A9%D7%99%D7%94+%D7%95%D7%A0%D7%99%D7%94%D7%95%D7%9C&mid=62269
[2026-03-21T09:12:46.646Z]   UNCATEGORIZED: https://etgar-hr.co.il/%D7%AA%D7%95%D7%A6%D7%90%D7%95%D7%AA-%D7%97%D7%99%D7%A4%D7%95%D7%A9/?search=%D7%AA%D7%A2%D7%A9%D7%99%D7%94+%D7%95%D7%A0%D7%99%D7%94%D7%95%D7%9C&mid=62608
[2026-03-21T09:12:46.646Z]   UNCATEGORIZED: https://etgar-hr.co.il/%D7%AA%D7%95%D7%A6%D7%90%D7%95%D7%AA-%D7%97%D7%99%D7%A4%D7%95%D7%A9/?search=%D7%AA%D7%A2%D7%A9%D7%99%D7%94+%D7%95%D7%A0%D7%99%D7%94%D7%95%D7%9C&mid=62651
[2026-03-21T09:12:46.646Z]   UNCATEGORIZED: https://etgar-hr.co.il/%D7%AA%D7%95%D7%A6%D7%90%D7%95%D7%AA-%D7%97%D7%99%D7%A4%D7%95%D7%A9/?search=%D7%AA%D7%A2%D7%A9%D7%99%D7%94+%D7%95%D7%A0%D7%99%D7%94%D7%95%D7%9C&mid=62680
[2026-03-21T09:12:46.646Z]   UNCATEGORIZED: https://etgar-hr.co.il/%D7%AA%D7%95%D7%A6%D7%90%D7%95%D7%AA-%D7%97%D7%99%D7%A4%D7%95%D7%A9/?search=%D7%AA%D7%A2%D7%A9%D7%99%D7%94+%D7%95%D7%A0%D7%99%D7%94%D7%95%D7%9C&mid=62803
[2026-03-21T09:12:46.646Z]   REGEX: fb <- https://www.facebook.com/%D7%90%D7%AA%D7%92%D7%A8-%D7%9E%D7%A9%D7%90%D7%91%D7%99-%D7%90%D7%A0%D7%95%D7%A9-205222022945305
[2026-03-21T09:12:46.646Z] Programmatic result: ws:1, fb:1 | 240 uncategorized
[2026-03-21T09:12:46.646Z] Sending uncategorized links + HTML sections to AI for analysis...
[2026-03-21T09:12:46.650Z] Saved AI prompt (41674 chars) to ai_prompt.txt
[2026-03-21T09:12:46.650Z]   AI: Connecting to LM Studio at http://localhost:1234 (model: Qwen2.5-72B-Instruct-GGUF)...
[2026-03-21T09:12:46.655Z]   AI: Connected — HTTP 200, waiting for first token...
[2026-03-21T09:26:55.923Z]   AI: First token received, streaming...
[2026-03-21T09:27:03.154Z] AI response complete: 63 chars in 856.5s
[2026-03-21T09:27:03.156Z] Saved AI response to ai_response.json
[2026-03-21T09:27:03.156Z] ── Parsing AI response (1 lines) ──
[2026-03-21T09:27:03.157Z]   AI LINK: https://www.facebook.com/<tool_call>-משאבי-אנוש-205222022945305
[2026-03-21T09:27:03.157Z] AI returned 1 valid links
[2026-03-21T09:27:03.157Z] ── Categorizing 1 AI-returned links ──
[2026-03-21T09:27:03.158Z]   AI→SKIP (regex domain, no match): https://www.facebook.com/<tool_call>-משאבי-אנוש-205222022945305
[2026-03-21T09:27:03.158Z] ── Step 2b: Footer/header uncategorized links ──
[2026-03-21T09:27:03.158Z] Footer/header origins (2):
[2026-03-21T09:27:03.158Z]   FOOTER/HEADER ORIGIN: https://etgar-hr.com
[2026-03-21T09:27:03.158Z]   FOOTER/HEADER ORIGIN: https://www.facebook.com
[2026-03-21T09:27:03.159Z]   SKIP (not in footer/header): https://accessibility-helper.co.il
[2026-03-21T09:27:03.159Z]   SKIP (not in footer/header): https://etgar-hr.co.il/%D7%AA%D7%95%D7%A6%D7%90%D7%95%D7%AA-%D7%97%D7%99%D7%A4%D7%95%D7%A9/?search=%D7%90%D7%95%D7%99%D7%A8%D7%95%D7%A0%D7%90%D7%95%D7%98%D7%99%D7%A7%D7%94+%D7%95%D7%AA%D7%A2%D7%95%D7%A4%D7%94&mid=62768
[2026-03-21T09:27:03.159Z]   SKIP (not in footer/header): https://etgar-hr.co.il/%D7%AA%D7%95%D7%A6%D7%90%D7%95%D7%AA-%D7%97%D7%99%D7%A4%D7%95%D7%A9/?search=%D7%90%D7%9C%D7%A7%D7%98%D7%A8%D7%95%D7%A0%D7%99%D7%A7%D7%94&mid=57830
[2026-03-21T09:27:03.159Z]   SKIP (not in footer/header): https://etgar-hr.co.il/%D7%AA%D7%95%D7%A6%D7%90%D7%95%D7%AA-%D7%97%D7%99%D7%A4%D7%95%D7%A9/?search=%D7%90%D7%9C%D7%A7%D7%98%D7%A8%D7%95%D7%A0%D7%99%D7%A7%D7%94&mid=61404
[2026-03-21T09:27:03.159Z]   SKIP (not in footer/header): https://etgar-hr.co.il/%D7%AA%D7%95%D7%A6%D7%90%D7%95%D7%AA-%D7%97%D7%99%D7%A4%D7%95%D7%A9/?search=%D7%90%D7%9C%D7%A7%D7%98%D7%A8%D7%95%D7%A0%D7%99%D7%A7%D7%94&mid=61556
[2026-03-21T09:27:03.159Z]   SKIP (not in footer/header): https://etgar-hr.co.il/%D7%AA%D7%95%D7%A6%D7%90%D7%95%D7%AA-%D7%97%D7%99%D7%A4%D7%95%D7%A9/?search=%D7%90%D7%9C%D7%A7%D7%98%D7%A8%D7%95%D7%A0%D7%99%D7%A7%D7%94&mid=62594
[2026-03-21T09:27:03.159Z]   SKIP (not in footer/header): https://etgar-hr.co.il/%D7%AA%D7%95%D7%A6%D7%90%D7%95%D7%AA-%D7%97%D7%99%D7%A4%D7%95%D7%A9/?search=%D7%90%D7%9C%D7%A7%D7%98%D7%A8%D7%95%D7%A0%D7%99%D7%A7%D7%94&mid=62696
[2026-03-21T09:27:03.159Z]   SKIP (not in footer/header): https://etgar-hr.co.il/%D7%AA%D7%95%D7%A6%D7%90%D7%95%D7%AA-%D7%97%D7%99%D7%A4%D7%95%D7%A9/?search=%D7%90%D7%9C%D7%A7%D7%98%D7%A8%D7%95%D7%A0%D7%99%D7%A7%D7%94&mid=62729
[2026-03-21T09:27:03.160Z]   SKIP (not in footer/header): https://etgar-hr.co.il/%D7%AA%D7%95%D7%A6%D7%90%D7%95%D7%AA-%D7%97%D7%99%D7%A4%D7%95%D7%A9/?search=%D7%90%D7%9C%D7%A7%D7%98%D7%A8%D7%95%D7%A0%D7%99%D7%A7%D7%94&mid=62895
[2026-03-21T09:27:03.160Z]   SKIP (not in footer/header): https://etgar-hr.co.il/%D7%AA%D7%95%D7%A6%D7%90%D7%95%D7%AA-%D7%97%D7%99%D7%A4%D7%95%D7%A9/?search=%D7%91%D7%9C%D7%AA%D7%99+%D7%9E%D7%A7%D7%A6%D7%95%D7%A2%D7%99+/+%D7%9B%D7%9C%D7%9C%D7%99&mid=58992
[2026-03-21T09:27:03.160Z]   SKIP (not in footer/header): https://etgar-hr.co.il/%D7%AA%D7%95%D7%A6%D7%90%D7%95%D7%AA-%D7%97%D7%99%D7%A4%D7%95%D7%A9/?search=%D7%91%D7%9C%D7%AA%D7%99+%D7%9E%D7%A7%D7%A6%D7%95%D7%A2%D7%99+/+%D7%9B%D7%9C%D7%9C%D7%99&mid=59173
[2026-03-21T09:27:03.160Z]   SKIP (not in footer/header): https://etgar-hr.co.il/%D7%AA%D7%95%D7%A6%D7%90%D7%95%D7%AA-%D7%97%D7%99%D7%A4%D7%95%D7%A9/?search=%D7%91%D7%9C%D7%AA%D7%99+%D7%9E%D7%A7%D7%A6%D7%95%D7%A2%D7%99+/+%D7%9B%D7%9C%D7%9C%D7%99&mid=59215
[2026-03-21T09:27:03.160Z]   SKIP (not in footer/header): https://etgar-hr.co.il/%D7%AA%D7%95%D7%A6%D7%90%D7%95%D7%AA-%D7%97%D7%99%D7%A4%D7%95%D7%A9/?search=%D7%91%D7%9C%D7%AA%D7%99+%D7%9E%D7%A7%D7%A6%D7%95%D7%A2%D7%99+/+%D7%9B%D7%9C%D7%9C%D7%99&mid=60248
[2026-03-21T09:27:03.161Z]   SKIP (not in footer/header): https://etgar-hr.co.il/%D7%AA%D7%95%D7%A6%D7%90%D7%95%D7%AA-%D7%97%D7%99%D7%A4%D7%95%D7%A9/?search=%D7%91%D7%9C%D7%AA%D7%99+%D7%9E%D7%A7%D7%A6%D7%95%D7%A2%D7%99+/+%D7%9B%D7%9C%D7%9C%D7%99&mid=60292
[2026-03-21T09:27:03.161Z]   SKIP (not in footer/header): https://etgar-hr.co.il/%D7%AA%D7%95%D7%A6%D7%90%D7%95%D7%AA-%D7%97%D7%99%D7%A4%D7%95%D7%A9/?search=%D7%91%D7%9C%D7%AA%D7%99+%D7%9E%D7%A7%D7%A6%D7%95%D7%A2%D7%99+/+%D7%9B%D7%9C%D7%9C%D7%99&mid=60554
[2026-03-21T09:27:03.161Z]   SKIP (not in footer/header): https://etgar-hr.co.il/%D7%AA%D7%95%D7%A6%D7%90%D7%95%D7%AA-%D7%97%D7%99%D7%A4%D7%95%D7%A9/?search=%D7%91%D7%9C%D7%AA%D7%99+%D7%9E%D7%A7%D7%A6%D7%95%D7%A2%D7%99+/+%D7%9B%D7%9C%D7%9C%D7%99&mid=60756
[2026-03-21T09:27:03.161Z]   SKIP (not in footer/header): https://etgar-hr.co.il/%D7%AA%D7%95%D7%A6%D7%90%D7%95%D7%AA-%D7%97%D7%99%D7%A4%D7%95%D7%A9/?search=%D7%91%D7%9C%D7%AA%D7%99+%D7%9E%D7%A7%D7%A6%D7%95%D7%A2%D7%99+/+%D7%9B%D7%9C%D7%9C%D7%99&mid=60895
[2026-03-21T09:27:03.161Z]   SKIP (not in footer/header): https://etgar-hr.co.il/%D7%AA%D7%95%D7%A6%D7%90%D7%95%D7%AA-%D7%97%D7%99%D7%A4%D7%95%D7%A9/?search=%D7%91%D7%9C%D7%AA%D7%99+%D7%9E%D7%A7%D7%A6%D7%95%D7%A2%D7%99+/+%D7%9B%D7%9C%D7%9C%D7%99&mid=61044
[2026-03-21T09:27:03.161Z]   SKIP (not in footer/header): https://etgar-hr.co.il/%D7%AA%D7%95%D7%A6%D7%90%D7%95%D7%AA-%D7%97%D7%99%D7%A4%D7%95%D7%A9/?search=%D7%91%D7%9C%D7%AA%D7%99+%D7%9E%D7%A7%D7%A6%D7%95%D7%A2%D7%99+/+%D7%9B%D7%9C%D7%9C%D7%99&mid=61199
[2026-03-21T09:27:03.162Z]   SKIP (not in footer/header): https://etgar-hr.co.il/%D7%AA%D7%95%D7%A6%D7%90%D7%95%D7%AA-%D7%97%D7%99%D7%A4%D7%95%D7%A9/?search=%D7%91%D7%9C%D7%AA%D7%99+%D7%9E%D7%A7%D7%A6%D7%95%D7%A2%D7%99+/+%D7%9B%D7%9C%D7%9C%D7%99&mid=61358
[2026-03-21T09:27:03.162Z]   SKIP (not in footer/header): https://etgar-hr.co.il/%D7%AA%D7%95%D7%A6%D7%90%D7%95%D7%AA-%D7%97%D7%99%D7%A4%D7%95%D7%A9/?search=%D7%91%D7%9C%D7%AA%D7%99+%D7%9E%D7%A7%D7%A6%D7%95%D7%A2%D7%99+/+%D7%9B%D7%9C%D7%9C%D7%99&mid=61392
[2026-03-21T09:27:03.162Z]   SKIP (not in footer/header): https://etgar-hr.co.il/%D7%AA%D7%95%D7%A6%D7%90%D7%95%D7%AA-%D7%97%D7%99%D7%A4%D7%95%D7%A9/?search=%D7%91%D7%9C%D7%AA%D7%99+%D7%9E%D7%A7%D7%A6%D7%95%D7%A2%D7%99+/+%D7%9B%D7%9C%D7%9C%D7%99&mid=61585
[2026-03-21T09:27:03.162Z]   SKIP (not in footer/header): https://etgar-hr.co.il/%D7%AA%D7%95%D7%A6%D7%90%D7%95%D7%AA-%D7%97%D7%99%D7%A4%D7%95%D7%A9/?search=%D7%91%D7%9C%D7%AA%D7%99+%D7%9E%D7%A7%D7%A6%D7%95%D7%A2%D7%99+/+%D7%9B%D7%9C%D7%9C%D7%99&mid=61595
[2026-03-21T09:27:03.163Z]   SKIP (not in footer/header): https://etgar-hr.co.il/%D7%AA%D7%95%D7%A6%D7%90%D7%95%D7%AA-%D7%97%D7%99%D7%A4%D7%95%D7%A9/?search=%D7%91%D7%9C%D7%AA%D7%99+%D7%9E%D7%A7%D7%A6%D7%95%D7%A2%D7%99+/+%D7%9B%D7%9C%D7%9C%D7%99&mid=61669
[2026-03-21T09:27:03.163Z]   SKIP (not in footer/header): https://etgar-hr.co.il/%D7%AA%D7%95%D7%A6%D7%90%D7%95%D7%AA-%D7%97%D7%99%D7%A4%D7%95%D7%A9/?search=%D7%91%D7%9C%D7%AA%D7%99+%D7%9E%D7%A7%D7%A6%D7%95%D7%A2%D7%99+/+%D7%9B%D7%9C%D7%9C%D7%99&mid=61810
[2026-03-21T09:27:03.163Z]   SKIP (not in footer/header): https://etgar-hr.co.il/%D7%AA%D7%95%D7%A6%D7%90%D7%95%D7%AA-%D7%97%D7%99%D7%A4%D7%95%D7%A9/?search=%D7%91%D7%9C%D7%AA%D7%99+%D7%9E%D7%A7%D7%A6%D7%95%D7%A2%D7%99+/+%D7%9B%D7%9C%D7%9C%D7%99&mid=61858
[2026-03-21T09:27:03.163Z]   SKIP (not in footer/header): https://etgar-hr.co.il/%D7%AA%D7%95%D7%A6%D7%90%D7%95%D7%AA-%D7%97%D7%99%D7%A4%D7%95%D7%A9/?search=%D7%91%D7%9C%D7%AA%D7%99+%D7%9E%D7%A7%D7%A6%D7%95%D7%A2%D7%99+/+%D7%9B%D7%9C%D7%9C%D7%99&mid=61907
[2026-03-21T09:27:03.164Z]   SKIP (not in footer/header): https://etgar-hr.co.il/%D7%AA%D7%95%D7%A6%D7%90%D7%95%D7%AA-%D7%97%D7%99%D7%A4%D7%95%D7%A9/?search=%D7%91%D7%9C%D7%AA%D7%99+%D7%9E%D7%A7%D7%A6%D7%95%D7%A2%D7%99+/+%D7%9B%D7%9C%D7%9C%D7%99&mid=61987
[2026-03-21T09:27:03.164Z]   SKIP (not in footer/header): https://etgar-hr.co.il/%D7%AA%D7%95%D7%A6%D7%90%D7%95%D7%AA-%D7%97%D7%99%D7%A4%D7%95%D7%A9/?search=%D7%91%D7%9C%D7%AA%D7%99+%D7%9E%D7%A7%D7%A6%D7%95%D7%A2%D7%99+/+%D7%9B%D7%9C%D7%9C%D7%99&mid=61989
[2026-03-21T09:27:03.164Z]   SKIP (not in footer/header): https://etgar-hr.co.il/%D7%AA%D7%95%D7%A6%D7%90%D7%95%D7%AA-%D7%97%D7%99%D7%A4%D7%95%D7%A9/?search=%D7%91%D7%9C%D7%AA%D7%99+%D7%9E%D7%A7%D7%A6%D7%95%D7%A2%D7%99+/+%D7%9B%D7%9C%D7%9C%D7%99&mid=62005
[2026-03-21T09:27:03.165Z]   SKIP (not in footer/header): https://etgar-hr.co.il/%D7%AA%D7%95%D7%A6%D7%90%D7%95%D7%AA-%D7%97%D7%99%D7%A4%D7%95%D7%A9/?search=%D7%91%D7%9C%D7%AA%D7%99+%D7%9E%D7%A7%D7%A6%D7%95%D7%A2%D7%99+/+%D7%9B%D7%9C%D7%9C%D7%99&mid=62033
[2026-03-21T09:27:03.165Z]   SKIP (not in footer/header): https://etgar-hr.co.il/%D7%AA%D7%95%D7%A6%D7%90%D7%95%D7%AA-%D7%97%D7%99%D7%A4%D7%95%D7%A9/?search=%D7%91%D7%9C%D7%AA%D7%99+%D7%9E%D7%A7%D7%A6%D7%95%D7%A2%D7%99+/+%D7%9B%D7%9C%D7%9C%D7%99&mid=62046
[2026-03-21T09:27:03.165Z]   SKIP (not in footer/header): https://etgar-hr.co.il/%D7%AA%D7%95%D7%A6%D7%90%D7%95%D7%AA-%D7%97%D7%99%D7%A4%D7%95%D7%A9/?search=%D7%91%D7%9C%D7%AA%D7%99+%D7%9E%D7%A7%D7%A6%D7%95%D7%A2%D7%99+/+%D7%9B%D7%9C%D7%9C%D7%99&mid=62085
[2026-03-21T09:27:03.165Z]   SKIP (not in footer/header): https://etgar-hr.co.il/%D7%AA%D7%95%D7%A6%D7%90%D7%95%D7%AA-%D7%97%D7%99%D7%A4%D7%95%D7%A9/?search=%D7%91%D7%9C%D7%AA%D7%99+%D7%9E%D7%A7%D7%A6%D7%95%D7%A2%D7%99+/+%D7%9B%D7%9C%D7%9C%D7%99&mid=62158
[2026-03-21T09:27:03.165Z]   SKIP (not in footer/header): https://etgar-hr.co.il/%D7%AA%D7%95%D7%A6%D7%90%D7%95%D7%AA-%D7%97%D7%99%D7%A4%D7%95%D7%A9/?search=%D7%91%D7%9C%D7%AA%D7%99+%D7%9E%D7%A7%D7%A6%D7%95%D7%A2%D7%99+/+%D7%9B%D7%9C%D7%9C%D7%99&mid=62257
[2026-03-21T09:27:03.165Z]   SKIP (not in footer/header): https://etgar-hr.co.il/%D7%AA%D7%95%D7%A6%D7%90%D7%95%D7%AA-%D7%97%D7%99%D7%A4%D7%95%D7%A9/?search=%D7%91%D7%9C%D7%AA%D7%99+%D7%9E%D7%A7%D7%A6%D7%95%D7%A2%D7%99+/+%D7%9B%D7%9C%D7%9C%D7%99&mid=62275
[2026-03-21T09:27:03.166Z]   SKIP (not in footer/header): https://etgar-hr.co.il/%D7%AA%D7%95%D7%A6%D7%90%D7%95%D7%AA-%D7%97%D7%99%D7%A4%D7%95%D7%A9/?search=%D7%91%D7%9C%D7%AA%D7%99+%D7%9E%D7%A7%D7%A6%D7%95%D7%A2%D7%99+/+%D7%9B%D7%9C%D7%9C%D7%99&mid=62331
[2026-03-21T09:27:03.166Z]   SKIP (not in footer/header): https://etgar-hr.co.il/%D7%AA%D7%95%D7%A6%D7%90%D7%95%D7%AA-%D7%97%D7%99%D7%A4%D7%95%D7%A9/?search=%D7%91%D7%9C%D7%AA%D7%99+%D7%9E%D7%A7%D7%A6%D7%95%D7%A2%D7%99+/+%D7%9B%D7%9C%D7%9C%D7%99&mid=62548
[2026-03-21T09:27:03.166Z]   SKIP (not in footer/header): https://etgar-hr.co.il/%D7%AA%D7%95%D7%A6%D7%90%D7%95%D7%AA-%D7%97%D7%99%D7%A4%D7%95%D7%A9/?search=%D7%91%D7%9C%D7%AA%D7%99+%D7%9E%D7%A7%D7%A6%D7%95%D7%A2%D7%99+/+%D7%9B%D7%9C%D7%9C%D7%99&mid=62556
[2026-03-21T09:27:03.166Z]   SKIP (not in footer/header): https://etgar-hr.co.il/%D7%AA%D7%95%D7%A6%D7%90%D7%95%D7%AA-%D7%97%D7%99%D7%A4%D7%95%D7%A9/?search=%D7%91%D7%9C%D7%AA%D7%99+%D7%9E%D7%A7%D7%A6%D7%95%D7%A2%D7%99+/+%D7%9B%D7%9C%D7%9C%D7%99&mid=62602
[2026-03-21T09:27:03.166Z]   SKIP (not in footer/header): https://etgar-hr.co.il/%D7%AA%D7%95%D7%A6%D7%90%D7%95%D7%AA-%D7%97%D7%99%D7%A4%D7%95%D7%A9/?search=%D7%91%D7%9C%D7%AA%D7%99+%D7%9E%D7%A7%D7%A6%D7%95%D7%A2%D7%99+/+%D7%9B%D7%9C%D7%9C%D7%99&mid=62604
[2026-03-21T09:27:03.166Z]   SKIP (not in footer/header): https://etgar-hr.co.il/%D7%AA%D7%95%D7%A6%D7%90%D7%95%D7%AA-%D7%97%D7%99%D7%A4%D7%95%D7%A9/?search=%D7%91%D7%9C%D7%AA%D7%99+%D7%9E%D7%A7%D7%A6%D7%95%D7%A2%D7%99+/+%D7%9B%D7%9C%D7%9C%D7%99&mid=62767
[2026-03-21T09:27:03.166Z]   SKIP (not in footer/header): https://etgar-hr.co.il/%D7%AA%D7%95%D7%A6%D7%90%D7%95%D7%AA-%D7%97%D7%99%D7%A4%D7%95%D7%A9/?search=%D7%91%D7%9C%D7%AA%D7%99+%D7%9E%D7%A7%D7%A6%D7%95%D7%A2%D7%99+/+%D7%9B%D7%9C%D7%9C%D7%99&mid=62856
[2026-03-21T09:27:03.166Z]   SKIP (not in footer/header): https://etgar-hr.co.il/%D7%AA%D7%95%D7%A6%D7%90%D7%95%D7%AA-%D7%97%D7%99%D7%A4%D7%95%D7%A9/?search=%D7%91%D7%9C%D7%AA%D7%99+%D7%9E%D7%A7%D7%A6%D7%95%D7%A2%D7%99+/+%D7%9B%D7%9C%D7%9C%D7%99&mid=62865
[2026-03-21T09:27:03.167Z]   SKIP (not in footer/header): https://etgar-hr.co.il/%D7%AA%D7%95%D7%A6%D7%90%D7%95%D7%AA-%D7%97%D7%99%D7%A4%D7%95%D7%A9/?search=%D7%91%D7%9C%D7%AA%D7%99+%D7%9E%D7%A7%D7%A6%D7%95%D7%A2%D7%99+/+%D7%9B%D7%9C%D7%9C%D7%99&mid=62888
[2026-03-21T09:27:03.167Z]   SKIP (not in footer/header): https://etgar-hr.co.il/%D7%AA%D7%95%D7%A6%D7%90%D7%95%D7%AA-%D7%97%D7%99%D7%A4%D7%95%D7%A9/?search=%D7%91%D7%9C%D7%AA%D7%99+%D7%9E%D7%A7%D7%A6%D7%95%D7%A2%D7%99+/+%D7%9B%D7%9C%D7%9C%D7%99&mid=62889
[2026-03-21T09:27:03.167Z]   SKIP (not in footer/header): https://etgar-hr.co.il/%D7%AA%D7%95%D7%A6%D7%90%D7%95%D7%AA-%D7%97%D7%99%D7%A4%D7%95%D7%A9/?search=%D7%91%D7%A7%D7%A8%D7%94+%D7%95%D7%90%D7%91%D7%98%D7%97%D7%AA+%D7%90%D7%99%D7%9B%D7%95%D7%AA&mid=58799
[2026-03-21T09:27:03.167Z]   SKIP (not in footer/header): https://etgar-hr.co.il/%D7%AA%D7%95%D7%A6%D7%90%D7%95%D7%AA-%D7%97%D7%99%D7%A4%D7%95%D7%A9/?search=%D7%91%D7%A7%D7%A8%D7%94+%D7%95%D7%90%D7%91%D7%98%D7%97%D7%AA+%D7%90%D7%99%D7%9B%D7%95%D7%AA&mid=60340
[2026-03-21T09:27:03.167Z]   SKIP (not in footer/header): https://etgar-hr.co.il/%D7%AA%D7%95%D7%A6%D7%90%D7%95%D7%AA-%D7%97%D7%99%D7%A4%D7%95%D7%A9/?search=%D7%91%D7%A7%D7%A8%D7%94+%D7%95%D7%90%D7%91%D7%98%D7%97%D7%AA+%D7%90%D7%99%D7%9B%D7%95%D7%AA&mid=60936
[2026-03-21T09:27:03.167Z]   SKIP (not in footer/header): https://etgar-hr.co.il/%D7%AA%D7%95%D7%A6%D7%90%D7%95%D7%AA-%D7%97%D7%99%D7%A4%D7%95%D7%A9/?search=%D7%91%D7%A7%D7%A8%D7%94+%D7%95%D7%90%D7%91%D7%98%D7%97%D7%AA+%D7%90%D7%99%D7%9B%D7%95%D7%AA&mid=62339
[2026-03-21T09:27:03.167Z]   SKIP (not in footer/header): https://etgar-hr.co.il/%D7%AA%D7%95%D7%A6%D7%90%D7%95%D7%AA-%D7%97%D7%99%D7%A4%D7%95%D7%A9/?search=%D7%91%D7%A7%D7%A8%D7%94+%D7%95%D7%90%D7%91%D7%98%D7%97%D7%AA+%D7%90%D7%99%D7%9B%D7%95%D7%AA&mid=62515
[2026-03-21T09:27:03.167Z]   SKIP (not in footer/header): https://etgar-hr.co.il/%D7%AA%D7%95%D7%A6%D7%90%D7%95%D7%AA-%D7%97%D7%99%D7%A4%D7%95%D7%A9/?search=%D7%91%D7%A7%D7%A8%D7%94+%D7%95%D7%90%D7%91%D7%98%D7%97%D7%AA+%D7%90%D7%99%D7%9B%D7%95%D7%AA&mid=62652
[2026-03-21T09:27:03.167Z]   SKIP (not in footer/header): https://etgar-hr.co.il/%D7%AA%D7%95%D7%A6%D7%90%D7%95%D7%AA-%D7%97%D7%99%D7%A4%D7%95%D7%A9/?search=%D7%91%D7%A7%D7%A8%D7%94+%D7%95%D7%90%D7%91%D7%98%D7%97%D7%AA+%D7%90%D7%99%D7%9B%D7%95%D7%AA&mid=62677
[2026-03-21T09:27:03.167Z]   SKIP (not in footer/header): https://etgar-hr.co.il/%D7%AA%D7%95%D7%A6%D7%90%D7%95%D7%AA-%D7%97%D7%99%D7%A4%D7%95%D7%A9/?search=%D7%91%D7%A7%D7%A8%D7%94+%D7%95%D7%90%D7%91%D7%98%D7%97%D7%AA+%D7%90%D7%99%D7%9B%D7%95%D7%AA&mid=62795
[2026-03-21T09:27:03.167Z]   SKIP (not in footer/header): https://etgar-hr.co.il/%D7%AA%D7%95%D7%A6%D7%90%D7%95%D7%AA-%D7%97%D7%99%D7%A4%D7%95%D7%A9/?search=%D7%91%D7%A7%D7%A8%D7%94+%D7%95%D7%90%D7%91%D7%98%D7%97%D7%AA+%D7%90%D7%99%D7%9B%D7%95%D7%AA&mid=62833
[2026-03-21T09:27:03.167Z]   SKIP (not in footer/header): https://etgar-hr.co.il/%D7%AA%D7%95%D7%A6%D7%90%D7%95%D7%AA-%D7%97%D7%99%D7%A4%D7%95%D7%A9/?search=%D7%91%D7%A7%D7%A8%D7%94+%D7%95%D7%90%D7%91%D7%98%D7%97%D7%AA+%D7%90%D7%99%D7%9B%D7%95%D7%AA&mid=62887
[2026-03-21T09:27:03.168Z]   SKIP (not in footer/header): https://etgar-hr.co.il/%D7%AA%D7%95%D7%A6%D7%90%D7%95%D7%AA-%D7%97%D7%99%D7%A4%D7%95%D7%A9/?search=%D7%91%D7%A7%D7%A8%D7%94+%D7%95%D7%90%D7%91%D7%98%D7%97%D7%AA+%D7%90%D7%99%D7%9B%D7%95%D7%AA&mid=62898
[2026-03-21T09:27:03.168Z]   SKIP (not in footer/header): https://etgar-hr.co.il/%D7%AA%D7%95%D7%A6%D7%90%D7%95%D7%AA-%D7%97%D7%99%D7%A4%D7%95%D7%A9/?search=%D7%91%D7%A7%D7%A8%D7%94+%D7%95%D7%90%D7%91%D7%98%D7%97%D7%AA+%D7%90%D7%99%D7%9B%D7%95%D7%AA&mid=62913
[2026-03-21T09:27:03.168Z]   SKIP (not in footer/header): https://etgar-hr.co.il/%D7%AA%D7%95%D7%A6%D7%90%D7%95%D7%AA-%D7%97%D7%99%D7%A4%D7%95%D7%A9/?search=%D7%91%D7%A7%D7%A8%D7%94+%D7%95%D7%90%D7%91%D7%98%D7%97%D7%AA+%D7%90%D7%99%D7%9B%D7%95%D7%AA&mid=62920
[2026-03-21T09:27:03.168Z]   SKIP (not in footer/header): https://etgar-hr.co.il/%D7%AA%D7%95%D7%A6%D7%90%D7%95%D7%AA-%D7%97%D7%99%D7%A4%D7%95%D7%A9/?search=%D7%91%D7%A7%D7%A8%D7%94+%D7%95%D7%90%D7%91%D7%98%D7%97%D7%AA+%D7%90%D7%99%D7%9B%D7%95%D7%AA&mid=62921
[2026-03-21T09:27:03.168Z]   SKIP (not in footer/header): https://etgar-hr.co.il/%D7%AA%D7%95%D7%A6%D7%90%D7%95%D7%AA-%D7%97%D7%99%D7%A4%D7%95%D7%A9/?search=%D7%91%D7%A7%D7%A8%D7%94+%D7%95%D7%90%D7%91%D7%98%D7%97%D7%AA+%D7%90%D7%99%D7%9B%D7%95%D7%AA&mid=62936
[2026-03-21T09:27:03.168Z]   SKIP (not in footer/header): https://etgar-hr.co.il/%D7%AA%D7%95%D7%A6%D7%90%D7%95%D7%AA-%D7%97%D7%99%D7%A4%D7%95%D7%A9/?search=%D7%91%D7%A7%D7%A8%D7%94+%D7%95%D7%90%D7%91%D7%98%D7%97%D7%AA+%D7%90%D7%99%D7%9B%D7%95%D7%AA&mid=62940
[2026-03-21T09:27:03.168Z]   SKIP (not in footer/header): https://etgar-hr.co.il/%D7%AA%D7%95%D7%A6%D7%90%D7%95%D7%AA-%D7%97%D7%99%D7%A4%D7%95%D7%A9/?search=%D7%97%D7%99%D7%A0%D7%95%D7%9A+/+%D7%94%D7%93%D7%A8%D7%9B%D7%94&mid=62691
[2026-03-21T09:27:03.168Z]   SKIP (not in footer/header): https://etgar-hr.co.il/%D7%AA%D7%95%D7%A6%D7%90%D7%95%D7%AA-%D7%97%D7%99%D7%A4%D7%95%D7%A9/?search=%D7%97%D7%A9%D7%9E%D7%9C&mid=60906
[2026-03-21T09:27:03.168Z]   SKIP (not in footer/header): https://etgar-hr.co.il/%D7%AA%D7%95%D7%A6%D7%90%D7%95%D7%AA-%D7%97%D7%99%D7%A4%D7%95%D7%A9/?search=%D7%97%D7%A9%D7%9E%D7%9C&mid=61266
[2026-03-21T09:27:03.168Z]   SKIP (not in footer/header): https://etgar-hr.co.il/%D7%AA%D7%95%D7%A6%D7%90%D7%95%D7%AA-%D7%97%D7%99%D7%A4%D7%95%D7%A9/?search=%D7%97%D7%A9%D7%9E%D7%9C&mid=61633
[2026-03-21T09:27:03.168Z]   SKIP (not in footer/header): https://etgar-hr.co.il/%D7%AA%D7%95%D7%A6%D7%90%D7%95%D7%AA-%D7%97%D7%99%D7%A4%D7%95%D7%A9/?search=%D7%97%D7%A9%D7%9E%D7%9C&mid=61957
[2026-03-21T09:27:03.168Z]   SKIP (not in footer/header): https://etgar-hr.co.il/%D7%AA%D7%95%D7%A6%D7%90%D7%95%D7%AA-%D7%97%D7%99%D7%A4%D7%95%D7%A9/?search=%D7%97%D7%A9%D7%9E%D7%9C&mid=62377
[2026-03-21T09:27:03.168Z]   SKIP (not in footer/header): https://etgar-hr.co.il/%D7%AA%D7%95%D7%A6%D7%90%D7%95%D7%AA-%D7%97%D7%99%D7%A4%D7%95%D7%A9/?search=%D7%97%D7%A9%D7%9E%D7%9C&mid=62469
[2026-03-21T09:27:03.168Z]   SKIP (not in footer/header): https://etgar-hr.co.il/%D7%AA%D7%95%D7%A6%D7%90%D7%95%D7%AA-%D7%97%D7%99%D7%A4%D7%95%D7%A9/?search=%D7%97%D7%A9%D7%9E%D7%9C&mid=62489
[2026-03-21T09:27:03.168Z]   SKIP (not in footer/header): https://etgar-hr.co.il/%D7%AA%D7%95%D7%A6%D7%90%D7%95%D7%AA-%D7%97%D7%99%D7%A4%D7%95%D7%A9/?search=%D7%97%D7%A9%D7%9E%D7%9C&mid=62610
[2026-03-21T09:27:03.168Z]   SKIP (not in footer/header): https://etgar-hr.co.il/%D7%AA%D7%95%D7%A6%D7%90%D7%95%D7%AA-%D7%97%D7%99%D7%A4%D7%95%D7%A9/?search=%D7%97%D7%A9%D7%9E%D7%9C&mid=62704
[2026-03-21T09:27:03.169Z]   SKIP (not in footer/header): https://etgar-hr.co.il/%D7%AA%D7%95%D7%A6%D7%90%D7%95%D7%AA-%D7%97%D7%99%D7%A4%D7%95%D7%A9/?search=%D7%97%D7%A9%D7%9E%D7%9C&mid=62721
[2026-03-21T09:27:03.169Z]   SKIP (not in footer/header): https://etgar-hr.co.il/%D7%AA%D7%95%D7%A6%D7%90%D7%95%D7%AA-%D7%97%D7%99%D7%A4%D7%95%D7%A9/?search=%D7%97%D7%A9%D7%9E%D7%9C&mid=62775
[2026-03-21T09:27:03.169Z]   SKIP (not in footer/header): https://etgar-hr.co.il/%D7%AA%D7%95%D7%A6%D7%90%D7%95%D7%AA-%D7%97%D7%99%D7%A4%D7%95%D7%A9/?search=%D7%97%D7%A9%D7%9E%D7%9C&mid=62785
[2026-03-21T09:27:03.169Z]   SKIP (not in footer/header): https://etgar-hr.co.il/%D7%AA%D7%95%D7%A6%D7%90%D7%95%D7%AA-%D7%97%D7%99%D7%A4%D7%95%D7%A9/?search=%D7%97%D7%A9%D7%9E%D7%9C&mid=62854
[2026-03-21T09:27:03.169Z]   SKIP (not in footer/header): https://etgar-hr.co.il/%D7%AA%D7%95%D7%A6%D7%90%D7%95%D7%AA-%D7%97%D7%99%D7%A4%D7%95%D7%A9/?search=%D7%97%D7%A9%D7%9E%D7%9C&mid=62892
[2026-03-21T09:27:03.169Z]   SKIP (not in footer/header): https://etgar-hr.co.il/%D7%AA%D7%95%D7%A6%D7%90%D7%95%D7%AA-%D7%97%D7%99%D7%A4%D7%95%D7%A9/?search=%D7%9C%D7%95%D7%92%D7%99%D7%A1%D7%98%D7%99%D7%A7%D7%94+%D7%95%D7%9E%D7%97%D7%A1%D7%A0%D7%90%D7%95%D7%AA&mid=59887
[2026-03-21T09:27:03.169Z]   SKIP (not in footer/header): https://etgar-hr.co.il/%D7%AA%D7%95%D7%A6%D7%90%D7%95%D7%AA-%D7%97%D7%99%D7%A4%D7%95%D7%A9/?search=%D7%9C%D7%95%D7%92%D7%99%D7%A1%D7%98%D7%99%D7%A7%D7%94+%D7%95%D7%9E%D7%97%D7%A1%D7%A0%D7%90%D7%95%D7%AA&mid=61481
[2026-03-21T09:27:03.169Z]   SKIP (not in footer/header): https://etgar-hr.co.il/%D7%AA%D7%95%D7%A6%D7%90%D7%95%D7%AA-%D7%97%D7%99%D7%A4%D7%95%D7%A9/?search=%D7%9C%D7%95%D7%92%D7%99%D7%A1%D7%98%D7%99%D7%A7%D7%94+%D7%95%D7%9E%D7%97%D7%A1%D7%A0%D7%90%D7%95%D7%AA&mid=61740
[2026-03-21T09:27:03.169Z]   SKIP (not in footer/header): https://etgar-hr.co.il/%D7%AA%D7%95%D7%A6%D7%90%D7%95%D7%AA-%D7%97%D7%99%D7%A4%D7%95%D7%A9/?search=%D7%9C%D7%95%D7%92%D7%99%D7%A1%D7%98%D7%99%D7%A7%D7%94+%D7%95%D7%9E%D7%97%D7%A1%D7%A0%D7%90%D7%95%D7%AA&mid=61913
[2026-03-21T09:27:03.169Z]   SKIP (not in footer/header): https://etgar-hr.co.il/%D7%AA%D7%95%D7%A6%D7%90%D7%95%D7%AA-%D7%97%D7%99%D7%A4%D7%95%D7%A9/?search=%D7%9C%D7%95%D7%92%D7%99%D7%A1%D7%98%D7%99%D7%A7%D7%94+%D7%95%D7%9E%D7%97%D7%A1%D7%A0%D7%90%D7%95%D7%AA&mid=61962
[2026-03-21T09:27:03.169Z]   SKIP (not in footer/header): https://etgar-hr.co.il/%D7%AA%D7%95%D7%A6%D7%90%D7%95%D7%AA-%D7%97%D7%99%D7%A4%D7%95%D7%A9/?search=%D7%9C%D7%95%D7%92%D7%99%D7%A1%D7%98%D7%99%D7%A7%D7%94+%D7%95%D7%9E%D7%97%D7%A1%D7%A0%D7%90%D7%95%D7%AA&mid=62111
[2026-03-21T09:27:03.169Z]   SKIP (not in footer/header): https://etgar-hr.co.il/%D7%AA%D7%95%D7%A6%D7%90%D7%95%D7%AA-%D7%97%D7%99%D7%A4%D7%95%D7%A9/?search=%D7%9C%D7%95%D7%92%D7%99%D7%A1%D7%98%D7%99%D7%A7%D7%94+%D7%95%D7%9E%D7%97%D7%A1%D7%A0%D7%90%D7%95%D7%AA&mid=62349
[2026-03-21T09:27:03.169Z]   SKIP (not in footer/header): https://etgar-hr.co.il/%D7%AA%D7%95%D7%A6%D7%90%D7%95%D7%AA-%D7%97%D7%99%D7%A4%D7%95%D7%A9/?search=%D7%9C%D7%95%D7%92%D7%99%D7%A1%D7%98%D7%99%D7%A7%D7%94+%D7%95%D7%9E%D7%97%D7%A1%D7%A0%D7%90%D7%95%D7%AA&mid=62373
[2026-03-21T09:27:03.169Z]   SKIP (not in footer/header): https://etgar-hr.co.il/%D7%AA%D7%95%D7%A6%D7%90%D7%95%D7%AA-%D7%97%D7%99%D7%A4%D7%95%D7%A9/?search=%D7%9C%D7%95%D7%92%D7%99%D7%A1%D7%98%D7%99%D7%A7%D7%94+%D7%95%D7%9E%D7%97%D7%A1%D7%A0%D7%90%D7%95%D7%AA&mid=62389
[2026-03-21T09:27:03.169Z]   SKIP (not in footer/header): https://etgar-hr.co.il/%D7%AA%D7%95%D7%A6%D7%90%D7%95%D7%AA-%D7%97%D7%99%D7%A4%D7%95%D7%A9/?search=%D7%9C%D7%95%D7%92%D7%99%D7%A1%D7%98%D7%99%D7%A7%D7%94+%D7%95%D7%9E%D7%97%D7%A1%D7%A0%D7%90%D7%95%D7%AA&mid=62424
[2026-03-21T09:27:03.169Z]   SKIP (not in footer/header): https://etgar-hr.co.il/%D7%AA%D7%95%D7%A6%D7%90%D7%95%D7%AA-%D7%97%D7%99%D7%A4%D7%95%D7%A9/?search=%D7%9C%D7%95%D7%92%D7%99%D7%A1%D7%98%D7%99%D7%A7%D7%94+%D7%95%D7%9E%D7%97%D7%A1%D7%A0%D7%90%D7%95%D7%AA&mid=62601
[2026-03-21T09:27:03.169Z]   SKIP (not in footer/header): https://etgar-hr.co.il/%D7%AA%D7%95%D7%A6%D7%90%D7%95%D7%AA-%D7%97%D7%99%D7%A4%D7%95%D7%A9/?search=%D7%9C%D7%95%D7%92%D7%99%D7%A1%D7%98%D7%99%D7%A7%D7%94+%D7%95%D7%9E%D7%97%D7%A1%D7%A0%D7%90%D7%95%D7%AA&mid=62603
[2026-03-21T09:27:03.169Z]   SKIP (not in footer/header): https://etgar-hr.co.il/%D7%AA%D7%95%D7%A6%D7%90%D7%95%D7%AA-%D7%97%D7%99%D7%A4%D7%95%D7%A9/?search=%D7%9C%D7%95%D7%92%D7%99%D7%A1%D7%98%D7%99%D7%A7%D7%94+%D7%95%D7%9E%D7%97%D7%A1%D7%A0%D7%90%D7%95%D7%AA&mid=62695
[2026-03-21T09:27:03.170Z]   SKIP (not in footer/header): https://etgar-hr.co.il/%D7%AA%D7%95%D7%A6%D7%90%D7%95%D7%AA-%D7%97%D7%99%D7%A4%D7%95%D7%A9/?search=%D7%9C%D7%95%D7%92%D7%99%D7%A1%D7%98%D7%99%D7%A7%D7%94+%D7%95%D7%9E%D7%97%D7%A1%D7%A0%D7%90%D7%95%D7%AA&mid=62749
[2026-03-21T09:27:03.170Z]   SKIP (not in footer/header): https://etgar-hr.co.il/%D7%AA%D7%95%D7%A6%D7%90%D7%95%D7%AA-%D7%97%D7%99%D7%A4%D7%95%D7%A9/?search=%D7%9C%D7%95%D7%92%D7%99%D7%A1%D7%98%D7%99%D7%A7%D7%94+%D7%95%D7%9E%D7%97%D7%A1%D7%A0%D7%90%D7%95%D7%AA&mid=62790
[2026-03-21T09:27:03.170Z]   SKIP (not in footer/header): https://etgar-hr.co.il/%D7%AA%D7%95%D7%A6%D7%90%D7%95%D7%AA-%D7%97%D7%99%D7%A4%D7%95%D7%A9/?search=%D7%9C%D7%95%D7%92%D7%99%D7%A1%D7%98%D7%99%D7%A7%D7%94+%D7%95%D7%9E%D7%97%D7%A1%D7%A0%D7%90%D7%95%D7%AA&mid=62807
[2026-03-21T09:27:03.170Z]   SKIP (not in footer/header): https://etgar-hr.co.il/%D7%AA%D7%95%D7%A6%D7%90%D7%95%D7%AA-%D7%97%D7%99%D7%A4%D7%95%D7%A9/?search=%D7%9C%D7%95%D7%92%D7%99%D7%A1%D7%98%D7%99%D7%A7%D7%94+%D7%95%D7%9E%D7%97%D7%A1%D7%A0%D7%90%D7%95%D7%AA&mid=62822
[2026-03-21T09:27:03.170Z]   SKIP (not in footer/header): https://etgar-hr.co.il/%D7%AA%D7%95%D7%A6%D7%90%D7%95%D7%AA-%D7%97%D7%99%D7%A4%D7%95%D7%A9/?search=%D7%9C%D7%95%D7%92%D7%99%D7%A1%D7%98%D7%99%D7%A7%D7%94+%D7%95%D7%9E%D7%97%D7%A1%D7%A0%D7%90%D7%95%D7%AA&mid=62827
[2026-03-21T09:27:03.170Z]   SKIP (not in footer/header): https://etgar-hr.co.il/%D7%AA%D7%95%D7%A6%D7%90%D7%95%D7%AA-%D7%97%D7%99%D7%A4%D7%95%D7%A9/?search=%D7%9C%D7%95%D7%92%D7%99%D7%A1%D7%98%D7%99%D7%A7%D7%94+%D7%95%D7%9E%D7%97%D7%A1%D7%A0%D7%90%D7%95%D7%AA&mid=62830
[2026-03-21T09:27:03.170Z]   SKIP (not in footer/header): https://etgar-hr.co.il/%D7%AA%D7%95%D7%A6%D7%90%D7%95%D7%AA-%D7%97%D7%99%D7%A4%D7%95%D7%A9/?search=%D7%9C%D7%95%D7%92%D7%99%D7%A1%D7%98%D7%99%D7%A7%D7%94+%D7%95%D7%9E%D7%97%D7%A1%D7%A0%D7%90%D7%95%D7%AA&mid=62844
[2026-03-21T09:27:03.170Z]   SKIP (not in footer/header): https://etgar-hr.co.il/%D7%AA%D7%95%D7%A6%D7%90%D7%95%D7%AA-%D7%97%D7%99%D7%A4%D7%95%D7%A9/?search=%D7%9C%D7%95%D7%92%D7%99%D7%A1%D7%98%D7%99%D7%A7%D7%94+%D7%95%D7%9E%D7%97%D7%A1%D7%A0%D7%90%D7%95%D7%AA&mid=62882
[2026-03-21T09:27:03.170Z]   SKIP (not in footer/header): https://etgar-hr.co.il/%D7%AA%D7%95%D7%A6%D7%90%D7%95%D7%AA-%D7%97%D7%99%D7%A4%D7%95%D7%A9/?search=%D7%9C%D7%95%D7%92%D7%99%D7%A1%D7%98%D7%99%D7%A7%D7%94+%D7%95%D7%9E%D7%97%D7%A1%D7%A0%D7%90%D7%95%D7%AA&mid=62894
[2026-03-21T09:27:03.170Z]   SKIP (not in footer/header): https://etgar-hr.co.il/%D7%AA%D7%95%D7%A6%D7%90%D7%95%D7%AA-%D7%97%D7%99%D7%A4%D7%95%D7%A9/?search=%D7%9E%D7%93%D7%A2%D7%99%D7%9D&mid=61750
[2026-03-21T09:27:03.170Z]   SKIP (not in footer/header): https://etgar-hr.co.il/%D7%AA%D7%95%D7%A6%D7%90%D7%95%D7%AA-%D7%97%D7%99%D7%A4%D7%95%D7%A9/?search=%D7%9E%D7%93%D7%A2%D7%99%D7%9D&mid=62915
[2026-03-21T09:27:03.170Z]   SKIP (not in footer/header): https://etgar-hr.co.il/%D7%AA%D7%95%D7%A6%D7%90%D7%95%D7%AA-%D7%97%D7%99%D7%A4%D7%95%D7%A9/?search=%D7%9E%D7%96%D7%95%D7%9F&mid=62875
[2026-03-21T09:27:03.170Z]   SKIP (not in footer/header): https://etgar-hr.co.il/%D7%AA%D7%95%D7%A6%D7%90%D7%95%D7%AA-%D7%97%D7%99%D7%A4%D7%95%D7%A9/?search=%D7%9E%D7%96%D7%9B%D7%99%D7%A8%D7%95%D7%AA+/+%D7%A4%D7%A7%D7%99%D7%93%D7%95%D7%AA&mid=61881
[2026-03-21T09:27:03.170Z]   SKIP (not in footer/header): https://etgar-hr.co.il/%D7%AA%D7%95%D7%A6%D7%90%D7%95%D7%AA-%D7%97%D7%99%D7%A4%D7%95%D7%A9/?search=%D7%9E%D7%96%D7%9B%D7%99%D7%A8%D7%95%D7%AA+/+%D7%A4%D7%A7%D7%99%D7%93%D7%95%D7%AA&mid=62663
[2026-03-21T09:27:03.170Z]   SKIP (not in footer/header): https://etgar-hr.co.il/%D7%AA%D7%95%D7%A6%D7%90%D7%95%D7%AA-%D7%97%D7%99%D7%A4%D7%95%D7%A9/?search=%D7%9E%D7%96%D7%9B%D7%99%D7%A8%D7%95%D7%AA+/+%D7%A4%D7%A7%D7%99%D7%93%D7%95%D7%AA&mid=62665
[2026-03-21T09:27:03.170Z]   SKIP (not in footer/header): https://etgar-hr.co.il/%D7%AA%D7%95%D7%A6%D7%90%D7%95%D7%AA-%D7%97%D7%99%D7%A4%D7%95%D7%A9/?search=%D7%9E%D7%96%D7%9B%D7%99%D7%A8%D7%95%D7%AA+/+%D7%A4%D7%A7%D7%99%D7%93%D7%95%D7%AA&mid=62666
[2026-03-21T09:27:03.171Z]   SKIP (not in footer/header): https://etgar-hr.co.il/%D7%AA%D7%95%D7%A6%D7%90%D7%95%D7%AA-%D7%97%D7%99%D7%A4%D7%95%D7%A9/?search=%D7%9E%D7%96%D7%9B%D7%99%D7%A8%D7%95%D7%AA+/+%D7%A4%D7%A7%D7%99%D7%93%D7%95%D7%AA&mid=62669
[2026-03-21T09:27:03.171Z]   SKIP (not in footer/header): https://etgar-hr.co.il/%D7%AA%D7%95%D7%A6%D7%90%D7%95%D7%AA-%D7%97%D7%99%D7%A4%D7%95%D7%A9/?search=%D7%9E%D7%96%D7%9B%D7%99%D7%A8%D7%95%D7%AA+/+%D7%A4%D7%A7%D7%99%D7%93%D7%95%D7%AA&mid=62727
[2026-03-21T09:27:03.171Z]   SKIP (not in footer/header): https://etgar-hr.co.il/%D7%AA%D7%95%D7%A6%D7%90%D7%95%D7%AA-%D7%97%D7%99%D7%A4%D7%95%D7%A9/?search=%D7%9E%D7%96%D7%9B%D7%99%D7%A8%D7%95%D7%AA+/+%D7%A4%D7%A7%D7%99%D7%93%D7%95%D7%AA&mid=62848
[2026-03-21T09:27:03.171Z]   SKIP (not in footer/header): https://etgar-hr.co.il/%D7%AA%D7%95%D7%A6%D7%90%D7%95%D7%AA-%D7%97%D7%99%D7%A4%D7%95%D7%A9/?search=%D7%9E%D7%96%D7%9B%D7%99%D7%A8%D7%95%D7%AA+/+%D7%A4%D7%A7%D7%99%D7%93%D7%95%D7%AA&mid=62861
[2026-03-21T09:27:03.171Z]   SKIP (not in footer/header): https://etgar-hr.co.il/%D7%AA%D7%95%D7%A6%D7%90%D7%95%D7%AA-%D7%97%D7%99%D7%A4%D7%95%D7%A9/?search=%D7%9E%D7%96%D7%9B%D7%99%D7%A8%D7%95%D7%AA+/+%D7%A4%D7%A7%D7%99%D7%93%D7%95%D7%AA&mid=62934
[2026-03-21T09:27:03.171Z]   SKIP (not in footer/header): https://etgar-hr.co.il/%D7%AA%D7%95%D7%A6%D7%90%D7%95%D7%AA-%D7%97%D7%99%D7%A4%D7%95%D7%A9/?search=%D7%9E%D7%97%D7%A9%D7%91%D7%99%D7%9D&mid=62334
[2026-03-21T09:27:03.171Z]   SKIP (not in footer/header): https://etgar-hr.co.il/%D7%AA%D7%95%D7%A6%D7%90%D7%95%D7%AA-%D7%97%D7%99%D7%A4%D7%95%D7%A9/?search=%D7%9E%D7%97%D7%A9%D7%91%D7%99%D7%9D&mid=62774
[2026-03-21T09:27:03.171Z]   SKIP (not in footer/header): https://etgar-hr.co.il/%D7%AA%D7%95%D7%A6%D7%90%D7%95%D7%AA-%D7%97%D7%99%D7%A4%D7%95%D7%A9/?search=%D7%9E%D7%97%D7%A9%D7%91%D7%99%D7%9D&mid=62798
[2026-03-21T09:27:03.171Z]   SKIP (not in footer/header): https://etgar-hr.co.il/%D7%AA%D7%95%D7%A6%D7%90%D7%95%D7%AA-%D7%97%D7%99%D7%A4%D7%95%D7%A9/?search=%D7%9E%D7%97%D7%A9%D7%91%D7%99%D7%9D&mid=62918
[2026-03-21T09:27:03.171Z]   SKIP (not in footer/header): https://etgar-hr.co.il/%D7%AA%D7%95%D7%A6%D7%90%D7%95%D7%AA-%D7%97%D7%99%D7%A4%D7%95%D7%A9/?search=%D7%9E%D7%97%D7%A9%D7%91%D7%99%D7%9D&mid=62922
[2026-03-21T09:27:03.171Z]   SKIP (not in footer/header): https://etgar-hr.co.il/%D7%AA%D7%95%D7%A6%D7%90%D7%95%D7%AA-%D7%97%D7%99%D7%A4%D7%95%D7%A9/?search=%D7%9E%D7%9B%D7%95%D7%A0%D7%90%D7%95%D7%AA&mid=60515
[2026-03-21T09:27:03.171Z]   SKIP (not in footer/header): https://etgar-hr.co.il/%D7%AA%D7%95%D7%A6%D7%90%D7%95%D7%AA-%D7%97%D7%99%D7%A4%D7%95%D7%A9/?search=%D7%9E%D7%9B%D7%95%D7%A0%D7%90%D7%95%D7%AA&mid=61651
[2026-03-21T09:27:03.171Z]   SKIP (not in footer/header): https://etgar-hr.co.il/%D7%AA%D7%95%D7%A6%D7%90%D7%95%D7%AA-%D7%97%D7%99%D7%A4%D7%95%D7%A9/?search=%D7%9E%D7%9B%D7%95%D7%A0%D7%90%D7%95%D7%AA&mid=61999
[2026-03-21T09:27:03.171Z]   SKIP (not in footer/header): https://etgar-hr.co.il/%D7%AA%D7%95%D7%A6%D7%90%D7%95%D7%AA-%D7%97%D7%99%D7%A4%D7%95%D7%A9/?search=%D7%9E%D7%9B%D7%95%D7%A0%D7%90%D7%95%D7%AA&mid=62001
[2026-03-21T09:27:03.171Z]   SKIP (not in footer/header): https://etgar-hr.co.il/%D7%AA%D7%95%D7%A6%D7%90%D7%95%D7%AA-%D7%97%D7%99%D7%A4%D7%95%D7%A9/?search=%D7%9E%D7%9B%D7%95%D7%A0%D7%90%D7%95%D7%AA&mid=62117
[2026-03-21T09:27:03.172Z]   SKIP (not in footer/header): https://etgar-hr.co.il/%D7%AA%D7%95%D7%A6%D7%90%D7%95%D7%AA-%D7%97%D7%99%D7%A4%D7%95%D7%A9/?search=%D7%9E%D7%9B%D7%95%D7%A0%D7%90%D7%95%D7%AA&mid=62293
[2026-03-21T09:27:03.172Z]   SKIP (not in footer/header): https://etgar-hr.co.il/%D7%AA%D7%95%D7%A6%D7%90%D7%95%D7%AA-%D7%97%D7%99%D7%A4%D7%95%D7%A9/?search=%D7%9E%D7%9B%D7%95%D7%A0%D7%90%D7%95%D7%AA&mid=62397
[2026-03-21T09:27:03.172Z]   SKIP (not in footer/header): https://etgar-hr.co.il/%D7%AA%D7%95%D7%A6%D7%90%D7%95%D7%AA-%D7%97%D7%99%D7%A4%D7%95%D7%A9/?search=%D7%9E%D7%9B%D7%95%D7%A0%D7%90%D7%95%D7%AA&mid=62452
[2026-03-21T09:27:03.172Z]   SKIP (not in footer/header): https://etgar-hr.co.il/%D7%AA%D7%95%D7%A6%D7%90%D7%95%D7%AA-%D7%97%D7%99%D7%A4%D7%95%D7%A9/?search=%D7%9E%D7%9B%D7%95%D7%A0%D7%90%D7%95%D7%AA&mid=62884
[2026-03-21T09:27:03.172Z]   SKIP (not in footer/header): https://etgar-hr.co.il/%D7%AA%D7%95%D7%A6%D7%90%D7%95%D7%AA-%D7%97%D7%99%D7%A4%D7%95%D7%A9/?search=%D7%9E%D7%9B%D7%95%D7%A0%D7%90%D7%95%D7%AA&mid=62900
[2026-03-21T09:27:03.172Z]   SKIP (not in footer/header): https://etgar-hr.co.il/%D7%AA%D7%95%D7%A6%D7%90%D7%95%D7%AA-%D7%97%D7%99%D7%A4%D7%95%D7%A9/?search=%D7%9E%D7%9B%D7%95%D7%A0%D7%95%D7%AA&mid=56650
[2026-03-21T09:27:03.172Z]   SKIP (not in footer/header): https://etgar-hr.co.il/%D7%AA%D7%95%D7%A6%D7%90%D7%95%D7%AA-%D7%97%D7%99%D7%A4%D7%95%D7%A9/?search=%D7%9E%D7%9B%D7%95%D7%A0%D7%95%D7%AA&mid=58720
[2026-03-21T09:27:03.172Z]   SKIP (not in footer/header): https://etgar-hr.co.il/%D7%AA%D7%95%D7%A6%D7%90%D7%95%D7%AA-%D7%97%D7%99%D7%A4%D7%95%D7%A9/?search=%D7%9E%D7%9B%D7%95%D7%A0%D7%95%D7%AA&mid=59011
[2026-03-21T09:27:03.172Z]   SKIP (not in footer/header): https://etgar-hr.co.il/%D7%AA%D7%95%D7%A6%D7%90%D7%95%D7%AA-%D7%97%D7%99%D7%A4%D7%95%D7%A9/?search=%D7%9E%D7%9B%D7%95%D7%A0%D7%95%D7%AA&mid=60896
[2026-03-21T09:27:03.172Z]   SKIP (not in footer/header): https://etgar-hr.co.il/%D7%AA%D7%95%D7%A6%D7%90%D7%95%D7%AA-%D7%97%D7%99%D7%A4%D7%95%D7%A9/?search=%D7%9E%D7%9B%D7%95%D7%A0%D7%95%D7%AA&mid=60964
[2026-03-21T09:27:03.172Z]   SKIP (not in footer/header): https://etgar-hr.co.il/%D7%AA%D7%95%D7%A6%D7%90%D7%95%D7%AA-%D7%97%D7%99%D7%A4%D7%95%D7%A9/?search=%D7%9E%D7%9B%D7%95%D7%A0%D7%95%D7%AA&mid=61202
[2026-03-21T09:27:03.172Z]   SKIP (not in footer/header): https://etgar-hr.co.il/%D7%AA%D7%95%D7%A6%D7%90%D7%95%D7%AA-%D7%97%D7%99%D7%A4%D7%95%D7%A9/?search=%D7%9E%D7%9B%D7%95%D7%A0%D7%95%D7%AA&mid=61294
[2026-03-21T09:27:03.172Z]   SKIP (not in footer/header): https://etgar-hr.co.il/%D7%AA%D7%95%D7%A6%D7%90%D7%95%D7%AA-%D7%97%D7%99%D7%A4%D7%95%D7%A9/?search=%D7%9E%D7%9B%D7%95%D7%A0%D7%95%D7%AA&mid=61314
[2026-03-21T09:27:03.172Z]   SKIP (not in footer/header): https://etgar-hr.co.il/%D7%AA%D7%95%D7%A6%D7%90%D7%95%D7%AA-%D7%97%D7%99%D7%A4%D7%95%D7%A9/?search=%D7%9E%D7%9B%D7%95%D7%A0%D7%95%D7%AA&mid=61389
[2026-03-21T09:27:03.172Z]   SKIP (not in footer/header): https://etgar-hr.co.il/%D7%AA%D7%95%D7%A6%D7%90%D7%95%D7%AA-%D7%97%D7%99%D7%A4%D7%95%D7%A9/?search=%D7%9E%D7%9B%D7%95%D7%A0%D7%95%D7%AA&mid=61604
[2026-03-21T09:27:03.172Z]   SKIP (not in footer/header): https://etgar-hr.co.il/%D7%AA%D7%95%D7%A6%D7%90%D7%95%D7%AA-%D7%97%D7%99%D7%A4%D7%95%D7%A9/?search=%D7%9E%D7%9B%D7%95%D7%A0%D7%95%D7%AA&mid=61661
[2026-03-21T09:27:03.172Z]   SKIP (not in footer/header): https://etgar-hr.co.il/%D7%AA%D7%95%D7%A6%D7%90%D7%95%D7%AA-%D7%97%D7%99%D7%A4%D7%95%D7%A9/?search=%D7%9E%D7%9B%D7%95%D7%A0%D7%95%D7%AA&mid=61694
[2026-03-21T09:27:03.172Z]   SKIP (not in footer/header): https://etgar-hr.co.il/%D7%AA%D7%95%D7%A6%D7%90%D7%95%D7%AA-%D7%97%D7%99%D7%A4%D7%95%D7%A9/?search=%D7%9E%D7%9B%D7%95%D7%A0%D7%95%D7%AA&mid=61700
[2026-03-21T09:27:03.173Z]   SKIP (not in footer/header): https://etgar-hr.co.il/%D7%AA%D7%95%D7%A6%D7%90%D7%95%D7%AA-%D7%97%D7%99%D7%A4%D7%95%D7%A9/?search=%D7%9E%D7%9B%D7%95%D7%A0%D7%95%D7%AA&mid=61712
[2026-03-21T09:27:03.173Z]   SKIP (not in footer/header): https://etgar-hr.co.il/%D7%AA%D7%95%D7%A6%D7%90%D7%95%D7%AA-%D7%97%D7%99%D7%A4%D7%95%D7%A9/?search=%D7%9E%D7%9B%D7%95%D7%A0%D7%95%D7%AA&mid=61784
[2026-03-21T09:27:03.173Z]   SKIP (not in footer/header): https://etgar-hr.co.il/%D7%AA%D7%95%D7%A6%D7%90%D7%95%D7%AA-%D7%97%D7%99%D7%A4%D7%95%D7%A9/?search=%D7%9E%D7%9B%D7%95%D7%A0%D7%95%D7%AA&mid=61895
[2026-03-21T09:27:03.173Z]   SKIP (not in footer/header): https://etgar-hr.co.il/%D7%AA%D7%95%D7%A6%D7%90%D7%95%D7%AA-%D7%97%D7%99%D7%A4%D7%95%D7%A9/?search=%D7%9E%D7%9B%D7%95%D7%A0%D7%95%D7%AA&mid=61963
[2026-03-21T09:27:03.173Z]   SKIP (not in footer/header): https://etgar-hr.co.il/%D7%AA%D7%95%D7%A6%D7%90%D7%95%D7%AA-%D7%97%D7%99%D7%A4%D7%95%D7%A9/?search=%D7%9E%D7%9B%D7%95%D7%A0%D7%95%D7%AA&mid=62065
[2026-03-21T09:27:03.173Z]   SKIP (not in footer/header): https://etgar-hr.co.il/%D7%AA%D7%95%D7%A6%D7%90%D7%95%D7%AA-%D7%97%D7%99%D7%A4%D7%95%D7%A9/?search=%D7%9E%D7%9B%D7%95%D7%A0%D7%95%D7%AA&mid=62126
[2026-03-21T09:27:03.173Z]   SKIP (not in footer/header): https://etgar-hr.co.il/%D7%AA%D7%95%D7%A6%D7%90%D7%95%D7%AA-%D7%97%D7%99%D7%A4%D7%95%D7%A9/?search=%D7%9E%D7%9B%D7%95%D7%A0%D7%95%D7%AA&mid=62187
[2026-03-21T09:27:03.173Z]   SKIP (not in footer/header): https://etgar-hr.co.il/%D7%AA%D7%95%D7%A6%D7%90%D7%95%D7%AA-%D7%97%D7%99%D7%A4%D7%95%D7%A9/?search=%D7%9E%D7%9B%D7%95%D7%A0%D7%95%D7%AA&mid=62267
[2026-03-21T09:27:03.173Z]   SKIP (not in footer/header): https://etgar-hr.co.il/%D7%AA%D7%95%D7%A6%D7%90%D7%95%D7%AA-%D7%97%D7%99%D7%A4%D7%95%D7%A9/?search=%D7%9E%D7%9B%D7%95%D7%A0%D7%95%D7%AA&mid=62268
[2026-03-21T09:27:03.173Z]   SKIP (not in footer/header): https://etgar-hr.co.il/%D7%AA%D7%95%D7%A6%D7%90%D7%95%D7%AA-%D7%97%D7%99%D7%A4%D7%95%D7%A9/?search=%D7%9E%D7%9B%D7%95%D7%A0%D7%95%D7%AA&mid=62272
[2026-03-21T09:27:03.173Z]   SKIP (not in footer/header): https://etgar-hr.co.il/%D7%AA%D7%95%D7%A6%D7%90%D7%95%D7%AA-%D7%97%D7%99%D7%A4%D7%95%D7%A9/?search=%D7%9E%D7%9B%D7%95%D7%A0%D7%95%D7%AA&mid=62278
[2026-03-21T09:27:03.173Z]   SKIP (not in footer/header): https://etgar-hr.co.il/%D7%AA%D7%95%D7%A6%D7%90%D7%95%D7%AA-%D7%97%D7%99%D7%A4%D7%95%D7%A9/?search=%D7%9E%D7%9B%D7%95%D7%A0%D7%95%D7%AA&mid=62294
[2026-03-21T09:27:03.173Z]   SKIP (not in footer/header): https://etgar-hr.co.il/%D7%AA%D7%95%D7%A6%D7%90%D7%95%D7%AA-%D7%97%D7%99%D7%A4%D7%95%D7%A9/?search=%D7%9E%D7%9B%D7%95%D7%A0%D7%95%D7%AA&mid=62308
[2026-03-21T09:27:03.173Z]   SKIP (not in footer/header): https://etgar-hr.co.il/%D7%AA%D7%95%D7%A6%D7%90%D7%95%D7%AA-%D7%97%D7%99%D7%A4%D7%95%D7%A9/?search=%D7%9E%D7%9B%D7%95%D7%A0%D7%95%D7%AA&mid=62325
[2026-03-21T09:27:03.173Z]   SKIP (not in footer/header): https://etgar-hr.co.il/%D7%AA%D7%95%D7%A6%D7%90%D7%95%D7%AA-%D7%97%D7%99%D7%A4%D7%95%D7%A9/?search=%D7%9E%D7%9B%D7%95%D7%A0%D7%95%D7%AA&mid=62484
[2026-03-21T09:27:03.173Z]   SKIP (not in footer/header): https://etgar-hr.co.il/%D7%AA%D7%95%D7%A6%D7%90%D7%95%D7%AA-%D7%97%D7%99%D7%A4%D7%95%D7%A9/?search=%D7%9E%D7%9B%D7%95%D7%A0%D7%95%D7%AA&mid=62591
[2026-03-21T09:27:03.173Z]   SKIP (not in footer/header): https://etgar-hr.co.il/%D7%AA%D7%95%D7%A6%D7%90%D7%95%D7%AA-%D7%97%D7%99%D7%A4%D7%95%D7%A9/?search=%D7%9E%D7%9B%D7%95%D7%A0%D7%95%D7%AA&mid=62592
[2026-03-21T09:27:03.173Z]   SKIP (not in footer/header): https://etgar-hr.co.il/%D7%AA%D7%95%D7%A6%D7%90%D7%95%D7%AA-%D7%97%D7%99%D7%A4%D7%95%D7%A9/?search=%D7%9E%D7%9B%D7%95%D7%A0%D7%95%D7%AA&mid=62596
[2026-03-21T09:27:03.173Z]   SKIP (not in footer/header): https://etgar-hr.co.il/%D7%AA%D7%95%D7%A6%D7%90%D7%95%D7%AA-%D7%97%D7%99%D7%A4%D7%95%D7%A9/?search=%D7%9E%D7%9B%D7%95%D7%A0%D7%95%D7%AA&mid=62606
[2026-03-21T09:27:03.173Z]   SKIP (not in footer/header): https://etgar-hr.co.il/%D7%AA%D7%95%D7%A6%D7%90%D7%95%D7%AA-%D7%97%D7%99%D7%A4%D7%95%D7%A9/?search=%D7%9E%D7%9B%D7%95%D7%A0%D7%95%D7%AA&mid=62630
[2026-03-21T09:27:03.173Z]   SKIP (not in footer/header): https://etgar-hr.co.il/%D7%AA%D7%95%D7%A6%D7%90%D7%95%D7%AA-%D7%97%D7%99%D7%A4%D7%95%D7%A9/?search=%D7%9E%D7%9B%D7%95%D7%A0%D7%95%D7%AA&mid=62682
[2026-03-21T09:27:03.173Z]   SKIP (not in footer/header): https://etgar-hr.co.il/%D7%AA%D7%95%D7%A6%D7%90%D7%95%D7%AA-%D7%97%D7%99%D7%A4%D7%95%D7%A9/?search=%D7%9E%D7%9B%D7%95%D7%A0%D7%95%D7%AA&mid=62697
[2026-03-21T09:27:03.173Z]   SKIP (not in footer/header): https://etgar-hr.co.il/%D7%AA%D7%95%D7%A6%D7%90%D7%95%D7%AA-%D7%97%D7%99%D7%A4%D7%95%D7%A9/?search=%D7%9E%D7%9B%D7%95%D7%A0%D7%95%D7%AA&mid=62703
[2026-03-21T09:27:03.173Z]   SKIP (not in footer/header): https://etgar-hr.co.il/%D7%AA%D7%95%D7%A6%D7%90%D7%95%D7%AA-%D7%97%D7%99%D7%A4%D7%95%D7%A9/?search=%D7%9E%D7%9B%D7%95%D7%A0%D7%95%D7%AA&mid=62742
[2026-03-21T09:27:03.174Z]   SKIP (not in footer/header): https://etgar-hr.co.il/%D7%AA%D7%95%D7%A6%D7%90%D7%95%D7%AA-%D7%97%D7%99%D7%A4%D7%95%D7%A9/?search=%D7%9E%D7%9B%D7%95%D7%A0%D7%95%D7%AA&mid=62755
[2026-03-21T09:27:03.174Z]   SKIP (not in footer/header): https://etgar-hr.co.il/%D7%AA%D7%95%D7%A6%D7%90%D7%95%D7%AA-%D7%97%D7%99%D7%A4%D7%95%D7%A9/?search=%D7%9E%D7%9B%D7%95%D7%A0%D7%95%D7%AA&mid=62772
[2026-03-21T09:27:03.174Z]   SKIP (not in footer/header): https://etgar-hr.co.il/%D7%AA%D7%95%D7%A6%D7%90%D7%95%D7%AA-%D7%97%D7%99%D7%A4%D7%95%D7%A9/?search=%D7%9E%D7%9B%D7%95%D7%A0%D7%95%D7%AA&mid=62883
[2026-03-21T09:27:03.174Z]   SKIP (not in footer/header): https://etgar-hr.co.il/%D7%AA%D7%95%D7%A6%D7%90%D7%95%D7%AA-%D7%97%D7%99%D7%A4%D7%95%D7%A9/?search=%D7%9E%D7%9B%D7%95%D7%A0%D7%95%D7%AA&mid=62908
[2026-03-21T09:27:03.174Z]   SKIP (not in footer/header): https://etgar-hr.co.il/%D7%AA%D7%95%D7%A6%D7%90%D7%95%D7%AA-%D7%97%D7%99%D7%A4%D7%95%D7%A9/?search=%D7%9E%D7%9B%D7%95%D7%A0%D7%95%D7%AA&mid=62910
[2026-03-21T09:27:03.174Z]   SKIP (not in footer/header): https://etgar-hr.co.il/%D7%AA%D7%95%D7%A6%D7%90%D7%95%D7%AA-%D7%97%D7%99%D7%A4%D7%95%D7%A9/?search=%D7%9E%D7%9B%D7%95%D7%A0%D7%95%D7%AA&mid=62938
[2026-03-21T09:27:03.174Z]   SKIP (not in footer/header): https://etgar-hr.co.il/%D7%AA%D7%95%D7%A6%D7%90%D7%95%D7%AA-%D7%97%D7%99%D7%A4%D7%95%D7%A9/?search=%D7%9E%D7%9B%D7%99%D7%A8%D7%95%D7%AA&mid=61833
[2026-03-21T09:27:03.174Z]   SKIP (not in footer/header): https://etgar-hr.co.il/%D7%AA%D7%95%D7%A6%D7%90%D7%95%D7%AA-%D7%97%D7%99%D7%A4%D7%95%D7%A9/?search=%D7%9E%D7%9B%D7%99%D7%A8%D7%95%D7%AA&mid=62050
[2026-03-21T09:27:03.174Z]   SKIP (not in footer/header): https://etgar-hr.co.il/%D7%AA%D7%95%D7%A6%D7%90%D7%95%D7%AA-%D7%97%D7%99%D7%A4%D7%95%D7%A9/?search=%D7%9E%D7%9B%D7%99%D7%A8%D7%95%D7%AA&mid=62423
[2026-03-21T09:27:03.174Z]   SKIP (not in footer/header): https://etgar-hr.co.il/%D7%AA%D7%95%D7%A6%D7%90%D7%95%D7%AA-%D7%97%D7%99%D7%A4%D7%95%D7%A9/?search=%D7%9E%D7%9B%D7%99%D7%A8%D7%95%D7%AA&mid=62847
[2026-03-21T09:27:03.174Z]   SKIP (not in footer/header): https://etgar-hr.co.il/%D7%AA%D7%95%D7%A6%D7%90%D7%95%D7%AA-%D7%97%D7%99%D7%A4%D7%95%D7%A9/?search=%D7%9E%D7%9B%D7%99%D7%A8%D7%95%D7%AA&mid=62914
[2026-03-21T09:27:03.174Z]   SKIP (not in footer/header): https://etgar-hr.co.il/%D7%AA%D7%95%D7%A6%D7%90%D7%95%D7%AA-%D7%97%D7%99%D7%A4%D7%95%D7%A9/?search=%D7%9E%D7%A9%D7%90%D7%91%D7%99+%D7%90%D7%A0%D7%95%D7%A9&mid=61718
[2026-03-21T09:27:03.174Z]   SKIP (not in footer/header): https://etgar-hr.co.il/%D7%AA%D7%95%D7%A6%D7%90%D7%95%D7%AA-%D7%97%D7%99%D7%A4%D7%95%D7%A9/?search=%D7%9E%D7%A9%D7%90%D7%91%D7%99+%D7%90%D7%A0%D7%95%D7%A9&mid=62473
[2026-03-21T09:27:03.174Z]   SKIP (not in footer/header): https://etgar-hr.co.il/%D7%AA%D7%95%D7%A6%D7%90%D7%95%D7%AA-%D7%97%D7%99%D7%A4%D7%95%D7%A9/?search=%D7%9E%D7%A9%D7%90%D7%91%D7%99+%D7%90%D7%A0%D7%95%D7%A9&mid=62659
[2026-03-21T09:27:03.174Z]   SKIP (not in footer/header): https://etgar-hr.co.il/%D7%AA%D7%95%D7%A6%D7%90%D7%95%D7%AA-%D7%97%D7%99%D7%A4%D7%95%D7%A9/?search=%D7%9E%D7%A9%D7%90%D7%91%D7%99+%D7%90%D7%A0%D7%95%D7%A9&mid=62660
[2026-03-21T09:27:03.174Z]   SKIP (not in footer/header): https://etgar-hr.co.il/%D7%AA%D7%95%D7%A6%D7%90%D7%95%D7%AA-%D7%97%D7%99%D7%A4%D7%95%D7%A9/?search=%D7%9E%D7%A9%D7%90%D7%91%D7%99+%D7%90%D7%A0%D7%95%D7%A9&mid=62661
[2026-03-21T09:27:03.174Z]   SKIP (not in footer/header): https://etgar-hr.co.il/%D7%AA%D7%95%D7%A6%D7%90%D7%95%D7%AA-%D7%97%D7%99%D7%A4%D7%95%D7%A9/?search=%D7%9E%D7%A9%D7%90%D7%91%D7%99+%D7%90%D7%A0%D7%95%D7%A9&mid=62676
[2026-03-21T09:27:03.174Z]   SKIP (not in footer/header): https://etgar-hr.co.il/%D7%AA%D7%95%D7%A6%D7%90%D7%95%D7%AA-%D7%97%D7%99%D7%A4%D7%95%D7%A9/?search=%D7%9E%D7%A9%D7%90%D7%91%D7%99+%D7%90%D7%A0%D7%95%D7%A9&mid=62700
[2026-03-21T09:27:03.174Z]   SKIP (not in footer/header): https://etgar-hr.co.il/%D7%AA%D7%95%D7%A6%D7%90%D7%95%D7%AA-%D7%97%D7%99%D7%A4%D7%95%D7%A9/?search=%D7%9E%D7%A9%D7%90%D7%91%D7%99+%D7%90%D7%A0%D7%95%D7%A9&mid=62713
[2026-03-21T09:27:03.174Z]   SKIP (not in footer/header): https://etgar-hr.co.il/%D7%AA%D7%95%D7%A6%D7%90%D7%95%D7%AA-%D7%97%D7%99%D7%A4%D7%95%D7%A9/?search=%D7%9E%D7%AA%D7%9B%D7%AA&mid=56342
[2026-03-21T09:27:03.174Z]   SKIP (not in footer/header): https://etgar-hr.co.il/%D7%AA%D7%95%D7%A6%D7%90%D7%95%D7%AA-%D7%97%D7%99%D7%A4%D7%95%D7%A9/?search=%D7%9E%D7%AA%D7%9B%D7%AA&mid=62333
[2026-03-21T09:27:03.174Z]   SKIP (not in footer/header): https://etgar-hr.co.il/%D7%AA%D7%95%D7%A6%D7%90%D7%95%D7%AA-%D7%97%D7%99%D7%A4%D7%95%D7%A9/?search=%D7%9E%D7%AA%D7%9B%D7%AA&mid=62751
[2026-03-21T09:27:03.175Z]   SKIP (not in footer/header): https://etgar-hr.co.il/%D7%AA%D7%95%D7%A6%D7%90%D7%95%D7%AA-%D7%97%D7%99%D7%A4%D7%95%D7%A9/?search=%D7%A0%D7%94%D7%92%D7%95%D7%AA&mid=61743
[2026-03-21T09:27:03.175Z]   SKIP (not in footer/header): https://etgar-hr.co.il/%D7%AA%D7%95%D7%A6%D7%90%D7%95%D7%AA-%D7%97%D7%99%D7%A4%D7%95%D7%A9/?search=%D7%A0%D7%94%D7%92%D7%95%D7%AA&mid=61849
[2026-03-21T09:27:03.175Z]   SKIP (not in footer/header): https://etgar-hr.co.il/%D7%AA%D7%95%D7%A6%D7%90%D7%95%D7%AA-%D7%97%D7%99%D7%A4%D7%95%D7%A9/?search=%D7%A0%D7%94%D7%92%D7%95%D7%AA&mid=61991
[2026-03-21T09:27:03.175Z]   SKIP (not in footer/header): https://etgar-hr.co.il/%D7%AA%D7%95%D7%A6%D7%90%D7%95%D7%AA-%D7%97%D7%99%D7%A4%D7%95%D7%A9/?search=%D7%A0%D7%94%D7%92%D7%95%D7%AA&mid=62615
[2026-03-21T09:27:03.175Z]   SKIP (not in footer/header): https://etgar-hr.co.il/%D7%AA%D7%95%D7%A6%D7%90%D7%95%D7%AA-%D7%97%D7%99%D7%A4%D7%95%D7%A9/?search=%D7%A0%D7%94%D7%92%D7%95%D7%AA&mid=62769
[2026-03-21T09:27:03.175Z]   SKIP (not in footer/header): https://etgar-hr.co.il/%D7%AA%D7%95%D7%A6%D7%90%D7%95%D7%AA-%D7%97%D7%99%D7%A4%D7%95%D7%A9/?search=%D7%A0%D7%99%D7%94%D7%95%D7%9C&mid=61758
[2026-03-21T09:27:03.175Z]   SKIP (not in footer/header): https://etgar-hr.co.il/%D7%AA%D7%95%D7%A6%D7%90%D7%95%D7%AA-%D7%97%D7%99%D7%A4%D7%95%D7%A9/?search=%D7%A0%D7%99%D7%94%D7%95%D7%9C&mid=62491
[2026-03-21T09:27:03.175Z]   SKIP (not in footer/header): https://etgar-hr.co.il/%D7%AA%D7%95%D7%A6%D7%90%D7%95%D7%AA-%D7%97%D7%99%D7%A4%D7%95%D7%A9/?search=%D7%A0%D7%99%D7%94%D7%95%D7%9C&mid=62540
[2026-03-21T09:27:03.175Z]   SKIP (not in footer/header): https://etgar-hr.co.il/%D7%AA%D7%95%D7%A6%D7%90%D7%95%D7%AA-%D7%97%D7%99%D7%A4%D7%95%D7%A9/?search=%D7%A0%D7%99%D7%94%D7%95%D7%9C&mid=62662
[2026-03-21T09:27:03.175Z]   SKIP (not in footer/header): https://etgar-hr.co.il/%D7%AA%D7%95%D7%A6%D7%90%D7%95%D7%AA-%D7%97%D7%99%D7%A4%D7%95%D7%A9/?search=%D7%A0%D7%99%D7%94%D7%95%D7%9C&mid=62664
[2026-03-21T09:27:03.175Z]   SKIP (not in footer/header): https://etgar-hr.co.il/%D7%AA%D7%95%D7%A6%D7%90%D7%95%D7%AA-%D7%97%D7%99%D7%A4%D7%95%D7%A9/?search=%D7%A0%D7%99%D7%94%D7%95%D7%9C&mid=62699
[2026-03-21T09:27:03.175Z]   SKIP (not in footer/header): https://etgar-hr.co.il/%D7%AA%D7%95%D7%A6%D7%90%D7%95%D7%AA-%D7%97%D7%99%D7%A4%D7%95%D7%A9/?search=%D7%A0%D7%99%D7%94%D7%95%D7%9C&mid=62708
[2026-03-21T09:27:03.175Z]   SKIP (not in footer/header): https://etgar-hr.co.il/%D7%AA%D7%95%D7%A6%D7%90%D7%95%D7%AA-%D7%97%D7%99%D7%A4%D7%95%D7%A9/?search=%D7%A0%D7%99%D7%94%D7%95%D7%9C&mid=62764
[2026-03-21T09:27:03.175Z]   SKIP (not in footer/header): https://etgar-hr.co.il/%D7%AA%D7%95%D7%A6%D7%90%D7%95%D7%AA-%D7%97%D7%99%D7%A4%D7%95%D7%A9/?search=%D7%A0%D7%99%D7%94%D7%95%D7%9C&mid=62829
[2026-03-21T09:27:03.175Z]   SKIP (not in footer/header): https://etgar-hr.co.il/%D7%AA%D7%95%D7%A6%D7%90%D7%95%D7%AA-%D7%97%D7%99%D7%A4%D7%95%D7%A9/?search=%D7%A0%D7%99%D7%94%D7%95%D7%9C&mid=62834
[2026-03-21T09:27:03.175Z]   SKIP (not in footer/header): https://etgar-hr.co.il/%D7%AA%D7%95%D7%A6%D7%90%D7%95%D7%AA-%D7%97%D7%99%D7%A4%D7%95%D7%A9/?search=%D7%A0%D7%99%D7%94%D7%95%D7%9C&mid=62880
[2026-03-21T09:27:03.175Z]   SKIP (not in footer/header): https://etgar-hr.co.il/%D7%AA%D7%95%D7%A6%D7%90%D7%95%D7%AA-%D7%97%D7%99%D7%A4%D7%95%D7%A9/?search=%D7%A0%D7%99%D7%94%D7%95%D7%9C&mid=62906
[2026-03-21T09:27:03.175Z]   SKIP (not in footer/header): https://etgar-hr.co.il/%D7%AA%D7%95%D7%A6%D7%90%D7%95%D7%AA-%D7%97%D7%99%D7%A4%D7%95%D7%A9/?search=%D7%A0%D7%99%D7%94%D7%95%D7%9C&mid=62919
[2026-03-21T09:27:03.175Z]   SKIP (not in footer/header): https://etgar-hr.co.il/%D7%AA%D7%95%D7%A6%D7%90%D7%95%D7%AA-%D7%97%D7%99%D7%A4%D7%95%D7%A9/?search=%D7%A4%D7%99%D7%A0%D7%A0%D7%A1%D7%99&mid=62039
[2026-03-21T09:27:03.175Z]   SKIP (not in footer/header): https://etgar-hr.co.il/%D7%AA%D7%95%D7%A6%D7%90%D7%95%D7%AA-%D7%97%D7%99%D7%A4%D7%95%D7%A9/?search=%D7%A4%D7%99%D7%A0%D7%A0%D7%A1%D7%99&mid=62476
[2026-03-21T09:27:03.175Z]   SKIP (not in footer/header): https://etgar-hr.co.il/%D7%AA%D7%95%D7%A6%D7%90%D7%95%D7%AA-%D7%97%D7%99%D7%A4%D7%95%D7%A9/?search=%D7%A4%D7%99%D7%A0%D7%A0%D7%A1%D7%99&mid=62657
[2026-03-21T09:27:03.176Z]   SKIP (not in footer/header): https://etgar-hr.co.il/%D7%AA%D7%95%D7%A6%D7%90%D7%95%D7%AA-%D7%97%D7%99%D7%A4%D7%95%D7%A9/?search=%D7%A4%D7%99%D7%A0%D7%A0%D7%A1%D7%99&mid=62725
[2026-03-21T09:27:03.176Z]   SKIP (not in footer/header): https://etgar-hr.co.il/%D7%AA%D7%95%D7%A6%D7%90%D7%95%D7%AA-%D7%97%D7%99%D7%A4%D7%95%D7%A9/?search=%D7%A4%D7%99%D7%A0%D7%A0%D7%A1%D7%99&mid=62735
[2026-03-21T09:27:03.176Z]   SKIP (not in footer/header): https://etgar-hr.co.il/%D7%AA%D7%95%D7%A6%D7%90%D7%95%D7%AA-%D7%97%D7%99%D7%A4%D7%95%D7%A9/?search=%D7%A4%D7%99%D7%A0%D7%A0%D7%A1%D7%99&mid=62766
[2026-03-21T09:27:03.176Z]   SKIP (not in footer/header): https://etgar-hr.co.il/%D7%AA%D7%95%D7%A6%D7%90%D7%95%D7%AA-%D7%97%D7%99%D7%A4%D7%95%D7%A9/?search=%D7%A4%D7%99%D7%A0%D7%A0%D7%A1%D7%99&mid=62866
[2026-03-21T09:27:03.176Z]   SKIP (not in footer/header): https://etgar-hr.co.il/%D7%AA%D7%95%D7%A6%D7%90%D7%95%D7%AA-%D7%97%D7%99%D7%A4%D7%95%D7%A9/?search=%D7%A4%D7%99%D7%A0%D7%A0%D7%A1%D7%99&mid=62869
[2026-03-21T09:27:03.176Z]   SKIP (not in footer/header): https://etgar-hr.co.il/%D7%AA%D7%95%D7%A6%D7%90%D7%95%D7%AA-%D7%97%D7%99%D7%A4%D7%95%D7%A9/?search=%D7%A4%D7%A8%D7%A1%D7%95%D7%9D+%D7%95%D7%A9%D7%99%D7%95%D7%95%D7%A7&mid=62580
[2026-03-21T09:27:03.176Z]   SKIP (not in footer/header): https://etgar-hr.co.il/%D7%AA%D7%95%D7%A6%D7%90%D7%95%D7%AA-%D7%97%D7%99%D7%A4%D7%95%D7%A9/?search=%D7%A4%D7%A8%D7%A1%D7%95%D7%9D+%D7%95%D7%A9%D7%99%D7%95%D7%95%D7%A7&mid=62639
[2026-03-21T09:27:03.176Z]   SKIP (not in footer/header): https://etgar-hr.co.il/%D7%AA%D7%95%D7%A6%D7%90%D7%95%D7%AA-%D7%97%D7%99%D7%A4%D7%95%D7%A9/?search=%D7%A4%D7%A8%D7%A1%D7%95%D7%9D+%D7%95%D7%A9%D7%99%D7%95%D7%95%D7%A7&mid=62759
[2026-03-21T09:27:03.176Z]   SKIP (not in footer/header): https://etgar-hr.co.il/%D7%AA%D7%95%D7%A6%D7%90%D7%95%D7%AA-%D7%97%D7%99%D7%A4%D7%95%D7%A9/?search=%D7%A7%D7%99%D7%A8%D7%95%D7%A8+%D7%95%D7%9E%D7%99%D7%96%D7%95%D7%92+%D7%90%D7%95%D7%99%D7%A8&mid=62855
[2026-03-21T09:27:03.176Z]   SKIP (not in footer/header): https://etgar-hr.co.il/%D7%AA%D7%95%D7%A6%D7%90%D7%95%D7%AA-%D7%97%D7%99%D7%A4%D7%95%D7%A9/?search=%D7%A7%D7%99%D7%A8%D7%95%D7%A8+%D7%95%D7%9E%D7%99%D7%96%D7%95%D7%92+%D7%90%D7%95%D7%99%D7%A8&mid=62859
[2026-03-21T09:27:03.176Z]   SKIP (not in footer/header): https://etgar-hr.co.il/%D7%AA%D7%95%D7%A6%D7%90%D7%95%D7%AA-%D7%97%D7%99%D7%A4%D7%95%D7%A9/?search=%D7%A8%D7%9B%D7%A9+%D7%95%D7%A7%D7%A0%D7%99%D7%99%D7%A0%D7%95%D7%AA&mid=62678
[2026-03-21T09:27:03.176Z]   SKIP (not in footer/header): https://etgar-hr.co.il/%D7%AA%D7%95%D7%A6%D7%90%D7%95%D7%AA-%D7%97%D7%99%D7%A4%D7%95%D7%A9/?search=%D7%A8%D7%9B%D7%A9+%D7%95%D7%A7%D7%A0%D7%99%D7%99%D7%A0%D7%95%D7%AA&mid=62819
[2026-03-21T09:27:03.176Z]   SKIP (not in footer/header): https://etgar-hr.co.il/%D7%AA%D7%95%D7%A6%D7%90%D7%95%D7%AA-%D7%97%D7%99%D7%A4%D7%95%D7%A9/?search=%D7%A8%D7%9B%D7%A9+%D7%95%D7%A7%D7%A0%D7%99%D7%99%D7%A0%D7%95%D7%AA&mid=62911
[2026-03-21T09:27:03.176Z]   SKIP (not in footer/header): https://etgar-hr.co.il/%D7%AA%D7%95%D7%A6%D7%90%D7%95%D7%AA-%D7%97%D7%99%D7%A4%D7%95%D7%A9/?search=%D7%A8%D7%9B%D7%A9+%D7%95%D7%A7%D7%A0%D7%99%D7%99%D7%A0%D7%95%D7%AA&mid=62912
[2026-03-21T09:27:03.176Z]   SKIP (not in footer/header): https://etgar-hr.co.il/%D7%AA%D7%95%D7%A6%D7%90%D7%95%D7%AA-%D7%97%D7%99%D7%A4%D7%95%D7%A9/?search=%D7%A8%D7%9B%D7%A9+%D7%95%D7%A7%D7%A0%D7%99%D7%99%D7%A0%D7%95%D7%AA&mid=62916
[2026-03-21T09:27:03.176Z]   SKIP (not in footer/header): https://etgar-hr.co.il/%D7%AA%D7%95%D7%A6%D7%90%D7%95%D7%AA-%D7%97%D7%99%D7%A4%D7%95%D7%A9/?search=%D7%A8%D7%A4%D7%95%D7%90%D7%94+/+%D7%A1%D7%99%D7%A2%D7%95%D7%93&mid=62667
[2026-03-21T09:27:03.176Z]   SKIP (not in footer/header): https://etgar-hr.co.il/%D7%AA%D7%95%D7%A6%D7%90%D7%95%D7%AA-%D7%97%D7%99%D7%A4%D7%95%D7%A9/?search=%D7%A8%D7%A4%D7%95%D7%90%D7%94+/+%D7%A1%D7%99%D7%A2%D7%95%D7%93&mid=62668
[2026-03-21T09:27:03.176Z]   SKIP (not in footer/header): https://etgar-hr.co.il/%D7%AA%D7%95%D7%A6%D7%90%D7%95%D7%AA-%D7%97%D7%99%D7%A4%D7%95%D7%A9/?search=%D7%A8%D7%A4%D7%95%D7%90%D7%94+/+%D7%A1%D7%99%D7%A2%D7%95%D7%93&mid=62670
[2026-03-21T09:27:03.176Z]   SKIP (not in footer/header): https://etgar-hr.co.il/%D7%AA%D7%95%D7%A6%D7%90%D7%95%D7%AA-%D7%97%D7%99%D7%A4%D7%95%D7%A9/?search=%D7%A8%D7%A4%D7%95%D7%90%D7%94+/+%D7%A1%D7%99%D7%A2%D7%95%D7%93&mid=62671
[2026-03-21T09:27:03.176Z]   SKIP (not in footer/header): https://etgar-hr.co.il/%D7%AA%D7%95%D7%A6%D7%90%D7%95%D7%AA-%D7%97%D7%99%D7%A4%D7%95%D7%A9/?search=%D7%A8%D7%A4%D7%95%D7%90%D7%94+/+%D7%A1%D7%99%D7%A2%D7%95%D7%93&mid=62673
[2026-03-21T09:27:03.176Z]   SKIP (not in footer/header): https://etgar-hr.co.il/%D7%AA%D7%95%D7%A6%D7%90%D7%95%D7%AA-%D7%97%D7%99%D7%A4%D7%95%D7%A9/?search=%D7%A8%D7%A4%D7%95%D7%90%D7%94+/+%D7%A1%D7%99%D7%A2%D7%95%D7%93&mid=62674
[2026-03-21T09:27:03.176Z]   SKIP (not in footer/header): https://etgar-hr.co.il/%D7%AA%D7%95%D7%A6%D7%90%D7%95%D7%AA-%D7%97%D7%99%D7%A4%D7%95%D7%A9/?search=%D7%A9%D7%99%D7%A8%D7%95%D7%AA+%D7%9C%D7%A7%D7%95%D7%97%D7%95%D7%AA&mid=62116
[2026-03-21T09:27:03.176Z]   SKIP (not in footer/header): https://etgar-hr.co.il/%D7%AA%D7%95%D7%A6%D7%90%D7%95%D7%AA-%D7%97%D7%99%D7%A4%D7%95%D7%A9/?search=%D7%A9%D7%99%D7%A8%D7%95%D7%AA+%D7%9C%D7%A7%D7%95%D7%97%D7%95%D7%AA&mid=62573
[2026-03-21T09:27:03.177Z]   SKIP (not in footer/header): https://etgar-hr.co.il/%D7%AA%D7%95%D7%A6%D7%90%D7%95%D7%AA-%D7%97%D7%99%D7%A4%D7%95%D7%A9/?search=%D7%A9%D7%9E%D7%99%D7%A8%D7%94+/+%D7%90%D7%91%D7%98%D7%97%D7%94&mid=62867
[2026-03-21T09:27:03.177Z]   SKIP (not in footer/header): https://etgar-hr.co.il/%D7%AA%D7%95%D7%A6%D7%90%D7%95%D7%AA-%D7%97%D7%99%D7%A4%D7%95%D7%A9/?search=%D7%A9%D7%9E%D7%99%D7%A8%D7%94+/+%D7%90%D7%91%D7%98%D7%97%D7%94&mid=62868
[2026-03-21T09:27:03.177Z]   SKIP (not in footer/header): https://etgar-hr.co.il/%D7%AA%D7%95%D7%A6%D7%90%D7%95%D7%AA-%D7%97%D7%99%D7%A4%D7%95%D7%A9/?search=%D7%A9%D7%9E%D7%99%D7%A8%D7%94+/+%D7%90%D7%91%D7%98%D7%97%D7%94&mid=62870
[2026-03-21T09:27:03.177Z]   SKIP (not in footer/header): https://etgar-hr.co.il/%D7%AA%D7%95%D7%A6%D7%90%D7%95%D7%AA-%D7%97%D7%99%D7%A4%D7%95%D7%A9/?search=%D7%A9%D7%9E%D7%99%D7%A8%D7%94+/+%D7%90%D7%91%D7%98%D7%97%D7%94&mid=62872
[2026-03-21T09:27:03.177Z]   SKIP (not in footer/header): https://etgar-hr.co.il/%D7%AA%D7%95%D7%A6%D7%90%D7%95%D7%AA-%D7%97%D7%99%D7%A4%D7%95%D7%A9/?search=%D7%A9%D7%9E%D7%99%D7%A8%D7%94+/+%D7%90%D7%91%D7%98%D7%97%D7%94&mid=62873
[2026-03-21T09:27:03.177Z]   SKIP (not in footer/header): https://etgar-hr.co.il/%D7%AA%D7%95%D7%A6%D7%90%D7%95%D7%AA-%D7%97%D7%99%D7%A4%D7%95%D7%A9/?search=%D7%AA%D7%A2%D7%A9%D7%99%D7%94+%D7%95%D7%A0%D7%99%D7%94%D7%95%D7%9C&mid=62142
[2026-03-21T09:27:03.177Z]   SKIP (not in footer/header): https://etgar-hr.co.il/%D7%AA%D7%95%D7%A6%D7%90%D7%95%D7%AA-%D7%97%D7%99%D7%A4%D7%95%D7%A9/?search=%D7%AA%D7%A2%D7%A9%D7%99%D7%94+%D7%95%D7%A0%D7%99%D7%94%D7%95%D7%9C&mid=62269
[2026-03-21T09:27:03.177Z]   SKIP (not in footer/header): https://etgar-hr.co.il/%D7%AA%D7%95%D7%A6%D7%90%D7%95%D7%AA-%D7%97%D7%99%D7%A4%D7%95%D7%A9/?search=%D7%AA%D7%A2%D7%A9%D7%99%D7%94+%D7%95%D7%A0%D7%99%D7%94%D7%95%D7%9C&mid=62608
[2026-03-21T09:27:03.177Z]   SKIP (not in footer/header): https://etgar-hr.co.il/%D7%AA%D7%95%D7%A6%D7%90%D7%95%D7%AA-%D7%97%D7%99%D7%A4%D7%95%D7%A9/?search=%D7%AA%D7%A2%D7%A9%D7%99%D7%94+%D7%95%D7%A0%D7%99%D7%94%D7%95%D7%9C&mid=62651
[2026-03-21T09:27:03.177Z]   SKIP (not in footer/header): https://etgar-hr.co.il/%D7%AA%D7%95%D7%A6%D7%90%D7%95%D7%AA-%D7%97%D7%99%D7%A4%D7%95%D7%A9/?search=%D7%AA%D7%A2%D7%A9%D7%99%D7%94+%D7%95%D7%A0%D7%99%D7%94%D7%95%D7%9C&mid=62680
[2026-03-21T09:27:03.177Z]   SKIP (not in footer/header): https://etgar-hr.co.il/%D7%AA%D7%95%D7%A6%D7%90%D7%95%D7%AA-%D7%97%D7%99%D7%A4%D7%95%D7%A9/?search=%D7%AA%D7%A2%D7%A9%D7%99%D7%94+%D7%95%D7%A0%D7%99%D7%94%D7%95%D7%9C&mid=62803
[2026-03-21T09:27:03.177Z] Step 2b result: added 0 uncategorized domains from footer/header
[2026-03-21T09:27:03.177Z] ── Step 2c: YouTube channel handle resolution ──
[2026-03-21T09:27:03.177Z]   YOUTUBE: no ytc entries to resolve
[2026-03-21T09:27:03.177Z] ── Step 3: Final dedup ──
[2026-03-21T09:27:03.177Z] No urls to dedup
[2026-03-21T09:27:03.177Z] ── FINAL RESULT ──
[2026-03-21T09:27:03.177Z]   ws (1):
[2026-03-21T09:27:03.177Z]     - https://etgar-hr.com
[2026-03-21T09:27:03.177Z]   fb (1):
[2026-03-21T09:27:03.177Z]     - https://www.facebook.com/%d7%90%d7%aa%d7%92%d7%a8-%d7%9e%d7%a9%d7%90%d7%91%d7%99-%d7%90%d7%a0%d7%95%d7%a9-205222022945305
[2026-03-21T09:27:03.177Z] Summary: ws:1, fb:1
[2026-03-21T09:27:03.178Z] Saved final result to result.json
[2026-03-21T09:27:03.178Z] Override fields: ws, fb
[2026-03-21T09:27:03.178Z] Finished at: 2026-03-21T09:27:03.178Z
