[2026-03-13T06:27:45.964Z] === Homepage AI Extractor: Planr ===
[2026-03-13T06:27:45.964Z] Started at: 2026-03-13T06:27:45.964Z
[2026-03-13T06:27:45.964Z] Log directory: E:\code\The Wall\mono\packages\scrapper\logs\homepage_ai_extractor\1773383265963_Planr
[2026-03-13T06:27:45.964Z] Company: Planr
[2026-03-13T06:27:45.965Z] Website: planr.ai
[2026-03-13T06:27:45.965Z] cbRank: 1020921
[2026-03-13T06:27:45.965Z] Reasons: h
[2026-03-13T06:27:45.965Z] Fetching: https://planr.ai
[2026-03-13T06:27:49.177Z] Redirected: https://planr.ai -> https://planr.ai/
[2026-03-13T06:27:49.190Z] Saved HTML (190170 bytes) to page.html
[2026-03-13T06:27:49.206Z] Extracted 857 unique links from page
[2026-03-13T06:27:49.207Z] Saved 857 links to links.json
[2026-03-13T06:27:49.213Z] No footer section found in DOM
[2026-03-13T06:27:49.213Z] No header section found in DOM
[2026-03-13T06:27:49.219Z] Website (post-redirect): https://planr.ai/ → origin: https://planr.ai
[2026-03-13T06:27:49.230Z] External links: 856 (of 857 total)
[2026-03-13T06:27:49.230Z] ── All external links ──
[2026-03-13T06:27:49.230Z]   EXT: https://403.xyz
[2026-03-13T06:27:49.230Z]   EXT: https://accelerator.sh
[2026-03-13T06:27:49.230Z]   EXT: https://accs.ai
[2026-03-13T06:27:49.230Z]   EXT: https://active.xyz
[2026-03-13T06:27:49.230Z]   EXT: https://adpt.ai
[2026-03-13T06:27:49.230Z]   EXT: https://ads.sh
[2026-03-13T06:27:49.230Z]   EXT: https://adv.sh
[2026-03-13T06:27:49.231Z]   EXT: https://afi.xyz
[2026-03-13T06:27:49.231Z]   EXT: https://afternoon.ai
[2026-03-13T06:27:49.231Z]   EXT: https://aftr.io
[2026-03-13T06:27:49.231Z]   EXT: https://again.gg
[2026-03-13T06:27:49.231Z]   EXT: https://ai16z.com
[2026-03-13T06:27:49.231Z]   EXT: https://ailina.ai
[2026-03-13T06:27:49.231Z]   EXT: https://aldia.io
[2026-03-13T06:27:49.231Z]   EXT: https://alerts.to
[2026-03-13T06:27:49.231Z]   EXT: https://algo.ag
[2026-03-13T06:27:49.231Z]   EXT: https://alone.gg
[2026-03-13T06:27:49.232Z]   EXT: https://alts.gg
[2026-03-13T06:27:49.232Z]   EXT: https://alts.to
[2026-03-13T06:27:49.232Z]   EXT: https://analysis.gg
[2026-03-13T06:27:49.232Z]   EXT: https://analyze.gg
[2026-03-13T06:27:49.232Z]   EXT: https://ancestor.ai
[2026-03-13T06:27:49.232Z]   EXT: https://anon.sh
[2026-03-13T06:27:49.232Z]   EXT: https://anonymized.io
[2026-03-13T06:27:49.232Z]   EXT: https://anything.sh
[2026-03-13T06:27:49.232Z]   EXT: https://anywhere.sh
[2026-03-13T06:27:49.232Z]   EXT: https://apk.sh
[2026-03-13T06:27:49.232Z]   EXT: https://appropriate.ai
[2026-03-13T06:27:49.232Z]   EXT: https://approve.sh
[2026-03-13T06:27:49.233Z]   EXT: https://apy.ai
[2026-03-13T06:27:49.233Z]   EXT: https://apy.gg
[2026-03-13T06:27:49.233Z]   EXT: https://archer.sh
[2026-03-13T06:27:49.233Z]   EXT: https://aslr.io
[2026-03-13T06:27:49.233Z]   EXT: https://assistor.ai
[2026-03-13T06:27:49.233Z]   EXT: https://assistors.ai
[2026-03-13T06:27:49.233Z]   EXT: https://ath.ai
[2026-03-13T06:27:49.233Z]   EXT: https://atl.ai
[2026-03-13T06:27:49.233Z]   EXT: https://atom.sh
[2026-03-13T06:27:49.233Z]   EXT: https://atomif.ai
[2026-03-13T06:27:49.233Z]   EXT: https://attacker.sh
[2026-03-13T06:27:49.234Z]   EXT: https://attributed.io
[2026-03-13T06:27:49.234Z]   EXT: https://atx.xyz
[2026-03-13T06:27:49.234Z]   EXT: https://audits.ai
[2026-03-13T06:27:49.234Z]   EXT: https://aura.ag
[2026-03-13T06:27:49.235Z]   EXT: https://autumn.gg
[2026-03-13T06:27:49.235Z]   EXT: https://avoir.io
[2026-03-13T06:27:49.235Z]   EXT: https://awesome.sh
[2026-03-13T06:27:49.235Z]   EXT: https://bang.sh
[2026-03-13T06:27:49.235Z]   EXT: https://based.cc
[2026-03-13T06:27:49.235Z]   EXT: https://beach.xyz
[2026-03-13T06:27:49.236Z]   EXT: https://beast.sh
[2026-03-13T06:27:49.236Z]   EXT: https://beast.ws
[2026-03-13T06:27:49.236Z]   EXT: https://bid.gg
[2026-03-13T06:27:49.236Z]   EXT: https://black.xyz
[2026-03-13T06:27:49.236Z]   EXT: https://ble.ai
[2026-03-13T06:27:49.236Z]   EXT: https://bliss.xyz
[2026-03-13T06:27:49.236Z]   EXT: https://block.ag
[2026-03-13T06:27:49.236Z]   EXT: https://blog.ly
[2026-03-13T06:27:49.237Z]   EXT: https://bluid.ai
[2026-03-13T06:27:49.237Z]   EXT: https://bluid.sh
[2026-03-13T06:27:49.237Z]   EXT: https://bluid.xyz
[2026-03-13T06:27:49.237Z]   EXT: https://bngr.xyz
[2026-03-13T06:27:49.237Z]   EXT: https://bnkd.xyz
[2026-03-13T06:27:49.237Z]   EXT: https://bnkr.ai
[2026-03-13T06:27:49.237Z]   EXT: https://boite.ai
[2026-03-13T06:27:49.237Z]   EXT: https://boite.co
[2026-03-13T06:27:49.238Z]   EXT: https://bookers.ai
[2026-03-13T06:27:49.238Z]   EXT: https://boom.sh
[2026-03-13T06:27:49.238Z]   EXT: https://boon.sh
[2026-03-13T06:27:49.238Z]   EXT: https://boost.ws
[2026-03-13T06:27:49.238Z]   EXT: https://botnet.sh
[2026-03-13T06:27:49.238Z]   EXT: https://boudeuse.com
[2026-03-13T06:27:49.238Z]   EXT: https://boudeuse.net
[2026-03-13T06:27:49.238Z]   EXT: https://bounties.co
[2026-03-13T06:27:49.238Z]   EXT: https://bounties.io
[2026-03-13T06:27:49.239Z]   EXT: https://bpm.ag
[2026-03-13T06:27:49.239Z]   EXT: https://brainstorm.sh
[2026-03-13T06:27:49.239Z]   EXT: https://breach.sh
[2026-03-13T06:27:49.239Z]   EXT: https://breakouts.ai
[2026-03-13T06:27:49.239Z]   EXT: https://brief.sh
[2026-03-13T06:27:49.239Z]   EXT: https://bring.sh
[2026-03-13T06:27:49.239Z]   EXT: https://brokr.xyz
[2026-03-13T06:27:49.239Z]   EXT: https://btwn.ai
[2026-03-13T06:27:49.239Z]   EXT: https://bubl.ai
[2026-03-13T06:27:49.239Z]   EXT: https://buc.xyz
[2026-03-13T06:27:49.240Z]   EXT: https://build.space
[2026-03-13T06:27:49.240Z]   EXT: https://bunker.ai
[2026-03-13T06:27:49.240Z]   EXT: https://bunker.sh
[2026-03-13T06:27:49.240Z]   EXT: https://buoy.sh
[2026-03-13T06:27:49.240Z]   EXT: https://burn.sh
[2026-03-13T06:27:49.240Z]   EXT: https://ca.xyz
[2026-03-13T06:27:49.240Z]   EXT: https://cab.xyz
[2026-03-13T06:27:49.241Z]   EXT: https://cabal.sh
[2026-03-13T06:27:49.241Z]   EXT: https://caffeine.sh
[2026-03-13T06:27:49.241Z]   EXT: https://callbacks.ai
[2026-03-13T06:27:49.241Z]   EXT: https://calm.sh
[2026-03-13T06:27:49.241Z]   EXT: https://calory.io
[2026-03-13T06:27:49.241Z]   EXT: https://calory.xyz
[2026-03-13T06:27:49.241Z]   EXT: https://camp.ws
[2026-03-13T06:27:49.241Z]   EXT: https://capital.sh
[2026-03-13T06:27:49.241Z]   EXT: https://cappuccino.ai
[2026-03-13T06:27:49.242Z]   EXT: https://casa.xyz
[2026-03-13T06:27:49.242Z]   EXT: https://castle.sh
[2026-03-13T06:27:49.242Z]   EXT: https://catium.ai
[2026-03-13T06:27:49.242Z]   EXT: https://catium.io
[2026-03-13T06:27:49.242Z]   EXT: https://catya.io
[2026-03-13T06:27:49.242Z]   EXT: https://certificate.sh
[2026-03-13T06:27:49.242Z]   EXT: https://chapel.ai
[2026-03-13T06:27:49.242Z]   EXT: https://char.sh
[2026-03-13T06:27:49.243Z]   EXT: https://charts.sh
[2026-03-13T06:27:49.243Z]   EXT: https://charts.to
[2026-03-13T06:27:49.243Z]   EXT: https://chck.xyz
[2026-03-13T06:27:49.243Z]   EXT: https://check.xyz
[2026-03-13T06:27:49.243Z]   EXT: https://checked.xyz
[2026-03-13T06:27:49.243Z]   EXT: https://checksum.io
[2026-03-13T06:27:49.244Z]   EXT: https://cheesecake.ai
[2026-03-13T06:27:49.244Z]   EXT: https://chk.xyz
[2026-03-13T06:27:49.244Z]   EXT: https://chrt.xyz
[2026-03-13T06:27:49.244Z]   EXT: https://circuit.sh
[2026-03-13T06:27:49.244Z]   EXT: https://cirius.io
[2026-03-13T06:27:49.244Z]   EXT: https://citadel.sh
[2026-03-13T06:27:49.245Z]   EXT: https://claim.ag
[2026-03-13T06:27:49.245Z]   EXT: https://clarif.ai
[2026-03-13T06:27:49.245Z]   EXT: https://clarifier.io
[2026-03-13T06:27:49.245Z]   EXT: https://client.sh
[2026-03-13T06:27:49.245Z]   EXT: https://clip.sh
[2026-03-13T06:27:49.245Z]   EXT: https://cloq.io
[2026-03-13T06:27:49.245Z]   EXT: https://close.gg
[2026-03-13T06:27:49.245Z]   EXT: https://cloud.ws
[2026-03-13T06:27:49.245Z]   EXT: https://cna.xyz
[2026-03-13T06:27:49.246Z]   EXT: https://coast.gg
[2026-03-13T06:27:49.246Z]   EXT: https://cold.sh
[2026-03-13T06:27:49.246Z]   EXT: https://collectify.ai
[2026-03-13T06:27:49.246Z]   EXT: https://collector.sh
[2026-03-13T06:27:49.246Z]   EXT: https://colossus.gg
[2026-03-13T06:27:49.246Z]   EXT: https://comment.ly
[2026-03-13T06:27:49.246Z]   EXT: https://commit.sh
[2026-03-13T06:27:49.246Z]   EXT: https://community.xyz
[2026-03-13T06:27:49.246Z]   EXT: https://compass.sh
[2026-03-13T06:27:49.247Z]   EXT: https://compendium.io
[2026-03-13T06:27:49.247Z]   EXT: https://compta.io
[2026-03-13T06:27:49.247Z]   EXT: https://con.xyz
[2026-03-13T06:27:49.247Z]   EXT: https://consult.sh
[2026-03-13T06:27:49.247Z]   EXT: https://consulting.sh
[2026-03-13T06:27:49.248Z]   EXT: https://contain.io
[2026-03-13T06:27:49.248Z]   EXT: https://contributor.ai
[2026-03-13T06:27:49.248Z]   EXT: https://controller.sh
[2026-03-13T06:27:49.248Z]   EXT: https://coordinators.ai
[2026-03-13T06:27:49.248Z]   EXT: https://cord.sh
[2026-03-13T06:27:49.248Z]   EXT: https://corner.sh
[2026-03-13T06:27:49.248Z]   EXT: https://could.cc
[2026-03-13T06:27:49.249Z]   EXT: https://coupable.co
[2026-03-13T06:27:49.249Z]   EXT: https://coupable.com
[2026-03-13T06:27:49.249Z]   EXT: https://coupable.io
[2026-03-13T06:27:49.249Z]   EXT: https://coupable.xyz
[2026-03-13T06:27:49.249Z]   EXT: https://coupon.ag
[2026-03-13T06:27:49.249Z]   EXT: https://coupons.sh
[2026-03-13T06:27:49.249Z]   EXT: https://covr.ai
[2026-03-13T06:27:49.250Z]   EXT: https://cranberry.ai
[2026-03-13T06:27:49.250Z]   EXT: https://crazy.sh
[2026-03-13T06:27:49.250Z]   EXT: https://create.sh
[2026-03-13T06:27:49.250Z]   EXT: https://crime.sh
[2026-03-13T06:27:49.250Z]   EXT: https://crm.so
[2026-03-13T06:27:49.250Z]   EXT: https://cross.sh
[2026-03-13T06:27:49.250Z]   EXT: https://cryptonium.ai
[2026-03-13T06:27:49.250Z]   EXT: https://cryptonium.gg
[2026-03-13T06:27:49.250Z]   EXT: https://cryptonium.xyz
[2026-03-13T06:27:49.250Z]   EXT: https://ctrlc.xyz
[2026-03-13T06:27:49.251Z]   EXT: https://culminate.xyz
[2026-03-13T06:27:49.251Z]   EXT: https://curate.sh
[2026-03-13T06:27:49.251Z]   EXT: https://customer.gg
[2026-03-13T06:27:49.251Z]   EXT: https://cyber.io
[2026-03-13T06:27:49.251Z]   EXT: https://cyber.vc
[2026-03-13T06:27:49.251Z]   EXT: https://cybersecurity.sh
[2026-03-13T06:27:49.251Z]   EXT: https://cyrus.sh
[2026-03-13T06:27:49.251Z]   EXT: https://dangerous.ly
[2026-03-13T06:27:49.252Z]   EXT: https://dao.io
[2026-03-13T06:27:49.252Z]   EXT: https://data.wtf
[2026-03-13T06:27:49.252Z]   EXT: https://decoding.ai
[2026-03-13T06:27:49.252Z]   EXT: https://decrypt.sh
[2026-03-13T06:27:49.252Z]   EXT: https://defndr.xyz
[2026-03-13T06:27:49.252Z]   EXT: https://defx.xyz
[2026-03-13T06:27:49.252Z]   EXT: https://degen.sh
[2026-03-13T06:27:49.252Z]   EXT: https://degenerate.co
[2026-03-13T06:27:49.252Z]   EXT: https://demain.ai
[2026-03-13T06:27:49.252Z]   EXT: https://demex.io
[2026-03-13T06:27:49.253Z]   EXT: https://demography.io
[2026-03-13T06:27:49.253Z]   EXT: https://demography.xyz
[2026-03-13T06:27:49.253Z]   EXT: https://depin.sh
[2026-03-13T06:27:49.253Z]   EXT: https://derived.xyz
[2026-03-13T06:27:49.253Z]   EXT: https://desci.ag
[2026-03-13T06:27:49.253Z]   EXT: https://desk.to
[2026-03-13T06:27:49.253Z]   EXT: https://detection.sh
[2026-03-13T06:27:49.253Z]   EXT: https://developpeur.ai
[2026-03-13T06:27:49.254Z]   EXT: https://developpeur.co
[2026-03-13T06:27:49.254Z]   EXT: https://df.to
[2026-03-13T06:27:49.254Z]   EXT: https://dfnd.xyz
[2026-03-13T06:27:49.254Z]   EXT: https://dgn.sh
[2026-03-13T06:27:49.254Z]   EXT: https://diameter.xyz
[2026-03-13T06:27:49.254Z]   EXT: https://dice.sh
[2026-03-13T06:27:49.254Z]   EXT: https://directives.ai
[2026-03-13T06:27:49.254Z]   EXT: https://directly.to
[2026-03-13T06:27:49.255Z]   EXT: https://disassemble.io
[2026-03-13T06:27:49.255Z]   EXT: https://disturb.xyz
[2026-03-13T06:27:49.255Z]   EXT: https://dividend.gg
[2026-03-13T06:27:49.255Z]   EXT: https://dividend.sh
[2026-03-13T06:27:49.255Z]   EXT: https://dividends.gg
[2026-03-13T06:27:49.255Z]   EXT: https://dividends.sh
[2026-03-13T06:27:49.255Z]   EXT: https://divs.ai
[2026-03-13T06:27:49.255Z]   EXT: https://djs.xyz
[2026-03-13T06:27:49.256Z]   EXT: https://dmns.io
[2026-03-13T06:27:49.256Z]   EXT: https://document.sh
[2026-03-13T06:27:49.256Z]   EXT: https://domain.report
[2026-03-13T06:27:49.256Z]   EXT: https://domains.sh
[2026-03-13T06:27:49.256Z]   EXT: https://domains.space
[2026-03-13T06:27:49.256Z]   EXT: https://doom.sh
[2026-03-13T06:27:49.256Z]   EXT: https://dopamine.gg
[2026-03-13T06:27:49.256Z]   EXT: https://dpth.ai
[2026-03-13T06:27:49.257Z]   EXT: https://draft.to
[2026-03-13T06:27:49.257Z]   EXT: https://dressed.ai
[2026-03-13T06:27:49.257Z]   EXT: https://drift.sh
[2026-03-13T06:27:49.257Z]   EXT: https://drive.ws
[2026-03-13T06:27:49.257Z]   EXT: https://dropzone.cc
[2026-03-13T06:27:49.257Z]   EXT: https://dual.sh
[2026-03-13T06:27:49.257Z]   EXT: https://dubai.sh
[2026-03-13T06:27:49.258Z]   EXT: https://due.sh
[2026-03-13T06:27:49.258Z]   EXT: https://duz.ai
[2026-03-13T06:27:49.258Z]   EXT: https://duz.io
[2026-03-13T06:27:49.258Z]   EXT: https://duzz.io
[2026-03-13T06:27:49.258Z]   EXT: https://dvgt.ai
[2026-03-13T06:27:49.258Z]   EXT: https://dvgt.com
[2026-03-13T06:27:49.258Z]   EXT: https://dvgt.io
[2026-03-13T06:27:49.259Z]   EXT: https://dvgt.net
[2026-03-13T06:27:49.259Z]   EXT: https://dvgt.xyz
[2026-03-13T06:27:49.259Z]   EXT: https://dvrgt.ai
[2026-03-13T06:27:49.259Z]   EXT: https://dvrgt.com
[2026-03-13T06:27:49.259Z]   EXT: https://dvrgt.io
[2026-03-13T06:27:49.259Z]   EXT: https://dvrgt.net
[2026-03-13T06:27:49.259Z]   EXT: https://dxb.me
[2026-03-13T06:27:49.260Z]   EXT: https://dxb.sh
[2026-03-13T06:27:49.260Z]   EXT: https://earn.sh
[2026-03-13T06:27:49.260Z]   EXT: https://easy.to
[2026-03-13T06:27:49.260Z]   EXT: https://ecommerce.sh
[2026-03-13T06:27:49.260Z]   EXT: https://ecstatic.ai
[2026-03-13T06:27:49.260Z]   EXT: https://eden.sh
[2026-03-13T06:27:49.260Z]   EXT: https://einstein.sh
[2026-03-13T06:27:49.260Z]   EXT: https://elle.xyz
[2026-03-13T06:27:49.261Z]   EXT: https://elonmusk.ai
[2026-03-13T06:27:49.261Z]   EXT: https://emporium.gg
[2026-03-13T06:27:49.261Z]   EXT: https://ena.ag
[2026-03-13T06:27:49.261Z]   EXT: https://ena.gg
[2026-03-13T06:27:49.261Z]   EXT: https://enablr.io
[2026-03-13T06:27:49.261Z]   EXT: https://endpoints.ai
[2026-03-13T06:27:49.261Z]   EXT: https://endpt.ai
[2026-03-13T06:27:49.262Z]   EXT: https://endpt.xyz
[2026-03-13T06:27:49.262Z]   EXT: https://endpts.ai
[2026-03-13T06:27:49.262Z]   EXT: https://endpts.xyz
[2026-03-13T06:27:49.262Z]   EXT: https://erly.ai
[2026-03-13T06:27:49.262Z]   EXT: https://escape.sh
[2026-03-13T06:27:49.262Z]   EXT: https://escargot.io
[2026-03-13T06:27:49.262Z]   EXT: https://eta.sh
[2026-03-13T06:27:49.263Z]   EXT: https://etch.sh
[2026-03-13T06:27:49.263Z]   EXT: https://ethereum.to
[2026-03-13T06:27:49.263Z]   EXT: https://ethyl.io
[2026-03-13T06:27:49.263Z]   EXT: https://everything.sh
[2026-03-13T06:27:49.263Z]   EXT: https://evm.gg
[2026-03-13T06:27:49.263Z]   EXT: https://evnt.ai
[2026-03-13T06:27:49.263Z]   EXT: https://evnts.ai
[2026-03-13T06:27:49.263Z]   EXT: https://evnts.xyz
[2026-03-13T06:27:49.263Z]   EXT: https://exact.sh
[2026-03-13T06:27:49.264Z]   EXT: https://executives.ai
[2026-03-13T06:27:49.264Z]   EXT: https://expert.sh
[2026-03-13T06:27:49.264Z]   EXT: https://expired.ai
[2026-03-13T06:27:49.264Z]   EXT: https://exploiter.io
[2026-03-13T06:27:49.264Z]   EXT: https://explorer.ag
[2026-03-13T06:27:49.264Z]   EXT: https://faders.ai
[2026-03-13T06:27:49.264Z]   EXT: https://fashion.sh
[2026-03-13T06:27:49.264Z]   EXT: https://feed.ws
[2026-03-13T06:27:49.264Z]   EXT: https://feer.io
[2026-03-13T06:27:49.265Z]   EXT: https://fib.sh
[2026-03-13T06:27:49.265Z]   EXT: https://fic.xyz
[2026-03-13T06:27:49.265Z]   EXT: https://firearm.io
[2026-03-13T06:27:49.265Z]   EXT: https://fit.xyz
[2026-03-13T06:27:49.265Z]   EXT: https://fitness.xyz
[2026-03-13T06:27:49.265Z]   EXT: https://fix.sh
[2026-03-13T06:27:49.265Z]   EXT: https://flashloan.ai
[2026-03-13T06:27:49.265Z]   EXT: https://flashloan.co
[2026-03-13T06:27:49.266Z]   EXT: https://flashloan.io
[2026-03-13T06:27:49.266Z]   EXT: https://flashloan.net
[2026-03-13T06:27:49.266Z]   EXT: https://flashloan.xyz
[2026-03-13T06:27:49.266Z]   EXT: https://flavored.io
[2026-03-13T06:27:49.266Z]   EXT: https://flay.xyz
[2026-03-13T06:27:49.266Z]   EXT: https://flwr.ai
[2026-03-13T06:27:49.266Z]   EXT: https://focusing.ai
[2026-03-13T06:27:49.266Z]   EXT: https://focusing.co
[2026-03-13T06:27:49.266Z]   EXT: https://folding.io
[2026-03-13T06:27:49.267Z]   EXT: https://fomo.sh
[2026-03-13T06:27:49.267Z]   EXT: https://forever.sh
[2026-03-13T06:27:49.267Z]   EXT: https://forex.xyz
[2026-03-13T06:27:49.267Z]   EXT: https://forfeit.io
[2026-03-13T06:27:49.267Z]   EXT: https://fortify.sh
[2026-03-13T06:27:49.267Z]   EXT: https://fractl.ai
[2026-03-13T06:27:49.267Z]   EXT: https://freebox.io
[2026-03-13T06:27:49.267Z]   EXT: https://freelance.sh
[2026-03-13T06:27:49.268Z]   EXT: https://frks.io
[2026-03-13T06:27:49.268Z]   EXT: https://frsh.ai
[2026-03-13T06:27:49.268Z]   EXT: https://fud.sh
[2026-03-13T06:27:49.268Z]   EXT: https://ful.xyz
[2026-03-13T06:27:49.268Z]   EXT: https://function.sh
[2026-03-13T06:27:49.268Z]   EXT: https://fup.io
[2026-03-13T06:27:49.268Z]   EXT: https://fx.xyz
[2026-03-13T06:27:49.268Z]   EXT: https://fyp.sh
[2026-03-13T06:27:49.268Z]   EXT: https://gallery.sh
[2026-03-13T06:27:49.269Z]   EXT: https://gambit.sh
[2026-03-13T06:27:49.269Z]   EXT: https://gamr.ai
[2026-03-13T06:27:49.269Z]   EXT: https://gane.io
[2026-03-13T06:27:49.269Z]   EXT: https://geishas.ai
[2026-03-13T06:27:49.269Z]   EXT: https://generators.ai
[2026-03-13T06:27:49.269Z]   EXT: https://geniusmind.ai
[2026-03-13T06:27:49.269Z]   EXT: https://geolocation.me
[2026-03-13T06:27:49.269Z]   EXT: https://gfe.xyz
[2026-03-13T06:27:49.269Z]   EXT: https://ghetto.xyz
[2026-03-13T06:27:49.270Z]   EXT: https://ghost.ag
[2026-03-13T06:27:49.270Z]   EXT: https://gig.to
[2026-03-13T06:27:49.270Z]   EXT: https://glorif.ai
[2026-03-13T06:27:49.270Z]   EXT: https://glss.io
[2026-03-13T06:27:49.270Z]   EXT: https://gmbl.xyz
[2026-03-13T06:27:49.270Z]   EXT: https://goaty.ai
[2026-03-13T06:27:49.270Z]   EXT: https://goaty.io
[2026-03-13T06:27:49.270Z]   EXT: https://gpu.ag
[2026-03-13T06:27:49.270Z]   EXT: https://gram.sh
[2026-03-13T06:27:49.271Z]   EXT: https://gravity.sh
[2026-03-13T06:27:49.271Z]   EXT: https://gray.sh
[2026-03-13T06:27:49.271Z]   EXT: https://great.ws
[2026-03-13T06:27:49.271Z]   EXT: https://greyhat.ai
[2026-03-13T06:27:49.271Z]   EXT: https://guest.to
[2026-03-13T06:27:49.271Z]   EXT: https://gun.sh
[2026-03-13T06:27:49.271Z]   EXT: https://gym.xyz
[2026-03-13T06:27:49.271Z]   EXT: https://h-d.ai
[2026-03-13T06:27:49.271Z]   EXT: https://happii.io
[2026-03-13T06:27:49.271Z]   EXT: https://hard.sh
[2026-03-13T06:27:49.272Z]   EXT: https://hckr.ai
[2026-03-13T06:27:49.272Z]   EXT: https://hckr.xyz
[2026-03-13T06:27:49.272Z]   EXT: https://hdd.sh
[2026-03-13T06:27:49.272Z]   EXT: https://hedged.xyz
[2026-03-13T06:27:49.272Z]   EXT: https://here.gg
[2026-03-13T06:27:49.272Z]   EXT: https://heuristic.sh
[2026-03-13T06:27:49.272Z]   EXT: https://hevn.ai
[2026-03-13T06:27:49.273Z]   EXT: https://hexa.sh
[2026-03-13T06:27:49.273Z]   EXT: https://hidden.sh
[2026-03-13T06:27:49.273Z]   EXT: https://hide.xyz
[2026-03-13T06:27:49.273Z]   EXT: https://hmbl.io
[2026-03-13T06:27:49.273Z]   EXT: https://hmbl.xyz
[2026-03-13T06:27:49.273Z]   EXT: https://holding.io
[2026-03-13T06:27:49.273Z]   EXT: https://hookd.ai
[2026-03-13T06:27:49.273Z]   EXT: https://hub.sh
[2026-03-13T06:27:49.273Z]   EXT: https://hydrogen.sh
[2026-03-13T06:27:49.274Z]   EXT: https://hypertension.io
[2026-03-13T06:27:49.274Z]   EXT: https://ibull.io
[2026-03-13T06:27:49.274Z]   EXT: https://icv.xyz
[2026-03-13T06:27:49.274Z]   EXT: https://idgaf.io
[2026-03-13T06:27:49.274Z]   EXT: https://imge.ai
[2026-03-13T06:27:49.274Z]   EXT: https://imitative.ai
[2026-03-13T06:27:49.275Z]   EXT: https://impossib.ly
[2026-03-13T06:27:49.275Z]   EXT: https://incognito.to
[2026-03-13T06:27:49.275Z]   EXT: https://incubator.sh
[2026-03-13T06:27:49.275Z]   EXT: https://indexfund.ai
[2026-03-13T06:27:49.275Z]   EXT: https://infiltrate.io
[2026-03-13T06:27:49.275Z]   EXT: https://infinit.ai
[2026-03-13T06:27:49.275Z]   EXT: https://inspector.sh
[2026-03-13T06:27:49.276Z]   EXT: https://install.cc
[2026-03-13T06:27:49.276Z]   EXT: https://interface.sh
[2026-03-13T06:27:49.276Z]   EXT: https://intrusion.io
[2026-03-13T06:27:49.276Z]   EXT: https://invisible.sh
[2026-03-13T06:27:49.276Z]   EXT: https://ironic.xyz
[2026-03-13T06:27:49.276Z]   EXT: https://isp.xyz
[2026-03-13T06:27:49.276Z]   EXT: https://jailbreak.sh
[2026-03-13T06:27:49.276Z]   EXT: https://jbs.ai
[2026-03-13T06:27:49.277Z]   EXT: https://jrnl.ag
[2026-03-13T06:27:49.277Z]   EXT: https://jrnl.ai
[2026-03-13T06:27:49.277Z]   EXT: https://jrnl.xyz
[2026-03-13T06:27:49.277Z]   EXT: https://jum.ai
[2026-03-13T06:27:49.277Z]   EXT: https://jup.info
[2026-03-13T06:27:49.277Z]   EXT: https://katium.ai
[2026-03-13T06:27:49.277Z]   EXT: https://katium.io
[2026-03-13T06:27:49.277Z]   EXT: https://kemono.sh
[2026-03-13T06:27:49.278Z]   EXT: https://kerosene.ai
[2026-03-13T06:27:49.278Z]   EXT: https://keyword.sh
[2026-03-13T06:27:49.278Z]   EXT: https://kick.ag
[2026-03-13T06:27:49.278Z]   EXT: https://kick.ai
[2026-03-13T06:27:49.278Z]   EXT: https://kicker.gg
[2026-03-13T06:27:49.278Z]   EXT: https://kik.ai
[2026-03-13T06:27:49.278Z]   EXT: https://kik.sh
[2026-03-13T06:27:49.278Z]   EXT: https://kiosk.xyz
[2026-03-13T06:27:49.278Z]   EXT: https://kol.sh
[2026-03-13T06:27:49.279Z]   EXT: https://kowala.ai
[2026-03-13T06:27:49.279Z]   EXT: https://kpi.xyz
[2026-03-13T06:27:49.279Z]   EXT: https://kpis.xyz
[2026-03-13T06:27:49.279Z]   EXT: https://krypton.ai
[2026-03-13T06:27:49.279Z]   EXT: https://l1.ag
[2026-03-13T06:27:49.279Z]   EXT: https://l1.gg
[2026-03-13T06:27:49.279Z]   EXT: https://l3.ag
[2026-03-13T06:27:49.279Z]   EXT: https://landing.sh
[2026-03-13T06:27:49.280Z]   EXT: https://language.sh
[2026-03-13T06:27:49.280Z]   EXT: https://later.ly
[2026-03-13T06:27:49.280Z]   EXT: https://laun.sh
[2026-03-13T06:27:49.280Z]   EXT: https://launchpad.ag
[2026-03-13T06:27:49.280Z]   EXT: https://launchpad.cc
[2026-03-13T06:27:49.280Z]   EXT: https://launchpad.to
[2026-03-13T06:27:49.280Z]   EXT: https://layer.ag
[2026-03-13T06:27:49.280Z]   EXT: https://layer1.ag
[2026-03-13T06:27:49.280Z]   EXT: https://layer2.ag
[2026-03-13T06:27:49.281Z]   EXT: https://layer3.ag
[2026-03-13T06:27:49.281Z]   EXT: https://ldn.ai
[2026-03-13T06:27:49.281Z]   EXT: https://league.sh
[2026-03-13T06:27:49.281Z]   EXT: https://leaker.xyz
[2026-03-13T06:27:49.281Z]   EXT: https://ledger.ag
[2026-03-13T06:27:49.281Z]   EXT: https://leet.sh
[2026-03-13T06:27:49.281Z]   EXT: https://left.sh
[2026-03-13T06:27:49.281Z]   EXT: https://legend.sh
[2026-03-13T06:27:49.281Z]   EXT: https://lend.sh
[2026-03-13T06:27:49.281Z]   EXT: https://lendr.xyz
[2026-03-13T06:27:49.281Z]   EXT: https://less.xyz
[2026-03-13T06:27:49.282Z]   EXT: https://level.sh
[2026-03-13T06:27:49.282Z]   EXT: https://levrag.ai
[2026-03-13T06:27:49.282Z]   EXT: https://levrag.com
[2026-03-13T06:27:49.282Z]   EXT: https://levrag.io
[2026-03-13T06:27:49.282Z]   EXT: https://levrag.xyz
[2026-03-13T06:27:49.282Z]   EXT: https://levreg.io
[2026-03-13T06:27:49.282Z]   EXT: https://levreg.xyz
[2026-03-13T06:27:49.282Z]   EXT: https://levrg.xyz
[2026-03-13T06:27:49.282Z]   EXT: https://lime.sh
[2026-03-13T06:27:49.283Z]   EXT: https://liquidity.vc
[2026-03-13T06:27:49.283Z]   EXT: https://listed.ai
[2026-03-13T06:27:49.283Z]   EXT: https://listed.sh
[2026-03-13T06:27:49.283Z]   EXT: https://listen.sh
[2026-03-13T06:27:49.283Z]   EXT: https://lite.sh
[2026-03-13T06:27:49.283Z]   EXT: https://lithium.sh
[2026-03-13T06:27:49.283Z]   EXT: https://loader.ai
[2026-03-13T06:27:49.283Z]   EXT: https://locked.gg
[2026-03-13T06:27:49.284Z]   EXT: https://lockedin.so
[2026-03-13T06:27:49.284Z]   EXT: https://lookup.sh
[2026-03-13T06:27:49.284Z]   EXT: https://lop.io
[2026-03-13T06:27:49.284Z]   EXT: https://lounge.sh
[2026-03-13T06:27:49.284Z]   EXT: https://lovd.ai
[2026-03-13T06:27:49.284Z]   EXT: https://machiavelli.ai
[2026-03-13T06:27:49.284Z]   EXT: https://made.xyz
[2026-03-13T06:27:49.284Z]   EXT: https://magnet.sh
[2026-03-13T06:27:49.284Z]   EXT: https://magnet.so
[2026-03-13T06:27:49.284Z]   EXT: https://maid.ly
[2026-03-13T06:27:49.285Z]   EXT: https://manifest.sh
[2026-03-13T06:27:49.285Z]   EXT: https://many.gg
[2026-03-13T06:27:49.285Z]   EXT: https://marianne.ai
[2026-03-13T06:27:49.285Z]   EXT: https://marketplace.sh
[2026-03-13T06:27:49.285Z]   EXT: https://mask.sh
[2026-03-13T06:27:49.285Z]   EXT: https://matrix.sh
[2026-03-13T06:27:49.285Z]   EXT: https://medal.sh
[2026-03-13T06:27:49.285Z]   EXT: https://meet.ag
[2026-03-13T06:27:49.285Z]   EXT: https://meet.sh
[2026-03-13T06:27:49.286Z]   EXT: https://meeting.sh
[2026-03-13T06:27:49.286Z]   EXT: https://meetings.sh
[2026-03-13T06:27:49.286Z]   EXT: https://melodic.ai
[2026-03-13T06:27:49.286Z]   EXT: https://memecoins.ai
[2026-03-13T06:27:49.286Z]   EXT: https://memorandum.io
[2026-03-13T06:27:49.286Z]   EXT: https://memorandum.xyz
[2026-03-13T06:27:49.286Z]   EXT: https://messenger.sh
[2026-03-13T06:27:49.286Z]   EXT: https://metaphor.xyz
[2026-03-13T06:27:49.286Z]   EXT: https://meth.gg
[2026-03-13T06:27:49.287Z]   EXT: https://meth.io
[2026-03-13T06:27:49.287Z]   EXT: https://mev.xyz
[2026-03-13T06:27:49.287Z]   EXT: https://mevs.xyz
[2026-03-13T06:27:49.287Z]   EXT: https://milda.io
[2026-03-13T06:27:49.287Z]   EXT: https://million.sh
[2026-03-13T06:27:49.287Z]   EXT: https://miner.sh
[2026-03-13T06:27:49.287Z]   EXT: https://mining.sh
[2026-03-13T06:27:49.287Z]   EXT: https://miracles.me
[2026-03-13T06:27:49.288Z]   EXT: https://mission.sh
[2026-03-13T06:27:49.288Z]   EXT: https://missions.sh
[2026-03-13T06:27:49.288Z]   EXT: https://mix.sh
[2026-03-13T06:27:49.288Z]   EXT: https://mixd.xyz
[2026-03-13T06:27:49.288Z]   EXT: https://mixer.sh
[2026-03-13T06:27:49.288Z]   EXT: https://mode.sh
[2026-03-13T06:27:49.288Z]   EXT: https://models.sh
[2026-03-13T06:27:49.288Z]   EXT: https://monitor.xyz
[2026-03-13T06:27:49.288Z]   EXT: https://morning.sh
[2026-03-13T06:27:49.288Z]   EXT: https://motion.sh
[2026-03-13T06:27:49.289Z]   EXT: https://musicology.ai
[2026-03-13T06:27:49.289Z]   EXT: https://musika.ai
[2026-03-13T06:27:49.289Z]   EXT: https://nap.gg
[2026-03-13T06:27:49.289Z]   EXT: https://narc.ai
[2026-03-13T06:27:49.289Z]   EXT: https://neox.ai
[2026-03-13T06:27:49.289Z]   EXT: https://nicotine.ai
[2026-03-13T06:27:49.289Z]   EXT: https://nightlife.ai
[2026-03-13T06:27:49.289Z]   EXT: https://nightlife.gg
[2026-03-13T06:27:49.289Z]   EXT: https://noc.ai
[2026-03-13T06:27:49.290Z]   EXT: https://nombreux.com
[2026-03-13T06:27:49.290Z]   EXT: https://nombreux.io
[2026-03-13T06:27:49.290Z]   EXT: https://nombreux.xyz
[2026-03-13T06:27:49.290Z]   EXT: https://notate.ai
[2026-03-13T06:27:49.290Z]   EXT: https://note.gg
[2026-03-13T06:27:49.290Z]   EXT: https://novas.ai
[2026-03-13T06:27:49.290Z]   EXT: https://nvst.ai
[2026-03-13T06:27:49.291Z]   EXT: https://oa.xyz
[2026-03-13T06:27:49.291Z]   EXT: https://object.sh
[2026-03-13T06:27:49.291Z]   EXT: https://objective.sh
[2026-03-13T06:27:49.291Z]   EXT: https://observer.sh
[2026-03-13T06:27:49.291Z]   EXT: https://offensive.xyz
[2026-03-13T06:27:49.291Z]   EXT: https://offshore.sh
[2026-03-13T06:27:49.291Z]   EXT: https://oftn.io
[2026-03-13T06:27:49.291Z]   EXT: https://og.ag
[2026-03-13T06:27:49.292Z]   EXT: https://oi.xyz
[2026-03-13T06:27:49.292Z]   EXT: https://onchain.sh
[2026-03-13T06:27:49.292Z]   EXT: https://operators.ai
[2026-03-13T06:27:49.292Z]   EXT: https://opnr.ai
[2026-03-13T06:27:49.292Z]   EXT: https://option.sh
[2026-03-13T06:27:49.292Z]   EXT: https://optn.io
[2026-03-13T06:27:49.292Z]   EXT: https://opulence.gg
[2026-03-13T06:27:49.293Z]   EXT: https://original.sh
[2026-03-13T06:27:49.293Z]   EXT: https://orw.xyz
[2026-03-13T06:27:49.293Z]   EXT: https://osar.io
[2026-03-13T06:27:49.293Z]   EXT: https://osint.so
[2026-03-13T06:27:49.293Z]   EXT: https://otw.ai
[2026-03-13T06:27:49.293Z]   EXT: https://oui.ai
[2026-03-13T06:27:49.293Z]   EXT: https://overrated.io
[2026-03-13T06:27:49.293Z]   EXT: https://oxygen.sh
[2026-03-13T06:27:49.294Z]   EXT: https://pa.xyz
[2026-03-13T06:27:49.294Z]   EXT: https://pac.xyz
[2026-03-13T06:27:49.294Z]   EXT: https://package.xyz
[2026-03-13T06:27:49.294Z]   EXT: https://packet.to
[2026-03-13T06:27:49.294Z]   EXT: https://palate.ai
[2026-03-13T06:27:49.294Z]   EXT: https://palladium.sh
[2026-03-13T06:27:49.294Z]   EXT: https://paraitre.com
[2026-03-13T06:27:49.294Z]   EXT: https://paraitre.net
[2026-03-13T06:27:49.295Z]   EXT: https://pco.io
[2026-03-13T06:27:49.295Z]   EXT: https://peanut.sh
[2026-03-13T06:27:49.295Z]   EXT: https://pharaoh.gg
[2026-03-13T06:27:49.295Z]   EXT: https://photographers.ai
[2026-03-13T06:27:49.295Z]   EXT: https://physique.ai
[2026-03-13T06:27:49.295Z]   EXT: https://pick.xyz
[2026-03-13T06:27:49.295Z]   EXT: https://pickr.io
[2026-03-13T06:27:49.295Z]   EXT: https://pickr.xyz
[2026-03-13T06:27:49.295Z]   EXT: https://pier.sh
[2026-03-13T06:27:49.296Z]   EXT: https://pilot.sh
[2026-03-13T06:27:49.296Z]   EXT: https://pilr.io
[2026-03-13T06:27:49.296Z]   EXT: https://piqr.xyz
[2026-03-13T06:27:49.296Z]   EXT: https://piranha.xyz
[2026-03-13T06:27:49.296Z]   EXT: https://pki.xyz
[2026-03-13T06:27:49.296Z]   EXT: https://plain.sh
[2026-03-13T06:27:49.296Z]   EXT: https://planner.sh
[2026-03-13T06:27:49.296Z]   EXT: https://platinum.sh
[2026-03-13T06:27:49.296Z]   EXT: https://playr.ai
[2026-03-13T06:27:49.297Z]   EXT: https://pnl.sh
[2026-03-13T06:27:49.297Z]   EXT: https://poach.xyz
[2026-03-13T06:27:49.297Z]   EXT: https://poc.dev
[2026-03-13T06:27:49.297Z]   EXT: https://podcast.ag
[2026-03-13T06:27:49.297Z]   EXT: https://police.sh
[2026-03-13T06:27:49.297Z]   EXT: https://portfolio.ag
[2026-03-13T06:27:49.297Z]   EXT: https://pown.ai
[2026-03-13T06:27:49.297Z]   EXT: https://pown.io
[2026-03-13T06:27:49.298Z]   EXT: https://pre.ag
[2026-03-13T06:27:49.298Z]   EXT: https://pre.gg
[2026-03-13T06:27:49.298Z]   EXT: https://predict.sh
[2026-03-13T06:27:49.298Z]   EXT: https://press.sh
[2026-03-13T06:27:49.298Z]   EXT: https://proactive.co
[2026-03-13T06:27:49.298Z]   EXT: https://proficient.ly
[2026-03-13T06:27:49.298Z]   EXT: https://profit.sh
[2026-03-13T06:27:49.298Z]   EXT: https://promo.ag
[2026-03-13T06:27:49.298Z]   EXT: https://promo.xyz
[2026-03-13T06:27:49.298Z]   EXT: https://properties.to
[2026-03-13T06:27:49.298Z]   EXT: https://prospr.ai
[2026-03-13T06:27:49.299Z]   EXT: https://protection.xyz
[2026-03-13T06:27:49.299Z]   EXT: https://psy.co
[2026-03-13T06:27:49.299Z]   EXT: https://psycho.info
[2026-03-13T06:27:49.299Z]   EXT: https://pulsion.io
[2026-03-13T06:27:49.299Z]   EXT: https://pump.sh
[2026-03-13T06:27:49.299Z]   EXT: https://pump.to
[2026-03-13T06:27:49.299Z]   EXT: https://pumpkin.sh
[2026-03-13T06:27:49.299Z]   EXT: https://puzzl.io
[2026-03-13T06:27:49.299Z]   EXT: https://pvz.xyz
[2026-03-13T06:27:49.300Z]   EXT: https://pwn.com
[2026-03-13T06:27:49.300Z]   EXT: https://pwn.gg
[2026-03-13T06:27:49.300Z]   EXT: https://pwn.io
[2026-03-13T06:27:49.300Z]   EXT: https://pwn.net
[2026-03-13T06:27:49.300Z]   EXT: https://pwr.ai
[2026-03-13T06:27:49.300Z]   EXT: https://q.xyz
[2026-03-13T06:27:49.300Z]   EXT: https://qad.xyz
[2026-03-13T06:27:49.300Z]   EXT: https://qalm.xyz
[2026-03-13T06:27:49.300Z]   EXT: https://qant.xyz
[2026-03-13T06:27:49.301Z]   EXT: https://qaty.ai
[2026-03-13T06:27:49.301Z]   EXT: https://qaty.io
[2026-03-13T06:27:49.301Z]   EXT: https://qbit.ag
[2026-03-13T06:27:49.301Z]   EXT: https://qla.xyz
[2026-03-13T06:27:49.301Z]   EXT: https://qnx.io
[2026-03-13T06:27:49.301Z]   EXT: https://qool.xyz
[2026-03-13T06:27:49.301Z]   EXT: https://qrator.ai
[2026-03-13T06:27:49.301Z]   EXT: https://qstn.xyz
[2026-03-13T06:27:49.302Z]   EXT: https://quant.ag
[2026-03-13T06:27:49.302Z]   EXT: https://qub.gg
[2026-03-13T06:27:49.302Z]   EXT: https://qub.xyz
[2026-03-13T06:27:49.302Z]   EXT: https://qubit.ag
[2026-03-13T06:27:49.302Z]   EXT: https://qubit.sh
[2026-03-13T06:27:49.302Z]   EXT: https://qubt.xyz
[2026-03-13T06:27:49.302Z]   EXT: https://quentin.io
[2026-03-13T06:27:49.302Z]   EXT: https://quests.ai
[2026-03-13T06:27:49.302Z]   EXT: https://ramif.ai
[2026-03-13T06:27:49.303Z]   EXT: https://rapid.sh
[2026-03-13T06:27:49.303Z]   EXT: https://rckt.ai
[2026-03-13T06:27:49.303Z]   EXT: https://re.ag
[2026-03-13T06:27:49.303Z]   EXT: https://ready.xyz
[2026-03-13T06:27:49.303Z]   EXT: https://realtime.ag
[2026-03-13T06:27:49.303Z]   EXT: https://realtime.co
[2026-03-13T06:27:49.303Z]   EXT: https://reasoning.sh
[2026-03-13T06:27:49.303Z]   EXT: https://recap.sh
[2026-03-13T06:27:49.304Z]   EXT: https://record.sh
[2026-03-13T06:27:49.304Z]   EXT: https://recording.ai
[2026-03-13T06:27:49.304Z]   EXT: https://reel.sh
[2026-03-13T06:27:49.304Z]   EXT: https://relx.co
[2026-03-13T06:27:49.304Z]   EXT: https://remotework.ai
[2026-03-13T06:27:49.304Z]   EXT: https://renting.to
[2026-03-13T06:27:49.304Z]   EXT: https://reputation.sh
[2026-03-13T06:27:49.304Z]   EXT: https://required.co
[2026-03-13T06:27:49.304Z]   EXT: https://required.to
[2026-03-13T06:27:49.305Z]   EXT: https://response.cc
[2026-03-13T06:27:49.305Z]   EXT: https://response.gg
[2026-03-13T06:27:49.305Z]   EXT: https://ret.cc
[2026-03-13T06:27:49.305Z]   EXT: https://revenue.sh
[2026-03-13T06:27:49.305Z]   EXT: https://reversal.io
[2026-03-13T06:27:49.305Z]   EXT: https://revoir.co
[2026-03-13T06:27:49.305Z]   EXT: https://rflx.ai
[2026-03-13T06:27:49.305Z]   EXT: https://rhum.io
[2026-03-13T06:27:49.306Z]   EXT: https://ripped.ai
[2026-03-13T06:27:49.306Z]   EXT: https://robt.ai
[2026-03-13T06:27:49.306Z]   EXT: https://rootkit.io
[2026-03-13T06:27:49.306Z]   EXT: https://rpcnode.com
[2026-03-13T06:27:49.306Z]   EXT: https://rtist.ai
[2026-03-13T06:27:49.306Z]   EXT: https://rtist.io
[2026-03-13T06:27:49.306Z]   EXT: https://rtists.ai
[2026-03-13T06:27:49.306Z]   EXT: https://rtists.io
[2026-03-13T06:27:49.306Z]   EXT: https://rtists.xyz
[2026-03-13T06:27:49.307Z]   EXT: https://rtx.sh
[2026-03-13T06:27:49.307Z]   EXT: https://rug.ag
[2026-03-13T06:27:49.307Z]   EXT: https://rug.gd
[2026-03-13T06:27:49.307Z]   EXT: https://rug.to
[2026-03-13T06:27:49.307Z]   EXT: https://rugged.gg
[2026-03-13T06:27:49.307Z]   EXT: https://ruggy.xyz
[2026-03-13T06:27:49.307Z]   EXT: https://rugpull.ag
[2026-03-13T06:27:49.307Z]   EXT: https://rugpull.gg
[2026-03-13T06:27:49.307Z]   EXT: https://rugs.ag
[2026-03-13T06:27:49.308Z]   EXT: https://rum.xyz
[2026-03-13T06:27:49.308Z]   EXT: https://runr.ai
[2026-03-13T06:27:49.308Z]   EXT: https://rushed.xyz
[2026-03-13T06:27:49.308Z]   EXT: https://rvlt.xyz
[2026-03-13T06:27:49.308Z]   EXT: https://ryon.io
[2026-03-13T06:27:49.308Z]   EXT: https://ryzn.ai
[2026-03-13T06:27:49.308Z]   EXT: https://ryzn.io
[2026-03-13T06:27:49.308Z]   EXT: https://ryzn.net
[2026-03-13T06:27:49.308Z]   EXT: https://saas.gg
[2026-03-13T06:27:49.309Z]   EXT: https://saas.sh
[2026-03-13T06:27:49.309Z]   EXT: https://same.gg
[2026-03-13T06:27:49.309Z]   EXT: https://sash.ai
[2026-03-13T06:27:49.309Z]   EXT: https://satan.ai
[2026-03-13T06:27:49.309Z]   EXT: https://satoshi.sh
[2026-03-13T06:27:49.309Z]   EXT: https://saturn.sh
[2026-03-13T06:27:49.309Z]   EXT: https://scalp.cc
[2026-03-13T06:27:49.309Z]   EXT: https://scalper.sh
[2026-03-13T06:27:49.309Z]   EXT: https://scanner.sh
[2026-03-13T06:27:49.310Z]   EXT: https://scot.sh
[2026-03-13T06:27:49.310Z]   EXT: https://scrape.cc
[2026-03-13T06:27:49.310Z]   EXT: https://scrape.pro
[2026-03-13T06:27:49.310Z]   EXT: https://scraper.pro
[2026-03-13T06:27:49.310Z]   EXT: https://scraper.sh
[2026-03-13T06:27:49.310Z]   EXT: https://scraping.cc
[2026-03-13T06:27:49.310Z]   EXT: https://scroll.sh
[2026-03-13T06:27:49.310Z]   EXT: https://sdbx.xyz
[2026-03-13T06:27:49.311Z]   EXT: https://secular.io
[2026-03-13T06:27:49.311Z]   EXT: https://seedr.ai
[2026-03-13T06:27:49.311Z]   EXT: https://seek.sh
[2026-03-13T06:27:49.311Z]   EXT: https://seism.io
[2026-03-13T06:27:49.311Z]   EXT: https://seism.xyz
[2026-03-13T06:27:49.311Z]   EXT: https://select.sh
[2026-03-13T06:27:49.311Z]   EXT: https://shfl.xyz
[2026-03-13T06:27:49.312Z]   EXT: https://shft.ai
[2026-03-13T06:27:49.312Z]   EXT: https://shuffl.xyz
[2026-03-13T06:27:49.312Z]   EXT: https://shuffle.sh
[2026-03-13T06:27:49.312Z]   EXT: https://shuffled.xyz
[2026-03-13T06:27:49.312Z]   EXT: https://shufl.ai
[2026-03-13T06:27:49.312Z]   EXT: https://shufl.xyz
[2026-03-13T06:27:49.312Z]   EXT: https://sided.io
[2026-03-13T06:27:49.312Z]   EXT: https://sigma.sh
[2026-03-13T06:27:49.312Z]   EXT: https://sign.sh
[2026-03-13T06:27:49.313Z]   EXT: https://signal.ag
[2026-03-13T06:27:49.313Z]   EXT: https://signature.sh
[2026-03-13T06:27:49.313Z]   EXT: https://silent.sh
[2026-03-13T06:27:49.313Z]   EXT: https://simple.sh
[2026-03-13T06:27:49.313Z]   EXT: https://simulator.sh
[2026-03-13T06:27:49.313Z]   EXT: https://skip.sh
[2026-03-13T06:27:49.313Z]   EXT: https://slider.sh
[2026-03-13T06:27:49.313Z]   EXT: https://slippage.io
[2026-03-13T06:27:49.313Z]   EXT: https://smartcontract.sh
[2026-03-13T06:27:49.313Z]   EXT: https://smoothly.ai
[2026-03-13T06:27:49.314Z]   EXT: https://snack.sh
[2026-03-13T06:27:49.314Z]   EXT: https://sniper.sh
[2026-03-13T06:27:49.314Z]   EXT: https://snowboard.ai
[2026-03-13T06:27:49.314Z]   EXT: https://snw.ai
[2026-03-13T06:27:49.314Z]   EXT: https://soc.gg
[2026-03-13T06:27:49.314Z]   EXT: https://sol.ag
[2026-03-13T06:27:49.314Z]   EXT: https://solana.ag
[2026-03-13T06:27:49.314Z]   EXT: https://solvers.ai
[2026-03-13T06:27:49.314Z]   EXT: https://solvi.app
[2026-03-13T06:27:49.315Z]   EXT: https://soul.sh
[2026-03-13T06:27:49.315Z]   EXT: https://spider.sh
[2026-03-13T06:27:49.315Z]   EXT: https://spnd.ai
[2026-03-13T06:27:49.315Z]   EXT: https://ssd.so
[2026-03-13T06:27:49.315Z]   EXT: https://stackd.ai
[2026-03-13T06:27:49.315Z]   EXT: https://stage.sh
[2026-03-13T06:27:49.315Z]   EXT: https://staken.io
[2026-03-13T06:27:49.315Z]   EXT: https://start.xyz
[2026-03-13T06:27:49.316Z]   EXT: https://stat.ly
[2026-03-13T06:27:49.316Z]   EXT: https://stkr.io
[2026-03-13T06:27:49.316Z]   EXT: https://storage.sh
[2026-03-13T06:27:49.316Z]   EXT: https://streamers.ai
[2026-03-13T06:27:49.316Z]   EXT: https://stupef.ai
[2026-03-13T06:27:49.316Z]   EXT: https://subi.to
[2026-03-13T06:27:49.316Z]   EXT: https://success.sh
[2026-03-13T06:27:49.316Z]   EXT: https://sujet.ai
[2026-03-13T06:27:49.316Z]   EXT: https://sujet.io
[2026-03-13T06:27:49.317Z]   EXT: https://summary.sh
[2026-03-13T06:27:49.317Z]   EXT: https://supertrend.ai
[2026-03-13T06:27:49.317Z]   EXT: https://survey.sh
[2026-03-13T06:27:49.317Z]   EXT: https://suv.xyz
[2026-03-13T06:27:49.317Z]   EXT: https://svu.xyz
[2026-03-13T06:27:49.317Z]   EXT: https://swap.ag
[2026-03-13T06:27:49.317Z]   EXT: https://swaps.ag
[2026-03-13T06:27:49.317Z]   EXT: https://synesis.xyz
[2026-03-13T06:27:49.317Z]   EXT: https://ta.xyz
[2026-03-13T06:27:49.318Z]   EXT: https://taint.io
[2026-03-13T06:27:49.318Z]   EXT: https://talk.xyz
[2026-03-13T06:27:49.318Z]   EXT: https://talking.to
[2026-03-13T06:27:49.318Z]   EXT: https://tba.xyz
[2026-03-13T06:27:49.318Z]   EXT: https://tck.io
[2026-03-13T06:27:49.318Z]   EXT: https://teel.io
[2026-03-13T06:27:49.318Z]   EXT: https://tequila.gg
[2026-03-13T06:27:49.318Z]   EXT: https://terminal.ag
[2026-03-13T06:27:49.318Z]   EXT: https://ticker.sh
[2026-03-13T06:27:49.318Z]   EXT: https://tickers.gg
[2026-03-13T06:27:49.319Z]   EXT: https://tikr.ai
[2026-03-13T06:27:49.319Z]   EXT: https://timeline.cc
[2026-03-13T06:27:49.319Z]   EXT: https://tiramisu.io
[2026-03-13T06:27:49.319Z]   EXT: https://tiret.ai
[2026-03-13T06:27:49.319Z]   EXT: https://tiret.io
[2026-03-13T06:27:49.319Z]   EXT: https://tiret.xyz
[2026-03-13T06:27:49.319Z]   EXT: https://tmrw.ai
[2026-03-13T06:27:49.319Z]   EXT: https://tokenium.ai
[2026-03-13T06:27:49.319Z]   EXT: https://tokenium.io
[2026-03-13T06:27:49.320Z]   EXT: https://tokenize.sh
[2026-03-13T06:27:49.320Z]   EXT: https://tokenomics.cc
[2026-03-13T06:27:49.320Z]   EXT: https://tokenomics.sh
[2026-03-13T06:27:49.320Z]   EXT: https://tokenry.ai
[2026-03-13T06:27:49.320Z]   EXT: https://tokenry.io
[2026-03-13T06:27:49.320Z]   EXT: https://tokens.ag
[2026-03-13T06:27:49.320Z]   EXT: https://tokn.ag
[2026-03-13T06:27:49.320Z]   EXT: https://tokn.cc
[2026-03-13T06:27:49.320Z]   EXT: https://tokn.co
[2026-03-13T06:27:49.321Z]   EXT: https://tokn.gg
[2026-03-13T06:27:49.321Z]   EXT: https://tomorrow.sh
[2026-03-13T06:27:49.321Z]   EXT: https://torrent.to
[2026-03-13T06:27:49.321Z]   EXT: https://torrents.sh
[2026-03-13T06:27:49.321Z]   EXT: https://touch.sh
[2026-03-13T06:27:49.321Z]   EXT: https://tra.cc
[2026-03-13T06:27:49.321Z]   EXT: https://tracker.ag
[2026-03-13T06:27:49.321Z]   EXT: https://tracker.to
[2026-03-13T06:27:49.321Z]   EXT: https://trackid.ai
[2026-03-13T06:27:49.322Z]   EXT: https://trader.ag
[2026-03-13T06:27:49.322Z]   EXT: https://traders.sh
[2026-03-13T06:27:49.322Z]   EXT: https://tradfi.xyz
[2026-03-13T06:27:49.322Z]   EXT: https://triangle.sh
[2026-03-13T06:27:49.322Z]   EXT: https://trick.sh
[2026-03-13T06:27:49.322Z]   EXT: https://tripped.io
[2026-03-13T06:27:49.322Z]   EXT: https://trips.to
[2026-03-13T06:27:49.323Z]   EXT: https://trnd.ai
[2026-03-13T06:27:49.323Z]   EXT: https://trth.ai
[2026-03-13T06:27:49.323Z]   EXT: https://trustfund.ai
[2026-03-13T06:27:49.323Z]   EXT: https://truth.sh
[2026-03-13T06:27:49.323Z]   EXT: https://trvl.ai
[2026-03-13T06:27:49.323Z]   EXT: https://tryp.ai
[2026-03-13T06:27:49.324Z]   EXT: https://tshirt.cc
[2026-03-13T06:27:49.324Z]   EXT: https://tsks.ai
[2026-03-13T06:27:49.324Z]   EXT: https://tsks.io
[2026-03-13T06:27:49.324Z]   EXT: https://tsks.xyz
[2026-03-13T06:27:49.324Z]   EXT: https://tunr.ai
[2026-03-13T06:27:49.324Z]   EXT: https://tunr.io
[2026-03-13T06:27:49.324Z]   EXT: https://txid.xyz
[2026-03-13T06:27:49.325Z]   EXT: https://unblock.sh
[2026-03-13T06:27:49.325Z]   EXT: https://unicorn.sh
[2026-03-13T06:27:49.325Z]   EXT: https://unreleased.com
[2026-03-13T06:27:49.325Z]   EXT: https://unreleased.net
[2026-03-13T06:27:49.325Z]   EXT: https://ura.xyz
[2026-03-13T06:27:49.325Z]   EXT: https://validator.sh
[2026-03-13T06:27:49.325Z]   EXT: https://vapp.ai
[2026-03-13T06:27:49.326Z]   EXT: https://var.xyz
[2026-03-13T06:27:49.326Z]   EXT: https://vc.xyz
[2026-03-13T06:27:49.326Z]   EXT: https://venomous.ai
[2026-03-13T06:27:49.326Z]   EXT: https://vertical.sh
[2026-03-13T06:27:49.326Z]   EXT: https://very.sh
[2026-03-13T06:27:49.326Z]   EXT: https://videos.ly
[2026-03-13T06:27:49.326Z]   EXT: https://viral.sh
[2026-03-13T06:27:49.326Z]   EXT: https://virtualbot.ai
[2026-03-13T06:27:49.326Z]   EXT: https://vision.sh
[2026-03-13T06:27:49.327Z]   EXT: https://vision.xyz
[2026-03-13T06:27:49.327Z]   EXT: https://visual.sh
[2026-03-13T06:27:49.327Z]   EXT: https://vktr.ai
[2026-03-13T06:27:49.327Z]   EXT: https://vodka.xyz
[2026-03-13T06:27:49.327Z]   EXT: https://volatility.ai
[2026-03-13T06:27:49.327Z]   EXT: https://vouloir.co
[2026-03-13T06:27:49.327Z]   EXT: https://vouloir.info
[2026-03-13T06:27:49.327Z]   EXT: https://vouloir.io
[2026-03-13T06:27:49.328Z]   EXT: https://vouloir.net
[2026-03-13T06:27:49.328Z]   EXT: https://vouloir.org
[2026-03-13T06:27:49.328Z]   EXT: https://vouloir.xyz
[2026-03-13T06:27:49.328Z]   EXT: https://vrfd.xyz
[2026-03-13T06:27:49.328Z]   EXT: https://vrt.io
[2026-03-13T06:27:49.328Z]   EXT: https://vulnerabilities.xyz
[2026-03-13T06:27:49.328Z]   EXT: https://w3b.xyz
[2026-03-13T06:27:49.328Z]   EXT: https://waf.xyz
[2026-03-13T06:27:49.329Z]   EXT: https://wagmi.ag
[2026-03-13T06:27:49.329Z]   EXT: https://wasabi.sh
[2026-03-13T06:27:49.329Z]   EXT: https://watch.sh
[2026-03-13T06:27:49.329Z]   EXT: https://wby.ai
[2026-03-13T06:27:49.329Z]   EXT: https://we.xyz
[2026-03-13T06:27:49.329Z]   EXT: https://web4.ag
[2026-03-13T06:27:49.329Z]   EXT: https://wheel.sh
[2026-03-13T06:27:49.329Z]   EXT: https://whistle.sh
[2026-03-13T06:27:49.329Z]   EXT: https://wing.sh
[2026-03-13T06:27:49.330Z]   EXT: https://wish.sh
[2026-03-13T06:27:49.330Z]   EXT: https://work.xyz
[2026-03-13T06:27:49.330Z]   EXT: https://workout.gg
[2026-03-13T06:27:49.330Z]   EXT: https://writer.sh
[2026-03-13T06:27:49.330Z]   EXT: https://wrote.ai
[2026-03-13T06:27:49.330Z]   EXT: https://www.spaceship.com/s/buy/planr.ai/T7JYwHfLqO4VBmMo
[2026-03-13T06:27:49.330Z]   EXT: https://xafe.io
[2026-03-13T06:27:49.330Z]   EXT: https://xchg.io
[2026-03-13T06:27:49.331Z]   EXT: https://xinxin.io
[2026-03-13T06:27:49.331Z]   EXT: https://xrp.ag
[2026-03-13T06:27:49.331Z]   EXT: https://xrp.gg
[2026-03-13T06:27:49.331Z]   EXT: https://xtz.co
[2026-03-13T06:27:49.331Z]   EXT: https://xvision.ai
[2026-03-13T06:27:49.331Z]   EXT: https://yld.xyz
[2026-03-13T06:27:49.331Z]   EXT: https://yog.ai
[2026-03-13T06:27:49.331Z]   EXT: https://ywr.io
[2026-03-13T06:27:49.332Z]   EXT: https://zebr.io
[2026-03-13T06:27:49.332Z]   EXT: https://zero.sh
[2026-03-13T06:27:49.332Z]   EXT: https://zeroday.ai
[2026-03-13T06:27:49.332Z]   EXT: https://ziko.ai
[2026-03-13T06:27:49.332Z]   EXT: https://zndr.io
[2026-03-13T06:27:49.332Z]   EXT: https://zone.sh
[2026-03-13T06:27:49.332Z]   EXT: https://zyber.com
[2026-03-13T06:27:49.333Z] ── Step 1: Programmatic categorization ──
[2026-03-13T06:27:49.333Z]   UNCATEGORIZED: https://403.xyz
[2026-03-13T06:27:49.333Z]   UNCATEGORIZED: https://accelerator.sh
[2026-03-13T06:27:49.333Z]   UNCATEGORIZED: https://accs.ai
[2026-03-13T06:27:49.334Z]   UNCATEGORIZED: https://active.xyz
[2026-03-13T06:27:49.334Z]   UNCATEGORIZED: https://adpt.ai
[2026-03-13T06:27:49.334Z]   UNCATEGORIZED: https://ads.sh
[2026-03-13T06:27:49.334Z]   UNCATEGORIZED: https://adv.sh
[2026-03-13T06:27:49.334Z]   UNCATEGORIZED: https://afi.xyz
[2026-03-13T06:27:49.335Z]   UNCATEGORIZED: https://afternoon.ai
[2026-03-13T06:27:49.335Z]   UNCATEGORIZED: https://aftr.io
[2026-03-13T06:27:49.335Z]   UNCATEGORIZED: https://again.gg
[2026-03-13T06:27:49.335Z]   UNCATEGORIZED: https://ai16z.com
[2026-03-13T06:27:49.335Z]   UNCATEGORIZED: https://ailina.ai
[2026-03-13T06:27:49.335Z]   UNCATEGORIZED: https://aldia.io
[2026-03-13T06:27:49.336Z]   UNCATEGORIZED: https://alerts.to
[2026-03-13T06:27:49.336Z]   UNCATEGORIZED: https://algo.ag
[2026-03-13T06:27:49.336Z]   UNCATEGORIZED: https://alone.gg
[2026-03-13T06:27:49.336Z]   UNCATEGORIZED: https://alts.gg
[2026-03-13T06:27:49.337Z]   UNCATEGORIZED: https://alts.to
[2026-03-13T06:27:49.337Z]   UNCATEGORIZED: https://analysis.gg
[2026-03-13T06:27:49.337Z]   UNCATEGORIZED: https://analyze.gg
[2026-03-13T06:27:49.337Z]   UNCATEGORIZED: https://ancestor.ai
[2026-03-13T06:27:49.337Z]   UNCATEGORIZED: https://anon.sh
[2026-03-13T06:27:49.338Z]   UNCATEGORIZED: https://anonymized.io
[2026-03-13T06:27:49.338Z]   UNCATEGORIZED: https://anything.sh
[2026-03-13T06:27:49.338Z]   UNCATEGORIZED: https://anywhere.sh
[2026-03-13T06:27:49.338Z]   UNCATEGORIZED: https://apk.sh
[2026-03-13T06:27:49.339Z]   UNCATEGORIZED: https://appropriate.ai
[2026-03-13T06:27:49.339Z]   UNCATEGORIZED: https://approve.sh
[2026-03-13T06:27:49.339Z]   UNCATEGORIZED: https://apy.ai
[2026-03-13T06:27:49.340Z]   UNCATEGORIZED: https://apy.gg
[2026-03-13T06:27:49.340Z]   UNCATEGORIZED: https://archer.sh
[2026-03-13T06:27:49.340Z]   UNCATEGORIZED: https://aslr.io
[2026-03-13T06:27:49.340Z]   UNCATEGORIZED: https://assistor.ai
[2026-03-13T06:27:49.340Z]   UNCATEGORIZED: https://assistors.ai
[2026-03-13T06:27:49.341Z]   UNCATEGORIZED: https://ath.ai
[2026-03-13T06:27:49.341Z]   UNCATEGORIZED: https://atl.ai
[2026-03-13T06:27:49.341Z]   UNCATEGORIZED: https://atom.sh
[2026-03-13T06:27:49.341Z]   UNCATEGORIZED: https://atomif.ai
[2026-03-13T06:27:49.341Z]   UNCATEGORIZED: https://attacker.sh
[2026-03-13T06:27:49.342Z]   UNCATEGORIZED: https://attributed.io
[2026-03-13T06:27:49.342Z]   UNCATEGORIZED: https://atx.xyz
[2026-03-13T06:27:49.342Z]   UNCATEGORIZED: https://audits.ai
[2026-03-13T06:27:49.342Z]   UNCATEGORIZED: https://aura.ag
[2026-03-13T06:27:49.342Z]   UNCATEGORIZED: https://autumn.gg
[2026-03-13T06:27:49.343Z]   UNCATEGORIZED: https://avoir.io
[2026-03-13T06:27:49.343Z]   UNCATEGORIZED: https://awesome.sh
[2026-03-13T06:27:49.343Z]   UNCATEGORIZED: https://bang.sh
[2026-03-13T06:27:49.343Z]   UNCATEGORIZED: https://based.cc
[2026-03-13T06:27:49.344Z]   UNCATEGORIZED: https://beach.xyz
[2026-03-13T06:27:49.344Z]   UNCATEGORIZED: https://beast.sh
[2026-03-13T06:27:49.344Z]   UNCATEGORIZED: https://beast.ws
[2026-03-13T06:27:49.344Z]   UNCATEGORIZED: https://bid.gg
[2026-03-13T06:27:49.344Z]   UNCATEGORIZED: https://black.xyz
[2026-03-13T06:27:49.345Z]   UNCATEGORIZED: https://ble.ai
[2026-03-13T06:27:49.345Z]   UNCATEGORIZED: https://bliss.xyz
[2026-03-13T06:27:49.345Z]   UNCATEGORIZED: https://block.ag
[2026-03-13T06:27:49.345Z]   UNCATEGORIZED: https://blog.ly
[2026-03-13T06:27:49.346Z]   UNCATEGORIZED: https://bluid.ai
[2026-03-13T06:27:49.346Z]   UNCATEGORIZED: https://bluid.sh
[2026-03-13T06:27:49.346Z]   UNCATEGORIZED: https://bluid.xyz
[2026-03-13T06:27:49.346Z]   UNCATEGORIZED: https://bngr.xyz
[2026-03-13T06:27:49.346Z]   UNCATEGORIZED: https://bnkd.xyz
[2026-03-13T06:27:49.347Z]   UNCATEGORIZED: https://bnkr.ai
[2026-03-13T06:27:49.347Z]   UNCATEGORIZED: https://boite.ai
[2026-03-13T06:27:49.347Z]   UNCATEGORIZED: https://boite.co
[2026-03-13T06:27:49.347Z]   UNCATEGORIZED: https://bookers.ai
[2026-03-13T06:27:49.347Z]   UNCATEGORIZED: https://boom.sh
[2026-03-13T06:27:49.348Z]   UNCATEGORIZED: https://boon.sh
[2026-03-13T06:27:49.348Z]   UNCATEGORIZED: https://boost.ws
[2026-03-13T06:27:49.348Z]   UNCATEGORIZED: https://botnet.sh
[2026-03-13T06:27:49.348Z]   UNCATEGORIZED: https://boudeuse.com
[2026-03-13T06:27:49.348Z]   UNCATEGORIZED: https://boudeuse.net
[2026-03-13T06:27:49.349Z]   UNCATEGORIZED: https://bounties.co
[2026-03-13T06:27:49.349Z]   UNCATEGORIZED: https://bounties.io
[2026-03-13T06:27:49.349Z]   UNCATEGORIZED: https://bpm.ag
[2026-03-13T06:27:49.349Z]   UNCATEGORIZED: https://brainstorm.sh
[2026-03-13T06:27:49.349Z]   UNCATEGORIZED: https://breach.sh
[2026-03-13T06:27:49.350Z]   UNCATEGORIZED: https://breakouts.ai
[2026-03-13T06:27:49.350Z]   UNCATEGORIZED: https://brief.sh
[2026-03-13T06:27:49.350Z]   UNCATEGORIZED: https://bring.sh
[2026-03-13T06:27:49.350Z]   UNCATEGORIZED: https://brokr.xyz
[2026-03-13T06:27:49.350Z]   UNCATEGORIZED: https://btwn.ai
[2026-03-13T06:27:49.350Z]   UNCATEGORIZED: https://bubl.ai
[2026-03-13T06:27:49.351Z]   UNCATEGORIZED: https://buc.xyz
[2026-03-13T06:27:49.351Z]   UNCATEGORIZED: https://build.space
[2026-03-13T06:27:49.351Z]   UNCATEGORIZED: https://bunker.ai
[2026-03-13T06:27:49.351Z]   UNCATEGORIZED: https://bunker.sh
[2026-03-13T06:27:49.351Z]   UNCATEGORIZED: https://buoy.sh
[2026-03-13T06:27:49.351Z]   UNCATEGORIZED: https://burn.sh
[2026-03-13T06:27:49.352Z]   UNCATEGORIZED: https://ca.xyz
[2026-03-13T06:27:49.352Z]   UNCATEGORIZED: https://cab.xyz
[2026-03-13T06:27:49.352Z]   UNCATEGORIZED: https://cabal.sh
[2026-03-13T06:27:49.352Z]   UNCATEGORIZED: https://caffeine.sh
[2026-03-13T06:27:49.352Z]   UNCATEGORIZED: https://callbacks.ai
[2026-03-13T06:27:49.352Z]   UNCATEGORIZED: https://calm.sh
[2026-03-13T06:27:49.353Z]   UNCATEGORIZED: https://calory.io
[2026-03-13T06:27:49.353Z]   UNCATEGORIZED: https://calory.xyz
[2026-03-13T06:27:49.353Z]   UNCATEGORIZED: https://camp.ws
[2026-03-13T06:27:49.353Z]   UNCATEGORIZED: https://capital.sh
[2026-03-13T06:27:49.353Z]   UNCATEGORIZED: https://cappuccino.ai
[2026-03-13T06:27:49.353Z]   UNCATEGORIZED: https://casa.xyz
[2026-03-13T06:27:49.354Z]   UNCATEGORIZED: https://castle.sh
[2026-03-13T06:27:49.354Z]   UNCATEGORIZED: https://catium.ai
[2026-03-13T06:27:49.354Z]   UNCATEGORIZED: https://catium.io
[2026-03-13T06:27:49.354Z]   UNCATEGORIZED: https://catya.io
[2026-03-13T06:27:49.354Z]   UNCATEGORIZED: https://certificate.sh
[2026-03-13T06:27:49.355Z]   UNCATEGORIZED: https://chapel.ai
[2026-03-13T06:27:49.355Z]   UNCATEGORIZED: https://char.sh
[2026-03-13T06:27:49.355Z]   UNCATEGORIZED: https://charts.sh
[2026-03-13T06:27:49.355Z]   UNCATEGORIZED: https://charts.to
[2026-03-13T06:27:49.355Z]   UNCATEGORIZED: https://chck.xyz
[2026-03-13T06:27:49.355Z]   UNCATEGORIZED: https://check.xyz
[2026-03-13T06:27:49.355Z]   UNCATEGORIZED: https://checked.xyz
[2026-03-13T06:27:49.356Z]   UNCATEGORIZED: https://checksum.io
[2026-03-13T06:27:49.356Z]   UNCATEGORIZED: https://cheesecake.ai
[2026-03-13T06:27:49.356Z]   UNCATEGORIZED: https://chk.xyz
[2026-03-13T06:27:49.356Z]   UNCATEGORIZED: https://chrt.xyz
[2026-03-13T06:27:49.356Z]   UNCATEGORIZED: https://circuit.sh
[2026-03-13T06:27:49.356Z]   UNCATEGORIZED: https://cirius.io
[2026-03-13T06:27:49.357Z]   UNCATEGORIZED: https://citadel.sh
[2026-03-13T06:27:49.357Z]   UNCATEGORIZED: https://claim.ag
[2026-03-13T06:27:49.357Z]   UNCATEGORIZED: https://clarif.ai
[2026-03-13T06:27:49.357Z]   UNCATEGORIZED: https://clarifier.io
[2026-03-13T06:27:49.357Z]   UNCATEGORIZED: https://client.sh
[2026-03-13T06:27:49.357Z]   UNCATEGORIZED: https://clip.sh
[2026-03-13T06:27:49.357Z]   UNCATEGORIZED: https://cloq.io
[2026-03-13T06:27:49.358Z]   UNCATEGORIZED: https://close.gg
[2026-03-13T06:27:49.358Z]   UNCATEGORIZED: https://cloud.ws
[2026-03-13T06:27:49.358Z]   UNCATEGORIZED: https://cna.xyz
[2026-03-13T06:27:49.358Z]   UNCATEGORIZED: https://coast.gg
[2026-03-13T06:27:49.358Z]   UNCATEGORIZED: https://cold.sh
[2026-03-13T06:27:49.358Z]   UNCATEGORIZED: https://collectify.ai
[2026-03-13T06:27:49.358Z]   UNCATEGORIZED: https://collector.sh
[2026-03-13T06:27:49.359Z]   UNCATEGORIZED: https://colossus.gg
[2026-03-13T06:27:49.359Z]   UNCATEGORIZED: https://comment.ly
[2026-03-13T06:27:49.359Z]   UNCATEGORIZED: https://commit.sh
[2026-03-13T06:27:49.359Z]   UNCATEGORIZED: https://community.xyz
[2026-03-13T06:27:49.359Z]   UNCATEGORIZED: https://compass.sh
[2026-03-13T06:27:49.359Z]   UNCATEGORIZED: https://compendium.io
[2026-03-13T06:27:49.359Z]   UNCATEGORIZED: https://compta.io
[2026-03-13T06:27:49.360Z]   UNCATEGORIZED: https://con.xyz
[2026-03-13T06:27:49.360Z]   UNCATEGORIZED: https://consult.sh
[2026-03-13T06:27:49.360Z]   UNCATEGORIZED: https://consulting.sh
[2026-03-13T06:27:49.360Z]   UNCATEGORIZED: https://contain.io
[2026-03-13T06:27:49.360Z]   UNCATEGORIZED: https://contributor.ai
[2026-03-13T06:27:49.360Z]   UNCATEGORIZED: https://controller.sh
[2026-03-13T06:27:49.360Z]   UNCATEGORIZED: https://coordinators.ai
[2026-03-13T06:27:49.361Z]   UNCATEGORIZED: https://cord.sh
[2026-03-13T06:27:49.361Z]   UNCATEGORIZED: https://corner.sh
[2026-03-13T06:27:49.361Z]   UNCATEGORIZED: https://could.cc
[2026-03-13T06:27:49.361Z]   UNCATEGORIZED: https://coupable.co
[2026-03-13T06:27:49.361Z]   UNCATEGORIZED: https://coupable.com
[2026-03-13T06:27:49.361Z]   UNCATEGORIZED: https://coupable.io
[2026-03-13T06:27:49.361Z]   UNCATEGORIZED: https://coupable.xyz
[2026-03-13T06:27:49.362Z]   UNCATEGORIZED: https://coupon.ag
[2026-03-13T06:27:49.362Z]   UNCATEGORIZED: https://coupons.sh
[2026-03-13T06:27:49.362Z]   UNCATEGORIZED: https://covr.ai
[2026-03-13T06:27:49.362Z]   UNCATEGORIZED: https://cranberry.ai
[2026-03-13T06:27:49.362Z]   UNCATEGORIZED: https://crazy.sh
[2026-03-13T06:27:49.362Z]   UNCATEGORIZED: https://create.sh
[2026-03-13T06:27:49.362Z]   UNCATEGORIZED: https://crime.sh
[2026-03-13T06:27:49.363Z]   UNCATEGORIZED: https://crm.so
[2026-03-13T06:27:49.363Z]   UNCATEGORIZED: https://cross.sh
[2026-03-13T06:27:49.363Z]   UNCATEGORIZED: https://cryptonium.ai
[2026-03-13T06:27:49.363Z]   UNCATEGORIZED: https://cryptonium.gg
[2026-03-13T06:27:49.363Z]   UNCATEGORIZED: https://cryptonium.xyz
[2026-03-13T06:27:49.363Z]   UNCATEGORIZED: https://ctrlc.xyz
[2026-03-13T06:27:49.364Z]   UNCATEGORIZED: https://culminate.xyz
[2026-03-13T06:27:49.364Z]   UNCATEGORIZED: https://curate.sh
[2026-03-13T06:27:49.364Z]   UNCATEGORIZED: https://customer.gg
[2026-03-13T06:27:49.364Z]   UNCATEGORIZED: https://cyber.io
[2026-03-13T06:27:49.364Z]   UNCATEGORIZED: https://cyber.vc
[2026-03-13T06:27:49.364Z]   UNCATEGORIZED: https://cybersecurity.sh
[2026-03-13T06:27:49.364Z]   UNCATEGORIZED: https://cyrus.sh
[2026-03-13T06:27:49.365Z]   UNCATEGORIZED: https://dangerous.ly
[2026-03-13T06:27:49.365Z]   UNCATEGORIZED: https://dao.io
[2026-03-13T06:27:49.365Z]   UNCATEGORIZED: https://data.wtf
[2026-03-13T06:27:49.365Z]   UNCATEGORIZED: https://decoding.ai
[2026-03-13T06:27:49.365Z]   UNCATEGORIZED: https://decrypt.sh
[2026-03-13T06:27:49.365Z]   UNCATEGORIZED: https://defndr.xyz
[2026-03-13T06:27:49.366Z]   UNCATEGORIZED: https://defx.xyz
[2026-03-13T06:27:49.366Z]   UNCATEGORIZED: https://degen.sh
[2026-03-13T06:27:49.366Z]   UNCATEGORIZED: https://degenerate.co
[2026-03-13T06:27:49.366Z]   UNCATEGORIZED: https://demain.ai
[2026-03-13T06:27:49.366Z]   UNCATEGORIZED: https://demex.io
[2026-03-13T06:27:49.366Z]   UNCATEGORIZED: https://demography.io
[2026-03-13T06:27:49.366Z]   UNCATEGORIZED: https://demography.xyz
[2026-03-13T06:27:49.366Z]   UNCATEGORIZED: https://depin.sh
[2026-03-13T06:27:49.367Z]   UNCATEGORIZED: https://derived.xyz
[2026-03-13T06:27:49.367Z]   UNCATEGORIZED: https://desci.ag
[2026-03-13T06:27:49.367Z]   UNCATEGORIZED: https://desk.to
[2026-03-13T06:27:49.367Z]   UNCATEGORIZED: https://detection.sh
[2026-03-13T06:27:49.367Z]   UNCATEGORIZED: https://developpeur.ai
[2026-03-13T06:27:49.367Z]   UNCATEGORIZED: https://developpeur.co
[2026-03-13T06:27:49.367Z]   UNCATEGORIZED: https://df.to
[2026-03-13T06:27:49.367Z]   UNCATEGORIZED: https://dfnd.xyz
[2026-03-13T06:27:49.368Z]   UNCATEGORIZED: https://dgn.sh
[2026-03-13T06:27:49.368Z]   UNCATEGORIZED: https://diameter.xyz
[2026-03-13T06:27:49.368Z]   UNCATEGORIZED: https://dice.sh
[2026-03-13T06:27:49.368Z]   UNCATEGORIZED: https://directives.ai
[2026-03-13T06:27:49.368Z]   UNCATEGORIZED: https://directly.to
[2026-03-13T06:27:49.368Z]   UNCATEGORIZED: https://disassemble.io
[2026-03-13T06:27:49.368Z]   UNCATEGORIZED: https://disturb.xyz
[2026-03-13T06:27:49.369Z]   UNCATEGORIZED: https://dividend.gg
[2026-03-13T06:27:49.369Z]   UNCATEGORIZED: https://dividend.sh
[2026-03-13T06:27:49.369Z]   UNCATEGORIZED: https://dividends.gg
[2026-03-13T06:27:49.369Z]   UNCATEGORIZED: https://dividends.sh
[2026-03-13T06:27:49.369Z]   UNCATEGORIZED: https://divs.ai
[2026-03-13T06:27:49.369Z]   UNCATEGORIZED: https://djs.xyz
[2026-03-13T06:27:49.369Z]   UNCATEGORIZED: https://dmns.io
[2026-03-13T06:27:49.369Z]   UNCATEGORIZED: https://document.sh
[2026-03-13T06:27:49.370Z]   UNCATEGORIZED: https://domain.report
[2026-03-13T06:27:49.370Z]   UNCATEGORIZED: https://domains.sh
[2026-03-13T06:27:49.370Z]   UNCATEGORIZED: https://domains.space
[2026-03-13T06:27:49.370Z]   UNCATEGORIZED: https://doom.sh
[2026-03-13T06:27:49.370Z]   UNCATEGORIZED: https://dopamine.gg
[2026-03-13T06:27:49.370Z]   UNCATEGORIZED: https://dpth.ai
[2026-03-13T06:27:49.370Z]   UNCATEGORIZED: https://draft.to
[2026-03-13T06:27:49.371Z]   UNCATEGORIZED: https://dressed.ai
[2026-03-13T06:27:49.371Z]   UNCATEGORIZED: https://drift.sh
[2026-03-13T06:27:49.371Z]   UNCATEGORIZED: https://drive.ws
[2026-03-13T06:27:49.371Z]   UNCATEGORIZED: https://dropzone.cc
[2026-03-13T06:27:49.371Z]   UNCATEGORIZED: https://dual.sh
[2026-03-13T06:27:49.371Z]   UNCATEGORIZED: https://dubai.sh
[2026-03-13T06:27:49.371Z]   UNCATEGORIZED: https://due.sh
[2026-03-13T06:27:49.372Z]   UNCATEGORIZED: https://duz.ai
[2026-03-13T06:27:49.372Z]   UNCATEGORIZED: https://duz.io
[2026-03-13T06:27:49.372Z]   UNCATEGORIZED: https://duzz.io
[2026-03-13T06:27:49.372Z]   UNCATEGORIZED: https://dvgt.ai
[2026-03-13T06:27:49.372Z]   UNCATEGORIZED: https://dvgt.com
[2026-03-13T06:27:49.372Z]   UNCATEGORIZED: https://dvgt.io
[2026-03-13T06:27:49.372Z]   UNCATEGORIZED: https://dvgt.net
[2026-03-13T06:27:49.372Z]   UNCATEGORIZED: https://dvgt.xyz
[2026-03-13T06:27:49.373Z]   UNCATEGORIZED: https://dvrgt.ai
[2026-03-13T06:27:49.373Z]   UNCATEGORIZED: https://dvrgt.com
[2026-03-13T06:27:49.373Z]   UNCATEGORIZED: https://dvrgt.io
[2026-03-13T06:27:49.373Z]   UNCATEGORIZED: https://dvrgt.net
[2026-03-13T06:27:49.373Z]   UNCATEGORIZED: https://dxb.me
[2026-03-13T06:27:49.373Z]   UNCATEGORIZED: https://dxb.sh
[2026-03-13T06:27:49.373Z]   UNCATEGORIZED: https://earn.sh
[2026-03-13T06:27:49.374Z]   UNCATEGORIZED: https://easy.to
[2026-03-13T06:27:49.374Z]   UNCATEGORIZED: https://ecommerce.sh
[2026-03-13T06:27:49.374Z]   UNCATEGORIZED: https://ecstatic.ai
[2026-03-13T06:27:49.374Z]   UNCATEGORIZED: https://eden.sh
[2026-03-13T06:27:49.374Z]   UNCATEGORIZED: https://einstein.sh
[2026-03-13T06:27:49.374Z]   UNCATEGORIZED: https://elle.xyz
[2026-03-13T06:27:49.374Z]   UNCATEGORIZED: https://elonmusk.ai
[2026-03-13T06:27:49.375Z]   UNCATEGORIZED: https://emporium.gg
[2026-03-13T06:27:49.375Z]   UNCATEGORIZED: https://ena.ag
[2026-03-13T06:27:49.375Z]   UNCATEGORIZED: https://ena.gg
[2026-03-13T06:27:49.375Z]   UNCATEGORIZED: https://enablr.io
[2026-03-13T06:27:49.375Z]   UNCATEGORIZED: https://endpoints.ai
[2026-03-13T06:27:49.375Z]   UNCATEGORIZED: https://endpt.ai
[2026-03-13T06:27:49.375Z]   UNCATEGORIZED: https://endpt.xyz
[2026-03-13T06:27:49.375Z]   UNCATEGORIZED: https://endpts.ai
[2026-03-13T06:27:49.376Z]   UNCATEGORIZED: https://endpts.xyz
[2026-03-13T06:27:49.376Z]   UNCATEGORIZED: https://erly.ai
[2026-03-13T06:27:49.376Z]   UNCATEGORIZED: https://escape.sh
[2026-03-13T06:27:49.376Z]   UNCATEGORIZED: https://escargot.io
[2026-03-13T06:27:49.376Z]   UNCATEGORIZED: https://eta.sh
[2026-03-13T06:27:49.376Z]   UNCATEGORIZED: https://etch.sh
[2026-03-13T06:27:49.376Z]   UNCATEGORIZED: https://ethereum.to
[2026-03-13T06:27:49.376Z]   UNCATEGORIZED: https://ethyl.io
[2026-03-13T06:27:49.376Z]   UNCATEGORIZED: https://everything.sh
[2026-03-13T06:27:49.377Z]   UNCATEGORIZED: https://evm.gg
[2026-03-13T06:27:49.377Z]   UNCATEGORIZED: https://evnt.ai
[2026-03-13T06:27:49.377Z]   UNCATEGORIZED: https://evnts.ai
[2026-03-13T06:27:49.377Z]   UNCATEGORIZED: https://evnts.xyz
[2026-03-13T06:27:49.377Z]   UNCATEGORIZED: https://exact.sh
[2026-03-13T06:27:49.377Z]   UNCATEGORIZED: https://executives.ai
[2026-03-13T06:27:49.377Z]   UNCATEGORIZED: https://expert.sh
[2026-03-13T06:27:49.378Z]   UNCATEGORIZED: https://expired.ai
[2026-03-13T06:27:49.378Z]   UNCATEGORIZED: https://exploiter.io
[2026-03-13T06:27:49.378Z]   UNCATEGORIZED: https://explorer.ag
[2026-03-13T06:27:49.378Z]   UNCATEGORIZED: https://faders.ai
[2026-03-13T06:27:49.379Z]   UNCATEGORIZED: https://fashion.sh
[2026-03-13T06:27:49.379Z]   UNCATEGORIZED: https://feed.ws
[2026-03-13T06:27:49.379Z]   UNCATEGORIZED: https://feer.io
[2026-03-13T06:27:49.379Z]   UNCATEGORIZED: https://fib.sh
[2026-03-13T06:27:49.379Z]   UNCATEGORIZED: https://fic.xyz
[2026-03-13T06:27:49.379Z]   UNCATEGORIZED: https://firearm.io
[2026-03-13T06:27:49.379Z]   UNCATEGORIZED: https://fit.xyz
[2026-03-13T06:27:49.380Z]   UNCATEGORIZED: https://fitness.xyz
[2026-03-13T06:27:49.380Z]   UNCATEGORIZED: https://fix.sh
[2026-03-13T06:27:49.380Z]   UNCATEGORIZED: https://flashloan.ai
[2026-03-13T06:27:49.380Z]   UNCATEGORIZED: https://flashloan.co
[2026-03-13T06:27:49.380Z]   UNCATEGORIZED: https://flashloan.io
[2026-03-13T06:27:49.380Z]   UNCATEGORIZED: https://flashloan.net
[2026-03-13T06:27:49.380Z]   UNCATEGORIZED: https://flashloan.xyz
[2026-03-13T06:27:49.381Z]   UNCATEGORIZED: https://flavored.io
[2026-03-13T06:27:49.381Z]   UNCATEGORIZED: https://flay.xyz
[2026-03-13T06:27:49.381Z]   UNCATEGORIZED: https://flwr.ai
[2026-03-13T06:27:49.381Z]   UNCATEGORIZED: https://focusing.ai
[2026-03-13T06:27:49.381Z]   UNCATEGORIZED: https://focusing.co
[2026-03-13T06:27:49.381Z]   UNCATEGORIZED: https://folding.io
[2026-03-13T06:27:49.381Z]   UNCATEGORIZED: https://fomo.sh
[2026-03-13T06:27:49.382Z]   UNCATEGORIZED: https://forever.sh
[2026-03-13T06:27:49.382Z]   UNCATEGORIZED: https://forex.xyz
[2026-03-13T06:27:49.382Z]   UNCATEGORIZED: https://forfeit.io
[2026-03-13T06:27:49.382Z]   UNCATEGORIZED: https://fortify.sh
[2026-03-13T06:27:49.382Z]   UNCATEGORIZED: https://fractl.ai
[2026-03-13T06:27:49.382Z]   UNCATEGORIZED: https://freebox.io
[2026-03-13T06:27:49.383Z]   UNCATEGORIZED: https://freelance.sh
[2026-03-13T06:27:49.383Z]   UNCATEGORIZED: https://frks.io
[2026-03-13T06:27:49.383Z]   UNCATEGORIZED: https://frsh.ai
[2026-03-13T06:27:49.383Z]   UNCATEGORIZED: https://fud.sh
[2026-03-13T06:27:49.383Z]   UNCATEGORIZED: https://ful.xyz
[2026-03-13T06:27:49.383Z]   UNCATEGORIZED: https://function.sh
[2026-03-13T06:27:49.384Z]   UNCATEGORIZED: https://fup.io
[2026-03-13T06:27:49.384Z]   UNCATEGORIZED: https://fx.xyz
[2026-03-13T06:27:49.384Z]   UNCATEGORIZED: https://fyp.sh
[2026-03-13T06:27:49.384Z]   UNCATEGORIZED: https://gallery.sh
[2026-03-13T06:27:49.384Z]   UNCATEGORIZED: https://gambit.sh
[2026-03-13T06:27:49.384Z]   UNCATEGORIZED: https://gamr.ai
[2026-03-13T06:27:49.384Z]   UNCATEGORIZED: https://gane.io
[2026-03-13T06:27:49.384Z]   UNCATEGORIZED: https://geishas.ai
[2026-03-13T06:27:49.385Z]   UNCATEGORIZED: https://generators.ai
[2026-03-13T06:27:49.385Z]   UNCATEGORIZED: https://geniusmind.ai
[2026-03-13T06:27:49.385Z]   UNCATEGORIZED: https://geolocation.me
[2026-03-13T06:27:49.385Z]   UNCATEGORIZED: https://gfe.xyz
[2026-03-13T06:27:49.385Z]   UNCATEGORIZED: https://ghetto.xyz
[2026-03-13T06:27:49.385Z]   UNCATEGORIZED: https://ghost.ag
[2026-03-13T06:27:49.385Z]   UNCATEGORIZED: https://gig.to
[2026-03-13T06:27:49.386Z]   UNCATEGORIZED: https://glorif.ai
[2026-03-13T06:27:49.386Z]   UNCATEGORIZED: https://glss.io
[2026-03-13T06:27:49.386Z]   UNCATEGORIZED: https://gmbl.xyz
[2026-03-13T06:27:49.386Z]   UNCATEGORIZED: https://goaty.ai
[2026-03-13T06:27:49.386Z]   UNCATEGORIZED: https://goaty.io
[2026-03-13T06:27:49.386Z]   UNCATEGORIZED: https://gpu.ag
[2026-03-13T06:27:49.387Z]   UNCATEGORIZED: https://gram.sh
[2026-03-13T06:27:49.387Z]   UNCATEGORIZED: https://gravity.sh
[2026-03-13T06:27:49.387Z]   UNCATEGORIZED: https://gray.sh
[2026-03-13T06:27:49.387Z]   UNCATEGORIZED: https://great.ws
[2026-03-13T06:27:49.387Z]   UNCATEGORIZED: https://greyhat.ai
[2026-03-13T06:27:49.387Z]   UNCATEGORIZED: https://guest.to
[2026-03-13T06:27:49.387Z]   UNCATEGORIZED: https://gun.sh
[2026-03-13T06:27:49.388Z]   UNCATEGORIZED: https://gym.xyz
[2026-03-13T06:27:49.388Z]   UNCATEGORIZED: https://h-d.ai
[2026-03-13T06:27:49.388Z]   UNCATEGORIZED: https://happii.io
[2026-03-13T06:27:49.388Z]   UNCATEGORIZED: https://hard.sh
[2026-03-13T06:27:49.388Z]   UNCATEGORIZED: https://hckr.ai
[2026-03-13T06:27:49.388Z]   UNCATEGORIZED: https://hckr.xyz
[2026-03-13T06:27:49.389Z]   UNCATEGORIZED: https://hdd.sh
[2026-03-13T06:27:49.389Z]   UNCATEGORIZED: https://hedged.xyz
[2026-03-13T06:27:49.389Z]   UNCATEGORIZED: https://here.gg
[2026-03-13T06:27:49.389Z]   UNCATEGORIZED: https://heuristic.sh
[2026-03-13T06:27:49.389Z]   UNCATEGORIZED: https://hevn.ai
[2026-03-13T06:27:49.389Z]   UNCATEGORIZED: https://hexa.sh
[2026-03-13T06:27:49.389Z]   UNCATEGORIZED: https://hidden.sh
[2026-03-13T06:27:49.389Z]   UNCATEGORIZED: https://hide.xyz
[2026-03-13T06:27:49.390Z]   UNCATEGORIZED: https://hmbl.io
[2026-03-13T06:27:49.390Z]   UNCATEGORIZED: https://hmbl.xyz
[2026-03-13T06:27:49.390Z]   UNCATEGORIZED: https://holding.io
[2026-03-13T06:27:49.390Z]   UNCATEGORIZED: https://hookd.ai
[2026-03-13T06:27:49.390Z]   UNCATEGORIZED: https://hub.sh
[2026-03-13T06:27:49.390Z]   UNCATEGORIZED: https://hydrogen.sh
[2026-03-13T06:27:49.390Z]   UNCATEGORIZED: https://hypertension.io
[2026-03-13T06:27:49.391Z]   UNCATEGORIZED: https://ibull.io
[2026-03-13T06:27:49.391Z]   UNCATEGORIZED: https://icv.xyz
[2026-03-13T06:27:49.391Z]   UNCATEGORIZED: https://idgaf.io
[2026-03-13T06:27:49.391Z]   UNCATEGORIZED: https://imge.ai
[2026-03-13T06:27:49.391Z]   UNCATEGORIZED: https://imitative.ai
[2026-03-13T06:27:49.391Z]   UNCATEGORIZED: https://impossib.ly
[2026-03-13T06:27:49.391Z]   UNCATEGORIZED: https://incognito.to
[2026-03-13T06:27:49.391Z]   UNCATEGORIZED: https://incubator.sh
[2026-03-13T06:27:49.392Z]   UNCATEGORIZED: https://indexfund.ai
[2026-03-13T06:27:49.392Z]   UNCATEGORIZED: https://infiltrate.io
[2026-03-13T06:27:49.392Z]   UNCATEGORIZED: https://infinit.ai
[2026-03-13T06:27:49.392Z]   UNCATEGORIZED: https://inspector.sh
[2026-03-13T06:27:49.392Z]   UNCATEGORIZED: https://install.cc
[2026-03-13T06:27:49.392Z]   UNCATEGORIZED: https://interface.sh
[2026-03-13T06:27:49.392Z]   UNCATEGORIZED: https://intrusion.io
[2026-03-13T06:27:49.393Z]   UNCATEGORIZED: https://invisible.sh
[2026-03-13T06:27:49.393Z]   UNCATEGORIZED: https://ironic.xyz
[2026-03-13T06:27:49.393Z]   UNCATEGORIZED: https://isp.xyz
[2026-03-13T06:27:49.393Z]   UNCATEGORIZED: https://jailbreak.sh
[2026-03-13T06:27:49.393Z]   UNCATEGORIZED: https://jbs.ai
[2026-03-13T06:27:49.393Z]   UNCATEGORIZED: https://jrnl.ag
[2026-03-13T06:27:49.394Z]   UNCATEGORIZED: https://jrnl.ai
[2026-03-13T06:27:49.394Z]   UNCATEGORIZED: https://jrnl.xyz
[2026-03-13T06:27:49.394Z]   UNCATEGORIZED: https://jum.ai
[2026-03-13T06:27:49.394Z]   UNCATEGORIZED: https://jup.info
[2026-03-13T06:27:49.394Z]   UNCATEGORIZED: https://katium.ai
[2026-03-13T06:27:49.394Z]   UNCATEGORIZED: https://katium.io
[2026-03-13T06:27:49.394Z]   UNCATEGORIZED: https://kemono.sh
[2026-03-13T06:27:49.395Z]   UNCATEGORIZED: https://kerosene.ai
[2026-03-13T06:27:49.395Z]   UNCATEGORIZED: https://keyword.sh
[2026-03-13T06:27:49.395Z]   UNCATEGORIZED: https://kick.ag
[2026-03-13T06:27:49.395Z]   UNCATEGORIZED: https://kick.ai
[2026-03-13T06:27:49.395Z]   UNCATEGORIZED: https://kicker.gg
[2026-03-13T06:27:49.395Z]   UNCATEGORIZED: https://kik.ai
[2026-03-13T06:27:49.396Z]   UNCATEGORIZED: https://kik.sh
[2026-03-13T06:27:49.396Z]   UNCATEGORIZED: https://kiosk.xyz
[2026-03-13T06:27:49.396Z]   UNCATEGORIZED: https://kol.sh
[2026-03-13T06:27:49.396Z]   UNCATEGORIZED: https://kowala.ai
[2026-03-13T06:27:49.396Z]   UNCATEGORIZED: https://kpi.xyz
[2026-03-13T06:27:49.396Z]   UNCATEGORIZED: https://kpis.xyz
[2026-03-13T06:27:49.396Z]   UNCATEGORIZED: https://krypton.ai
[2026-03-13T06:27:49.397Z]   UNCATEGORIZED: https://l1.ag
[2026-03-13T06:27:49.397Z]   UNCATEGORIZED: https://l1.gg
[2026-03-13T06:27:49.397Z]   UNCATEGORIZED: https://l3.ag
[2026-03-13T06:27:49.397Z]   UNCATEGORIZED: https://landing.sh
[2026-03-13T06:27:49.397Z]   UNCATEGORIZED: https://language.sh
[2026-03-13T06:27:49.397Z]   UNCATEGORIZED: https://later.ly
[2026-03-13T06:27:49.398Z]   UNCATEGORIZED: https://laun.sh
[2026-03-13T06:27:49.398Z]   UNCATEGORIZED: https://launchpad.ag
[2026-03-13T06:27:49.398Z]   UNCATEGORIZED: https://launchpad.cc
[2026-03-13T06:27:49.398Z]   UNCATEGORIZED: https://launchpad.to
[2026-03-13T06:27:49.398Z]   UNCATEGORIZED: https://layer.ag
[2026-03-13T06:27:49.399Z]   UNCATEGORIZED: https://layer1.ag
[2026-03-13T06:27:49.399Z]   UNCATEGORIZED: https://layer2.ag
[2026-03-13T06:27:49.399Z]   UNCATEGORIZED: https://layer3.ag
[2026-03-13T06:27:49.399Z]   UNCATEGORIZED: https://ldn.ai
[2026-03-13T06:27:49.399Z]   UNCATEGORIZED: https://league.sh
[2026-03-13T06:27:49.399Z]   UNCATEGORIZED: https://leaker.xyz
[2026-03-13T06:27:49.399Z]   UNCATEGORIZED: https://ledger.ag
[2026-03-13T06:27:49.400Z]   UNCATEGORIZED: https://leet.sh
[2026-03-13T06:27:49.400Z]   UNCATEGORIZED: https://left.sh
[2026-03-13T06:27:49.400Z]   UNCATEGORIZED: https://legend.sh
[2026-03-13T06:27:49.400Z]   UNCATEGORIZED: https://lend.sh
[2026-03-13T06:27:49.400Z]   UNCATEGORIZED: https://lendr.xyz
[2026-03-13T06:27:49.400Z]   UNCATEGORIZED: https://less.xyz
[2026-03-13T06:27:49.401Z]   UNCATEGORIZED: https://level.sh
[2026-03-13T06:27:49.401Z]   UNCATEGORIZED: https://levrag.ai
[2026-03-13T06:27:49.401Z]   UNCATEGORIZED: https://levrag.com
[2026-03-13T06:27:49.401Z]   UNCATEGORIZED: https://levrag.io
[2026-03-13T06:27:49.401Z]   UNCATEGORIZED: https://levrag.xyz
[2026-03-13T06:27:49.401Z]   UNCATEGORIZED: https://levreg.io
[2026-03-13T06:27:49.402Z]   UNCATEGORIZED: https://levreg.xyz
[2026-03-13T06:27:49.402Z]   UNCATEGORIZED: https://levrg.xyz
[2026-03-13T06:27:49.402Z]   UNCATEGORIZED: https://lime.sh
[2026-03-13T06:27:49.402Z]   UNCATEGORIZED: https://liquidity.vc
[2026-03-13T06:27:49.402Z]   UNCATEGORIZED: https://listed.ai
[2026-03-13T06:27:49.402Z]   UNCATEGORIZED: https://listed.sh
[2026-03-13T06:27:49.402Z]   UNCATEGORIZED: https://listen.sh
[2026-03-13T06:27:49.403Z]   UNCATEGORIZED: https://lite.sh
[2026-03-13T06:27:49.403Z]   UNCATEGORIZED: https://lithium.sh
[2026-03-13T06:27:49.403Z]   UNCATEGORIZED: https://loader.ai
[2026-03-13T06:27:49.403Z]   UNCATEGORIZED: https://locked.gg
[2026-03-13T06:27:49.403Z]   UNCATEGORIZED: https://lockedin.so
[2026-03-13T06:27:49.403Z]   UNCATEGORIZED: https://lookup.sh
[2026-03-13T06:27:49.404Z]   UNCATEGORIZED: https://lop.io
[2026-03-13T06:27:49.404Z]   UNCATEGORIZED: https://lounge.sh
[2026-03-13T06:27:49.404Z]   UNCATEGORIZED: https://lovd.ai
[2026-03-13T06:27:49.404Z]   UNCATEGORIZED: https://machiavelli.ai
[2026-03-13T06:27:49.404Z]   UNCATEGORIZED: https://made.xyz
[2026-03-13T06:27:49.404Z]   UNCATEGORIZED: https://magnet.sh
[2026-03-13T06:27:49.404Z]   UNCATEGORIZED: https://magnet.so
[2026-03-13T06:27:49.405Z]   UNCATEGORIZED: https://maid.ly
[2026-03-13T06:27:49.405Z]   UNCATEGORIZED: https://manifest.sh
[2026-03-13T06:27:49.405Z]   UNCATEGORIZED: https://many.gg
[2026-03-13T06:27:49.405Z]   UNCATEGORIZED: https://marianne.ai
[2026-03-13T06:27:49.405Z]   UNCATEGORIZED: https://marketplace.sh
[2026-03-13T06:27:49.405Z]   UNCATEGORIZED: https://mask.sh
[2026-03-13T06:27:49.405Z]   UNCATEGORIZED: https://matrix.sh
[2026-03-13T06:27:49.406Z]   UNCATEGORIZED: https://medal.sh
[2026-03-13T06:27:49.406Z]   UNCATEGORIZED: https://meet.ag
[2026-03-13T06:27:49.406Z]   UNCATEGORIZED: https://meet.sh
[2026-03-13T06:27:49.406Z]   UNCATEGORIZED: https://meeting.sh
[2026-03-13T06:27:49.406Z]   UNCATEGORIZED: https://meetings.sh
[2026-03-13T06:27:49.406Z]   UNCATEGORIZED: https://melodic.ai
[2026-03-13T06:27:49.406Z]   UNCATEGORIZED: https://memecoins.ai
[2026-03-13T06:27:49.406Z]   UNCATEGORIZED: https://memorandum.io
[2026-03-13T06:27:49.407Z]   UNCATEGORIZED: https://memorandum.xyz
[2026-03-13T06:27:49.407Z]   UNCATEGORIZED: https://messenger.sh
[2026-03-13T06:27:49.407Z]   UNCATEGORIZED: https://metaphor.xyz
[2026-03-13T06:27:49.407Z]   UNCATEGORIZED: https://meth.gg
[2026-03-13T06:27:49.407Z]   UNCATEGORIZED: https://meth.io
[2026-03-13T06:27:49.407Z]   UNCATEGORIZED: https://mev.xyz
[2026-03-13T06:27:49.407Z]   UNCATEGORIZED: https://mevs.xyz
[2026-03-13T06:27:49.408Z]   UNCATEGORIZED: https://milda.io
[2026-03-13T06:27:49.408Z]   UNCATEGORIZED: https://million.sh
[2026-03-13T06:27:49.408Z]   UNCATEGORIZED: https://miner.sh
[2026-03-13T06:27:49.408Z]   UNCATEGORIZED: https://mining.sh
[2026-03-13T06:27:49.408Z]   UNCATEGORIZED: https://miracles.me
[2026-03-13T06:27:49.408Z]   UNCATEGORIZED: https://mission.sh
[2026-03-13T06:27:49.408Z]   UNCATEGORIZED: https://missions.sh
[2026-03-13T06:27:49.409Z]   UNCATEGORIZED: https://mix.sh
[2026-03-13T06:27:49.409Z]   UNCATEGORIZED: https://mixd.xyz
[2026-03-13T06:27:49.409Z]   UNCATEGORIZED: https://mixer.sh
[2026-03-13T06:27:49.409Z]   UNCATEGORIZED: https://mode.sh
[2026-03-13T06:27:49.409Z]   UNCATEGORIZED: https://models.sh
[2026-03-13T06:27:49.409Z]   UNCATEGORIZED: https://monitor.xyz
[2026-03-13T06:27:49.410Z]   UNCATEGORIZED: https://morning.sh
[2026-03-13T06:27:49.410Z]   UNCATEGORIZED: https://motion.sh
[2026-03-13T06:27:49.410Z]   UNCATEGORIZED: https://musicology.ai
[2026-03-13T06:27:49.410Z]   UNCATEGORIZED: https://musika.ai
[2026-03-13T06:27:49.410Z]   UNCATEGORIZED: https://nap.gg
[2026-03-13T06:27:49.410Z]   UNCATEGORIZED: https://narc.ai
[2026-03-13T06:27:49.410Z]   UNCATEGORIZED: https://neox.ai
[2026-03-13T06:27:49.410Z]   UNCATEGORIZED: https://nicotine.ai
[2026-03-13T06:27:49.411Z]   UNCATEGORIZED: https://nightlife.ai
[2026-03-13T06:27:49.411Z]   UNCATEGORIZED: https://nightlife.gg
[2026-03-13T06:27:49.411Z]   UNCATEGORIZED: https://noc.ai
[2026-03-13T06:27:49.411Z]   UNCATEGORIZED: https://nombreux.com
[2026-03-13T06:27:49.411Z]   UNCATEGORIZED: https://nombreux.io
[2026-03-13T06:27:49.411Z]   UNCATEGORIZED: https://nombreux.xyz
[2026-03-13T06:27:49.411Z]   UNCATEGORIZED: https://notate.ai
[2026-03-13T06:27:49.412Z]   UNCATEGORIZED: https://note.gg
[2026-03-13T06:27:49.412Z]   UNCATEGORIZED: https://novas.ai
[2026-03-13T06:27:49.412Z]   UNCATEGORIZED: https://nvst.ai
[2026-03-13T06:27:49.412Z]   UNCATEGORIZED: https://oa.xyz
[2026-03-13T06:27:49.412Z]   UNCATEGORIZED: https://object.sh
[2026-03-13T06:27:49.412Z]   UNCATEGORIZED: https://objective.sh
[2026-03-13T06:27:49.412Z]   UNCATEGORIZED: https://observer.sh
[2026-03-13T06:27:49.412Z]   UNCATEGORIZED: https://offensive.xyz
[2026-03-13T06:27:49.413Z]   UNCATEGORIZED: https://offshore.sh
[2026-03-13T06:27:49.413Z]   UNCATEGORIZED: https://oftn.io
[2026-03-13T06:27:49.413Z]   UNCATEGORIZED: https://og.ag
[2026-03-13T06:27:49.413Z]   UNCATEGORIZED: https://oi.xyz
[2026-03-13T06:27:49.413Z]   UNCATEGORIZED: https://onchain.sh
[2026-03-13T06:27:49.413Z]   UNCATEGORIZED: https://operators.ai
[2026-03-13T06:27:49.414Z]   UNCATEGORIZED: https://opnr.ai
[2026-03-13T06:27:49.414Z]   UNCATEGORIZED: https://option.sh
[2026-03-13T06:27:49.414Z]   UNCATEGORIZED: https://optn.io
[2026-03-13T06:27:49.414Z]   UNCATEGORIZED: https://opulence.gg
[2026-03-13T06:27:49.414Z]   UNCATEGORIZED: https://original.sh
[2026-03-13T06:27:49.414Z]   UNCATEGORIZED: https://orw.xyz
[2026-03-13T06:27:49.414Z]   UNCATEGORIZED: https://osar.io
[2026-03-13T06:27:49.414Z]   UNCATEGORIZED: https://osint.so
[2026-03-13T06:27:49.415Z]   UNCATEGORIZED: https://otw.ai
[2026-03-13T06:27:49.415Z]   UNCATEGORIZED: https://oui.ai
[2026-03-13T06:27:49.415Z]   UNCATEGORIZED: https://overrated.io
[2026-03-13T06:27:49.415Z]   UNCATEGORIZED: https://oxygen.sh
[2026-03-13T06:27:49.415Z]   UNCATEGORIZED: https://pa.xyz
[2026-03-13T06:27:49.415Z]   UNCATEGORIZED: https://pac.xyz
[2026-03-13T06:27:49.415Z]   UNCATEGORIZED: https://package.xyz
[2026-03-13T06:27:49.416Z]   UNCATEGORIZED: https://packet.to
[2026-03-13T06:27:49.416Z]   UNCATEGORIZED: https://palate.ai
[2026-03-13T06:27:49.416Z]   UNCATEGORIZED: https://palladium.sh
[2026-03-13T06:27:49.416Z]   UNCATEGORIZED: https://paraitre.com
[2026-03-13T06:27:49.416Z]   UNCATEGORIZED: https://paraitre.net
[2026-03-13T06:27:49.416Z]   UNCATEGORIZED: https://pco.io
[2026-03-13T06:27:49.417Z]   UNCATEGORIZED: https://peanut.sh
[2026-03-13T06:27:49.417Z]   UNCATEGORIZED: https://pharaoh.gg
[2026-03-13T06:27:49.417Z]   UNCATEGORIZED: https://photographers.ai
[2026-03-13T06:27:49.417Z]   UNCATEGORIZED: https://physique.ai
[2026-03-13T06:27:49.417Z]   UNCATEGORIZED: https://pick.xyz
[2026-03-13T06:27:49.417Z]   UNCATEGORIZED: https://pickr.io
[2026-03-13T06:27:49.417Z]   UNCATEGORIZED: https://pickr.xyz
[2026-03-13T06:27:49.418Z]   UNCATEGORIZED: https://pier.sh
[2026-03-13T06:27:49.418Z]   UNCATEGORIZED: https://pilot.sh
[2026-03-13T06:27:49.418Z]   UNCATEGORIZED: https://pilr.io
[2026-03-13T06:27:49.418Z]   UNCATEGORIZED: https://piqr.xyz
[2026-03-13T06:27:49.418Z]   UNCATEGORIZED: https://piranha.xyz
[2026-03-13T06:27:49.418Z]   UNCATEGORIZED: https://pki.xyz
[2026-03-13T06:27:49.418Z]   UNCATEGORIZED: https://plain.sh
[2026-03-13T06:27:49.419Z]   UNCATEGORIZED: https://planner.sh
[2026-03-13T06:27:49.419Z]   UNCATEGORIZED: https://platinum.sh
[2026-03-13T06:27:49.419Z]   UNCATEGORIZED: https://playr.ai
[2026-03-13T06:27:49.419Z]   UNCATEGORIZED: https://pnl.sh
[2026-03-13T06:27:49.419Z]   UNCATEGORIZED: https://poach.xyz
[2026-03-13T06:27:49.419Z]   UNCATEGORIZED: https://poc.dev
[2026-03-13T06:27:49.419Z]   UNCATEGORIZED: https://podcast.ag
[2026-03-13T06:27:49.420Z]   UNCATEGORIZED: https://police.sh
[2026-03-13T06:27:49.420Z]   UNCATEGORIZED: https://portfolio.ag
[2026-03-13T06:27:49.420Z]   UNCATEGORIZED: https://pown.ai
[2026-03-13T06:27:49.420Z]   UNCATEGORIZED: https://pown.io
[2026-03-13T06:27:49.420Z]   UNCATEGORIZED: https://pre.ag
[2026-03-13T06:27:49.420Z]   UNCATEGORIZED: https://pre.gg
[2026-03-13T06:27:49.420Z]   UNCATEGORIZED: https://predict.sh
[2026-03-13T06:27:49.420Z]   UNCATEGORIZED: https://press.sh
[2026-03-13T06:27:49.421Z]   UNCATEGORIZED: https://proactive.co
[2026-03-13T06:27:49.421Z]   UNCATEGORIZED: https://proficient.ly
[2026-03-13T06:27:49.421Z]   UNCATEGORIZED: https://profit.sh
[2026-03-13T06:27:49.421Z]   UNCATEGORIZED: https://promo.ag
[2026-03-13T06:27:49.421Z]   UNCATEGORIZED: https://promo.xyz
[2026-03-13T06:27:49.421Z]   UNCATEGORIZED: https://properties.to
[2026-03-13T06:27:49.421Z]   UNCATEGORIZED: https://prospr.ai
[2026-03-13T06:27:49.421Z]   UNCATEGORIZED: https://protection.xyz
[2026-03-13T06:27:49.422Z]   UNCATEGORIZED: https://psy.co
[2026-03-13T06:27:49.422Z]   UNCATEGORIZED: https://psycho.info
[2026-03-13T06:27:49.422Z]   UNCATEGORIZED: https://pulsion.io
[2026-03-13T06:27:49.422Z]   UNCATEGORIZED: https://pump.sh
[2026-03-13T06:27:49.422Z]   UNCATEGORIZED: https://pump.to
[2026-03-13T06:27:49.422Z]   UNCATEGORIZED: https://pumpkin.sh
[2026-03-13T06:27:49.422Z]   UNCATEGORIZED: https://puzzl.io
[2026-03-13T06:27:49.422Z]   UNCATEGORIZED: https://pvz.xyz
[2026-03-13T06:27:49.423Z]   UNCATEGORIZED: https://pwn.com
[2026-03-13T06:27:49.423Z]   UNCATEGORIZED: https://pwn.gg
[2026-03-13T06:27:49.423Z]   UNCATEGORIZED: https://pwn.io
[2026-03-13T06:27:49.423Z]   UNCATEGORIZED: https://pwn.net
[2026-03-13T06:27:49.423Z]   UNCATEGORIZED: https://pwr.ai
[2026-03-13T06:27:49.423Z]   UNCATEGORIZED: https://q.xyz
[2026-03-13T06:27:49.423Z]   UNCATEGORIZED: https://qad.xyz
[2026-03-13T06:27:49.423Z]   UNCATEGORIZED: https://qalm.xyz
[2026-03-13T06:27:49.424Z]   UNCATEGORIZED: https://qant.xyz
[2026-03-13T06:27:49.424Z]   UNCATEGORIZED: https://qaty.ai
[2026-03-13T06:27:49.424Z]   UNCATEGORIZED: https://qaty.io
[2026-03-13T06:27:49.424Z]   UNCATEGORIZED: https://qbit.ag
[2026-03-13T06:27:49.424Z]   UNCATEGORIZED: https://qla.xyz
[2026-03-13T06:27:49.424Z]   UNCATEGORIZED: https://qnx.io
[2026-03-13T06:27:49.424Z]   UNCATEGORIZED: https://qool.xyz
[2026-03-13T06:27:49.425Z]   UNCATEGORIZED: https://qrator.ai
[2026-03-13T06:27:49.425Z]   UNCATEGORIZED: https://qstn.xyz
[2026-03-13T06:27:49.425Z]   UNCATEGORIZED: https://quant.ag
[2026-03-13T06:27:49.425Z]   UNCATEGORIZED: https://qub.gg
[2026-03-13T06:27:49.425Z]   UNCATEGORIZED: https://qub.xyz
[2026-03-13T06:27:49.425Z]   UNCATEGORIZED: https://qubit.ag
[2026-03-13T06:27:49.425Z]   UNCATEGORIZED: https://qubit.sh
[2026-03-13T06:27:49.425Z]   UNCATEGORIZED: https://qubt.xyz
[2026-03-13T06:27:49.426Z]   UNCATEGORIZED: https://quentin.io
[2026-03-13T06:27:49.426Z]   UNCATEGORIZED: https://quests.ai
[2026-03-13T06:27:49.426Z]   UNCATEGORIZED: https://ramif.ai
[2026-03-13T06:27:49.426Z]   UNCATEGORIZED: https://rapid.sh
[2026-03-13T06:27:49.426Z]   UNCATEGORIZED: https://rckt.ai
[2026-03-13T06:27:49.426Z]   UNCATEGORIZED: https://re.ag
[2026-03-13T06:27:49.426Z]   UNCATEGORIZED: https://ready.xyz
[2026-03-13T06:27:49.426Z]   UNCATEGORIZED: https://realtime.ag
[2026-03-13T06:27:49.427Z]   UNCATEGORIZED: https://realtime.co
[2026-03-13T06:27:49.427Z]   UNCATEGORIZED: https://reasoning.sh
[2026-03-13T06:27:49.427Z]   UNCATEGORIZED: https://recap.sh
[2026-03-13T06:27:49.427Z]   UNCATEGORIZED: https://record.sh
[2026-03-13T06:27:49.427Z]   UNCATEGORIZED: https://recording.ai
[2026-03-13T06:27:49.427Z]   UNCATEGORIZED: https://reel.sh
[2026-03-13T06:27:49.427Z]   UNCATEGORIZED: https://relx.co
[2026-03-13T06:27:49.427Z]   UNCATEGORIZED: https://remotework.ai
[2026-03-13T06:27:49.427Z]   UNCATEGORIZED: https://renting.to
[2026-03-13T06:27:49.428Z]   UNCATEGORIZED: https://reputation.sh
[2026-03-13T06:27:49.428Z]   UNCATEGORIZED: https://required.co
[2026-03-13T06:27:49.428Z]   UNCATEGORIZED: https://required.to
[2026-03-13T06:27:49.428Z]   UNCATEGORIZED: https://response.cc
[2026-03-13T06:27:49.428Z]   UNCATEGORIZED: https://response.gg
[2026-03-13T06:27:49.428Z]   UNCATEGORIZED: https://ret.cc
[2026-03-13T06:27:49.428Z]   UNCATEGORIZED: https://revenue.sh
[2026-03-13T06:27:49.428Z]   UNCATEGORIZED: https://reversal.io
[2026-03-13T06:27:49.428Z]   UNCATEGORIZED: https://revoir.co
[2026-03-13T06:27:49.429Z]   UNCATEGORIZED: https://rflx.ai
[2026-03-13T06:27:49.429Z]   UNCATEGORIZED: https://rhum.io
[2026-03-13T06:27:49.429Z]   UNCATEGORIZED: https://ripped.ai
[2026-03-13T06:27:49.429Z]   UNCATEGORIZED: https://robt.ai
[2026-03-13T06:27:49.429Z]   UNCATEGORIZED: https://rootkit.io
[2026-03-13T06:27:49.429Z]   UNCATEGORIZED: https://rpcnode.com
[2026-03-13T06:27:49.429Z]   UNCATEGORIZED: https://rtist.ai
[2026-03-13T06:27:49.429Z]   UNCATEGORIZED: https://rtist.io
[2026-03-13T06:27:49.429Z]   UNCATEGORIZED: https://rtists.ai
[2026-03-13T06:27:49.430Z]   UNCATEGORIZED: https://rtists.io
[2026-03-13T06:27:49.430Z]   UNCATEGORIZED: https://rtists.xyz
[2026-03-13T06:27:49.430Z]   UNCATEGORIZED: https://rtx.sh
[2026-03-13T06:27:49.430Z]   UNCATEGORIZED: https://rug.ag
[2026-03-13T06:27:49.430Z]   UNCATEGORIZED: https://rug.gd
[2026-03-13T06:27:49.430Z]   UNCATEGORIZED: https://rug.to
[2026-03-13T06:27:49.430Z]   UNCATEGORIZED: https://rugged.gg
[2026-03-13T06:27:49.431Z]   UNCATEGORIZED: https://ruggy.xyz
[2026-03-13T06:27:49.431Z]   UNCATEGORIZED: https://rugpull.ag
[2026-03-13T06:27:49.431Z]   UNCATEGORIZED: https://rugpull.gg
[2026-03-13T06:27:49.431Z]   UNCATEGORIZED: https://rugs.ag
[2026-03-13T06:27:49.431Z]   UNCATEGORIZED: https://rum.xyz
[2026-03-13T06:27:49.431Z]   UNCATEGORIZED: https://runr.ai
[2026-03-13T06:27:49.431Z]   UNCATEGORIZED: https://rushed.xyz
[2026-03-13T06:27:49.432Z]   UNCATEGORIZED: https://rvlt.xyz
[2026-03-13T06:27:49.432Z]   UNCATEGORIZED: https://ryon.io
[2026-03-13T06:27:49.432Z]   UNCATEGORIZED: https://ryzn.ai
[2026-03-13T06:27:49.432Z]   UNCATEGORIZED: https://ryzn.io
[2026-03-13T06:27:49.432Z]   UNCATEGORIZED: https://ryzn.net
[2026-03-13T06:27:49.432Z]   UNCATEGORIZED: https://saas.gg
[2026-03-13T06:27:49.432Z]   UNCATEGORIZED: https://saas.sh
[2026-03-13T06:27:49.432Z]   UNCATEGORIZED: https://same.gg
[2026-03-13T06:27:49.432Z]   UNCATEGORIZED: https://sash.ai
[2026-03-13T06:27:49.433Z]   UNCATEGORIZED: https://satan.ai
[2026-03-13T06:27:49.433Z]   UNCATEGORIZED: https://satoshi.sh
[2026-03-13T06:27:49.433Z]   UNCATEGORIZED: https://saturn.sh
[2026-03-13T06:27:49.433Z]   UNCATEGORIZED: https://scalp.cc
[2026-03-13T06:27:49.433Z]   UNCATEGORIZED: https://scalper.sh
[2026-03-13T06:27:49.433Z]   UNCATEGORIZED: https://scanner.sh
[2026-03-13T06:27:49.433Z]   UNCATEGORIZED: https://scot.sh
[2026-03-13T06:27:49.434Z]   UNCATEGORIZED: https://scrape.cc
[2026-03-13T06:27:49.434Z]   UNCATEGORIZED: https://scrape.pro
[2026-03-13T06:27:49.434Z]   UNCATEGORIZED: https://scraper.pro
[2026-03-13T06:27:49.434Z]   UNCATEGORIZED: https://scraper.sh
[2026-03-13T06:27:49.434Z]   UNCATEGORIZED: https://scraping.cc
[2026-03-13T06:27:49.434Z]   UNCATEGORIZED: https://scroll.sh
[2026-03-13T06:27:49.434Z]   UNCATEGORIZED: https://sdbx.xyz
[2026-03-13T06:27:49.435Z]   UNCATEGORIZED: https://secular.io
[2026-03-13T06:27:49.435Z]   UNCATEGORIZED: https://seedr.ai
[2026-03-13T06:27:49.435Z]   UNCATEGORIZED: https://seek.sh
[2026-03-13T06:27:49.435Z]   UNCATEGORIZED: https://seism.io
[2026-03-13T06:27:49.435Z]   UNCATEGORIZED: https://seism.xyz
[2026-03-13T06:27:49.435Z]   UNCATEGORIZED: https://select.sh
[2026-03-13T06:27:49.435Z]   UNCATEGORIZED: https://shfl.xyz
[2026-03-13T06:27:49.436Z]   UNCATEGORIZED: https://shft.ai
[2026-03-13T06:27:49.436Z]   UNCATEGORIZED: https://shuffl.xyz
[2026-03-13T06:27:49.436Z]   UNCATEGORIZED: https://shuffle.sh
[2026-03-13T06:27:49.436Z]   UNCATEGORIZED: https://shuffled.xyz
[2026-03-13T06:27:49.436Z]   UNCATEGORIZED: https://shufl.ai
[2026-03-13T06:27:49.436Z]   UNCATEGORIZED: https://shufl.xyz
[2026-03-13T06:27:49.436Z]   UNCATEGORIZED: https://sided.io
[2026-03-13T06:27:49.436Z]   UNCATEGORIZED: https://sigma.sh
[2026-03-13T06:27:49.437Z]   UNCATEGORIZED: https://sign.sh
[2026-03-13T06:27:49.437Z]   UNCATEGORIZED: https://signal.ag
[2026-03-13T06:27:49.437Z]   UNCATEGORIZED: https://signature.sh
[2026-03-13T06:27:49.437Z]   UNCATEGORIZED: https://silent.sh
[2026-03-13T06:27:49.437Z]   UNCATEGORIZED: https://simple.sh
[2026-03-13T06:27:49.437Z]   UNCATEGORIZED: https://simulator.sh
[2026-03-13T06:27:49.437Z]   UNCATEGORIZED: https://skip.sh
[2026-03-13T06:27:49.437Z]   UNCATEGORIZED: https://slider.sh
[2026-03-13T06:27:49.437Z]   UNCATEGORIZED: https://slippage.io
[2026-03-13T06:27:49.438Z]   UNCATEGORIZED: https://smartcontract.sh
[2026-03-13T06:27:49.438Z]   UNCATEGORIZED: https://smoothly.ai
[2026-03-13T06:27:49.438Z]   UNCATEGORIZED: https://snack.sh
[2026-03-13T06:27:49.438Z]   UNCATEGORIZED: https://sniper.sh
[2026-03-13T06:27:49.438Z]   UNCATEGORIZED: https://snowboard.ai
[2026-03-13T06:27:49.438Z]   UNCATEGORIZED: https://snw.ai
[2026-03-13T06:27:49.438Z]   UNCATEGORIZED: https://soc.gg
[2026-03-13T06:27:49.438Z]   UNCATEGORIZED: https://sol.ag
[2026-03-13T06:27:49.439Z]   UNCATEGORIZED: https://solana.ag
[2026-03-13T06:27:49.439Z]   UNCATEGORIZED: https://solvers.ai
[2026-03-13T06:27:49.439Z]   UNCATEGORIZED: https://solvi.app
[2026-03-13T06:27:49.439Z]   UNCATEGORIZED: https://soul.sh
[2026-03-13T06:27:49.439Z]   UNCATEGORIZED: https://spider.sh
[2026-03-13T06:27:49.439Z]   UNCATEGORIZED: https://spnd.ai
[2026-03-13T06:27:49.439Z]   UNCATEGORIZED: https://ssd.so
[2026-03-13T06:27:49.439Z]   UNCATEGORIZED: https://stackd.ai
[2026-03-13T06:27:49.440Z]   UNCATEGORIZED: https://stage.sh
[2026-03-13T06:27:49.440Z]   UNCATEGORIZED: https://staken.io
[2026-03-13T06:27:49.440Z]   UNCATEGORIZED: https://start.xyz
[2026-03-13T06:27:49.440Z]   UNCATEGORIZED: https://stat.ly
[2026-03-13T06:27:49.440Z]   UNCATEGORIZED: https://stkr.io
[2026-03-13T06:27:49.440Z]   UNCATEGORIZED: https://storage.sh
[2026-03-13T06:27:49.440Z]   UNCATEGORIZED: https://streamers.ai
[2026-03-13T06:27:49.440Z]   UNCATEGORIZED: https://stupef.ai
[2026-03-13T06:27:49.441Z]   UNCATEGORIZED: https://subi.to
[2026-03-13T06:27:49.441Z]   UNCATEGORIZED: https://success.sh
[2026-03-13T06:27:49.441Z]   UNCATEGORIZED: https://sujet.ai
[2026-03-13T06:27:49.441Z]   UNCATEGORIZED: https://sujet.io
[2026-03-13T06:27:49.441Z]   UNCATEGORIZED: https://summary.sh
[2026-03-13T06:27:49.441Z]   UNCATEGORIZED: https://supertrend.ai
[2026-03-13T06:27:49.441Z]   UNCATEGORIZED: https://survey.sh
[2026-03-13T06:27:49.441Z]   UNCATEGORIZED: https://suv.xyz
[2026-03-13T06:27:49.442Z]   UNCATEGORIZED: https://svu.xyz
[2026-03-13T06:27:49.442Z]   UNCATEGORIZED: https://swap.ag
[2026-03-13T06:27:49.442Z]   UNCATEGORIZED: https://swaps.ag
[2026-03-13T06:27:49.442Z]   UNCATEGORIZED: https://synesis.xyz
[2026-03-13T06:27:49.442Z]   UNCATEGORIZED: https://ta.xyz
[2026-03-13T06:27:49.442Z]   UNCATEGORIZED: https://taint.io
[2026-03-13T06:27:49.442Z]   UNCATEGORIZED: https://talk.xyz
[2026-03-13T06:27:49.442Z]   UNCATEGORIZED: https://talking.to
[2026-03-13T06:27:49.443Z]   UNCATEGORIZED: https://tba.xyz
[2026-03-13T06:27:49.443Z]   UNCATEGORIZED: https://tck.io
[2026-03-13T06:27:49.443Z]   UNCATEGORIZED: https://teel.io
[2026-03-13T06:27:49.443Z]   UNCATEGORIZED: https://tequila.gg
[2026-03-13T06:27:49.443Z]   UNCATEGORIZED: https://terminal.ag
[2026-03-13T06:27:49.443Z]   UNCATEGORIZED: https://ticker.sh
[2026-03-13T06:27:49.443Z]   UNCATEGORIZED: https://tickers.gg
[2026-03-13T06:27:49.444Z]   UNCATEGORIZED: https://tikr.ai
[2026-03-13T06:27:49.444Z]   UNCATEGORIZED: https://timeline.cc
[2026-03-13T06:27:49.444Z]   UNCATEGORIZED: https://tiramisu.io
[2026-03-13T06:27:49.444Z]   UNCATEGORIZED: https://tiret.ai
[2026-03-13T06:27:49.444Z]   UNCATEGORIZED: https://tiret.io
[2026-03-13T06:27:49.444Z]   UNCATEGORIZED: https://tiret.xyz
[2026-03-13T06:27:49.444Z]   UNCATEGORIZED: https://tmrw.ai
[2026-03-13T06:27:49.444Z]   UNCATEGORIZED: https://tokenium.ai
[2026-03-13T06:27:49.445Z]   UNCATEGORIZED: https://tokenium.io
[2026-03-13T06:27:49.445Z]   UNCATEGORIZED: https://tokenize.sh
[2026-03-13T06:27:49.445Z]   UNCATEGORIZED: https://tokenomics.cc
[2026-03-13T06:27:49.445Z]   UNCATEGORIZED: https://tokenomics.sh
[2026-03-13T06:27:49.445Z]   UNCATEGORIZED: https://tokenry.ai
[2026-03-13T06:27:49.445Z]   UNCATEGORIZED: https://tokenry.io
[2026-03-13T06:27:49.445Z]   UNCATEGORIZED: https://tokens.ag
[2026-03-13T06:27:49.445Z]   UNCATEGORIZED: https://tokn.ag
[2026-03-13T06:27:49.445Z]   UNCATEGORIZED: https://tokn.cc
[2026-03-13T06:27:49.446Z]   UNCATEGORIZED: https://tokn.co
[2026-03-13T06:27:49.446Z]   UNCATEGORIZED: https://tokn.gg
[2026-03-13T06:27:49.446Z]   UNCATEGORIZED: https://tomorrow.sh
[2026-03-13T06:27:49.446Z]   UNCATEGORIZED: https://torrent.to
[2026-03-13T06:27:49.446Z]   UNCATEGORIZED: https://torrents.sh
[2026-03-13T06:27:49.446Z]   UNCATEGORIZED: https://touch.sh
[2026-03-13T06:27:49.446Z]   UNCATEGORIZED: https://tra.cc
[2026-03-13T06:27:49.446Z]   UNCATEGORIZED: https://tracker.ag
[2026-03-13T06:27:49.447Z]   UNCATEGORIZED: https://tracker.to
[2026-03-13T06:27:49.447Z]   UNCATEGORIZED: https://trackid.ai
[2026-03-13T06:27:49.447Z]   UNCATEGORIZED: https://trader.ag
[2026-03-13T06:27:49.447Z]   UNCATEGORIZED: https://traders.sh
[2026-03-13T06:27:49.447Z]   UNCATEGORIZED: https://tradfi.xyz
[2026-03-13T06:27:49.447Z]   UNCATEGORIZED: https://triangle.sh
[2026-03-13T06:27:49.447Z]   UNCATEGORIZED: https://trick.sh
[2026-03-13T06:27:49.447Z]   UNCATEGORIZED: https://tripped.io
[2026-03-13T06:27:49.448Z]   UNCATEGORIZED: https://trips.to
[2026-03-13T06:27:49.448Z]   UNCATEGORIZED: https://trnd.ai
[2026-03-13T06:27:49.448Z]   UNCATEGORIZED: https://trth.ai
[2026-03-13T06:27:49.448Z]   UNCATEGORIZED: https://trustfund.ai
[2026-03-13T06:27:49.448Z]   UNCATEGORIZED: https://truth.sh
[2026-03-13T06:27:49.448Z]   UNCATEGORIZED: https://trvl.ai
[2026-03-13T06:27:49.448Z]   UNCATEGORIZED: https://tryp.ai
[2026-03-13T06:27:49.448Z]   UNCATEGORIZED: https://tshirt.cc
[2026-03-13T06:27:49.449Z]   UNCATEGORIZED: https://tsks.ai
[2026-03-13T06:27:49.449Z]   UNCATEGORIZED: https://tsks.io
[2026-03-13T06:27:49.449Z]   UNCATEGORIZED: https://tsks.xyz
[2026-03-13T06:27:49.449Z]   UNCATEGORIZED: https://tunr.ai
[2026-03-13T06:27:49.449Z]   UNCATEGORIZED: https://tunr.io
[2026-03-13T06:27:49.449Z]   UNCATEGORIZED: https://txid.xyz
[2026-03-13T06:27:49.449Z]   UNCATEGORIZED: https://unblock.sh
[2026-03-13T06:27:49.450Z]   UNCATEGORIZED: https://unicorn.sh
[2026-03-13T06:27:49.450Z]   UNCATEGORIZED: https://unreleased.com
[2026-03-13T06:27:49.450Z]   UNCATEGORIZED: https://unreleased.net
[2026-03-13T06:27:49.450Z]   UNCATEGORIZED: https://ura.xyz
[2026-03-13T06:27:49.450Z]   UNCATEGORIZED: https://validator.sh
[2026-03-13T06:27:49.450Z]   UNCATEGORIZED: https://vapp.ai
[2026-03-13T06:27:49.450Z]   UNCATEGORIZED: https://var.xyz
[2026-03-13T06:27:49.450Z]   UNCATEGORIZED: https://vc.xyz
[2026-03-13T06:27:49.451Z]   UNCATEGORIZED: https://venomous.ai
[2026-03-13T06:27:49.451Z]   UNCATEGORIZED: https://vertical.sh
[2026-03-13T06:27:49.451Z]   UNCATEGORIZED: https://very.sh
[2026-03-13T06:27:49.451Z]   UNCATEGORIZED: https://videos.ly
[2026-03-13T06:27:49.451Z]   UNCATEGORIZED: https://viral.sh
[2026-03-13T06:27:49.451Z]   UNCATEGORIZED: https://virtualbot.ai
[2026-03-13T06:27:49.451Z]   UNCATEGORIZED: https://vision.sh
[2026-03-13T06:27:49.451Z]   UNCATEGORIZED: https://vision.xyz
[2026-03-13T06:27:49.452Z]   UNCATEGORIZED: https://visual.sh
[2026-03-13T06:27:49.452Z]   UNCATEGORIZED: https://vktr.ai
[2026-03-13T06:27:49.452Z]   UNCATEGORIZED: https://vodka.xyz
[2026-03-13T06:27:49.452Z]   UNCATEGORIZED: https://volatility.ai
[2026-03-13T06:27:49.452Z]   UNCATEGORIZED: https://vouloir.co
[2026-03-13T06:27:49.453Z]   UNCATEGORIZED: https://vouloir.info
[2026-03-13T06:27:49.453Z]   UNCATEGORIZED: https://vouloir.io
[2026-03-13T06:27:49.453Z]   UNCATEGORIZED: https://vouloir.net
[2026-03-13T06:27:49.453Z]   UNCATEGORIZED: https://vouloir.org
[2026-03-13T06:27:49.453Z]   UNCATEGORIZED: https://vouloir.xyz
[2026-03-13T06:27:49.453Z]   UNCATEGORIZED: https://vrfd.xyz
[2026-03-13T06:27:49.453Z]   UNCATEGORIZED: https://vrt.io
[2026-03-13T06:27:49.453Z]   UNCATEGORIZED: https://vulnerabilities.xyz
[2026-03-13T06:27:49.454Z]   UNCATEGORIZED: https://w3b.xyz
[2026-03-13T06:27:49.454Z]   UNCATEGORIZED: https://waf.xyz
[2026-03-13T06:27:49.454Z]   UNCATEGORIZED: https://wagmi.ag
[2026-03-13T06:27:49.454Z]   UNCATEGORIZED: https://wasabi.sh
[2026-03-13T06:27:49.454Z]   UNCATEGORIZED: https://watch.sh
[2026-03-13T06:27:49.454Z]   UNCATEGORIZED: https://wby.ai
[2026-03-13T06:27:49.454Z]   UNCATEGORIZED: https://we.xyz
[2026-03-13T06:27:49.454Z]   UNCATEGORIZED: https://web4.ag
[2026-03-13T06:27:49.455Z]   UNCATEGORIZED: https://wheel.sh
[2026-03-13T06:27:49.455Z]   UNCATEGORIZED: https://whistle.sh
[2026-03-13T06:27:49.455Z]   UNCATEGORIZED: https://wing.sh
[2026-03-13T06:27:49.455Z]   UNCATEGORIZED: https://wish.sh
[2026-03-13T06:27:49.455Z]   UNCATEGORIZED: https://work.xyz
[2026-03-13T06:27:49.455Z]   UNCATEGORIZED: https://workout.gg
[2026-03-13T06:27:49.455Z]   UNCATEGORIZED: https://writer.sh
[2026-03-13T06:27:49.455Z]   UNCATEGORIZED: https://wrote.ai
[2026-03-13T06:27:49.455Z]   UNCATEGORIZED: https://www.spaceship.com/s/buy/planr.ai/T7JYwHfLqO4VBmMo
[2026-03-13T06:27:49.456Z]   UNCATEGORIZED: https://xafe.io
[2026-03-13T06:27:49.456Z]   UNCATEGORIZED: https://xchg.io
[2026-03-13T06:27:49.456Z]   UNCATEGORIZED: https://xinxin.io
[2026-03-13T06:27:49.456Z]   UNCATEGORIZED: https://xrp.ag
[2026-03-13T06:27:49.456Z]   UNCATEGORIZED: https://xrp.gg
[2026-03-13T06:27:49.456Z]   UNCATEGORIZED: https://xtz.co
[2026-03-13T06:27:49.456Z]   UNCATEGORIZED: https://xvision.ai
[2026-03-13T06:27:49.457Z]   UNCATEGORIZED: https://yld.xyz
[2026-03-13T06:27:49.457Z]   UNCATEGORIZED: https://yog.ai
[2026-03-13T06:27:49.457Z]   UNCATEGORIZED: https://ywr.io
[2026-03-13T06:27:49.457Z]   UNCATEGORIZED: https://zebr.io
[2026-03-13T06:27:49.457Z]   UNCATEGORIZED: https://zero.sh
[2026-03-13T06:27:49.457Z]   UNCATEGORIZED: https://zeroday.ai
[2026-03-13T06:27:49.457Z]   UNCATEGORIZED: https://ziko.ai
[2026-03-13T06:27:49.457Z]   UNCATEGORIZED: https://zndr.io
[2026-03-13T06:27:49.457Z]   UNCATEGORIZED: https://zone.sh
[2026-03-13T06:27:49.458Z]   UNCATEGORIZED: https://zyber.com
[2026-03-13T06:27:49.458Z] Programmatic result: ws:1 | 856 uncategorized
[2026-03-13T06:27:49.458Z] Sending uncategorized links + HTML sections to AI for analysis...
[2026-03-13T06:27:49.459Z] Saved AI prompt (5972 chars) to ai_prompt.txt
[2026-03-13T06:27:49.459Z]   AI: Connecting to LM Studio at http://100.86.94.30:1234 (model: Qwen2.5-72B-Instruct-GGUF)...
[2026-03-13T06:27:49.476Z]   AI: Connected — HTTP 200, waiting for first token...
[2026-03-13T06:28:13.453Z]   AI: First token received, streaming...
[2026-03-13T06:28:25.910Z]   AI streaming: 202 chars received (36.5s elapsed)
[2026-03-13T06:28:30.308Z] AI response complete: 255 chars in 40.8s
[2026-03-13T06:28:30.309Z] Saved AI response to ai_response.json
[2026-03-13T06:28:30.309Z] ── Parsing AI response (7 lines) ──
[2026-03-13T06:28:30.309Z]   AI LINK: https://planr.io
[2026-03-13T06:28:30.309Z]   AI LINK: https://twitter.com/PlanrOfficial
[2026-03-13T06:28:30.310Z]   AI LINK: https://www.linkedin.com/company/planr
[2026-03-13T06:28:30.310Z]   AI LINK: https://github.com/PlanrHQ
[2026-03-13T06:28:30.310Z]   AI LINK: https://play.google.com/store/apps/details?id=com.planr.app
[2026-03-13T06:28:30.310Z]   AI LINK: https://apps.apple.com/us/app/planr/id1234567890
[2026-03-13T06:28:30.310Z]   AI LINK: https://medium.com/@PlanrBlog
[2026-03-13T06:28:30.310Z] AI returned 7 valid links
[2026-03-13T06:28:30.310Z] ── Categorizing 7 AI-returned links ──
[2026-03-13T06:28:30.310Z]   AI→URLS: https://planr.io
[2026-03-13T06:28:30.310Z]   AI→REGEX: tw <- https://twitter.com/PlanrOfficial
[2026-03-13T06:28:30.310Z]   AI→REGEX: li <- https://www.linkedin.com/company/planr
[2026-03-13T06:28:30.311Z]   AI→REGEX: gh <- https://github.com/PlanrHQ
[2026-03-13T06:28:30.311Z]   AI→REGEX: android_app_ids <- com.planr.app
[2026-03-13T06:28:30.311Z]   AI→URLS: https://apps.apple.com/us/app/planr/id1234567890
[2026-03-13T06:28:30.311Z]   AI→URLS: https://medium.com/@PlanrBlog
[2026-03-13T06:28:30.311Z] ── Step 2b: Footer/header uncategorized links ──
[2026-03-13T06:28:30.311Z] Footer/header origins (0):
[2026-03-13T06:28:30.311Z]   SKIP (not in footer/header): https://403.xyz
[2026-03-13T06:28:30.311Z]   SKIP (not in footer/header): https://accelerator.sh
[2026-03-13T06:28:30.311Z]   SKIP (not in footer/header): https://accs.ai
[2026-03-13T06:28:30.311Z]   SKIP (not in footer/header): https://active.xyz
[2026-03-13T06:28:30.311Z]   SKIP (not in footer/header): https://adpt.ai
[2026-03-13T06:28:30.311Z]   SKIP (not in footer/header): https://ads.sh
[2026-03-13T06:28:30.312Z]   SKIP (not in footer/header): https://adv.sh
[2026-03-13T06:28:30.312Z]   SKIP (not in footer/header): https://afi.xyz
[2026-03-13T06:28:30.312Z]   SKIP (not in footer/header): https://afternoon.ai
[2026-03-13T06:28:30.312Z]   SKIP (not in footer/header): https://aftr.io
[2026-03-13T06:28:30.312Z]   SKIP (not in footer/header): https://again.gg
[2026-03-13T06:28:30.312Z]   SKIP (not in footer/header): https://ai16z.com
[2026-03-13T06:28:30.312Z]   SKIP (not in footer/header): https://ailina.ai
[2026-03-13T06:28:30.312Z]   SKIP (not in footer/header): https://aldia.io
[2026-03-13T06:28:30.312Z]   SKIP (not in footer/header): https://alerts.to
[2026-03-13T06:28:30.312Z]   SKIP (not in footer/header): https://algo.ag
[2026-03-13T06:28:30.312Z]   SKIP (not in footer/header): https://alone.gg
[2026-03-13T06:28:30.312Z]   SKIP (not in footer/header): https://alts.gg
[2026-03-13T06:28:30.313Z]   SKIP (not in footer/header): https://alts.to
[2026-03-13T06:28:30.313Z]   SKIP (not in footer/header): https://analysis.gg
[2026-03-13T06:28:30.313Z]   SKIP (not in footer/header): https://analyze.gg
[2026-03-13T06:28:30.313Z]   SKIP (not in footer/header): https://ancestor.ai
[2026-03-13T06:28:30.313Z]   SKIP (not in footer/header): https://anon.sh
[2026-03-13T06:28:30.313Z]   SKIP (not in footer/header): https://anonymized.io
[2026-03-13T06:28:30.313Z]   SKIP (not in footer/header): https://anything.sh
[2026-03-13T06:28:30.313Z]   SKIP (not in footer/header): https://anywhere.sh
[2026-03-13T06:28:30.313Z]   SKIP (not in footer/header): https://apk.sh
[2026-03-13T06:28:30.313Z]   SKIP (not in footer/header): https://appropriate.ai
[2026-03-13T06:28:30.313Z]   SKIP (not in footer/header): https://approve.sh
[2026-03-13T06:28:30.313Z]   SKIP (not in footer/header): https://apy.ai
[2026-03-13T06:28:30.314Z]   SKIP (not in footer/header): https://apy.gg
[2026-03-13T06:28:30.314Z]   SKIP (not in footer/header): https://archer.sh
[2026-03-13T06:28:30.314Z]   SKIP (not in footer/header): https://aslr.io
[2026-03-13T06:28:30.314Z]   SKIP (not in footer/header): https://assistor.ai
[2026-03-13T06:28:30.314Z]   SKIP (not in footer/header): https://assistors.ai
[2026-03-13T06:28:30.314Z]   SKIP (not in footer/header): https://ath.ai
[2026-03-13T06:28:30.314Z]   SKIP (not in footer/header): https://atl.ai
[2026-03-13T06:28:30.314Z]   SKIP (not in footer/header): https://atom.sh
[2026-03-13T06:28:30.314Z]   SKIP (not in footer/header): https://atomif.ai
[2026-03-13T06:28:30.314Z]   SKIP (not in footer/header): https://attacker.sh
[2026-03-13T06:28:30.315Z]   SKIP (not in footer/header): https://attributed.io
[2026-03-13T06:28:30.315Z]   SKIP (not in footer/header): https://atx.xyz
[2026-03-13T06:28:30.315Z]   SKIP (not in footer/header): https://audits.ai
[2026-03-13T06:28:30.315Z]   SKIP (not in footer/header): https://aura.ag
[2026-03-13T06:28:30.315Z]   SKIP (not in footer/header): https://autumn.gg
[2026-03-13T06:28:30.315Z]   SKIP (not in footer/header): https://avoir.io
[2026-03-13T06:28:30.315Z]   SKIP (not in footer/header): https://awesome.sh
[2026-03-13T06:28:30.315Z]   SKIP (not in footer/header): https://bang.sh
[2026-03-13T06:28:30.315Z]   SKIP (not in footer/header): https://based.cc
[2026-03-13T06:28:30.315Z]   SKIP (not in footer/header): https://beach.xyz
[2026-03-13T06:28:30.315Z]   SKIP (not in footer/header): https://beast.sh
[2026-03-13T06:28:30.315Z]   SKIP (not in footer/header): https://beast.ws
[2026-03-13T06:28:30.315Z]   SKIP (not in footer/header): https://bid.gg
[2026-03-13T06:28:30.315Z]   SKIP (not in footer/header): https://black.xyz
[2026-03-13T06:28:30.316Z]   SKIP (not in footer/header): https://ble.ai
[2026-03-13T06:28:30.316Z]   SKIP (not in footer/header): https://bliss.xyz
[2026-03-13T06:28:30.316Z]   SKIP (not in footer/header): https://block.ag
[2026-03-13T06:28:30.316Z]   SKIP (not in footer/header): https://blog.ly
[2026-03-13T06:28:30.316Z]   SKIP (not in footer/header): https://bluid.ai
[2026-03-13T06:28:30.316Z]   SKIP (not in footer/header): https://bluid.sh
[2026-03-13T06:28:30.316Z]   SKIP (not in footer/header): https://bluid.xyz
[2026-03-13T06:28:30.316Z]   SKIP (not in footer/header): https://bngr.xyz
[2026-03-13T06:28:30.316Z]   SKIP (not in footer/header): https://bnkd.xyz
[2026-03-13T06:28:30.317Z]   SKIP (not in footer/header): https://bnkr.ai
[2026-03-13T06:28:30.317Z]   SKIP (not in footer/header): https://boite.ai
[2026-03-13T06:28:30.317Z]   SKIP (not in footer/header): https://boite.co
[2026-03-13T06:28:30.317Z]   SKIP (not in footer/header): https://bookers.ai
[2026-03-13T06:28:30.317Z]   SKIP (not in footer/header): https://boom.sh
[2026-03-13T06:28:30.317Z]   SKIP (not in footer/header): https://boon.sh
[2026-03-13T06:28:30.317Z]   SKIP (not in footer/header): https://boost.ws
[2026-03-13T06:28:30.317Z]   SKIP (not in footer/header): https://botnet.sh
[2026-03-13T06:28:30.317Z]   SKIP (not in footer/header): https://boudeuse.com
[2026-03-13T06:28:30.317Z]   SKIP (not in footer/header): https://boudeuse.net
[2026-03-13T06:28:30.317Z]   SKIP (not in footer/header): https://bounties.co
[2026-03-13T06:28:30.318Z]   SKIP (not in footer/header): https://bounties.io
[2026-03-13T06:28:30.318Z]   SKIP (not in footer/header): https://bpm.ag
[2026-03-13T06:28:30.318Z]   SKIP (not in footer/header): https://brainstorm.sh
[2026-03-13T06:28:30.318Z]   SKIP (not in footer/header): https://breach.sh
[2026-03-13T06:28:30.318Z]   SKIP (not in footer/header): https://breakouts.ai
[2026-03-13T06:28:30.318Z]   SKIP (not in footer/header): https://brief.sh
[2026-03-13T06:28:30.318Z]   SKIP (not in footer/header): https://bring.sh
[2026-03-13T06:28:30.318Z]   SKIP (not in footer/header): https://brokr.xyz
[2026-03-13T06:28:30.318Z]   SKIP (not in footer/header): https://btwn.ai
[2026-03-13T06:28:30.318Z]   SKIP (not in footer/header): https://bubl.ai
[2026-03-13T06:28:30.319Z]   SKIP (not in footer/header): https://buc.xyz
[2026-03-13T06:28:30.319Z]   SKIP (not in footer/header): https://build.space
[2026-03-13T06:28:30.319Z]   SKIP (not in footer/header): https://bunker.ai
[2026-03-13T06:28:30.319Z]   SKIP (not in footer/header): https://bunker.sh
[2026-03-13T06:28:30.319Z]   SKIP (not in footer/header): https://buoy.sh
[2026-03-13T06:28:30.319Z]   SKIP (not in footer/header): https://burn.sh
[2026-03-13T06:28:30.319Z]   SKIP (not in footer/header): https://ca.xyz
[2026-03-13T06:28:30.319Z]   SKIP (not in footer/header): https://cab.xyz
[2026-03-13T06:28:30.319Z]   SKIP (not in footer/header): https://cabal.sh
[2026-03-13T06:28:30.319Z]   SKIP (not in footer/header): https://caffeine.sh
[2026-03-13T06:28:30.319Z]   SKIP (not in footer/header): https://callbacks.ai
[2026-03-13T06:28:30.320Z]   SKIP (not in footer/header): https://calm.sh
[2026-03-13T06:28:30.320Z]   SKIP (not in footer/header): https://calory.io
[2026-03-13T06:28:30.320Z]   SKIP (not in footer/header): https://calory.xyz
[2026-03-13T06:28:30.320Z]   SKIP (not in footer/header): https://camp.ws
[2026-03-13T06:28:30.320Z]   SKIP (not in footer/header): https://capital.sh
[2026-03-13T06:28:30.320Z]   SKIP (not in footer/header): https://cappuccino.ai
[2026-03-13T06:28:30.320Z]   SKIP (not in footer/header): https://casa.xyz
[2026-03-13T06:28:30.320Z]   SKIP (not in footer/header): https://castle.sh
[2026-03-13T06:28:30.320Z]   SKIP (not in footer/header): https://catium.ai
[2026-03-13T06:28:30.320Z]   SKIP (not in footer/header): https://catium.io
[2026-03-13T06:28:30.320Z]   SKIP (not in footer/header): https://catya.io
[2026-03-13T06:28:30.320Z]   SKIP (not in footer/header): https://certificate.sh
[2026-03-13T06:28:30.321Z]   SKIP (not in footer/header): https://chapel.ai
[2026-03-13T06:28:30.321Z]   SKIP (not in footer/header): https://char.sh
[2026-03-13T06:28:30.321Z]   SKIP (not in footer/header): https://charts.sh
[2026-03-13T06:28:30.321Z]   SKIP (not in footer/header): https://charts.to
[2026-03-13T06:28:30.321Z]   SKIP (not in footer/header): https://chck.xyz
[2026-03-13T06:28:30.321Z]   SKIP (not in footer/header): https://check.xyz
[2026-03-13T06:28:30.321Z]   SKIP (not in footer/header): https://checked.xyz
[2026-03-13T06:28:30.321Z]   SKIP (not in footer/header): https://checksum.io
[2026-03-13T06:28:30.321Z]   SKIP (not in footer/header): https://cheesecake.ai
[2026-03-13T06:28:30.321Z]   SKIP (not in footer/header): https://chk.xyz
[2026-03-13T06:28:30.321Z]   SKIP (not in footer/header): https://chrt.xyz
[2026-03-13T06:28:30.321Z]   SKIP (not in footer/header): https://circuit.sh
[2026-03-13T06:28:30.322Z]   SKIP (not in footer/header): https://cirius.io
[2026-03-13T06:28:30.322Z]   SKIP (not in footer/header): https://citadel.sh
[2026-03-13T06:28:30.322Z]   SKIP (not in footer/header): https://claim.ag
[2026-03-13T06:28:30.322Z]   SKIP (not in footer/header): https://clarif.ai
[2026-03-13T06:28:30.322Z]   SKIP (not in footer/header): https://clarifier.io
[2026-03-13T06:28:30.322Z]   SKIP (not in footer/header): https://client.sh
[2026-03-13T06:28:30.322Z]   SKIP (not in footer/header): https://clip.sh
[2026-03-13T06:28:30.322Z]   SKIP (not in footer/header): https://cloq.io
[2026-03-13T06:28:30.322Z]   SKIP (not in footer/header): https://close.gg
[2026-03-13T06:28:30.322Z]   SKIP (not in footer/header): https://cloud.ws
[2026-03-13T06:28:30.322Z]   SKIP (not in footer/header): https://cna.xyz
[2026-03-13T06:28:30.322Z]   SKIP (not in footer/header): https://coast.gg
[2026-03-13T06:28:30.322Z]   SKIP (not in footer/header): https://cold.sh
[2026-03-13T06:28:30.323Z]   SKIP (not in footer/header): https://collectify.ai
[2026-03-13T06:28:30.323Z]   SKIP (not in footer/header): https://collector.sh
[2026-03-13T06:28:30.323Z]   SKIP (not in footer/header): https://colossus.gg
[2026-03-13T06:28:30.323Z]   SKIP (not in footer/header): https://comment.ly
[2026-03-13T06:28:30.323Z]   SKIP (not in footer/header): https://commit.sh
[2026-03-13T06:28:30.323Z]   SKIP (not in footer/header): https://community.xyz
[2026-03-13T06:28:30.323Z]   SKIP (not in footer/header): https://compass.sh
[2026-03-13T06:28:30.323Z]   SKIP (not in footer/header): https://compendium.io
[2026-03-13T06:28:30.323Z]   SKIP (not in footer/header): https://compta.io
[2026-03-13T06:28:30.323Z]   SKIP (not in footer/header): https://con.xyz
[2026-03-13T06:28:30.323Z]   SKIP (not in footer/header): https://consult.sh
[2026-03-13T06:28:30.323Z]   SKIP (not in footer/header): https://consulting.sh
[2026-03-13T06:28:30.324Z]   SKIP (not in footer/header): https://contain.io
[2026-03-13T06:28:30.324Z]   SKIP (not in footer/header): https://contributor.ai
[2026-03-13T06:28:30.324Z]   SKIP (not in footer/header): https://controller.sh
[2026-03-13T06:28:30.324Z]   SKIP (not in footer/header): https://coordinators.ai
[2026-03-13T06:28:30.324Z]   SKIP (not in footer/header): https://cord.sh
[2026-03-13T06:28:30.324Z]   SKIP (not in footer/header): https://corner.sh
[2026-03-13T06:28:30.324Z]   SKIP (not in footer/header): https://could.cc
[2026-03-13T06:28:30.324Z]   SKIP (not in footer/header): https://coupable.co
[2026-03-13T06:28:30.324Z]   SKIP (not in footer/header): https://coupable.com
[2026-03-13T06:28:30.324Z]   SKIP (not in footer/header): https://coupable.io
[2026-03-13T06:28:30.324Z]   SKIP (not in footer/header): https://coupable.xyz
[2026-03-13T06:28:30.324Z]   SKIP (not in footer/header): https://coupon.ag
[2026-03-13T06:28:30.324Z]   SKIP (not in footer/header): https://coupons.sh
[2026-03-13T06:28:30.324Z]   SKIP (not in footer/header): https://covr.ai
[2026-03-13T06:28:30.325Z]   SKIP (not in footer/header): https://cranberry.ai
[2026-03-13T06:28:30.325Z]   SKIP (not in footer/header): https://crazy.sh
[2026-03-13T06:28:30.325Z]   SKIP (not in footer/header): https://create.sh
[2026-03-13T06:28:30.325Z]   SKIP (not in footer/header): https://crime.sh
[2026-03-13T06:28:30.325Z]   SKIP (not in footer/header): https://crm.so
[2026-03-13T06:28:30.325Z]   SKIP (not in footer/header): https://cross.sh
[2026-03-13T06:28:30.325Z]   SKIP (not in footer/header): https://cryptonium.ai
[2026-03-13T06:28:30.325Z]   SKIP (not in footer/header): https://cryptonium.gg
[2026-03-13T06:28:30.325Z]   SKIP (not in footer/header): https://cryptonium.xyz
[2026-03-13T06:28:30.325Z]   SKIP (not in footer/header): https://ctrlc.xyz
[2026-03-13T06:28:30.325Z]   SKIP (not in footer/header): https://culminate.xyz
[2026-03-13T06:28:30.325Z]   SKIP (not in footer/header): https://curate.sh
[2026-03-13T06:28:30.325Z]   SKIP (not in footer/header): https://customer.gg
[2026-03-13T06:28:30.326Z]   SKIP (not in footer/header): https://cyber.io
[2026-03-13T06:28:30.326Z]   SKIP (not in footer/header): https://cyber.vc
[2026-03-13T06:28:30.326Z]   SKIP (not in footer/header): https://cybersecurity.sh
[2026-03-13T06:28:30.326Z]   SKIP (not in footer/header): https://cyrus.sh
[2026-03-13T06:28:30.326Z]   SKIP (not in footer/header): https://dangerous.ly
[2026-03-13T06:28:30.326Z]   SKIP (not in footer/header): https://dao.io
[2026-03-13T06:28:30.326Z]   SKIP (not in footer/header): https://data.wtf
[2026-03-13T06:28:30.326Z]   SKIP (not in footer/header): https://decoding.ai
[2026-03-13T06:28:30.326Z]   SKIP (not in footer/header): https://decrypt.sh
[2026-03-13T06:28:30.326Z]   SKIP (not in footer/header): https://defndr.xyz
[2026-03-13T06:28:30.326Z]   SKIP (not in footer/header): https://defx.xyz
[2026-03-13T06:28:30.326Z]   SKIP (not in footer/header): https://degen.sh
[2026-03-13T06:28:30.326Z]   SKIP (not in footer/header): https://degenerate.co
[2026-03-13T06:28:30.326Z]   SKIP (not in footer/header): https://demain.ai
[2026-03-13T06:28:30.326Z]   SKIP (not in footer/header): https://demex.io
[2026-03-13T06:28:30.327Z]   SKIP (not in footer/header): https://demography.io
[2026-03-13T06:28:30.327Z]   SKIP (not in footer/header): https://demography.xyz
[2026-03-13T06:28:30.327Z]   SKIP (not in footer/header): https://depin.sh
[2026-03-13T06:28:30.327Z]   SKIP (not in footer/header): https://derived.xyz
[2026-03-13T06:28:30.327Z]   SKIP (not in footer/header): https://desci.ag
[2026-03-13T06:28:30.327Z]   SKIP (not in footer/header): https://desk.to
[2026-03-13T06:28:30.327Z]   SKIP (not in footer/header): https://detection.sh
[2026-03-13T06:28:30.327Z]   SKIP (not in footer/header): https://developpeur.ai
[2026-03-13T06:28:30.327Z]   SKIP (not in footer/header): https://developpeur.co
[2026-03-13T06:28:30.327Z]   SKIP (not in footer/header): https://df.to
[2026-03-13T06:28:30.327Z]   SKIP (not in footer/header): https://dfnd.xyz
[2026-03-13T06:28:30.327Z]   SKIP (not in footer/header): https://dgn.sh
[2026-03-13T06:28:30.327Z]   SKIP (not in footer/header): https://diameter.xyz
[2026-03-13T06:28:30.328Z]   SKIP (not in footer/header): https://dice.sh
[2026-03-13T06:28:30.328Z]   SKIP (not in footer/header): https://directives.ai
[2026-03-13T06:28:30.328Z]   SKIP (not in footer/header): https://directly.to
[2026-03-13T06:28:30.328Z]   SKIP (not in footer/header): https://disassemble.io
[2026-03-13T06:28:30.328Z]   SKIP (not in footer/header): https://disturb.xyz
[2026-03-13T06:28:30.328Z]   SKIP (not in footer/header): https://dividend.gg
[2026-03-13T06:28:30.328Z]   SKIP (not in footer/header): https://dividend.sh
[2026-03-13T06:28:30.328Z]   SKIP (not in footer/header): https://dividends.gg
[2026-03-13T06:28:30.328Z]   SKIP (not in footer/header): https://dividends.sh
[2026-03-13T06:28:30.328Z]   SKIP (not in footer/header): https://divs.ai
[2026-03-13T06:28:30.328Z]   SKIP (not in footer/header): https://djs.xyz
[2026-03-13T06:28:30.328Z]   SKIP (not in footer/header): https://dmns.io
[2026-03-13T06:28:30.328Z]   SKIP (not in footer/header): https://document.sh
[2026-03-13T06:28:30.329Z]   SKIP (not in footer/header): https://domain.report
[2026-03-13T06:28:30.329Z]   SKIP (not in footer/header): https://domains.sh
[2026-03-13T06:28:30.329Z]   SKIP (not in footer/header): https://domains.space
[2026-03-13T06:28:30.329Z]   SKIP (not in footer/header): https://doom.sh
[2026-03-13T06:28:30.329Z]   SKIP (not in footer/header): https://dopamine.gg
[2026-03-13T06:28:30.329Z]   SKIP (not in footer/header): https://dpth.ai
[2026-03-13T06:28:30.329Z]   SKIP (not in footer/header): https://draft.to
[2026-03-13T06:28:30.329Z]   SKIP (not in footer/header): https://dressed.ai
[2026-03-13T06:28:30.329Z]   SKIP (not in footer/header): https://drift.sh
[2026-03-13T06:28:30.329Z]   SKIP (not in footer/header): https://drive.ws
[2026-03-13T06:28:30.329Z]   SKIP (not in footer/header): https://dropzone.cc
[2026-03-13T06:28:30.329Z]   SKIP (not in footer/header): https://dual.sh
[2026-03-13T06:28:30.330Z]   SKIP (not in footer/header): https://dubai.sh
[2026-03-13T06:28:30.330Z]   SKIP (not in footer/header): https://due.sh
[2026-03-13T06:28:30.330Z]   SKIP (not in footer/header): https://duz.ai
[2026-03-13T06:28:30.330Z]   SKIP (not in footer/header): https://duz.io
[2026-03-13T06:28:30.330Z]   SKIP (not in footer/header): https://duzz.io
[2026-03-13T06:28:30.330Z]   SKIP (not in footer/header): https://dvgt.ai
[2026-03-13T06:28:30.330Z]   SKIP (not in footer/header): https://dvgt.com
[2026-03-13T06:28:30.330Z]   SKIP (not in footer/header): https://dvgt.io
[2026-03-13T06:28:30.330Z]   SKIP (not in footer/header): https://dvgt.net
[2026-03-13T06:28:30.330Z]   SKIP (not in footer/header): https://dvgt.xyz
[2026-03-13T06:28:30.330Z]   SKIP (not in footer/header): https://dvrgt.ai
[2026-03-13T06:28:30.330Z]   SKIP (not in footer/header): https://dvrgt.com
[2026-03-13T06:28:30.330Z]   SKIP (not in footer/header): https://dvrgt.io
[2026-03-13T06:28:30.330Z]   SKIP (not in footer/header): https://dvrgt.net
[2026-03-13T06:28:30.330Z]   SKIP (not in footer/header): https://dxb.me
[2026-03-13T06:28:30.331Z]   SKIP (not in footer/header): https://dxb.sh
[2026-03-13T06:28:30.331Z]   SKIP (not in footer/header): https://earn.sh
[2026-03-13T06:28:30.331Z]   SKIP (not in footer/header): https://easy.to
[2026-03-13T06:28:30.331Z]   SKIP (not in footer/header): https://ecommerce.sh
[2026-03-13T06:28:30.331Z]   SKIP (not in footer/header): https://ecstatic.ai
[2026-03-13T06:28:30.331Z]   SKIP (not in footer/header): https://eden.sh
[2026-03-13T06:28:30.331Z]   SKIP (not in footer/header): https://einstein.sh
[2026-03-13T06:28:30.331Z]   SKIP (not in footer/header): https://elle.xyz
[2026-03-13T06:28:30.331Z]   SKIP (not in footer/header): https://elonmusk.ai
[2026-03-13T06:28:30.331Z]   SKIP (not in footer/header): https://emporium.gg
[2026-03-13T06:28:30.331Z]   SKIP (not in footer/header): https://ena.ag
[2026-03-13T06:28:30.331Z]   SKIP (not in footer/header): https://ena.gg
[2026-03-13T06:28:30.331Z]   SKIP (not in footer/header): https://enablr.io
[2026-03-13T06:28:30.332Z]   SKIP (not in footer/header): https://endpoints.ai
[2026-03-13T06:28:30.332Z]   SKIP (not in footer/header): https://endpt.ai
[2026-03-13T06:28:30.332Z]   SKIP (not in footer/header): https://endpt.xyz
[2026-03-13T06:28:30.332Z]   SKIP (not in footer/header): https://endpts.ai
[2026-03-13T06:28:30.332Z]   SKIP (not in footer/header): https://endpts.xyz
[2026-03-13T06:28:30.332Z]   SKIP (not in footer/header): https://erly.ai
[2026-03-13T06:28:30.332Z]   SKIP (not in footer/header): https://escape.sh
[2026-03-13T06:28:30.332Z]   SKIP (not in footer/header): https://escargot.io
[2026-03-13T06:28:30.332Z]   SKIP (not in footer/header): https://eta.sh
[2026-03-13T06:28:30.332Z]   SKIP (not in footer/header): https://etch.sh
[2026-03-13T06:28:30.332Z]   SKIP (not in footer/header): https://ethereum.to
[2026-03-13T06:28:30.332Z]   SKIP (not in footer/header): https://ethyl.io
[2026-03-13T06:28:30.333Z]   SKIP (not in footer/header): https://everything.sh
[2026-03-13T06:28:30.333Z]   SKIP (not in footer/header): https://evm.gg
[2026-03-13T06:28:30.333Z]   SKIP (not in footer/header): https://evnt.ai
[2026-03-13T06:28:30.333Z]   SKIP (not in footer/header): https://evnts.ai
[2026-03-13T06:28:30.333Z]   SKIP (not in footer/header): https://evnts.xyz
[2026-03-13T06:28:30.333Z]   SKIP (not in footer/header): https://exact.sh
[2026-03-13T06:28:30.333Z]   SKIP (not in footer/header): https://executives.ai
[2026-03-13T06:28:30.333Z]   SKIP (not in footer/header): https://expert.sh
[2026-03-13T06:28:30.333Z]   SKIP (not in footer/header): https://expired.ai
[2026-03-13T06:28:30.333Z]   SKIP (not in footer/header): https://exploiter.io
[2026-03-13T06:28:30.333Z]   SKIP (not in footer/header): https://explorer.ag
[2026-03-13T06:28:30.333Z]   SKIP (not in footer/header): https://faders.ai
[2026-03-13T06:28:30.334Z]   SKIP (not in footer/header): https://fashion.sh
[2026-03-13T06:28:30.334Z]   SKIP (not in footer/header): https://feed.ws
[2026-03-13T06:28:30.334Z]   SKIP (not in footer/header): https://feer.io
[2026-03-13T06:28:30.334Z]   SKIP (not in footer/header): https://fib.sh
[2026-03-13T06:28:30.334Z]   SKIP (not in footer/header): https://fic.xyz
[2026-03-13T06:28:30.334Z]   SKIP (not in footer/header): https://firearm.io
[2026-03-13T06:28:30.334Z]   SKIP (not in footer/header): https://fit.xyz
[2026-03-13T06:28:30.334Z]   SKIP (not in footer/header): https://fitness.xyz
[2026-03-13T06:28:30.334Z]   SKIP (not in footer/header): https://fix.sh
[2026-03-13T06:28:30.334Z]   SKIP (not in footer/header): https://flashloan.ai
[2026-03-13T06:28:30.334Z]   SKIP (not in footer/header): https://flashloan.co
[2026-03-13T06:28:30.334Z]   SKIP (not in footer/header): https://flashloan.io
[2026-03-13T06:28:30.334Z]   SKIP (not in footer/header): https://flashloan.net
[2026-03-13T06:28:30.334Z]   SKIP (not in footer/header): https://flashloan.xyz
[2026-03-13T06:28:30.334Z]   SKIP (not in footer/header): https://flavored.io
[2026-03-13T06:28:30.335Z]   SKIP (not in footer/header): https://flay.xyz
[2026-03-13T06:28:30.335Z]   SKIP (not in footer/header): https://flwr.ai
[2026-03-13T06:28:30.335Z]   SKIP (not in footer/header): https://focusing.ai
[2026-03-13T06:28:30.335Z]   SKIP (not in footer/header): https://focusing.co
[2026-03-13T06:28:30.335Z]   SKIP (not in footer/header): https://folding.io
[2026-03-13T06:28:30.335Z]   SKIP (not in footer/header): https://fomo.sh
[2026-03-13T06:28:30.335Z]   SKIP (not in footer/header): https://forever.sh
[2026-03-13T06:28:30.335Z]   SKIP (not in footer/header): https://forex.xyz
[2026-03-13T06:28:30.335Z]   SKIP (not in footer/header): https://forfeit.io
[2026-03-13T06:28:30.335Z]   SKIP (not in footer/header): https://fortify.sh
[2026-03-13T06:28:30.335Z]   SKIP (not in footer/header): https://fractl.ai
[2026-03-13T06:28:30.335Z]   SKIP (not in footer/header): https://freebox.io
[2026-03-13T06:28:30.335Z]   SKIP (not in footer/header): https://freelance.sh
[2026-03-13T06:28:30.336Z]   SKIP (not in footer/header): https://frks.io
[2026-03-13T06:28:30.336Z]   SKIP (not in footer/header): https://frsh.ai
[2026-03-13T06:28:30.336Z]   SKIP (not in footer/header): https://fud.sh
[2026-03-13T06:28:30.336Z]   SKIP (not in footer/header): https://ful.xyz
[2026-03-13T06:28:30.336Z]   SKIP (not in footer/header): https://function.sh
[2026-03-13T06:28:30.336Z]   SKIP (not in footer/header): https://fup.io
[2026-03-13T06:28:30.336Z]   SKIP (not in footer/header): https://fx.xyz
[2026-03-13T06:28:30.336Z]   SKIP (not in footer/header): https://fyp.sh
[2026-03-13T06:28:30.336Z]   SKIP (not in footer/header): https://gallery.sh
[2026-03-13T06:28:30.336Z]   SKIP (not in footer/header): https://gambit.sh
[2026-03-13T06:28:30.336Z]   SKIP (not in footer/header): https://gamr.ai
[2026-03-13T06:28:30.336Z]   SKIP (not in footer/header): https://gane.io
[2026-03-13T06:28:30.336Z]   SKIP (not in footer/header): https://geishas.ai
[2026-03-13T06:28:30.337Z]   SKIP (not in footer/header): https://generators.ai
[2026-03-13T06:28:30.337Z]   SKIP (not in footer/header): https://geniusmind.ai
[2026-03-13T06:28:30.337Z]   SKIP (not in footer/header): https://geolocation.me
[2026-03-13T06:28:30.337Z]   SKIP (not in footer/header): https://gfe.xyz
[2026-03-13T06:28:30.337Z]   SKIP (not in footer/header): https://ghetto.xyz
[2026-03-13T06:28:30.337Z]   SKIP (not in footer/header): https://ghost.ag
[2026-03-13T06:28:30.337Z]   SKIP (not in footer/header): https://gig.to
[2026-03-13T06:28:30.337Z]   SKIP (not in footer/header): https://glorif.ai
[2026-03-13T06:28:30.337Z]   SKIP (not in footer/header): https://glss.io
[2026-03-13T06:28:30.337Z]   SKIP (not in footer/header): https://gmbl.xyz
[2026-03-13T06:28:30.337Z]   SKIP (not in footer/header): https://goaty.ai
[2026-03-13T06:28:30.337Z]   SKIP (not in footer/header): https://goaty.io
[2026-03-13T06:28:30.337Z]   SKIP (not in footer/header): https://gpu.ag
[2026-03-13T06:28:30.338Z]   SKIP (not in footer/header): https://gram.sh
[2026-03-13T06:28:30.338Z]   SKIP (not in footer/header): https://gravity.sh
[2026-03-13T06:28:30.338Z]   SKIP (not in footer/header): https://gray.sh
[2026-03-13T06:28:30.338Z]   SKIP (not in footer/header): https://great.ws
[2026-03-13T06:28:30.338Z]   SKIP (not in footer/header): https://greyhat.ai
[2026-03-13T06:28:30.338Z]   SKIP (not in footer/header): https://guest.to
[2026-03-13T06:28:30.338Z]   SKIP (not in footer/header): https://gun.sh
[2026-03-13T06:28:30.338Z]   SKIP (not in footer/header): https://gym.xyz
[2026-03-13T06:28:30.338Z]   SKIP (not in footer/header): https://h-d.ai
[2026-03-13T06:28:30.338Z]   SKIP (not in footer/header): https://happii.io
[2026-03-13T06:28:30.338Z]   SKIP (not in footer/header): https://hard.sh
[2026-03-13T06:28:30.338Z]   SKIP (not in footer/header): https://hckr.ai
[2026-03-13T06:28:30.338Z]   SKIP (not in footer/header): https://hckr.xyz
[2026-03-13T06:28:30.338Z]   SKIP (not in footer/header): https://hdd.sh
[2026-03-13T06:28:30.338Z]   SKIP (not in footer/header): https://hedged.xyz
[2026-03-13T06:28:30.339Z]   SKIP (not in footer/header): https://here.gg
[2026-03-13T06:28:30.339Z]   SKIP (not in footer/header): https://heuristic.sh
[2026-03-13T06:28:30.339Z]   SKIP (not in footer/header): https://hevn.ai
[2026-03-13T06:28:30.339Z]   SKIP (not in footer/header): https://hexa.sh
[2026-03-13T06:28:30.339Z]   SKIP (not in footer/header): https://hidden.sh
[2026-03-13T06:28:30.339Z]   SKIP (not in footer/header): https://hide.xyz
[2026-03-13T06:28:30.339Z]   SKIP (not in footer/header): https://hmbl.io
[2026-03-13T06:28:30.339Z]   SKIP (not in footer/header): https://hmbl.xyz
[2026-03-13T06:28:30.339Z]   SKIP (not in footer/header): https://holding.io
[2026-03-13T06:28:30.339Z]   SKIP (not in footer/header): https://hookd.ai
[2026-03-13T06:28:30.339Z]   SKIP (not in footer/header): https://hub.sh
[2026-03-13T06:28:30.339Z]   SKIP (not in footer/header): https://hydrogen.sh
[2026-03-13T06:28:30.339Z]   SKIP (not in footer/header): https://hypertension.io
[2026-03-13T06:28:30.340Z]   SKIP (not in footer/header): https://ibull.io
[2026-03-13T06:28:30.340Z]   SKIP (not in footer/header): https://icv.xyz
[2026-03-13T06:28:30.340Z]   SKIP (not in footer/header): https://idgaf.io
[2026-03-13T06:28:30.340Z]   SKIP (not in footer/header): https://imge.ai
[2026-03-13T06:28:30.340Z]   SKIP (not in footer/header): https://imitative.ai
[2026-03-13T06:28:30.340Z]   SKIP (not in footer/header): https://impossib.ly
[2026-03-13T06:28:30.340Z]   SKIP (not in footer/header): https://incognito.to
[2026-03-13T06:28:30.340Z]   SKIP (not in footer/header): https://incubator.sh
[2026-03-13T06:28:30.340Z]   SKIP (not in footer/header): https://indexfund.ai
[2026-03-13T06:28:30.340Z]   SKIP (not in footer/header): https://infiltrate.io
[2026-03-13T06:28:30.340Z]   SKIP (not in footer/header): https://infinit.ai
[2026-03-13T06:28:30.340Z]   SKIP (not in footer/header): https://inspector.sh
[2026-03-13T06:28:30.340Z]   SKIP (not in footer/header): https://install.cc
[2026-03-13T06:28:30.341Z]   SKIP (not in footer/header): https://interface.sh
[2026-03-13T06:28:30.341Z]   SKIP (not in footer/header): https://intrusion.io
[2026-03-13T06:28:30.341Z]   SKIP (not in footer/header): https://invisible.sh
[2026-03-13T06:28:30.341Z]   SKIP (not in footer/header): https://ironic.xyz
[2026-03-13T06:28:30.341Z]   SKIP (not in footer/header): https://isp.xyz
[2026-03-13T06:28:30.341Z]   SKIP (not in footer/header): https://jailbreak.sh
[2026-03-13T06:28:30.341Z]   SKIP (not in footer/header): https://jbs.ai
[2026-03-13T06:28:30.341Z]   SKIP (not in footer/header): https://jrnl.ag
[2026-03-13T06:28:30.341Z]   SKIP (not in footer/header): https://jrnl.ai
[2026-03-13T06:28:30.341Z]   SKIP (not in footer/header): https://jrnl.xyz
[2026-03-13T06:28:30.341Z]   SKIP (not in footer/header): https://jum.ai
[2026-03-13T06:28:30.341Z]   SKIP (not in footer/header): https://jup.info
[2026-03-13T06:28:30.341Z]   SKIP (not in footer/header): https://katium.ai
[2026-03-13T06:28:30.341Z]   SKIP (not in footer/header): https://katium.io
[2026-03-13T06:28:30.342Z]   SKIP (not in footer/header): https://kemono.sh
[2026-03-13T06:28:30.342Z]   SKIP (not in footer/header): https://kerosene.ai
[2026-03-13T06:28:30.342Z]   SKIP (not in footer/header): https://keyword.sh
[2026-03-13T06:28:30.342Z]   SKIP (not in footer/header): https://kick.ag
[2026-03-13T06:28:30.342Z]   SKIP (not in footer/header): https://kick.ai
[2026-03-13T06:28:30.342Z]   SKIP (not in footer/header): https://kicker.gg
[2026-03-13T06:28:30.342Z]   SKIP (not in footer/header): https://kik.ai
[2026-03-13T06:28:30.342Z]   SKIP (not in footer/header): https://kik.sh
[2026-03-13T06:28:30.342Z]   SKIP (not in footer/header): https://kiosk.xyz
[2026-03-13T06:28:30.342Z]   SKIP (not in footer/header): https://kol.sh
[2026-03-13T06:28:30.342Z]   SKIP (not in footer/header): https://kowala.ai
[2026-03-13T06:28:30.342Z]   SKIP (not in footer/header): https://kpi.xyz
[2026-03-13T06:28:30.342Z]   SKIP (not in footer/header): https://kpis.xyz
[2026-03-13T06:28:30.343Z]   SKIP (not in footer/header): https://krypton.ai
[2026-03-13T06:28:30.343Z]   SKIP (not in footer/header): https://l1.ag
[2026-03-13T06:28:30.343Z]   SKIP (not in footer/header): https://l1.gg
[2026-03-13T06:28:30.343Z]   SKIP (not in footer/header): https://l3.ag
[2026-03-13T06:28:30.343Z]   SKIP (not in footer/header): https://landing.sh
[2026-03-13T06:28:30.343Z]   SKIP (not in footer/header): https://language.sh
[2026-03-13T06:28:30.343Z]   SKIP (not in footer/header): https://later.ly
[2026-03-13T06:28:30.343Z]   SKIP (not in footer/header): https://laun.sh
[2026-03-13T06:28:30.343Z]   SKIP (not in footer/header): https://launchpad.ag
[2026-03-13T06:28:30.343Z]   SKIP (not in footer/header): https://launchpad.cc
[2026-03-13T06:28:30.343Z]   SKIP (not in footer/header): https://launchpad.to
[2026-03-13T06:28:30.343Z]   SKIP (not in footer/header): https://layer.ag
[2026-03-13T06:28:30.343Z]   SKIP (not in footer/header): https://layer1.ag
[2026-03-13T06:28:30.343Z]   SKIP (not in footer/header): https://layer2.ag
[2026-03-13T06:28:30.344Z]   SKIP (not in footer/header): https://layer3.ag
[2026-03-13T06:28:30.344Z]   SKIP (not in footer/header): https://ldn.ai
[2026-03-13T06:28:30.344Z]   SKIP (not in footer/header): https://league.sh
[2026-03-13T06:28:30.344Z]   SKIP (not in footer/header): https://leaker.xyz
[2026-03-13T06:28:30.344Z]   SKIP (not in footer/header): https://ledger.ag
[2026-03-13T06:28:30.344Z]   SKIP (not in footer/header): https://leet.sh
[2026-03-13T06:28:30.344Z]   SKIP (not in footer/header): https://left.sh
[2026-03-13T06:28:30.344Z]   SKIP (not in footer/header): https://legend.sh
[2026-03-13T06:28:30.344Z]   SKIP (not in footer/header): https://lend.sh
[2026-03-13T06:28:30.344Z]   SKIP (not in footer/header): https://lendr.xyz
[2026-03-13T06:28:30.344Z]   SKIP (not in footer/header): https://less.xyz
[2026-03-13T06:28:30.344Z]   SKIP (not in footer/header): https://level.sh
[2026-03-13T06:28:30.344Z]   SKIP (not in footer/header): https://levrag.ai
[2026-03-13T06:28:30.344Z]   SKIP (not in footer/header): https://levrag.com
[2026-03-13T06:28:30.344Z]   SKIP (not in footer/header): https://levrag.io
[2026-03-13T06:28:30.345Z]   SKIP (not in footer/header): https://levrag.xyz
[2026-03-13T06:28:30.345Z]   SKIP (not in footer/header): https://levreg.io
[2026-03-13T06:28:30.345Z]   SKIP (not in footer/header): https://levreg.xyz
[2026-03-13T06:28:30.345Z]   SKIP (not in footer/header): https://levrg.xyz
[2026-03-13T06:28:30.345Z]   SKIP (not in footer/header): https://lime.sh
[2026-03-13T06:28:30.345Z]   SKIP (not in footer/header): https://liquidity.vc
[2026-03-13T06:28:30.345Z]   SKIP (not in footer/header): https://listed.ai
[2026-03-13T06:28:30.345Z]   SKIP (not in footer/header): https://listed.sh
[2026-03-13T06:28:30.345Z]   SKIP (not in footer/header): https://listen.sh
[2026-03-13T06:28:30.345Z]   SKIP (not in footer/header): https://lite.sh
[2026-03-13T06:28:30.345Z]   SKIP (not in footer/header): https://lithium.sh
[2026-03-13T06:28:30.345Z]   SKIP (not in footer/header): https://loader.ai
[2026-03-13T06:28:30.345Z]   SKIP (not in footer/header): https://locked.gg
[2026-03-13T06:28:30.346Z]   SKIP (not in footer/header): https://lockedin.so
[2026-03-13T06:28:30.346Z]   SKIP (not in footer/header): https://lookup.sh
[2026-03-13T06:28:30.346Z]   SKIP (not in footer/header): https://lop.io
[2026-03-13T06:28:30.346Z]   SKIP (not in footer/header): https://lounge.sh
[2026-03-13T06:28:30.346Z]   SKIP (not in footer/header): https://lovd.ai
[2026-03-13T06:28:30.346Z]   SKIP (not in footer/header): https://machiavelli.ai
[2026-03-13T06:28:30.346Z]   SKIP (not in footer/header): https://made.xyz
[2026-03-13T06:28:30.346Z]   SKIP (not in footer/header): https://magnet.sh
[2026-03-13T06:28:30.346Z]   SKIP (not in footer/header): https://magnet.so
[2026-03-13T06:28:30.346Z]   SKIP (not in footer/header): https://maid.ly
[2026-03-13T06:28:30.346Z]   SKIP (not in footer/header): https://manifest.sh
[2026-03-13T06:28:30.347Z]   SKIP (not in footer/header): https://many.gg
[2026-03-13T06:28:30.347Z]   SKIP (not in footer/header): https://marianne.ai
[2026-03-13T06:28:30.347Z]   SKIP (not in footer/header): https://marketplace.sh
[2026-03-13T06:28:30.347Z]   SKIP (not in footer/header): https://mask.sh
[2026-03-13T06:28:30.347Z]   SKIP (not in footer/header): https://matrix.sh
[2026-03-13T06:28:30.347Z]   SKIP (not in footer/header): https://medal.sh
[2026-03-13T06:28:30.347Z]   SKIP (not in footer/header): https://meet.ag
[2026-03-13T06:28:30.347Z]   SKIP (not in footer/header): https://meet.sh
[2026-03-13T06:28:30.347Z]   SKIP (not in footer/header): https://meeting.sh
[2026-03-13T06:28:30.347Z]   SKIP (not in footer/header): https://meetings.sh
[2026-03-13T06:28:30.347Z]   SKIP (not in footer/header): https://melodic.ai
[2026-03-13T06:28:30.347Z]   SKIP (not in footer/header): https://memecoins.ai
[2026-03-13T06:28:30.347Z]   SKIP (not in footer/header): https://memorandum.io
[2026-03-13T06:28:30.347Z]   SKIP (not in footer/header): https://memorandum.xyz
[2026-03-13T06:28:30.347Z]   SKIP (not in footer/header): https://messenger.sh
[2026-03-13T06:28:30.348Z]   SKIP (not in footer/header): https://metaphor.xyz
[2026-03-13T06:28:30.348Z]   SKIP (not in footer/header): https://meth.gg
[2026-03-13T06:28:30.348Z]   SKIP (not in footer/header): https://meth.io
[2026-03-13T06:28:30.348Z]   SKIP (not in footer/header): https://mev.xyz
[2026-03-13T06:28:30.348Z]   SKIP (not in footer/header): https://mevs.xyz
[2026-03-13T06:28:30.348Z]   SKIP (not in footer/header): https://milda.io
[2026-03-13T06:28:30.348Z]   SKIP (not in footer/header): https://million.sh
[2026-03-13T06:28:30.348Z]   SKIP (not in footer/header): https://miner.sh
[2026-03-13T06:28:30.348Z]   SKIP (not in footer/header): https://mining.sh
[2026-03-13T06:28:30.348Z]   SKIP (not in footer/header): https://miracles.me
[2026-03-13T06:28:30.348Z]   SKIP (not in footer/header): https://mission.sh
[2026-03-13T06:28:30.348Z]   SKIP (not in footer/header): https://missions.sh
[2026-03-13T06:28:30.348Z]   SKIP (not in footer/header): https://mix.sh
[2026-03-13T06:28:30.349Z]   SKIP (not in footer/header): https://mixd.xyz
[2026-03-13T06:28:30.349Z]   SKIP (not in footer/header): https://mixer.sh
[2026-03-13T06:28:30.349Z]   SKIP (not in footer/header): https://mode.sh
[2026-03-13T06:28:30.349Z]   SKIP (not in footer/header): https://models.sh
[2026-03-13T06:28:30.349Z]   SKIP (not in footer/header): https://monitor.xyz
[2026-03-13T06:28:30.349Z]   SKIP (not in footer/header): https://morning.sh
[2026-03-13T06:28:30.349Z]   SKIP (not in footer/header): https://motion.sh
[2026-03-13T06:28:30.349Z]   SKIP (not in footer/header): https://musicology.ai
[2026-03-13T06:28:30.349Z]   SKIP (not in footer/header): https://musika.ai
[2026-03-13T06:28:30.349Z]   SKIP (not in footer/header): https://nap.gg
[2026-03-13T06:28:30.349Z]   SKIP (not in footer/header): https://narc.ai
[2026-03-13T06:28:30.349Z]   SKIP (not in footer/header): https://neox.ai
[2026-03-13T06:28:30.349Z]   SKIP (not in footer/header): https://nicotine.ai
[2026-03-13T06:28:30.350Z]   SKIP (not in footer/header): https://nightlife.ai
[2026-03-13T06:28:30.350Z]   SKIP (not in footer/header): https://nightlife.gg
[2026-03-13T06:28:30.350Z]   SKIP (not in footer/header): https://noc.ai
[2026-03-13T06:28:30.350Z]   SKIP (not in footer/header): https://nombreux.com
[2026-03-13T06:28:30.350Z]   SKIP (not in footer/header): https://nombreux.io
[2026-03-13T06:28:30.350Z]   SKIP (not in footer/header): https://nombreux.xyz
[2026-03-13T06:28:30.350Z]   SKIP (not in footer/header): https://notate.ai
[2026-03-13T06:28:30.350Z]   SKIP (not in footer/header): https://note.gg
[2026-03-13T06:28:30.350Z]   SKIP (not in footer/header): https://novas.ai
[2026-03-13T06:28:30.350Z]   SKIP (not in footer/header): https://nvst.ai
[2026-03-13T06:28:30.350Z]   SKIP (not in footer/header): https://oa.xyz
[2026-03-13T06:28:30.350Z]   SKIP (not in footer/header): https://object.sh
[2026-03-13T06:28:30.350Z]   SKIP (not in footer/header): https://objective.sh
[2026-03-13T06:28:30.350Z]   SKIP (not in footer/header): https://observer.sh
[2026-03-13T06:28:30.351Z]   SKIP (not in footer/header): https://offensive.xyz
[2026-03-13T06:28:30.351Z]   SKIP (not in footer/header): https://offshore.sh
[2026-03-13T06:28:30.351Z]   SKIP (not in footer/header): https://oftn.io
[2026-03-13T06:28:30.351Z]   SKIP (not in footer/header): https://og.ag
[2026-03-13T06:28:30.351Z]   SKIP (not in footer/header): https://oi.xyz
[2026-03-13T06:28:30.351Z]   SKIP (not in footer/header): https://onchain.sh
[2026-03-13T06:28:30.351Z]   SKIP (not in footer/header): https://operators.ai
[2026-03-13T06:28:30.351Z]   SKIP (not in footer/header): https://opnr.ai
[2026-03-13T06:28:30.351Z]   SKIP (not in footer/header): https://option.sh
[2026-03-13T06:28:30.351Z]   SKIP (not in footer/header): https://optn.io
[2026-03-13T06:28:30.351Z]   SKIP (not in footer/header): https://opulence.gg
[2026-03-13T06:28:30.352Z]   SKIP (not in footer/header): https://original.sh
[2026-03-13T06:28:30.352Z]   SKIP (not in footer/header): https://orw.xyz
[2026-03-13T06:28:30.352Z]   SKIP (not in footer/header): https://osar.io
[2026-03-13T06:28:30.352Z]   SKIP (not in footer/header): https://osint.so
[2026-03-13T06:28:30.352Z]   SKIP (not in footer/header): https://otw.ai
[2026-03-13T06:28:30.352Z]   SKIP (not in footer/header): https://oui.ai
[2026-03-13T06:28:30.352Z]   SKIP (not in footer/header): https://overrated.io
[2026-03-13T06:28:30.352Z]   SKIP (not in footer/header): https://oxygen.sh
[2026-03-13T06:28:30.352Z]   SKIP (not in footer/header): https://pa.xyz
[2026-03-13T06:28:30.352Z]   SKIP (not in footer/header): https://pac.xyz
[2026-03-13T06:28:30.352Z]   SKIP (not in footer/header): https://package.xyz
[2026-03-13T06:28:30.352Z]   SKIP (not in footer/header): https://packet.to
[2026-03-13T06:28:30.352Z]   SKIP (not in footer/header): https://palate.ai
[2026-03-13T06:28:30.353Z]   SKIP (not in footer/header): https://palladium.sh
[2026-03-13T06:28:30.353Z]   SKIP (not in footer/header): https://paraitre.com
[2026-03-13T06:28:30.353Z]   SKIP (not in footer/header): https://paraitre.net
[2026-03-13T06:28:30.353Z]   SKIP (not in footer/header): https://pco.io
[2026-03-13T06:28:30.353Z]   SKIP (not in footer/header): https://peanut.sh
[2026-03-13T06:28:30.353Z]   SKIP (not in footer/header): https://pharaoh.gg
[2026-03-13T06:28:30.353Z]   SKIP (not in footer/header): https://photographers.ai
[2026-03-13T06:28:30.353Z]   SKIP (not in footer/header): https://physique.ai
[2026-03-13T06:28:30.353Z]   SKIP (not in footer/header): https://pick.xyz
[2026-03-13T06:28:30.353Z]   SKIP (not in footer/header): https://pickr.io
[2026-03-13T06:28:30.353Z]   SKIP (not in footer/header): https://pickr.xyz
[2026-03-13T06:28:30.353Z]   SKIP (not in footer/header): https://pier.sh
[2026-03-13T06:28:30.353Z]   SKIP (not in footer/header): https://pilot.sh
[2026-03-13T06:28:30.354Z]   SKIP (not in footer/header): https://pilr.io
[2026-03-13T06:28:30.354Z]   SKIP (not in footer/header): https://piqr.xyz
[2026-03-13T06:28:30.354Z]   SKIP (not in footer/header): https://piranha.xyz
[2026-03-13T06:28:30.354Z]   SKIP (not in footer/header): https://pki.xyz
[2026-03-13T06:28:30.354Z]   SKIP (not in footer/header): https://plain.sh
[2026-03-13T06:28:30.354Z]   SKIP (not in footer/header): https://planner.sh
[2026-03-13T06:28:30.354Z]   SKIP (not in footer/header): https://platinum.sh
[2026-03-13T06:28:30.354Z]   SKIP (not in footer/header): https://playr.ai
[2026-03-13T06:28:30.354Z]   SKIP (not in footer/header): https://pnl.sh
[2026-03-13T06:28:30.354Z]   SKIP (not in footer/header): https://poach.xyz
[2026-03-13T06:28:30.354Z]   SKIP (not in footer/header): https://poc.dev
[2026-03-13T06:28:30.355Z]   SKIP (not in footer/header): https://podcast.ag
[2026-03-13T06:28:30.355Z]   SKIP (not in footer/header): https://police.sh
[2026-03-13T06:28:30.355Z]   SKIP (not in footer/header): https://portfolio.ag
[2026-03-13T06:28:30.355Z]   SKIP (not in footer/header): https://pown.ai
[2026-03-13T06:28:30.355Z]   SKIP (not in footer/header): https://pown.io
[2026-03-13T06:28:30.355Z]   SKIP (not in footer/header): https://pre.ag
[2026-03-13T06:28:30.355Z]   SKIP (not in footer/header): https://pre.gg
[2026-03-13T06:28:30.355Z]   SKIP (not in footer/header): https://predict.sh
[2026-03-13T06:28:30.355Z]   SKIP (not in footer/header): https://press.sh
[2026-03-13T06:28:30.355Z]   SKIP (not in footer/header): https://proactive.co
[2026-03-13T06:28:30.355Z]   SKIP (not in footer/header): https://proficient.ly
[2026-03-13T06:28:30.355Z]   SKIP (not in footer/header): https://profit.sh
[2026-03-13T06:28:30.355Z]   SKIP (not in footer/header): https://promo.ag
[2026-03-13T06:28:30.355Z]   SKIP (not in footer/header): https://promo.xyz
[2026-03-13T06:28:30.356Z]   SKIP (not in footer/header): https://properties.to
[2026-03-13T06:28:30.356Z]   SKIP (not in footer/header): https://prospr.ai
[2026-03-13T06:28:30.356Z]   SKIP (not in footer/header): https://protection.xyz
[2026-03-13T06:28:30.356Z]   SKIP (not in footer/header): https://psy.co
[2026-03-13T06:28:30.356Z]   SKIP (not in footer/header): https://psycho.info
[2026-03-13T06:28:30.356Z]   SKIP (not in footer/header): https://pulsion.io
[2026-03-13T06:28:30.356Z]   SKIP (not in footer/header): https://pump.sh
[2026-03-13T06:28:30.356Z]   SKIP (not in footer/header): https://pump.to
[2026-03-13T06:28:30.356Z]   SKIP (not in footer/header): https://pumpkin.sh
[2026-03-13T06:28:30.356Z]   SKIP (not in footer/header): https://puzzl.io
[2026-03-13T06:28:30.356Z]   SKIP (not in footer/header): https://pvz.xyz
[2026-03-13T06:28:30.356Z]   SKIP (not in footer/header): https://pwn.com
[2026-03-13T06:28:30.356Z]   SKIP (not in footer/header): https://pwn.gg
[2026-03-13T06:28:30.356Z]   SKIP (not in footer/header): https://pwn.io
[2026-03-13T06:28:30.357Z]   SKIP (not in footer/header): https://pwn.net
[2026-03-13T06:28:30.357Z]   SKIP (not in footer/header): https://pwr.ai
[2026-03-13T06:28:30.357Z]   SKIP (not in footer/header): https://q.xyz
[2026-03-13T06:28:30.357Z]   SKIP (not in footer/header): https://qad.xyz
[2026-03-13T06:28:30.357Z]   SKIP (not in footer/header): https://qalm.xyz
[2026-03-13T06:28:30.357Z]   SKIP (not in footer/header): https://qant.xyz
[2026-03-13T06:28:30.357Z]   SKIP (not in footer/header): https://qaty.ai
[2026-03-13T06:28:30.357Z]   SKIP (not in footer/header): https://qaty.io
[2026-03-13T06:28:30.357Z]   SKIP (not in footer/header): https://qbit.ag
[2026-03-13T06:28:30.357Z]   SKIP (not in footer/header): https://qla.xyz
[2026-03-13T06:28:30.357Z]   SKIP (not in footer/header): https://qnx.io
[2026-03-13T06:28:30.357Z]   SKIP (not in footer/header): https://qool.xyz
[2026-03-13T06:28:30.357Z]   SKIP (not in footer/header): https://qrator.ai
[2026-03-13T06:28:30.357Z]   SKIP (not in footer/header): https://qstn.xyz
[2026-03-13T06:28:30.358Z]   SKIP (not in footer/header): https://quant.ag
[2026-03-13T06:28:30.358Z]   SKIP (not in footer/header): https://qub.gg
[2026-03-13T06:28:30.358Z]   SKIP (not in footer/header): https://qub.xyz
[2026-03-13T06:28:30.358Z]   SKIP (not in footer/header): https://qubit.ag
[2026-03-13T06:28:30.358Z]   SKIP (not in footer/header): https://qubit.sh
[2026-03-13T06:28:30.358Z]   SKIP (not in footer/header): https://qubt.xyz
[2026-03-13T06:28:30.358Z]   SKIP (not in footer/header): https://quentin.io
[2026-03-13T06:28:30.358Z]   SKIP (not in footer/header): https://quests.ai
[2026-03-13T06:28:30.358Z]   SKIP (not in footer/header): https://ramif.ai
[2026-03-13T06:28:30.358Z]   SKIP (not in footer/header): https://rapid.sh
[2026-03-13T06:28:30.358Z]   SKIP (not in footer/header): https://rckt.ai
[2026-03-13T06:28:30.359Z]   SKIP (not in footer/header): https://re.ag
[2026-03-13T06:28:30.359Z]   SKIP (not in footer/header): https://ready.xyz
[2026-03-13T06:28:30.359Z]   SKIP (not in footer/header): https://realtime.ag
[2026-03-13T06:28:30.359Z]   SKIP (not in footer/header): https://realtime.co
[2026-03-13T06:28:30.359Z]   SKIP (not in footer/header): https://reasoning.sh
[2026-03-13T06:28:30.359Z]   SKIP (not in footer/header): https://recap.sh
[2026-03-13T06:28:30.359Z]   SKIP (not in footer/header): https://record.sh
[2026-03-13T06:28:30.359Z]   SKIP (not in footer/header): https://recording.ai
[2026-03-13T06:28:30.359Z]   SKIP (not in footer/header): https://reel.sh
[2026-03-13T06:28:30.359Z]   SKIP (not in footer/header): https://relx.co
[2026-03-13T06:28:30.359Z]   SKIP (not in footer/header): https://remotework.ai
[2026-03-13T06:28:30.359Z]   SKIP (not in footer/header): https://renting.to
[2026-03-13T06:28:30.360Z]   SKIP (not in footer/header): https://reputation.sh
[2026-03-13T06:28:30.360Z]   SKIP (not in footer/header): https://required.co
[2026-03-13T06:28:30.360Z]   SKIP (not in footer/header): https://required.to
[2026-03-13T06:28:30.360Z]   SKIP (not in footer/header): https://response.cc
[2026-03-13T06:28:30.360Z]   SKIP (not in footer/header): https://response.gg
[2026-03-13T06:28:30.360Z]   SKIP (not in footer/header): https://ret.cc
[2026-03-13T06:28:30.360Z]   SKIP (not in footer/header): https://revenue.sh
[2026-03-13T06:28:30.360Z]   SKIP (not in footer/header): https://reversal.io
[2026-03-13T06:28:30.360Z]   SKIP (not in footer/header): https://revoir.co
[2026-03-13T06:28:30.360Z]   SKIP (not in footer/header): https://rflx.ai
[2026-03-13T06:28:30.360Z]   SKIP (not in footer/header): https://rhum.io
[2026-03-13T06:28:30.360Z]   SKIP (not in footer/header): https://ripped.ai
[2026-03-13T06:28:30.361Z]   SKIP (not in footer/header): https://robt.ai
[2026-03-13T06:28:30.361Z]   SKIP (not in footer/header): https://rootkit.io
[2026-03-13T06:28:30.361Z]   SKIP (not in footer/header): https://rpcnode.com
[2026-03-13T06:28:30.361Z]   SKIP (not in footer/header): https://rtist.ai
[2026-03-13T06:28:30.361Z]   SKIP (not in footer/header): https://rtist.io
[2026-03-13T06:28:30.361Z]   SKIP (not in footer/header): https://rtists.ai
[2026-03-13T06:28:30.361Z]   SKIP (not in footer/header): https://rtists.io
[2026-03-13T06:28:30.361Z]   SKIP (not in footer/header): https://rtists.xyz
[2026-03-13T06:28:30.361Z]   SKIP (not in footer/header): https://rtx.sh
[2026-03-13T06:28:30.361Z]   SKIP (not in footer/header): https://rug.ag
[2026-03-13T06:28:30.361Z]   SKIP (not in footer/header): https://rug.gd
[2026-03-13T06:28:30.361Z]   SKIP (not in footer/header): https://rug.to
[2026-03-13T06:28:30.361Z]   SKIP (not in footer/header): https://rugged.gg
[2026-03-13T06:28:30.361Z]   SKIP (not in footer/header): https://ruggy.xyz
[2026-03-13T06:28:30.361Z]   SKIP (not in footer/header): https://rugpull.ag
[2026-03-13T06:28:30.362Z]   SKIP (not in footer/header): https://rugpull.gg
[2026-03-13T06:28:30.362Z]   SKIP (not in footer/header): https://rugs.ag
[2026-03-13T06:28:30.362Z]   SKIP (not in footer/header): https://rum.xyz
[2026-03-13T06:28:30.362Z]   SKIP (not in footer/header): https://runr.ai
[2026-03-13T06:28:30.362Z]   SKIP (not in footer/header): https://rushed.xyz
[2026-03-13T06:28:30.362Z]   SKIP (not in footer/header): https://rvlt.xyz
[2026-03-13T06:28:30.362Z]   SKIP (not in footer/header): https://ryon.io
[2026-03-13T06:28:30.362Z]   SKIP (not in footer/header): https://ryzn.ai
[2026-03-13T06:28:30.362Z]   SKIP (not in footer/header): https://ryzn.io
[2026-03-13T06:28:30.362Z]   SKIP (not in footer/header): https://ryzn.net
[2026-03-13T06:28:30.362Z]   SKIP (not in footer/header): https://saas.gg
[2026-03-13T06:28:30.363Z]   SKIP (not in footer/header): https://saas.sh
[2026-03-13T06:28:30.363Z]   SKIP (not in footer/header): https://same.gg
[2026-03-13T06:28:30.363Z]   SKIP (not in footer/header): https://sash.ai
[2026-03-13T06:28:30.363Z]   SKIP (not in footer/header): https://satan.ai
[2026-03-13T06:28:30.363Z]   SKIP (not in footer/header): https://satoshi.sh
[2026-03-13T06:28:30.363Z]   SKIP (not in footer/header): https://saturn.sh
[2026-03-13T06:28:30.363Z]   SKIP (not in footer/header): https://scalp.cc
[2026-03-13T06:28:30.363Z]   SKIP (not in footer/header): https://scalper.sh
[2026-03-13T06:28:30.363Z]   SKIP (not in footer/header): https://scanner.sh
[2026-03-13T06:28:30.363Z]   SKIP (not in footer/header): https://scot.sh
[2026-03-13T06:28:30.363Z]   SKIP (not in footer/header): https://scrape.cc
[2026-03-13T06:28:30.363Z]   SKIP (not in footer/header): https://scrape.pro
[2026-03-13T06:28:30.364Z]   SKIP (not in footer/header): https://scraper.pro
[2026-03-13T06:28:30.364Z]   SKIP (not in footer/header): https://scraper.sh
[2026-03-13T06:28:30.364Z]   SKIP (not in footer/header): https://scraping.cc
[2026-03-13T06:28:30.364Z]   SKIP (not in footer/header): https://scroll.sh
[2026-03-13T06:28:30.364Z]   SKIP (not in footer/header): https://sdbx.xyz
[2026-03-13T06:28:30.364Z]   SKIP (not in footer/header): https://secular.io
[2026-03-13T06:28:30.364Z]   SKIP (not in footer/header): https://seedr.ai
[2026-03-13T06:28:30.364Z]   SKIP (not in footer/header): https://seek.sh
[2026-03-13T06:28:30.364Z]   SKIP (not in footer/header): https://seism.io
[2026-03-13T06:28:30.364Z]   SKIP (not in footer/header): https://seism.xyz
[2026-03-13T06:28:30.364Z]   SKIP (not in footer/header): https://select.sh
[2026-03-13T06:28:30.364Z]   SKIP (not in footer/header): https://shfl.xyz
[2026-03-13T06:28:30.364Z]   SKIP (not in footer/header): https://shft.ai
[2026-03-13T06:28:30.364Z]   SKIP (not in footer/header): https://shuffl.xyz
[2026-03-13T06:28:30.365Z]   SKIP (not in footer/header): https://shuffle.sh
[2026-03-13T06:28:30.365Z]   SKIP (not in footer/header): https://shuffled.xyz
[2026-03-13T06:28:30.365Z]   SKIP (not in footer/header): https://shufl.ai
[2026-03-13T06:28:30.365Z]   SKIP (not in footer/header): https://shufl.xyz
[2026-03-13T06:28:30.365Z]   SKIP (not in footer/header): https://sided.io
[2026-03-13T06:28:30.365Z]   SKIP (not in footer/header): https://sigma.sh
[2026-03-13T06:28:30.365Z]   SKIP (not in footer/header): https://sign.sh
[2026-03-13T06:28:30.365Z]   SKIP (not in footer/header): https://signal.ag
[2026-03-13T06:28:30.365Z]   SKIP (not in footer/header): https://signature.sh
[2026-03-13T06:28:30.365Z]   SKIP (not in footer/header): https://silent.sh
[2026-03-13T06:28:30.365Z]   SKIP (not in footer/header): https://simple.sh
[2026-03-13T06:28:30.365Z]   SKIP (not in footer/header): https://simulator.sh
[2026-03-13T06:28:30.365Z]   SKIP (not in footer/header): https://skip.sh
[2026-03-13T06:28:30.365Z]   SKIP (not in footer/header): https://slider.sh
[2026-03-13T06:28:30.365Z]   SKIP (not in footer/header): https://slippage.io
[2026-03-13T06:28:30.366Z]   SKIP (not in footer/header): https://smartcontract.sh
[2026-03-13T06:28:30.366Z]   SKIP (not in footer/header): https://smoothly.ai
[2026-03-13T06:28:30.366Z]   SKIP (not in footer/header): https://snack.sh
[2026-03-13T06:28:30.366Z]   SKIP (not in footer/header): https://sniper.sh
[2026-03-13T06:28:30.366Z]   SKIP (not in footer/header): https://snowboard.ai
[2026-03-13T06:28:30.366Z]   SKIP (not in footer/header): https://snw.ai
[2026-03-13T06:28:30.366Z]   SKIP (not in footer/header): https://soc.gg
[2026-03-13T06:28:30.366Z]   SKIP (not in footer/header): https://sol.ag
[2026-03-13T06:28:30.366Z]   SKIP (not in footer/header): https://solana.ag
[2026-03-13T06:28:30.366Z]   SKIP (not in footer/header): https://solvers.ai
[2026-03-13T06:28:30.366Z]   SKIP (not in footer/header): https://solvi.app
[2026-03-13T06:28:30.366Z]   SKIP (not in footer/header): https://soul.sh
[2026-03-13T06:28:30.366Z]   SKIP (not in footer/header): https://spider.sh
[2026-03-13T06:28:30.366Z]   SKIP (not in footer/header): https://spnd.ai
[2026-03-13T06:28:30.367Z]   SKIP (not in footer/header): https://ssd.so
[2026-03-13T06:28:30.367Z]   SKIP (not in footer/header): https://stackd.ai
[2026-03-13T06:28:30.367Z]   SKIP (not in footer/header): https://stage.sh
[2026-03-13T06:28:30.367Z]   SKIP (not in footer/header): https://staken.io
[2026-03-13T06:28:30.367Z]   SKIP (not in footer/header): https://start.xyz
[2026-03-13T06:28:30.367Z]   SKIP (not in footer/header): https://stat.ly
[2026-03-13T06:28:30.367Z]   SKIP (not in footer/header): https://stkr.io
[2026-03-13T06:28:30.367Z]   SKIP (not in footer/header): https://storage.sh
[2026-03-13T06:28:30.367Z]   SKIP (not in footer/header): https://streamers.ai
[2026-03-13T06:28:30.367Z]   SKIP (not in footer/header): https://stupef.ai
[2026-03-13T06:28:30.367Z]   SKIP (not in footer/header): https://subi.to
[2026-03-13T06:28:30.367Z]   SKIP (not in footer/header): https://success.sh
[2026-03-13T06:28:30.367Z]   SKIP (not in footer/header): https://sujet.ai
[2026-03-13T06:28:30.368Z]   SKIP (not in footer/header): https://sujet.io
[2026-03-13T06:28:30.368Z]   SKIP (not in footer/header): https://summary.sh
[2026-03-13T06:28:30.368Z]   SKIP (not in footer/header): https://supertrend.ai
[2026-03-13T06:28:30.368Z]   SKIP (not in footer/header): https://survey.sh
[2026-03-13T06:28:30.368Z]   SKIP (not in footer/header): https://suv.xyz
[2026-03-13T06:28:30.368Z]   SKIP (not in footer/header): https://svu.xyz
[2026-03-13T06:28:30.368Z]   SKIP (not in footer/header): https://swap.ag
[2026-03-13T06:28:30.368Z]   SKIP (not in footer/header): https://swaps.ag
[2026-03-13T06:28:30.368Z]   SKIP (not in footer/header): https://synesis.xyz
[2026-03-13T06:28:30.368Z]   SKIP (not in footer/header): https://ta.xyz
[2026-03-13T06:28:30.368Z]   SKIP (not in footer/header): https://taint.io
[2026-03-13T06:28:30.368Z]   SKIP (not in footer/header): https://talk.xyz
[2026-03-13T06:28:30.369Z]   SKIP (not in footer/header): https://talking.to
[2026-03-13T06:28:30.369Z]   SKIP (not in footer/header): https://tba.xyz
[2026-03-13T06:28:30.369Z]   SKIP (not in footer/header): https://tck.io
[2026-03-13T06:28:30.369Z]   SKIP (not in footer/header): https://teel.io
[2026-03-13T06:28:30.369Z]   SKIP (not in footer/header): https://tequila.gg
[2026-03-13T06:28:30.369Z]   SKIP (not in footer/header): https://terminal.ag
[2026-03-13T06:28:30.369Z]   SKIP (not in footer/header): https://ticker.sh
[2026-03-13T06:28:30.369Z]   SKIP (not in footer/header): https://tickers.gg
[2026-03-13T06:28:30.369Z]   SKIP (not in footer/header): https://tikr.ai
[2026-03-13T06:28:30.369Z]   SKIP (not in footer/header): https://timeline.cc
[2026-03-13T06:28:30.369Z]   SKIP (not in footer/header): https://tiramisu.io
[2026-03-13T06:28:30.369Z]   SKIP (not in footer/header): https://tiret.ai
[2026-03-13T06:28:30.369Z]   SKIP (not in footer/header): https://tiret.io
[2026-03-13T06:28:30.370Z]   SKIP (not in footer/header): https://tiret.xyz
[2026-03-13T06:28:30.370Z]   SKIP (not in footer/header): https://tmrw.ai
[2026-03-13T06:28:30.370Z]   SKIP (not in footer/header): https://tokenium.ai
[2026-03-13T06:28:30.370Z]   SKIP (not in footer/header): https://tokenium.io
[2026-03-13T06:28:30.370Z]   SKIP (not in footer/header): https://tokenize.sh
[2026-03-13T06:28:30.370Z]   SKIP (not in footer/header): https://tokenomics.cc
[2026-03-13T06:28:30.370Z]   SKIP (not in footer/header): https://tokenomics.sh
[2026-03-13T06:28:30.370Z]   SKIP (not in footer/header): https://tokenry.ai
[2026-03-13T06:28:30.370Z]   SKIP (not in footer/header): https://tokenry.io
[2026-03-13T06:28:30.370Z]   SKIP (not in footer/header): https://tokens.ag
[2026-03-13T06:28:30.370Z]   SKIP (not in footer/header): https://tokn.ag
[2026-03-13T06:28:30.370Z]   SKIP (not in footer/header): https://tokn.cc
[2026-03-13T06:28:30.370Z]   SKIP (not in footer/header): https://tokn.co
[2026-03-13T06:28:30.371Z]   SKIP (not in footer/header): https://tokn.gg
[2026-03-13T06:28:30.371Z]   SKIP (not in footer/header): https://tomorrow.sh
[2026-03-13T06:28:30.371Z]   SKIP (not in footer/header): https://torrent.to
[2026-03-13T06:28:30.371Z]   SKIP (not in footer/header): https://torrents.sh
[2026-03-13T06:28:30.371Z]   SKIP (not in footer/header): https://touch.sh
[2026-03-13T06:28:30.371Z]   SKIP (not in footer/header): https://tra.cc
[2026-03-13T06:28:30.371Z]   SKIP (not in footer/header): https://tracker.ag
[2026-03-13T06:28:30.371Z]   SKIP (not in footer/header): https://tracker.to
[2026-03-13T06:28:30.371Z]   SKIP (not in footer/header): https://trackid.ai
[2026-03-13T06:28:30.371Z]   SKIP (not in footer/header): https://trader.ag
[2026-03-13T06:28:30.371Z]   SKIP (not in footer/header): https://traders.sh
[2026-03-13T06:28:30.371Z]   SKIP (not in footer/header): https://tradfi.xyz
[2026-03-13T06:28:30.371Z]   SKIP (not in footer/header): https://triangle.sh
[2026-03-13T06:28:30.371Z]   SKIP (not in footer/header): https://trick.sh
[2026-03-13T06:28:30.372Z]   SKIP (not in footer/header): https://tripped.io
[2026-03-13T06:28:30.372Z]   SKIP (not in footer/header): https://trips.to
[2026-03-13T06:28:30.372Z]   SKIP (not in footer/header): https://trnd.ai
[2026-03-13T06:28:30.372Z]   SKIP (not in footer/header): https://trth.ai
[2026-03-13T06:28:30.372Z]   SKIP (not in footer/header): https://trustfund.ai
[2026-03-13T06:28:30.372Z]   SKIP (not in footer/header): https://truth.sh
[2026-03-13T06:28:30.372Z]   SKIP (not in footer/header): https://trvl.ai
[2026-03-13T06:28:30.372Z]   SKIP (not in footer/header): https://tryp.ai
[2026-03-13T06:28:30.372Z]   SKIP (not in footer/header): https://tshirt.cc
[2026-03-13T06:28:30.372Z]   SKIP (not in footer/header): https://tsks.ai
[2026-03-13T06:28:30.372Z]   SKIP (not in footer/header): https://tsks.io
[2026-03-13T06:28:30.372Z]   SKIP (not in footer/header): https://tsks.xyz
[2026-03-13T06:28:30.372Z]   SKIP (not in footer/header): https://tunr.ai
[2026-03-13T06:28:30.372Z]   SKIP (not in footer/header): https://tunr.io
[2026-03-13T06:28:30.373Z]   SKIP (not in footer/header): https://txid.xyz
[2026-03-13T06:28:30.373Z]   SKIP (not in footer/header): https://unblock.sh
[2026-03-13T06:28:30.373Z]   SKIP (not in footer/header): https://unicorn.sh
[2026-03-13T06:28:30.373Z]   SKIP (not in footer/header): https://unreleased.com
[2026-03-13T06:28:30.373Z]   SKIP (not in footer/header): https://unreleased.net
[2026-03-13T06:28:30.373Z]   SKIP (not in footer/header): https://ura.xyz
[2026-03-13T06:28:30.373Z]   SKIP (not in footer/header): https://validator.sh
[2026-03-13T06:28:30.373Z]   SKIP (not in footer/header): https://vapp.ai
[2026-03-13T06:28:30.373Z]   SKIP (not in footer/header): https://var.xyz
[2026-03-13T06:28:30.373Z]   SKIP (not in footer/header): https://vc.xyz
[2026-03-13T06:28:30.373Z]   SKIP (not in footer/header): https://venomous.ai
[2026-03-13T06:28:30.373Z]   SKIP (not in footer/header): https://vertical.sh
[2026-03-13T06:28:30.373Z]   SKIP (not in footer/header): https://very.sh
[2026-03-13T06:28:30.374Z]   SKIP (not in footer/header): https://videos.ly
[2026-03-13T06:28:30.374Z]   SKIP (not in footer/header): https://viral.sh
[2026-03-13T06:28:30.374Z]   SKIP (not in footer/header): https://virtualbot.ai
[2026-03-13T06:28:30.374Z]   SKIP (not in footer/header): https://vision.sh
[2026-03-13T06:28:30.374Z]   SKIP (not in footer/header): https://vision.xyz
[2026-03-13T06:28:30.374Z]   SKIP (not in footer/header): https://visual.sh
[2026-03-13T06:28:30.374Z]   SKIP (not in footer/header): https://vktr.ai
[2026-03-13T06:28:30.374Z]   SKIP (not in footer/header): https://vodka.xyz
[2026-03-13T06:28:30.374Z]   SKIP (not in footer/header): https://volatility.ai
[2026-03-13T06:28:30.374Z]   SKIP (not in footer/header): https://vouloir.co
[2026-03-13T06:28:30.374Z]   SKIP (not in footer/header): https://vouloir.info
[2026-03-13T06:28:30.374Z]   SKIP (not in footer/header): https://vouloir.io
[2026-03-13T06:28:30.375Z]   SKIP (not in footer/header): https://vouloir.net
[2026-03-13T06:28:30.375Z]   SKIP (not in footer/header): https://vouloir.org
[2026-03-13T06:28:30.375Z]   SKIP (not in footer/header): https://vouloir.xyz
[2026-03-13T06:28:30.375Z]   SKIP (not in footer/header): https://vrfd.xyz
[2026-03-13T06:28:30.375Z]   SKIP (not in footer/header): https://vrt.io
[2026-03-13T06:28:30.375Z]   SKIP (not in footer/header): https://vulnerabilities.xyz
[2026-03-13T06:28:30.375Z]   SKIP (not in footer/header): https://w3b.xyz
[2026-03-13T06:28:30.375Z]   SKIP (not in footer/header): https://waf.xyz
[2026-03-13T06:28:30.375Z]   SKIP (not in footer/header): https://wagmi.ag
[2026-03-13T06:28:30.375Z]   SKIP (not in footer/header): https://wasabi.sh
[2026-03-13T06:28:30.375Z]   SKIP (not in footer/header): https://watch.sh
[2026-03-13T06:28:30.375Z]   SKIP (not in footer/header): https://wby.ai
[2026-03-13T06:28:30.375Z]   SKIP (not in footer/header): https://we.xyz
[2026-03-13T06:28:30.375Z]   SKIP (not in footer/header): https://web4.ag
[2026-03-13T06:28:30.376Z]   SKIP (not in footer/header): https://wheel.sh
[2026-03-13T06:28:30.376Z]   SKIP (not in footer/header): https://whistle.sh
[2026-03-13T06:28:30.376Z]   SKIP (not in footer/header): https://wing.sh
[2026-03-13T06:28:30.376Z]   SKIP (not in footer/header): https://wish.sh
[2026-03-13T06:28:30.376Z]   SKIP (not in footer/header): https://work.xyz
[2026-03-13T06:28:30.376Z]   SKIP (not in footer/header): https://workout.gg
[2026-03-13T06:28:30.376Z]   SKIP (not in footer/header): https://writer.sh
[2026-03-13T06:28:30.376Z]   SKIP (not in footer/header): https://wrote.ai
[2026-03-13T06:28:30.376Z]   SKIP (not in footer/header): https://www.spaceship.com/s/buy/planr.ai/T7JYwHfLqO4VBmMo
[2026-03-13T06:28:30.376Z]   SKIP (not in footer/header): https://xafe.io
[2026-03-13T06:28:30.376Z]   SKIP (not in footer/header): https://xchg.io
[2026-03-13T06:28:30.376Z]   SKIP (not in footer/header): https://xinxin.io
[2026-03-13T06:28:30.376Z]   SKIP (not in footer/header): https://xrp.ag
[2026-03-13T06:28:30.376Z]   SKIP (not in footer/header): https://xrp.gg
[2026-03-13T06:28:30.376Z]   SKIP (not in footer/header): https://xtz.co
[2026-03-13T06:28:30.377Z]   SKIP (not in footer/header): https://xvision.ai
[2026-03-13T06:28:30.377Z]   SKIP (not in footer/header): https://yld.xyz
[2026-03-13T06:28:30.377Z]   SKIP (not in footer/header): https://yog.ai
[2026-03-13T06:28:30.377Z]   SKIP (not in footer/header): https://ywr.io
[2026-03-13T06:28:30.377Z]   SKIP (not in footer/header): https://zebr.io
[2026-03-13T06:28:30.377Z]   SKIP (not in footer/header): https://zero.sh
[2026-03-13T06:28:30.377Z]   SKIP (not in footer/header): https://zeroday.ai
[2026-03-13T06:28:30.377Z]   SKIP (not in footer/header): https://ziko.ai
[2026-03-13T06:28:30.377Z]   SKIP (not in footer/header): https://zndr.io
[2026-03-13T06:28:30.377Z]   SKIP (not in footer/header): https://zone.sh
[2026-03-13T06:28:30.377Z]   SKIP (not in footer/header): https://zyber.com
[2026-03-13T06:28:30.377Z] Step 2b result: added 0 uncategorized domains from footer/header
[2026-03-13T06:28:30.377Z] ── Step 2c: YouTube channel handle resolution ──
[2026-03-13T06:28:30.377Z]   YOUTUBE: no ytc entries to resolve
[2026-03-13T06:28:30.378Z] ── Step 3: Final dedup ──
[2026-03-13T06:28:30.378Z] Dedup: removed 0 of 3 URLs already in specialized fields
[2026-03-13T06:28:30.378Z] ── FINAL RESULT ──
[2026-03-13T06:28:30.378Z]   ws (1):
[2026-03-13T06:28:30.378Z]     - https://planr.ai
[2026-03-13T06:28:30.378Z]   li (1):
[2026-03-13T06:28:30.378Z]     - https://www.linkedin.com/company/planr
[2026-03-13T06:28:30.378Z]   tw (1):
[2026-03-13T06:28:30.378Z]     - https://x.com/planrofficial
[2026-03-13T06:28:30.378Z]   gh (1):
[2026-03-13T06:28:30.378Z]     - https://github.com/planrhq
[2026-03-13T06:28:30.378Z]   urls (3):
[2026-03-13T06:28:30.378Z]     - https://apps.apple.com/us/app/planr/id1234567890
[2026-03-13T06:28:30.378Z]     - https://medium.com/@PlanrBlog
[2026-03-13T06:28:30.378Z]     - https://planr.io
[2026-03-13T06:28:30.378Z]   android_app_ids (1):
[2026-03-13T06:28:30.379Z]     - com.planr.app
[2026-03-13T06:28:30.379Z] Summary: ws:1, urls:3, tw:1, li:1, gh:1, android_app_ids:1
[2026-03-13T06:28:30.379Z] Saved final result to result.json
[2026-03-13T06:28:30.379Z] Override fields: ws, li, tw, gh, urls, android_app_ids
[2026-03-13T06:28:30.380Z] Finished at: 2026-03-13T06:28:30.380Z
