[2026-03-23T13:19:30.657Z] === Homepage AI Extractor: Water Ways Technologies ===
[2026-03-23T13:19:30.657Z] Started at: 2026-03-23T13:19:30.657Z
[2026-03-23T13:19:30.657Z] Log directory: C:\Users\ahmed\code\mono\packages\scrapper\logs\homepage_ai_extractor\1774271970656_Water_Ways_Technologies
[2026-03-23T13:19:30.657Z] Company: Water Ways Technologies
[2026-03-23T13:19:30.657Z] Website: water-ways-technologies.com
[2026-03-23T13:19:30.657Z] cbRank: 638160
[2026-03-23T13:19:30.657Z] Reasons: f
[2026-03-23T13:19:30.657Z] Fetching: https://water-ways-technologies.com
[2026-03-23T13:19:36.833Z] Redirected: https://water-ways-technologies.com -> https://www.water-ways-technologies.com/
[2026-03-23T13:19:36.841Z] Saved HTML (269578 bytes) to page.html
[2026-03-23T13:19:36.852Z] Extracted 868 unique links from page
[2026-03-23T13:19:36.853Z] Saved 868 links to links.json
[2026-03-23T13:19:36.855Z] Extracted footer HTML (588 chars)
[2026-03-23T13:19:36.855Z] Extracted header HTML (3086 chars)
[2026-03-23T13:19:36.858Z] Website (post-redirect): https://www.water-ways-technologies.com/ → origin: https://www.water-ways-technologies.com
[2026-03-23T13:19:36.860Z] External links: 840 (of 868 total)
[2026-03-23T13:19:36.860Z] ── All external links ──
[2026-03-23T13:19:36.860Z]   EXT: http://12345proxey.net
[2026-03-23T13:19:36.860Z]   EXT: http://360dvd.net
[2026-03-23T13:19:36.860Z]   EXT: http://a-try.net
[2026-03-23T13:19:36.860Z]   EXT: http://abi-007.net
[2026-03-23T13:19:36.860Z]   EXT: http://bbbarm.com
[2026-03-23T13:19:36.860Z]   EXT: http://bencoengineering.com
[2026-03-23T13:19:36.860Z]   EXT: http://betasusbilgi1.com
[2026-03-23T13:19:36.860Z]   EXT: http://cevrimsizbonus.net
[2026-03-23T13:19:36.860Z]   EXT: http://chmis.net
[2026-03-23T13:19:36.860Z]   EXT: http://cocinalindaonline.com
[2026-03-23T13:19:36.860Z]   EXT: http://cuboss.net
[2026-03-23T13:19:36.860Z]   EXT: http://dawusi.net
[2026-03-23T13:19:36.860Z]   EXT: http://dekoppel.net
[2026-03-23T13:19:36.861Z]   EXT: http://dewidewitotox5.com
[2026-03-23T13:19:36.861Z]   EXT: http://e-file-taxes.net
[2026-03-23T13:19:36.861Z]   EXT: http://elastictits.com
[2026-03-23T13:19:36.861Z]   EXT: http://ellocafe.com
[2026-03-23T13:19:36.861Z]   EXT: http://ezizi.net
[2026-03-23T13:19:36.861Z]   EXT: http://fastgpu.net
[2026-03-23T13:19:36.861Z]   EXT: http://fondsdecran.net
[2026-03-23T13:19:36.861Z]   EXT: http://franchisenesia.com
[2026-03-23T13:19:36.861Z]   EXT: http://geiwebhosting.net
[2026-03-23T13:19:36.861Z]   EXT: http://gemailong.net
[2026-03-23T13:19:36.861Z]   EXT: http://gufowang.org
[2026-03-23T13:19:36.861Z]   EXT: http://guidolin.net
[2026-03-23T13:19:36.861Z]   EXT: http://hackear-wifi.net
[2026-03-23T13:19:36.861Z]   EXT: http://hansacandle.net
[2026-03-23T13:19:36.861Z]   EXT: http://harveyspub.net
[2026-03-23T13:19:36.861Z]   EXT: http://hawishtech.com
[2026-03-23T13:19:36.861Z]   EXT: http://hazirkod.net
[2026-03-23T13:19:36.861Z]   EXT: http://hdrussianporn.com
[2026-03-23T13:19:36.861Z]   EXT: http://honghang.net
[2026-03-23T13:19:36.861Z]   EXT: http://hongyangnami.net
[2026-03-23T13:19:36.861Z]   EXT: http://ioul.net
[2026-03-23T13:19:36.861Z]   EXT: http://ipsissimus.net
[2026-03-23T13:19:36.861Z]   EXT: http://itstackhub.com
[2026-03-23T13:19:36.861Z]   EXT: http://lutcan.xyz
[2026-03-23T13:19:36.861Z]   EXT: http://merkabahbs.com
[2026-03-23T13:19:36.861Z]   EXT: http://minicupsupply.com
[2026-03-23T13:19:36.861Z]   EXT: http://psychology-essays.com
[2026-03-23T13:19:36.861Z]   EXT: http://qihao70.com
[2026-03-23T13:19:36.861Z]   EXT: http://theyenhomestay.com
[2026-03-23T13:19:36.861Z]   EXT: http://woodworkinghandtoolschool.com
[2026-03-23T13:19:36.861Z]   EXT: http://www.histats.com/viewstats/?sid=4983840&ccid=2
[2026-03-23T13:19:36.861Z]   EXT: https://100lifetimegoals.com
[2026-03-23T13:19:36.861Z]   EXT: https://18totox3.com
[2026-03-23T13:19:36.861Z]   EXT: https://1liveshow-hot.com
[2026-03-23T13:19:36.861Z]   EXT: https://245cdn.xyz/secure
[2026-03-23T13:19:36.861Z]   EXT: https://37k8.com
[2026-03-23T13:19:36.861Z]   EXT: https://39antenna.com
[2026-03-23T13:19:36.861Z]   EXT: https://48hsl.com/Default
[2026-03-23T13:19:36.861Z]   EXT: https://5559988tz.com
[2026-03-23T13:19:36.861Z]   EXT: https://789betchoi.com/amp-nap-tien-789bet
[2026-03-23T13:19:36.861Z]   EXT: https://abillioncoin.com
[2026-03-23T13:19:36.861Z]   EXT: https://absaweddings.com
[2026-03-23T13:19:36.861Z]   EXT: https://acmagazine.net
[2026-03-23T13:19:36.861Z]   EXT: https://acneaback.net
[2026-03-23T13:19:36.861Z]   EXT: https://adi-expo.com
[2026-03-23T13:19:36.861Z]   EXT: https://adinfinet.com
[2026-03-23T13:19:36.861Z]   EXT: https://airlines-phone-number.com
[2026-03-23T13:19:36.861Z]   EXT: https://alemizmir.com
[2026-03-23T13:19:36.861Z]   EXT: https://alexruev.com
[2026-03-23T13:19:36.862Z]   EXT: https://alexsiudeptry.site
[2026-03-23T13:19:36.862Z]   EXT: https://almohafezeen.org
[2026-03-23T13:19:36.862Z]   EXT: https://amazingcasinocardgamez.com
[2026-03-23T13:19:36.862Z]   EXT: https://ammomarsh.com
[2026-03-23T13:19:36.862Z]   EXT: https://amthucsanvuon.com
[2026-03-23T13:19:36.862Z]   EXT: https://amymavila.com
[2026-03-23T13:19:36.862Z]   EXT: https://anunturisexescorte.com
[2026-03-23T13:19:36.862Z]   EXT: https://aoyouwzjipiao.com
[2026-03-23T13:19:36.862Z]   EXT: https://apkrafi168.com
[2026-03-23T13:19:36.862Z]   EXT: https://app-pack.com/web-designs
[2026-03-23T13:19:36.862Z]   EXT: https://applecasez.com
[2026-03-23T13:19:36.862Z]   EXT: https://appolomunich.com
[2026-03-23T13:19:36.862Z]   EXT: https://articlehaul.com/uploads
[2026-03-23T13:19:36.862Z]   EXT: https://arttherapie-idf.com
[2026-03-23T13:19:36.862Z]   EXT: https://ashleenicoleartistry.com
[2026-03-23T13:19:36.862Z]   EXT: https://asiabridgehr.net
[2026-03-23T13:19:36.862Z]   EXT: https://atplsurat.com
[2026-03-23T13:19:36.862Z]   EXT: https://aucbuilder.com
[2026-03-23T13:19:36.862Z]   EXT: https://avecio.net
[2026-03-23T13:19:36.862Z]   EXT: https://aviationexpoeu.com/documents
[2026-03-23T13:19:36.862Z]   EXT: https://babybabysg.com
[2026-03-23T13:19:36.862Z]   EXT: https://baldbabys.com
[2026-03-23T13:19:36.862Z]   EXT: https://baohiemlienviet.com/amp-gioi-thieu
[2026-03-23T13:19:36.862Z]   EXT: https://barbariangold.com/films-to-watch
[2026-03-23T13:19:36.862Z]   EXT: https://bdonlineit.com
[2026-03-23T13:19:36.862Z]   EXT: https://beplafin.com
[2026-03-23T13:19:36.862Z]   EXT: https://betabet77alt.com
[2026-03-23T13:19:36.862Z]   EXT: https://betasusguncel1.com
[2026-03-23T13:19:36.862Z]   EXT: https://betnanogiris5.com
[2026-03-23T13:19:36.862Z]   EXT: https://betreferans.com
[2026-03-23T13:19:36.862Z]   EXT: https://beylikduzuhaberler.com
[2026-03-23T13:19:36.862Z]   EXT: https://bjmdrx.com
[2026-03-23T13:19:36.862Z]   EXT: https://bladegathering.com
[2026-03-23T13:19:36.862Z]   EXT: https://bluebridgeapps.com
[2026-03-23T13:19:36.862Z]   EXT: https://blueslab.org/amp-gen2stack
[2026-03-23T13:19:36.862Z]   EXT: https://bocoranparlay.org/beli-makeup
[2026-03-23T13:19:36.862Z]   EXT: https://bodegavilladorta.com
[2026-03-23T13:19:36.862Z]   EXT: https://bonuspulsa.com
[2026-03-23T13:19:36.862Z]   EXT: https://boomerang-casino-top.com
[2026-03-23T13:19:36.862Z]   EXT: https://bpatekphilippe.com
[2026-03-23T13:19:36.862Z]   EXT: https://braemargallery.com/amp-author-admin-page-16
[2026-03-23T13:19:36.862Z]   EXT: https://brecksvilledentalcare.com
[2026-03-23T13:19:36.862Z]   EXT: https://brkbima.org
[2026-03-23T13:19:36.863Z]   EXT: https://brkjakartaselatan.org
[2026-03-23T13:19:36.863Z]   EXT: https://brkjakartatimur.org/dp-B0CFPL6CFYref=MarsFS_KIN
[2026-03-23T13:19:36.863Z]   EXT: https://brkpontianak.org
[2026-03-23T13:19:36.863Z]   EXT: https://btoon.co
[2026-03-23T13:19:36.863Z]   EXT: https://bucsstore.com/amp-article
[2026-03-23T13:19:36.863Z]   EXT: https://buffalobillsnfljerseys.com
[2026-03-23T13:19:36.863Z]   EXT: https://buygenericviagronline.com
[2026-03-23T13:19:36.863Z]   EXT: https://buykoresphere.com
[2026-03-23T13:19:36.863Z]   EXT: https://calduler.com
[2026-03-23T13:19:36.863Z]   EXT: https://callgirlagra.net
[2026-03-23T13:19:36.863Z]   EXT: https://camara-photodock.com/site
[2026-03-23T13:19:36.863Z]   EXT: https://canadagooseoutletcoatss.com
[2026-03-23T13:19:36.863Z]   EXT: https://canakkalebigafirmalari.com
[2026-03-23T13:19:36.863Z]   EXT: https://careylinde.com
[2026-03-23T13:19:36.863Z]   EXT: https://cartipss.com
[2026-03-23T13:19:36.863Z]   EXT: https://catmar.net
[2026-03-23T13:19:36.863Z]   EXT: https://caturindosukses.com/training
[2026-03-23T13:19:36.863Z]   EXT: https://cdphfacility.com
[2026-03-23T13:19:36.863Z]   EXT: https://centos-store.com
[2026-03-23T13:19:36.863Z]   EXT: https://cfpii.org
[2026-03-23T13:19:36.863Z]   EXT: https://chloroquine250mg.com/app-ads.txt
[2026-03-23T13:19:36.863Z]   EXT: https://cicsports.org
[2026-03-23T13:19:36.863Z]   EXT: https://cloutjamai.com
[2026-03-23T13:19:36.863Z]   EXT: https://coloknetapp.com
[2026-03-23T13:19:36.863Z]   EXT: https://commages.com/login.phpportal
[2026-03-23T13:19:36.864Z]   EXT: https://comtotox5.com
[2026-03-23T13:19:36.864Z]   EXT: https://coneco.info
[2026-03-23T13:19:36.864Z]   EXT: https://conquista777br.com
[2026-03-23T13:19:36.864Z]   EXT: https://conradrecord.com
[2026-03-23T13:19:36.864Z]   EXT: https://corriereserale.com
[2026-03-23T13:19:36.864Z]   EXT: https://crackcut.com
[2026-03-23T13:19:36.864Z]   EXT: https://crunchinsider.com/buried-in-barstow-part-2
[2026-03-23T13:19:36.864Z]   EXT: https://cubscout.net
[2026-03-23T13:19:36.864Z]   EXT: https://cuenco.net
[2026-03-23T13:19:36.864Z]   EXT: https://cursosparalelos.com
[2026-03-23T13:19:36.864Z]   EXT: https://cwin688.net
[2026-03-23T13:19:36.864Z]   EXT: https://daily-fixed-matches1x2.com
[2026-03-23T13:19:36.864Z]   EXT: https://dangnhapfun88-3.com
[2026-03-23T13:19:36.864Z]   EXT: https://dansalangardensboni.com/amp-bbs
[2026-03-23T13:19:36.864Z]   EXT: https://darbastfam.com
[2026-03-23T13:19:36.864Z]   EXT: https://darkmovie.info
[2026-03-23T13:19:36.864Z]   EXT: https://davidlorenzoillustration.com
[2026-03-23T13:19:36.864Z]   EXT: https://dctravelbureau.com
[2026-03-23T13:19:36.864Z]   EXT: https://deanmasonmusic.com
[2026-03-23T13:19:36.864Z]   EXT: https://degerli-haber.com
[2026-03-23T13:19:36.864Z]   EXT: https://deiquitos.com/mapas-mapa-iquitos
[2026-03-23T13:19:36.864Z]   EXT: https://delhirussianescort.com
[2026-03-23T13:19:36.864Z]   EXT: https://devis-travaux.net
[2026-03-23T13:19:36.864Z]   EXT: https://dewidewitotox5.com
[2026-03-23T13:19:36.864Z]   EXT: https://dihuniversity.com/news
[2026-03-23T13:19:36.864Z]   EXT: https://disenopaginaswebgdl.com
[2026-03-23T13:19:36.864Z]   EXT: https://diveplaymate.com
[2026-03-23T13:19:36.864Z]   EXT: https://dlrensky.net
[2026-03-23T13:19:36.864Z]   EXT: https://doublesidedspoon.com
[2026-03-23T13:19:36.864Z]   EXT: https://downwithabsolutes.com
[2026-03-23T13:19:36.864Z]   EXT: https://drmalavshah.com/book-appointment
[2026-03-23T13:19:36.864Z]   EXT: https://drunkpiano-liuyu.net
[2026-03-23T13:19:36.864Z]   EXT: https://dz5168.com/amp-analysis-of-online-casinos
[2026-03-23T13:19:36.864Z]   EXT: https://easechinese.com/amp-Chinese-character-history-a
[2026-03-23T13:19:36.864Z]   EXT: https://easternindiastat.com/amp-table-social
[2026-03-23T13:19:36.864Z]   EXT: https://easysucculentcare.com/perlite-succulents
[2026-03-23T13:19:36.864Z]   EXT: https://easyuprecessed.com
[2026-03-23T13:19:36.864Z]   EXT: https://ecofarm-minaka.com/amp-about
[2026-03-23T13:19:36.864Z]   EXT: https://edubritain.com/amp
[2026-03-23T13:19:36.864Z]   EXT: https://eeusshc.com/amp
[2026-03-23T13:19:36.864Z]   EXT: https://elaany.com
[2026-03-23T13:19:36.864Z]   EXT: https://eleganttextilelondon.com
[2026-03-23T13:19:36.864Z]   EXT: https://elementofengshui.com
[2026-03-23T13:19:36.864Z]   EXT: https://emakinedunyasi.com
[2026-03-23T13:19:36.864Z]   EXT: https://emlakfirsatin.com/amp
[2026-03-23T13:19:36.864Z]   EXT: https://emlakuzmanin.com
[2026-03-23T13:19:36.864Z]   EXT: https://endeecoaching.com/amp-feed=rss2&page_id=23
[2026-03-23T13:19:36.864Z]   EXT: https://enjoylifewealth.com
[2026-03-23T13:19:36.865Z]   EXT: https://enosart.com/amp-uploads
[2026-03-23T13:19:36.865Z]   EXT: https://enprosep.com
[2026-03-23T13:19:36.865Z]   EXT: https://escorteverificate.com
[2026-03-23T13:19:36.865Z]   EXT: https://eskievdenyenieve.com
[2026-03-23T13:19:36.865Z]   EXT: https://etedax.com/amp-products
[2026-03-23T13:19:36.865Z]   EXT: https://eventfilmer.com
[2026-03-23T13:19:36.865Z]   EXT: https://evmobilyaurun.com
[2026-03-23T13:19:36.865Z]   EXT: https://expresssubmit.net
[2026-03-23T13:19:36.865Z]   EXT: https://faengenharia.com
[2026-03-23T13:19:36.865Z]   EXT: https://faneliemuselier.com
[2026-03-23T13:19:36.865Z]   EXT: https://faperation.com
[2026-03-23T13:19:36.865Z]   EXT: https://fashionsquadblog.com
[2026-03-23T13:19:36.865Z]   EXT: https://fffjdr.com
[2026-03-23T13:19:36.865Z]   EXT: https://filmerfilm.com
[2026-03-23T13:19:36.865Z]   EXT: https://fitmymoney.us
[2026-03-23T13:19:36.865Z]   EXT: https://five-touch.com
[2026-03-23T13:19:36.865Z]   EXT: https://fiyatkasasi.com
[2026-03-23T13:19:36.865Z]   EXT: https://flywhitespace.com
[2026-03-23T13:19:36.865Z]   EXT: https://foumbounienavant.com
[2026-03-23T13:19:36.865Z]   EXT: https://foundationmirai.com
[2026-03-23T13:19:36.865Z]   EXT: https://fpatekphilippe.com
[2026-03-23T13:19:36.865Z]   EXT: https://freetexture.net
[2026-03-23T13:19:36.865Z]   EXT: https://freevalentinescards.com
[2026-03-23T13:19:36.865Z]   EXT: https://frescofresco.com
[2026-03-23T13:19:36.865Z]   EXT: https://freshphotographer.com
[2026-03-23T13:19:36.865Z]   EXT: https://frlcosmetic.com/amp-components
[2026-03-23T13:19:36.865Z]   EXT: https://funfactabout.com
[2026-03-23T13:19:36.865Z]   EXT: https://g-rori.net/sch
[2026-03-23T13:19:36.865Z]   EXT: https://games1188.com/uploads
[2026-03-23T13:19:36.865Z]   EXT: https://garotonervoso.com
[2026-03-23T13:19:36.865Z]   EXT: https://gaycntube.com
[2026-03-23T13:19:36.865Z]   EXT: https://gdcuizhai.com
[2026-03-23T13:19:36.865Z]   EXT: https://gdemolished.com
[2026-03-23T13:19:36.865Z]   EXT: https://genkainokaze.com
[2026-03-23T13:19:36.865Z]   EXT: https://gentleintegrativecare.com
[2026-03-23T13:19:36.865Z]   EXT: https://gestiondebicicletas.com/amp-userfiles-image
[2026-03-23T13:19:36.865Z]   EXT: https://get2lux.info
[2026-03-23T13:19:36.865Z]   EXT: https://giah1.com
[2026-03-23T13:19:36.865Z]   EXT: https://giahangamthuc.com
[2026-03-23T13:19:36.865Z]   EXT: https://girls-ficken.com
[2026-03-23T13:19:36.865Z]   EXT: https://gms-cdc.org
[2026-03-23T13:19:36.865Z]   EXT: https://goertz-gutscheiin.com
[2026-03-23T13:19:36.865Z]   EXT: https://gokronick.com
[2026-03-23T13:19:36.865Z]   EXT: https://goldengoosees.com
[2026-03-23T13:19:36.865Z]   EXT: https://gothooker.com
[2026-03-23T13:19:36.865Z]   EXT: https://grandetest.com
[2026-03-23T13:19:36.865Z]   EXT: https://gubukwebsite.com
[2026-03-23T13:19:36.866Z]   EXT: https://gurukulpharmacy.com
[2026-03-23T13:19:36.866Z]   EXT: https://gwpdesign.com
[2026-03-23T13:19:36.866Z]   EXT: https://gxrxjxmachinery.com
[2026-03-23T13:19:36.866Z]   EXT: https://gy-brownstone.com
[2026-03-23T13:19:36.866Z]   EXT: https://hagimuraganka.com
[2026-03-23T13:19:36.866Z]   EXT: https://hali-yikama-ankara.com/amp-uploads
[2026-03-23T13:19:36.866Z]   EXT: https://hana-tanpopo.com
[2026-03-23T13:19:36.866Z]   EXT: https://hanaseikei.net
[2026-03-23T13:19:36.866Z]   EXT: https://handlebarscc.com
[2026-03-23T13:19:36.866Z]   EXT: https://hanyingcultural.com
[2026-03-23T13:19:36.866Z]   EXT: https://hard-graft.net
[2026-03-23T13:19:36.866Z]   EXT: https://hardsclassic.com
[2026-03-23T13:19:36.866Z]   EXT: https://heranalisveris.com
[2026-03-23T13:19:36.866Z]   EXT: https://hijodelmedio.com
[2026-03-23T13:19:36.866Z]   EXT: https://historic-living.com/amp-capitol-heights-history
[2026-03-23T13:19:36.866Z]   EXT: https://hj28he.com/amp-store
[2026-03-23T13:19:36.866Z]   EXT: https://hobilerdukkani.com/amp
[2026-03-23T13:19:36.866Z]   EXT: https://homebrewinc.com
[2026-03-23T13:19:36.866Z]   EXT: https://hostinggiarenhat.com
[2026-03-23T13:19:36.866Z]   EXT: https://hotsalejordans.com
[2026-03-23T13:19:36.866Z]   EXT: https://howl911.com
[2026-03-23T13:19:36.866Z]   EXT: https://hulxv.com
[2026-03-23T13:19:36.866Z]   EXT: https://hurricanesedge.com
[2026-03-23T13:19:36.866Z]   EXT: https://hydrochloroquine200.com/links1Page=9497
[2026-03-23T13:19:36.866Z]   EXT: https://hydroxychloroqui.com
[2026-03-23T13:19:36.866Z]   EXT: https://hzcircuit-board.com/amp-the_alley_entertainment
[2026-03-23T13:19:36.866Z]   EXT: https://icanguarantee.com
[2026-03-23T13:19:36.866Z]   EXT: https://ifzenelse.net
[2026-03-23T13:19:36.866Z]   EXT: https://ihatejade.com
[2026-03-23T13:19:36.866Z]   EXT: https://ilikecorbynbut.com
[2026-03-23T13:19:36.866Z]   EXT: https://imlink.me/amp
[2026-03-23T13:19:36.866Z]   EXT: https://indie-vibe.com
[2026-03-23T13:19:36.866Z]   EXT: https://infobookmakers2020.com/wallet-webmoney
[2026-03-23T13:19:36.866Z]   EXT: https://infotecasalud.com
[2026-03-23T13:19:36.866Z]   EXT: https://insamofficial.com
[2026-03-23T13:19:36.866Z]   EXT: https://instausernamegenerator.com
[2026-03-23T13:19:36.866Z]   EXT: https://intellitradex.com
[2026-03-23T13:19:36.866Z]   EXT: https://iphoneyetkiliservisi.net
[2026-03-23T13:19:36.866Z]   EXT: https://ipsplungerlift.com
[2026-03-23T13:19:36.866Z]   EXT: https://is-buy.com
[2026-03-23T13:19:36.866Z]   EXT: https://isharedwhat.com
[2026-03-23T13:19:36.866Z]   EXT: https://itheology.net
[2026-03-23T13:19:36.866Z]   EXT: https://jako-club.com
[2026-03-23T13:19:36.866Z]   EXT: https://january-massage.shop/amp-daejeon-massage
[2026-03-23T13:19:36.866Z]   EXT: https://jaspasjunk.com
[2026-03-23T13:19:36.867Z]   EXT: https://jeffryexports.com
[2026-03-23T13:19:36.867Z]   EXT: https://jessicahoney.com
[2026-03-23T13:19:36.867Z]   EXT: https://jicha-frame.com
[2026-03-23T13:19:36.867Z]   EXT: https://jilishuma.com
[2026-03-23T13:19:36.867Z]   EXT: https://jimstransmission.com
[2026-03-23T13:19:36.867Z]   EXT: https://jishnukohali.com
[2026-03-23T13:19:36.867Z]   EXT: https://jjmurphy.org
[2026-03-23T13:19:36.867Z]   EXT: https://jjun88.net
[2026-03-23T13:19:36.867Z]   EXT: https://jnfykni4.xyz
[2026-03-23T13:19:36.867Z]   EXT: https://joanporter.com
[2026-03-23T13:19:36.867Z]   EXT: https://johndinhfilms.com
[2026-03-23T13:19:36.867Z]   EXT: https://jona-construction.com
[2026-03-23T13:19:36.867Z]   EXT: https://jonesgirlsrun.com
[2026-03-23T13:19:36.867Z]   EXT: https://journalofchemistry.com
[2026-03-23T13:19:36.867Z]   EXT: https://jtj1.com
[2026-03-23T13:19:36.867Z]   EXT: https://kaelumcompany.com
[2026-03-23T13:19:36.867Z]   EXT: https://kanchenworachai.com
[2026-03-23T13:19:36.867Z]   EXT: https://kanrierp.com
[2026-03-23T13:19:36.867Z]   EXT: https://kauaiappraiser.com
[2026-03-23T13:19:36.867Z]   EXT: https://kaynesscomics.com
[2026-03-23T13:19:36.867Z]   EXT: https://kelleywills.com
[2026-03-23T13:19:36.867Z]   EXT: https://kfcp-yy.com
[2026-03-23T13:19:36.867Z]   EXT: https://killianbroderick.com
[2026-03-23T13:19:36.867Z]   EXT: https://kitapalisverisi.com/amp
[2026-03-23T13:19:36.867Z]   EXT: https://kj6848.com
[2026-03-23T13:19:36.867Z]   EXT: https://kktourbelitung.com
[2026-03-23T13:19:36.867Z]   EXT: https://kotejka.com
[2026-03-23T13:19:36.867Z]   EXT: https://kubetpc.net
[2026-03-23T13:19:36.867Z]   EXT: https://kurdiskarf.org
[2026-03-23T13:19:36.867Z]   EXT: https://kuyumcukentavm.com/amp
[2026-03-23T13:19:36.867Z]   EXT: https://la-chirurgie-esthetique.net
[2026-03-23T13:19:36.867Z]   EXT: https://lablinksluxuryhair.com
[2026-03-23T13:19:36.867Z]   EXT: https://laglamourband.com/amp-web-glamourososDavid
[2026-03-23T13:19:36.867Z]   EXT: https://latiendadecaza.com
[2026-03-23T13:19:36.867Z]   EXT: https://leadiro-processing.com
[2026-03-23T13:19:36.867Z]   EXT: https://lefkeescort.net
[2026-03-23T13:19:36.867Z]   EXT: https://letofskystudio.net
[2026-03-23T13:19:36.867Z]   EXT: https://lightitem.com
[2026-03-23T13:19:36.867Z]   EXT: https://lisinoprilcheapestoffers.com/amp
[2026-03-23T13:19:36.867Z]   EXT: https://listeduweb.com/wiki
[2026-03-23T13:19:36.867Z]   EXT: https://littlecattee.com
[2026-03-23T13:19:36.867Z]   EXT: https://lmkopi.com
[2026-03-23T13:19:36.867Z]   EXT: https://lp2-arch.com
[2026-03-23T13:19:36.867Z]   EXT: https://luxykala.com
[2026-03-23T13:19:36.867Z]   EXT: https://lvynyn.com
[2026-03-23T13:19:36.867Z]   EXT: https://lxrtpbocoran.com
[2026-03-23T13:19:36.867Z]   EXT: https://m4281.net/amp-schedule
[2026-03-23T13:19:36.868Z]   EXT: https://macasystem.net
[2026-03-23T13:19:36.868Z]   EXT: https://magnusandme.com
[2026-03-23T13:19:36.868Z]   EXT: https://mailoveparis.com
[2026-03-23T13:19:36.868Z]   EXT: https://mapstotox7.com
[2026-03-23T13:19:36.868Z]   EXT: https://marksignusa.com
[2026-03-23T13:19:36.868Z]   EXT: https://marycgottschalk.com
[2026-03-23T13:19:36.868Z]   EXT: https://masukjawir69.com
[2026-03-23T13:19:36.868Z]   EXT: https://mattaralogistica.com/cdn-cgi-l-email-protection
[2026-03-23T13:19:36.868Z]   EXT: https://maxistotox3.com
[2026-03-23T13:19:36.868Z]   EXT: https://maxweb-tunisie.com/dev-novachim
[2026-03-23T13:19:36.868Z]   EXT: https://maylinnaaslie.com
[2026-03-23T13:19:36.868Z]   EXT: https://medilinkage.info/amp-about
[2026-03-23T13:19:36.868Z]   EXT: https://mega-marketing.org
[2026-03-23T13:19:36.868Z]   EXT: https://melia-biyang.com
[2026-03-23T13:19:36.868Z]   EXT: https://meningsfyltliv.com
[2026-03-23T13:19:36.868Z]   EXT: https://menuiserieoise.net/images
[2026-03-23T13:19:36.868Z]   EXT: https://meovatmoingay.net
[2026-03-23T13:19:36.868Z]   EXT: https://mersinwebtasarim.net
[2026-03-23T13:19:36.868Z]   EXT: https://meshpad.org
[2026-03-23T13:19:36.868Z]   EXT: https://metalmastermetal.com/mahjong-wins-3-black-scatt
[2026-03-23T13:19:36.868Z]   EXT: https://mft3k.com/tag
[2026-03-23T13:19:36.868Z]   EXT: https://mgpcw.com
[2026-03-23T13:19:36.868Z]   EXT: https://micatalogoweb.com/catalogo
[2026-03-23T13:19:36.868Z]   EXT: https://minceurmoinscher.com
[2026-03-23T13:19:36.868Z]   EXT: https://mkn2.com
[2026-03-23T13:19:36.868Z]   EXT: https://mksports8.com/amp-game-bai-mksports
[2026-03-23T13:19:36.868Z]   EXT: https://mktgpress.com
[2026-03-23T13:19:36.868Z]   EXT: https://moagastudios.com/amp-cdncgi-l-email-protection
[2026-03-23T13:19:36.868Z]   EXT: https://modaave.com
[2026-03-23T13:19:36.868Z]   EXT: https://modelrailroadvintageparts.com
[2026-03-23T13:19:36.868Z]   EXT: https://moetokyo.com/amp
[2026-03-23T13:19:36.868Z]   EXT: https://montpellier-jeuditout.com
[2026-03-23T13:19:36.868Z]   EXT: https://morgancohistory.org
[2026-03-23T13:19:36.868Z]   EXT: https://moviehdd2021.com
[2026-03-23T13:19:36.868Z]   EXT: https://mslat.net
[2026-03-23T13:19:36.868Z]   EXT: https://msstyleandgrace.com/amp-category-cbd-gummies
[2026-03-23T13:19:36.868Z]   EXT: https://mutantfightingcup2.com/goodgame-empire
[2026-03-23T13:19:36.868Z]   EXT: https://myearthwallpapers.com
[2026-03-23T13:19:36.868Z]   EXT: https://naturallifechannel.com
[2026-03-23T13:19:36.868Z]   EXT: https://nccheyenne.com/amp-wanboguanwangmanbetx-news
[2026-03-23T13:19:36.868Z]   EXT: https://netsky.shop/telerik-grid-column
[2026-03-23T13:19:36.868Z]   EXT: https://newtokikr.com
[2026-03-23T13:19:36.868Z]   EXT: https://nextiadesign.com
[2026-03-23T13:19:36.868Z]   EXT: https://nflcheapjerseychina.com
[2026-03-23T13:19:36.868Z]   EXT: https://nishman.uk
[2026-03-23T13:19:36.868Z]   EXT: https://njjf365.com
[2026-03-23T13:19:36.868Z]   EXT: https://nowhereland.net
[2026-03-23T13:19:36.869Z]   EXT: https://officecom-setupms.net
[2026-03-23T13:19:36.869Z]   EXT: https://okuribitoniki.com
[2026-03-23T13:19:36.869Z]   EXT: https://onet4u.com
[2026-03-23T13:19:36.869Z]   EXT: https://onlinecasino-newzealand.org
[2026-03-23T13:19:36.869Z]   EXT: https://openburhan.com
[2026-03-23T13:19:36.869Z]   EXT: https://p8kbet.com
[2026-03-23T13:19:36.869Z]   EXT: https://packagesforkerala.com
[2026-03-23T13:19:36.869Z]   EXT: https://pafipcpangandarankab.org
[2026-03-23T13:19:36.869Z]   EXT: https://paofsash.com/amp-music-pos-prok_fac-prok_fac.ht
[2026-03-23T13:19:36.869Z]   EXT: https://parislegalmakers.com
[2026-03-23T13:19:36.869Z]   EXT: https://parrotsandprops.com/amp-article-c-list
[2026-03-23T13:19:36.869Z]   EXT: https://pension-villa-maria.com
[2026-03-23T13:19:36.869Z]   EXT: https://phanphoidienmay.com
[2026-03-23T13:19:36.869Z]   EXT: https://philadelphia-eagles-jewelry.com
[2026-03-23T13:19:36.869Z]   EXT: https://phildiscuss.com
[2026-03-23T13:19:36.869Z]   EXT: https://phongcachdanong.net
[2026-03-23T13:19:36.869Z]   EXT: https://photographe-paris-mariage.com
[2026-03-23T13:19:36.869Z]   EXT: https://pinxpin.com
[2026-03-23T13:19:36.869Z]   EXT: https://pklifework.com
[2026-03-23T13:19:36.869Z]   EXT: https://plasticsurgeryconferences.com/amp-brochure
[2026-03-23T13:19:36.869Z]   EXT: https://playvibra.com
[2026-03-23T13:19:36.869Z]   EXT: https://pmhsilva.com
[2026-03-23T13:19:36.869Z]   EXT: https://pornasianclub.com
[2026-03-23T13:19:36.869Z]   EXT: https://pozitifreaksiyon.com
[2026-03-23T13:19:36.869Z]   EXT: https://pptvoss.com
[2026-03-23T13:19:36.869Z]   EXT: https://pratikfirsatlar.com
[2026-03-23T13:19:36.869Z]   EXT: https://prediksiangkatogel.com
[2026-03-23T13:19:36.869Z]   EXT: https://premios.inah.gob.mx
[2026-03-23T13:19:36.869Z]   EXT: https://prima-desain.com/amp-jasa-seo-bandung
[2026-03-23T13:19:36.869Z]   EXT: https://productcatalogcn.com
[2026-03-23T13:19:36.869Z]   EXT: https://profesyonelwebsite.com
[2026-03-23T13:19:36.869Z]   EXT: https://puaegyetem.com
[2026-03-23T13:19:36.869Z]   EXT: https://pushdisposablevapes.net
[2026-03-23T13:19:36.869Z]   EXT: https://qdjinqiao.com
[2026-03-23T13:19:36.869Z]   EXT: https://quel-gynecologue.com
[2026-03-23T13:19:36.870Z]   EXT: https://quellideltreno.com
[2026-03-23T13:19:36.870Z]   EXT: https://qzrce.com
[2026-03-23T13:19:36.870Z]   EXT: https://rapid-roll.com/News
[2026-03-23T13:19:36.870Z]   EXT: https://rbhealthcaresystems.com/cna-training-ohio
[2026-03-23T13:19:36.870Z]   EXT: https://rebekahlouisedesigns.com
[2026-03-23T13:19:36.870Z]   EXT: https://redfincasforsale.com
[2026-03-23T13:19:36.870Z]   EXT: https://reienboseki.com
[2026-03-23T13:19:36.870Z]   EXT: https://rejstrikfirem.com
[2026-03-23T13:19:36.870Z]   EXT: https://rejtingkazino.com
[2026-03-23T13:19:36.870Z]   EXT: https://rembuden.com
[2026-03-23T13:19:36.870Z]   EXT: https://resimsergisi.com
[2026-03-23T13:19:36.870Z]   EXT: https://restaurantclubnautic.com
[2026-03-23T13:19:36.870Z]   EXT: https://rfclist.com
[2026-03-23T13:19:36.870Z]   EXT: https://rgbet77.net
[2026-03-23T13:19:36.870Z]   EXT: https://ringrobconcierge.com
[2026-03-23T13:19:36.870Z]   EXT: https://ro2aa.com
[2026-03-23T13:19:36.870Z]   EXT: https://ronnefeldt-gastro.com/amp-en-hotel-catering
[2026-03-23T13:19:36.870Z]   EXT: https://rootsandbranchesprograms.com
[2026-03-23T13:19:36.870Z]   EXT: https://rosanavidalphoto.com
[2026-03-23T13:19:36.870Z]   EXT: https://roshanbd.com
[2026-03-23T13:19:36.870Z]   EXT: https://rulmentistoc.com
[2026-03-23T13:19:36.870Z]   EXT: https://s8totox2.com
[2026-03-23T13:19:36.870Z]   EXT: https://sadaeri.com/amp
[2026-03-23T13:19:36.870Z]   EXT: https://saigon-bistro.com/restaurant
[2026-03-23T13:19:36.870Z]   EXT: https://sarasdijital.com
[2026-03-23T13:19:36.870Z]   EXT: https://satnavdownloads.com
[2026-03-23T13:19:36.870Z]   EXT: https://saturdayjobs.org
[2026-03-23T13:19:36.870Z]   EXT: https://scalablescala.com
[2026-03-23T13:19:36.870Z]   EXT: https://seasonsofthefox.com
[2026-03-23T13:19:36.870Z]   EXT: https://seowebmester.info
[2026-03-23T13:19:36.870Z]   EXT: https://sgwatchmovies.com
[2026-03-23T13:19:36.870Z]   EXT: https://shandongwantong.com
[2026-03-23T13:19:36.870Z]   EXT: https://shanghaiwisdomhotel.com
[2026-03-23T13:19:36.870Z]   EXT: https://shriramstones.com
[2026-03-23T13:19:36.870Z]   EXT: https://shroomstoreuk.com
[2026-03-23T13:19:36.870Z]   EXT: https://sidedev.net
[2026-03-23T13:19:36.870Z]   EXT: https://sintotox4.com
[2026-03-23T13:19:36.870Z]   EXT: https://sinusjet.com
[2026-03-23T13:19:36.870Z]   EXT: https://skincell-pro.net
[2026-03-23T13:19:36.870Z]   EXT: https://sktsgestion.com/htdocs
[2026-03-23T13:19:36.870Z]   EXT: https://slobodnakultura.org
[2026-03-23T13:19:36.870Z]   EXT: https://smithandgauthier.com
[2026-03-23T13:19:36.870Z]   EXT: https://socialninjaz.info
[2026-03-23T13:19:36.870Z]   EXT: https://sourapplestudio.com/amp-uploads
[2026-03-23T13:19:36.870Z]   EXT: https://southafricaonlinecasino.org/amp
[2026-03-23T13:19:36.870Z]   EXT: https://spray-tan-byron-bay.com
[2026-03-23T13:19:36.870Z]   EXT: https://springfieldarmory247.com
[2026-03-23T13:19:36.870Z]   EXT: https://sqtotox2.com
[2026-03-23T13:19:36.871Z]   EXT: https://stealingpages.com
[2026-03-23T13:19:36.871Z]   EXT: https://stephen-curry-az.com
[2026-03-23T13:19:36.871Z]   EXT: https://stillistanbuldiamond.com
[2026-03-23T13:19:36.871Z]   EXT: https://sublimesix.com/amp-buy
[2026-03-23T13:19:36.871Z]   EXT: https://suddenlysingleshow.com
[2026-03-23T13:19:36.871Z]   EXT: https://swankyapple.com
[2026-03-23T13:19:36.871Z]   EXT: https://swisstop.org
[2026-03-23T13:19:36.871Z]   EXT: https://switchonthebrain.com/ccsk-preparation-tips-my-e
[2026-03-23T13:19:36.871Z]   EXT: https://sxcpz.com
[2026-03-23T13:19:36.871Z]   EXT: https://tainanahui.com
[2026-03-23T13:19:36.871Z]   EXT: https://tatilim.org/levent-escort
[2026-03-23T13:19:36.871Z]   EXT: https://teamkraftt.com/amp-harmony-classic
[2026-03-23T13:19:36.871Z]   EXT: https://teczqua.com
[2026-03-23T13:19:36.871Z]   EXT: https://tedxkosice.com
[2026-03-23T13:19:36.871Z]   EXT: https://templateface.com
[2026-03-23T13:19:36.871Z]   EXT: https://tendontransferseminar.com
[2026-03-23T13:19:36.871Z]   EXT: https://tglworldgroup.com/resources
[2026-03-23T13:19:36.871Z]   EXT: https://theadverland.com
[2026-03-23T13:19:36.871Z]   EXT: https://theautodesk.net
[2026-03-23T13:19:36.871Z]   EXT: https://theflowercoupons.com/cgi
[2026-03-23T13:19:36.871Z]   EXT: https://theretreat-mwc.com
[2026-03-23T13:19:36.871Z]   EXT: https://thevanpelt.com
[2026-03-23T13:19:36.871Z]   EXT: https://thisishyperbolic.com/amp-aomenquannianziliao
[2026-03-23T13:19:36.871Z]   EXT: https://tippelj.com
[2026-03-23T13:19:36.871Z]   EXT: https://tjxqq.com
[2026-03-23T13:19:36.871Z]   EXT: https://toko-syifa.net
[2026-03-23T13:19:36.871Z]   EXT: https://tokyoomostyle.com
[2026-03-23T13:19:36.871Z]   EXT: https://tomclaffey.com/books
[2026-03-23T13:19:36.871Z]   EXT: https://tomony-ichiba.com
[2026-03-23T13:19:36.871Z]   EXT: https://totopediax5.com
[2026-03-23T13:19:36.871Z]   EXT: https://town-medical.com
[2026-03-23T13:19:36.871Z]   EXT: https://translation-tips.com/where-do-i-get-freelance-t
[2026-03-23T13:19:36.871Z]   EXT: https://tripperpointer.com
[2026-03-23T13:19:36.871Z]   EXT: https://trituradoras-de-roca.com/uploads-allimg
[2026-03-23T13:19:36.871Z]   EXT: https://tsg4d.org
[2026-03-23T13:19:36.871Z]   EXT: https://twcasino8.com
[2026-03-23T13:19:36.871Z]   EXT: https://twitter.com/intent/tweet?url=https%3A%2F%2Fwww.water-ways-technologies.com%2Fahok-sebut-bumn-ini-seperti-titipan-politik%2F&text=Ahok%20Sebut%20BUMN%20Ini%20Seperti%20Titipan%20Politik
[2026-03-23T13:19:36.871Z]   EXT: https://twitter.com/intent/tweet?url=https%3A%2F%2Fwww.water-ways-technologies.com%2Fas-perintahkan-warganya-tinggalkan-iran-sekarang-juga%2F&text=AS%20Perintahkan%20Warganya%20Tinggalkan%20Iran%20Sekarang%20Juga
[2026-03-23T13:19:36.871Z]   EXT: https://twitter.com/intent/tweet?url=https%3A%2F%2Fwww.water-ways-technologies.com%2Findonesia-menanti-mandat-pbb-untuk-gaza%2F&text=Indonesia%20Menanti%20Mandat%20PBB%20Untuk%20Gaza
[2026-03-23T13:19:36.871Z]   EXT: https://twitter.com/intent/tweet?url=https%3A%2F%2Fwww.water-ways-technologies.com%2Flansia-meninggal-usai-dokter-salah-potong-pembuluh-darah%2F&text=Lansia%20Meninggal%20Usai%20Dokter%20Salah%20Potong%20Pembuluh%20Darah
[2026-03-23T13:19:36.871Z]   EXT: https://twitter.com/intent/tweet?url=https%3A%2F%2Fwww.water-ways-technologies.com%2Fmaarten-paes-berpotensi-bersaing-dengan-kiper-pinjaman%2F&text=Maarten%20Paes%20Berpotensi%20Bersaing%20dengan%20Kiper%20Pinjaman
[2026-03-23T13:19:36.871Z]   EXT: https://twitter.com/intent/tweet?url=https%3A%2F%2Fwww.water-ways-technologies.com%2Fmeriyati-hoegeng-meninggal-dunia-di-usia-100-tahun%2F&text=Meriyati%20Hoegeng%20Meninggal%20Dunia%20di%20Usia%20100%20Tahun
[2026-03-23T13:19:36.871Z]   EXT: https://twitter.com/intent/tweet?url=https%3A%2F%2Fwww.water-ways-technologies.com%2Fpdam-dan-dinkes-pantau-mutu-air-warga-tangerang-selatan%2F&text=PDAM%20dan%20Dinkes%20Pantau%20Mutu%20Air%20Warga%20Tangerang%20Selatan
[2026-03-23T13:19:36.871Z]   EXT: https://twitter.com/intent/tweet?url=https%3A%2F%2Fwww.water-ways-technologies.com%2Fperjuangan-keluarga-nurul-akmal-demi-kejelasan-pns-di-aceh%2F&text=Perjuangan%20Keluarga%20Nurul%20Akmal%20Demi%20Kejelasan%20PNS%20di%20Aceh
[2026-03-23T13:19:36.872Z]   EXT: https://twitter.com/intent/tweet?url=https%3A%2F%2Fwww.water-ways-technologies.com%2Fprabowo-cabut-izin-pt-tpl-sekber-desak-pemulihan-alam%2F&text=Prabowo%20Cabut%20Izin%20PT%20TPL%20Sekber%20Desak%20Pemulihan%20Alam
[2026-03-23T13:19:36.872Z]   EXT: https://twitter.com/intent/tweet?url=https%3A%2F%2Fwww.water-ways-technologies.com%2Freza-arap-jawab-cibiran-netizen-dengan-pesan-bijak%2F&text=Reza%20Arap%20Jawab%20Cibiran%20Netizen%20dengan%20Pesan%20Bijak
[2026-03-23T13:19:36.872Z]   EXT: https://uadrom.com
[2026-03-23T13:19:36.872Z]   EXT: https://usabreitling.com
[2026-03-23T13:19:36.872Z]   EXT: https://usis-education.us
[2026-03-23T13:19:36.872Z]   EXT: https://vapebk.com
[2026-03-23T13:19:36.872Z]   EXT: https://viagraformen28.com
[2026-03-23T13:19:36.872Z]   EXT: https://viagraforsaleuk1.com
[2026-03-23T13:19:36.872Z]   EXT: https://viajistas.com
[2026-03-23T13:19:36.872Z]   EXT: https://victorytotox3.com
[2026-03-23T13:19:36.872Z]   EXT: https://vinthanglong.com
[2026-03-23T13:19:36.872Z]   EXT: https://vistacallerid.com
[2026-03-23T13:19:36.872Z]   EXT: https://vmfarrington.com
[2026-03-23T13:19:36.872Z]   EXT: https://vtafrnsk.com/amp
[2026-03-23T13:19:36.872Z]   EXT: https://wakavavapesaustralia.com
[2026-03-23T13:19:36.872Z]   EXT: https://wapnavi.net
[2026-03-23T13:19:36.872Z]   EXT: https://watch-fuke.com
[2026-03-23T13:19:36.872Z]   EXT: https://wazetotox2.com
[2026-03-23T13:19:36.872Z]   EXT: https://wdowgo.com/amp-logiciel-sunlite-suite-2-74
[2026-03-23T13:19:36.872Z]   EXT: https://web-design-delhi.net
[2026-03-23T13:19:36.872Z]   EXT: https://webhardowns.com
[2026-03-23T13:19:36.872Z]   EXT: https://websites2all.com
[2026-03-23T13:19:36.872Z]   EXT: https://wichitafallsradio.com
[2026-03-23T13:19:36.872Z]   EXT: https://win-100.net
[2026-03-23T13:19:36.872Z]   EXT: https://wiznap.com
[2026-03-23T13:19:36.872Z]   EXT: https://wnywebshop.com
[2026-03-23T13:19:36.872Z]   EXT: https://woodbridgecentermall.com/amp-vod-play-id
[2026-03-23T13:19:36.872Z]   EXT: https://wordpressthemespack.com
[2026-03-23T13:19:36.872Z]   EXT: https://www.10000-mail-order-brides.com/asia
[2026-03-23T13:19:36.872Z]   EXT: https://www.101green-e.com/101isaver/products00.html
[2026-03-23T13:19:36.872Z]   EXT: https://www.12345proxey.net
[2026-03-23T13:19:36.872Z]   EXT: https://www.123bbett.com/123bwinbett
[2026-03-23T13:19:36.872Z]   EXT: https://www.18totox3.com
[2026-03-23T13:19:36.872Z]   EXT: https://www.1sturl.com/retargeting-marketing-service
[2026-03-23T13:19:36.872Z]   EXT: https://www.360dvd.net
[2026-03-23T13:19:36.872Z]   EXT: https://www.408ez.com/faxing-loan-no-online-payday-requ
[2026-03-23T13:19:36.872Z]   EXT: https://www.88choi.net/keo-penalty
[2026-03-23T13:19:36.872Z]   EXT: https://www.aadigitalsound.com/sound-mixer-links
[2026-03-23T13:19:36.872Z]   EXT: https://www.abi-007.net
[2026-03-23T13:19:36.872Z]   EXT: https://www.absocios.com/on-nous-doit-la-verite
[2026-03-23T13:19:36.872Z]   EXT: https://www.acmagazine.net
[2026-03-23T13:19:36.872Z]   EXT: https://www.advancedpracticetraining.com/about/bio
[2026-03-23T13:19:36.872Z]   EXT: https://www.affiloweb.com/paid-surveys-online
[2026-03-23T13:19:36.872Z]   EXT: https://www.ahice.org/gallery
[2026-03-23T13:19:36.872Z]   EXT: https://www.airzona.net
[2026-03-23T13:19:36.872Z]   EXT: https://www.aitaoyougou.com
[2026-03-23T13:19:36.872Z]   EXT: https://www.akcebetresmiblog.com/article/therapeutic-to
[2026-03-23T13:19:36.872Z]   EXT: https://www.albyaan.com/movers-jeddah
[2026-03-23T13:19:36.873Z]   EXT: https://www.alchimee.com/Media
[2026-03-23T13:19:36.873Z]   EXT: https://www.andromagz.com/info
[2026-03-23T13:19:36.873Z]   EXT: https://www.angkordorndrivers.com
[2026-03-23T13:19:36.873Z]   EXT: https://www.anti-grav.net/computer-games-boot-camp
[2026-03-23T13:19:36.873Z]   EXT: https://www.apieceofhome.shop/best-pal-meaning
[2026-03-23T13:19:36.873Z]   EXT: https://www.apps-management.net/bsaquabeauty
[2026-03-23T13:19:36.873Z]   EXT: https://www.armfa.net
[2026-03-23T13:19:36.873Z]   EXT: https://www.asustotox3.com
[2026-03-23T13:19:36.873Z]   EXT: https://www.atooikingdoms.com/ministers
[2026-03-23T13:19:36.873Z]   EXT: https://www.bamsoet.com/wordpress
[2026-03-23T13:19:36.873Z]   EXT: https://www.bcvintagefurniture.com/paint-pixie-brushes
[2026-03-23T13:19:36.873Z]   EXT: https://www.beaches411.com/report
[2026-03-23T13:19:36.873Z]   EXT: https://www.benwijay.com/info
[2026-03-23T13:19:36.873Z]   EXT: https://www.bestkind8.com/tag
[2026-03-23T13:19:36.873Z]   EXT: https://www.bilgiverenblog.com/feeds/posts/default
[2026-03-23T13:19:36.873Z]   EXT: https://www.billingsspitbeachhouse.com/article
[2026-03-23T13:19:36.873Z]   EXT: https://www.bloglaluna.com/concevoir-une-moodboard
[2026-03-23T13:19:36.873Z]   EXT: https://www.bm5868.com/szpityu
[2026-03-23T13:19:36.873Z]   EXT: https://www.bookyourlist.me/chester-beiler-ceo
[2026-03-23T13:19:36.873Z]   EXT: https://www.boomerang-casino-top.com
[2026-03-23T13:19:36.873Z]   EXT: https://www.bramleysbigadventure.com/tag/football
[2026-03-23T13:19:36.873Z]   EXT: https://www.brianrichardmusic.com/blog
[2026-03-23T13:19:36.873Z]   EXT: https://www.briet-chocolatier.com/opinion
[2026-03-23T13:19:36.873Z]   EXT: https://www.burdurlife.com/aglasun-escort
[2026-03-23T13:19:36.873Z]   EXT: https://www.cgh5688.com/entertainment-city-faq
[2026-03-23T13:19:36.873Z]   EXT: https://www.championthisyear.com/learn-dev-knowledge-07
[2026-03-23T13:19:36.873Z]   EXT: https://www.checkanyman.com/upload
[2026-03-23T13:19:36.873Z]   EXT: https://www.citricoslarubia.com
[2026-03-23T13:19:36.873Z]   EXT: https://www.classiccountryjamboree.com/shows
[2026-03-23T13:19:36.873Z]   EXT: https://www.cleaning-company-sa.net/tasrbatmiao
[2026-03-23T13:19:36.873Z]   EXT: https://www.cmsassistant.net/user/korean1dash
[2026-03-23T13:19:36.873Z]   EXT: https://www.cohyde.biz/article
[2026-03-23T13:19:36.873Z]   EXT: https://www.comtotox5.com
[2026-03-23T13:19:36.873Z]   EXT: https://www.cuantotox5.com
[2026-03-23T13:19:36.873Z]   EXT: https://www.cyrusginwala.com/news/shownews
[2026-03-23T13:19:36.873Z]   EXT: https://www.czhtffgj.com/domain
[2026-03-23T13:19:36.873Z]   EXT: https://www.d1collegehoops.com/profile/almamclendon
[2026-03-23T13:19:36.873Z]   EXT: https://www.dako-jobcenter.com
[2026-03-23T13:19:36.873Z]   EXT: https://www.ddddhh.com/a/jixujiaoyu
[2026-03-23T13:19:36.873Z]   EXT: https://www.decor8eclasses.com/tag/cetak-stiker
[2026-03-23T13:19:36.873Z]   EXT: https://www.delapreprimaryschool.net/search
[2026-03-23T13:19:36.873Z]   EXT: https://www.designsunparallel.com/portfolio
[2026-03-23T13:19:36.873Z]   EXT: https://www.dewidewitotox5.com
[2026-03-23T13:19:36.873Z]   EXT: https://www.dietcounselors.com/author/leyvj
[2026-03-23T13:19:36.873Z]   EXT: https://www.djalexhino.com/djcnew
[2026-03-23T13:19:36.873Z]   EXT: https://www.domeyourlogo.com/product
[2026-03-23T13:19:36.873Z]   EXT: https://www.door62.com/Come-to-the-Table
[2026-03-23T13:19:36.873Z]   EXT: https://www.dung-design.com/uploads
[2026-03-23T13:19:36.874Z]   EXT: https://www.dy257.com/show/id/23/page/3.html
[2026-03-23T13:19:36.874Z]   EXT: https://www.eg-network.net/play
[2026-03-23T13:19:36.874Z]   EXT: https://www.emeraldrussell.com/alternatives-to
[2026-03-23T13:19:36.874Z]   EXT: https://www.eskortlar.net/redirect
[2026-03-23T13:19:36.874Z]   EXT: https://www.estudiofitacrepesp.com/info
[2026-03-23T13:19:36.874Z]   EXT: https://www.executivehideaway.com/map-of-benalla
[2026-03-23T13:19:36.874Z]   EXT: https://www.facebook.com/sharer/sharer.php?u=https%3A%2F%2Fwww.water-ways-technologies.com%2Fahok-sebut-bumn-ini-seperti-titipan-politik%2F
[2026-03-23T13:19:36.874Z]   EXT: https://www.facebook.com/sharer/sharer.php?u=https%3A%2F%2Fwww.water-ways-technologies.com%2Fas-perintahkan-warganya-tinggalkan-iran-sekarang-juga%2F
[2026-03-23T13:19:36.874Z]   EXT: https://www.facebook.com/sharer/sharer.php?u=https%3A%2F%2Fwww.water-ways-technologies.com%2Findonesia-menanti-mandat-pbb-untuk-gaza%2F
[2026-03-23T13:19:36.874Z]   EXT: https://www.facebook.com/sharer/sharer.php?u=https%3A%2F%2Fwww.water-ways-technologies.com%2Flansia-meninggal-usai-dokter-salah-potong-pembuluh-darah%2F
[2026-03-23T13:19:36.874Z]   EXT: https://www.facebook.com/sharer/sharer.php?u=https%3A%2F%2Fwww.water-ways-technologies.com%2Fmaarten-paes-berpotensi-bersaing-dengan-kiper-pinjaman%2F
[2026-03-23T13:19:36.874Z]   EXT: https://www.facebook.com/sharer/sharer.php?u=https%3A%2F%2Fwww.water-ways-technologies.com%2Fmeriyati-hoegeng-meninggal-dunia-di-usia-100-tahun%2F
[2026-03-23T13:19:36.874Z]   EXT: https://www.facebook.com/sharer/sharer.php?u=https%3A%2F%2Fwww.water-ways-technologies.com%2Fpdam-dan-dinkes-pantau-mutu-air-warga-tangerang-selatan%2F
[2026-03-23T13:19:36.874Z]   EXT: https://www.facebook.com/sharer/sharer.php?u=https%3A%2F%2Fwww.water-ways-technologies.com%2Fperjuangan-keluarga-nurul-akmal-demi-kejelasan-pns-di-aceh%2F
[2026-03-23T13:19:36.874Z]   EXT: https://www.facebook.com/sharer/sharer.php?u=https%3A%2F%2Fwww.water-ways-technologies.com%2Fprabowo-cabut-izin-pt-tpl-sekber-desak-pemulihan-alam%2F
[2026-03-23T13:19:36.874Z]   EXT: https://www.facebook.com/sharer/sharer.php?u=https%3A%2F%2Fwww.water-ways-technologies.com%2Freza-arap-jawab-cibiran-netizen-dengan-pesan-bijak%2F
[2026-03-23T13:19:36.874Z]   EXT: https://www.faneliemuselier.com
[2026-03-23T13:19:36.874Z]   EXT: https://www.faro168.co/superpg168
[2026-03-23T13:19:36.874Z]   EXT: https://www.firstlookpictures.com
[2026-03-23T13:19:36.874Z]   EXT: https://www.fluidws.com/faculdade
[2026-03-23T13:19:36.874Z]   EXT: https://www.foksandfolks.com/hello-world/replytocom
[2026-03-23T13:19:36.874Z]   EXT: https://www.fontshoppe.com/article
[2026-03-23T13:19:36.874Z]   EXT: https://www.fornituragioielleria.com/uploads
[2026-03-23T13:19:36.874Z]   EXT: https://www.fortunetigergratis-br.com/forum
[2026-03-23T13:19:36.874Z]   EXT: https://www.fotosushi.com/pages/contact
[2026-03-23T13:19:36.874Z]   EXT: https://www.freeapksite.com/apps/kyte-tv-apk
[2026-03-23T13:19:36.874Z]   EXT: https://www.fricoteca.com/images
[2026-03-23T13:19:36.874Z]   EXT: https://www.fuente-esthe.com/profile
[2026-03-23T13:19:36.874Z]   EXT: https://www.fujiitomohiro.com/docs
[2026-03-23T13:19:36.874Z]   EXT: https://www.galesdesigns.com/blog
[2026-03-23T13:19:36.874Z]   EXT: https://www.gayclup.com/forum
[2026-03-23T13:19:36.874Z]   EXT: https://www.givemeatm.com/wp-content
[2026-03-23T13:19:36.874Z]   EXT: https://www.global-osic.com/xfzp
[2026-03-23T13:19:36.874Z]   EXT: https://www.gromadska-pravda.org/gen2stack
[2026-03-23T13:19:36.874Z]   EXT: https://www.gurpsonline.com/gen2stack
[2026-03-23T13:19:36.874Z]   EXT: https://www.h2osinfronteras.com/nuestro-por-que
[2026-03-23T13:19:36.874Z]   EXT: https://www.ha-sports.com/zb/kw-gongliangju
[2026-03-23T13:19:36.874Z]   EXT: https://www.habermize.com
[2026-03-23T13:19:36.874Z]   EXT: https://www.haierhzk.com/case
[2026-03-23T13:19:36.874Z]   EXT: https://www.hana-tanpopo.com
[2026-03-23T13:19:36.874Z]   EXT: https://www.handa-machinery.com/alternatives-to
[2026-03-23T13:19:36.874Z]   EXT: https://www.hansacandle.net
[2026-03-23T13:19:36.874Z]   EXT: https://www.hartagacor.com/tree-of-riches
[2026-03-23T13:19:36.874Z]   EXT: https://www.hbhjdt.com/UploadFile
[2026-03-23T13:19:36.874Z]   EXT: https://www.healthapnews.com/keto-blast-gummies
[2026-03-23T13:19:36.875Z]   EXT: https://www.healthstreamline.info/news
[2026-03-23T13:19:36.875Z]   EXT: https://www.herseycokuygun.com/default.htm
[2026-03-23T13:19:36.875Z]   EXT: https://www.highesttides.com/plus
[2026-03-23T13:19:36.875Z]   EXT: https://www.hitclubfun.net
[2026-03-23T13:19:36.875Z]   EXT: https://www.hoktotox6.com
[2026-03-23T13:19:36.875Z]   EXT: https://www.honeytip.shop/cup-royal-canin-en-gramme
[2026-03-23T13:19:36.875Z]   EXT: https://www.hongkongtelephones.com/domain
[2026-03-23T13:19:36.875Z]   EXT: https://www.hotpicksvn.com/goodball-ty-so-truc-tuyen
[2026-03-23T13:19:36.875Z]   EXT: https://www.how2video.org/link-gb-WhatsApp
[2026-03-23T13:19:36.875Z]   EXT: https://www.hq-pipeline.com/producttwo
[2026-03-23T13:19:36.875Z]   EXT: https://www.hungarytelephones.com/ip
[2026-03-23T13:19:36.875Z]   EXT: https://www.hunghaorestaurant.com/HungHaoMenu
[2026-03-23T13:19:36.875Z]   EXT: https://www.hyipmonitoring.biz/category
[2026-03-23T13:19:36.875Z]   EXT: https://www.icelandtelephones.com/share
[2026-03-23T13:19:36.875Z]   EXT: https://www.iklanbarisjayapura.com/uploads
[2026-03-23T13:19:36.875Z]   EXT: https://www.in-tuitiononline.com/Regional
[2026-03-23T13:19:36.875Z]   EXT: https://www.infotecasalud.com
[2026-03-23T13:19:36.875Z]   EXT: https://www.inloveagainministries.org/x/cdn
[2026-03-23T13:19:36.875Z]   EXT: https://www.iran-occ.com/averroes
[2026-03-23T13:19:36.875Z]   EXT: https://www.istanbulbil.com/create-listing
[2026-03-23T13:19:36.875Z]   EXT: https://www.jackbrabhamengines.com
[2026-03-23T13:19:36.875Z]   EXT: https://www.janematthewsdesign.com/gameps3
[2026-03-23T13:19:36.875Z]   EXT: https://www.jilbabonlinebandung.com/uploads
[2026-03-23T13:19:36.875Z]   EXT: https://www.jogosfriv2023.com/nuzco/short-ride
[2026-03-23T13:19:36.875Z]   EXT: https://www.kartalfm.com/escort/sinem
[2026-03-23T13:19:36.875Z]   EXT: https://www.katovichlaw.com/group
[2026-03-23T13:19:36.875Z]   EXT: https://www.kelvinjasi.com/free-fridge/feed
[2026-03-23T13:19:36.875Z]   EXT: https://www.keratophyre.com/logout
[2026-03-23T13:19:36.875Z]   EXT: https://www.kerplunkkersplat.com/tag/milk
[2026-03-23T13:19:36.875Z]   EXT: https://www.kiadmediakreatif.com/GRlaU5
[2026-03-23T13:19:36.875Z]   EXT: https://www.kodzeanball.com/cart
[2026-03-23T13:19:36.875Z]   EXT: https://www.konbagame.com/tag/trigun-stampede-netflix
[2026-03-23T13:19:36.875Z]   EXT: https://www.koreancamgirlsplus.com/most-visited-site-65
[2026-03-23T13:19:36.875Z]   EXT: https://www.kubetpc.net
[2026-03-23T13:19:36.875Z]   EXT: https://www.kubetst.com/ku-casino
[2026-03-23T13:19:36.875Z]   EXT: https://www.kurdiskarf.org
[2026-03-23T13:19:36.875Z]   EXT: https://www.layerbb.com/AndyRixon
[2026-03-23T13:19:36.875Z]   EXT: https://www.lethalweaponcharters.com/article
[2026-03-23T13:19:36.875Z]   EXT: https://www.lifecolors.shop/basic-smoothie-recipe
[2026-03-23T13:19:36.875Z]   EXT: https://www.limerickiblog.com/uploads
[2026-03-23T13:19:36.875Z]   EXT: https://www.lisapomerantzster.com/blog
[2026-03-23T13:19:36.875Z]   EXT: https://www.livefranksinatra.com/top-websites
[2026-03-23T13:19:36.875Z]   EXT: https://www.lizrohaizat.com/review
[2026-03-23T13:19:36.875Z]   EXT: https://www.malaysiagirlservice.com/escort/elaine
[2026-03-23T13:19:36.875Z]   EXT: https://www.mamigonweb.com/disccoupling
[2026-03-23T13:19:36.875Z]   EXT: https://www.manaliholiday.com/product
[2026-03-23T13:19:36.875Z]   EXT: https://www.mapstotox7.com
[2026-03-23T13:19:36.876Z]   EXT: https://www.marinakrehan.com/Nachnamen
[2026-03-23T13:19:36.876Z]   EXT: https://www.mariosmeatballs.com/website-list-1347
[2026-03-23T13:19:36.876Z]   EXT: https://www.masajescort.org/nakamura
[2026-03-23T13:19:36.876Z]   EXT: https://www.maxistotox3.com
[2026-03-23T13:19:36.876Z]   EXT: https://www.megasohbet.net/tour
[2026-03-23T13:19:36.876Z]   EXT: https://www.meteo-algerie.com/carte-meteo
[2026-03-23T13:19:36.876Z]   EXT: https://www.midwelling.com/Article
[2026-03-23T13:19:36.876Z]   EXT: https://www.minis4u.com/contact
[2026-03-23T13:19:36.876Z]   EXT: https://www.monroecountyelections.com/pollingsite
[2026-03-23T13:19:36.876Z]   EXT: https://www.mothersgoodness.shop/lspdfr-k9-vehicle-pack
[2026-03-23T13:19:36.876Z]   EXT: https://www.muasofa.com/danh-muc/sofa-bang
[2026-03-23T13:19:36.876Z]   EXT: https://www.mundorock.org/%20
[2026-03-23T13:19:36.876Z]   EXT: https://www.myfakeoakleysunglasses.com/nanbanandeya
[2026-03-23T13:19:36.876Z]   EXT: https://www.mypornleaks.com/tag/phim-se-viet-nam
[2026-03-23T13:19:36.876Z]   EXT: https://www.netizenid.com
[2026-03-23T13:19:36.876Z]   EXT: https://www.nettotox4.com
[2026-03-23T13:19:36.876Z]   EXT: https://www.nguyensquared.com/images
[2026-03-23T13:19:36.876Z]   EXT: https://www.njfubao.com/eprice
[2026-03-23T13:19:36.876Z]   EXT: https://www.nolobike.com/keyword
[2026-03-23T13:19:36.876Z]   EXT: https://www.northgateapp.com/plus
[2026-03-23T13:19:36.876Z]   EXT: https://www.notjustpaleo.com/product/stress-solutions
[2026-03-23T13:19:36.876Z]   EXT: https://www.nvygr.com/lc-nice
[2026-03-23T13:19:36.876Z]   EXT: https://www.octanmedia.com/organization
[2026-03-23T13:19:36.876Z]   EXT: https://www.olympicson.com/news
[2026-03-23T13:19:36.876Z]   EXT: https://www.omgomgomg5j4shop.com/waste
[2026-03-23T13:19:36.876Z]   EXT: https://www.ondeckwithlucy.com/wp-content
[2026-03-23T13:19:36.876Z]   EXT: https://www.operaloki.com/profile/astlehosnere/profile
[2026-03-23T13:19:36.876Z]   EXT: https://www.orhanogluyapi.com/parasoles-quito
[2026-03-23T13:19:36.876Z]   EXT: https://www.ossexpo.com/share
[2026-03-23T13:19:36.876Z]   EXT: https://www.oyatransitions.com/contact
[2026-03-23T13:19:36.876Z]   EXT: https://www.panda4tech.com/profiles
[2026-03-23T13:19:36.876Z]   EXT: https://www.pcmutiara-rw023.com/bbs
[2026-03-23T13:19:36.876Z]   EXT: https://www.pelicangrillseabrook.com
[2026-03-23T13:19:36.876Z]   EXT: https://www.pet5stars.com/domain
[2026-03-23T13:19:36.876Z]   EXT: https://www.pgvsindia.com/tag/pgvs
[2026-03-23T13:19:36.876Z]   EXT: https://www.piekneobrazy.com/news
[2026-03-23T13:19:36.876Z]   EXT: https://www.pinkhealswinnebago.org/what-s-new
[2026-03-23T13:19:36.876Z]   EXT: https://www.planetcookies.com/cookies/rice-crispy-treat
[2026-03-23T13:19:36.876Z]   EXT: https://www.pmu-training-md.com
[2026-03-23T13:19:36.876Z]   EXT: https://www.polinur.me/assets/app/img/main/polinurme
[2026-03-23T13:19:36.876Z]   EXT: https://www.printerssupplyco.com/Top
[2026-03-23T13:19:36.876Z]   EXT: https://www.prmnewsletter.org/ema
[2026-03-23T13:19:36.876Z]   EXT: https://www.prohostonline.com/wiki/Ancrod
[2026-03-23T13:19:36.876Z]   EXT: https://www.psychology-essays.com
[2026-03-23T13:19:36.876Z]   EXT: https://www.pubgtotox2.com
[2026-03-23T13:19:36.876Z]   EXT: https://www.qihao70.com
[2026-03-23T13:19:36.876Z]   EXT: https://www.qiqibudy.com/neirongye
[2026-03-23T13:19:36.876Z]   EXT: https://www.rajprodeti.shop/contributes-synonym
[2026-03-23T13:19:36.877Z]   EXT: https://www.relians-lobbying.com/uploads
[2026-03-23T13:19:36.877Z]   EXT: https://www.rf-protection.com/images
[2026-03-23T13:19:36.877Z]   EXT: https://www.rimasreklam.com/contact
[2026-03-23T13:19:36.877Z]   EXT: https://www.roadrunnerapparel.shop/ulta-comenity
[2026-03-23T13:19:36.877Z]   EXT: https://www.romebridal.com/mother-of-the-bride-dresses-
[2026-03-23T13:19:36.877Z]   EXT: https://www.rumon.me/bupropion+alcohol+death
[2026-03-23T13:19:36.877Z]   EXT: https://www.russiatelephones.com/domain
[2026-03-23T13:19:36.877Z]   EXT: https://www.s8totox2.com
[2026-03-23T13:19:36.877Z]   EXT: https://www.salada-oka.net/diving
[2026-03-23T13:19:36.877Z]   EXT: https://www.salavaty.com/tin-tuc-sunwin
[2026-03-23T13:19:36.877Z]   EXT: https://www.sao-paulo-br.com/fall-2025
[2026-03-23T13:19:36.877Z]   EXT: https://www.scaniabridge.com/article/bathing-aids-drcnh
[2026-03-23T13:19:36.877Z]   EXT: https://www.schweissleisten.com/tag/ufabet
[2026-03-23T13:19:36.877Z]   EXT: https://www.seafires.com/article/apply-definition-and-m
[2026-03-23T13:19:36.877Z]   EXT: https://www.selnot.com/birinin-hayatna-dokunmak
[2026-03-23T13:19:36.877Z]   EXT: https://www.semihduran.net/yincrease
[2026-03-23T13:19:36.877Z]   EXT: https://www.sequinsandskulls.com/product
[2026-03-23T13:19:36.877Z]   EXT: https://www.sexlo.net/phim-sex-teen/page
[2026-03-23T13:19:36.877Z]   EXT: https://www.shingaku-chintai.com/redirect
[2026-03-23T13:19:36.877Z]   EXT: https://www.shoesdoor.com/brandlist-9.html
[2026-03-23T13:19:36.877Z]   EXT: https://www.simonfordcomedy.com/product
[2026-03-23T13:19:36.877Z]   EXT: https://www.sinarandalasproteksindo.com/Grundfos-Pump
[2026-03-23T13:19:36.877Z]   EXT: https://www.slobodnakultura.org
[2026-03-23T13:19:36.877Z]   EXT: https://www.slotsforfun-ca.com/huuuge-casino-review
[2026-03-23T13:19:36.877Z]   EXT: https://www.smoke-up-japan.com/psip
[2026-03-23T13:19:36.877Z]   EXT: https://www.solutionspoly.com/upload
[2026-03-23T13:19:36.877Z]   EXT: https://www.soralily.com/plano-tx
[2026-03-23T13:19:36.877Z]   EXT: https://www.sorayutfanclub.com/gallery
[2026-03-23T13:19:36.877Z]   EXT: https://www.southwestdieselmarana.com
[2026-03-23T13:19:36.877Z]   EXT: https://www.sp-formations.com/community
[2026-03-23T13:19:36.877Z]   EXT: https://www.speech-services.com/forum
[2026-03-23T13:19:36.877Z]   EXT: https://www.spiceroutemanassas.com/menu
[2026-03-23T13:19:36.877Z]   EXT: https://www.sqtotox6.com
[2026-03-23T13:19:36.877Z]   EXT: https://www.studiovwellness.com/contact
[2026-03-23T13:19:36.877Z]   EXT: https://www.sunwin3.club/tin-tuc-sunwin
[2026-03-23T13:19:36.877Z]   EXT: https://www.surfactantchina.com/blog
[2026-03-23T13:19:36.877Z]   EXT: https://www.sutools.net/link-price-calculator
[2026-03-23T13:19:36.877Z]   EXT: https://www.suwanle.com/product
[2026-03-23T13:19:36.877Z]   EXT: https://www.szjyqkd.com
[2026-03-23T13:19:36.877Z]   EXT: https://www.szpd9.com/home
[2026-03-23T13:19:36.877Z]   EXT: https://www.takeaterrace.com/uploads
[2026-03-23T13:19:36.877Z]   EXT: https://www.talleresgruasdelsur.com/plug/cart.asp
[2026-03-23T13:19:36.877Z]   EXT: https://www.tamuaapg.com/products
[2026-03-23T13:19:36.877Z]   EXT: https://www.tanagerphotography.com/portfolio/sonoma-win
[2026-03-23T13:19:36.877Z]   EXT: https://www.tangocomics.net/community
[2026-03-23T13:19:36.877Z]   EXT: https://www.tanvirmokammel.com
[2026-03-23T13:19:36.877Z]   EXT: https://www.tapdoanvset.com/forums
[2026-03-23T13:19:36.877Z]   EXT: https://www.taxi216.net/feed
[2026-03-23T13:19:36.877Z]   EXT: https://www.teknikspotsatis.com/competitors
[2026-03-23T13:19:36.878Z]   EXT: https://www.thainuruclub.com/product
[2026-03-23T13:19:36.878Z]   EXT: https://www.the-osu.com/comments
[2026-03-23T13:19:36.878Z]   EXT: https://www.themain-ingredient.info/litratong-pinoy-amo
[2026-03-23T13:19:36.878Z]   EXT: https://www.thermesdecapvern.com/cat
[2026-03-23T13:19:36.878Z]   EXT: https://www.theunfinishedfurniture.com/image
[2026-03-23T13:19:36.878Z]   EXT: https://www.theyenhomestay.com
[2026-03-23T13:19:36.878Z]   EXT: https://www.tiantianxiyuegou.com/product
[2026-03-23T13:19:36.878Z]   EXT: https://www.tommittelbach.com/bildung-einfach-tun
[2026-03-23T13:19:36.878Z]   EXT: https://www.topearnerstrategy.org/special
[2026-03-23T13:19:36.878Z]   EXT: https://www.toto-dorisoon.net/padlets
[2026-03-23T13:19:36.878Z]   EXT: https://www.totopediax5.com
[2026-03-23T13:19:36.878Z]   EXT: https://www.toyobao.com/product
[2026-03-23T13:19:36.878Z]   EXT: https://www.trdclub.net/testmating
[2026-03-23T13:19:36.878Z]   EXT: https://www.tritownchamberofcommerce.com
[2026-03-23T13:19:36.878Z]   EXT: https://www.truemitra.com/feed
[2026-03-23T13:19:36.878Z]   EXT: https://www.tt128.org/category/huong-dan
[2026-03-23T13:19:36.878Z]   EXT: https://www.uguisu-coffee.com/remmont.com_news
[2026-03-23T13:19:36.878Z]   EXT: https://www.vahneedesigns.com/news
[2026-03-23T13:19:36.878Z]   EXT: https://www.vargasllosa.org/tihou/o-barusupurinto
[2026-03-23T13:19:36.878Z]   EXT: https://www.vedacookies.com/jdxm/ylxy/item
[2026-03-23T13:19:36.878Z]   EXT: https://www.venomwebstudios.com/wbdz/shys
[2026-03-23T13:19:36.878Z]   EXT: https://www.viagra-hk.com/res
[2026-03-23T13:19:36.878Z]   EXT: https://www.vibratorinfo.com/kritik-dan-saran
[2026-03-23T13:19:36.878Z]   EXT: https://www.victorytotox6.com
[2026-03-23T13:19:36.878Z]   EXT: https://www.viradevco.com/category
[2026-03-23T13:19:36.878Z]   EXT: https://www.virginiasites.com/appomattox
[2026-03-23T13:19:36.878Z]   EXT: https://www.vm-search.com/report
[2026-03-23T13:19:36.878Z]   EXT: https://www.voyageelementsterre.com/ggtz
[2026-03-23T13:19:36.878Z]   EXT: https://www.wcy-the-space.com/blog
[2026-03-23T13:19:36.878Z]   EXT: https://www.wfgamingfree.com
[2026-03-23T13:19:36.878Z]   EXT: https://www.wiithemes.com/demo/relion
[2026-03-23T13:19:36.878Z]   EXT: https://www.willboydforalabama.com/learningsolutions
[2026-03-23T13:19:36.878Z]   EXT: https://www.willweperish.com/xsc/info
[2026-03-23T13:19:36.878Z]   EXT: https://www.witchoflove.com/witch-arcade
[2026-03-23T13:19:36.879Z]   EXT: https://www.woodsongcanoes.com
[2026-03-23T13:19:36.879Z]   EXT: https://www.wordshoes.shop/heathrow-parking-terminal-3
[2026-03-23T13:19:36.879Z]   EXT: https://www.xosobet888.com/keyword
[2026-03-23T13:19:36.879Z]   EXT: https://www.xvids.shop/author/admin/page
[2026-03-23T13:19:36.879Z]   EXT: https://www.xxxpornx.net/search/russian-porn
[2026-03-23T13:19:36.879Z]   EXT: https://www.yaadgarrestaurant.com/blog/spices-you-will-
[2026-03-23T13:19:36.879Z]   EXT: https://www.ysanma.com/links1Page=22198
[2026-03-23T13:19:36.879Z]   EXT: https://www.yyeps.com/EPP-Machine
[2026-03-23T13:19:36.879Z]   EXT: https://www.zgbxcmw.com/admin/kindeditor/attached/file
[2026-03-23T13:19:36.879Z]   EXT: https://xn--tl3bseo63a.com
[2026-03-23T13:19:36.879Z]   EXT: https://xoso333.mobi/amp-vod-detail-id
[2026-03-23T13:19:36.879Z]   EXT: https://xosomiennamhn.com
[2026-03-23T13:19:36.879Z]   EXT: https://xpressbillerz.com
[2026-03-23T13:19:36.879Z]   EXT: https://xuxiangbike.com
[2026-03-23T13:19:36.879Z]   EXT: https://xy8685.com/amp-gamble-law
[2026-03-23T13:19:36.879Z]   EXT: https://xyz-company.com
[2026-03-23T13:19:36.879Z]   EXT: https://yakiniku-kanachan.com/fukuoka
[2026-03-23T13:19:36.879Z]   EXT: https://yaogendan.com/amp-gdsq
[2026-03-23T13:19:36.879Z]   EXT: https://yehyehyeh.net
[2026-03-23T13:19:36.879Z]   EXT: https://youtubedearme.com
[2026-03-23T13:19:36.879Z]   EXT: https://youxnxxtube.com
[2026-03-23T13:19:36.879Z]   EXT: https://yqjzfwxh.com
[2026-03-23T13:19:36.879Z]   EXT: https://yuyu385.com/brothertom
[2026-03-23T13:19:36.879Z]   EXT: https://yuzukcesitleri.com
[2026-03-23T13:19:36.879Z]   EXT: https://zcash4win.com
[2026-03-23T13:19:36.879Z]   EXT: https://zeytinburnukadin.com/category-fatih-escort
[2026-03-23T13:19:36.879Z]   EXT: https://zgwlhd.com/show
[2026-03-23T13:19:36.880Z]   EXT: https://zhaopp.cc
[2026-03-23T13:19:36.880Z]   EXT: https://zhiboedu.net
[2026-03-23T13:19:36.880Z]   EXT: https://zoravoyance.net
[2026-03-23T13:19:36.880Z] ── Step 1: Programmatic categorization ──
[2026-03-23T13:19:36.880Z]   UNCATEGORIZED: http://12345proxey.net
[2026-03-23T13:19:36.880Z]   UNCATEGORIZED: http://360dvd.net
[2026-03-23T13:19:36.880Z]   UNCATEGORIZED: http://a-try.net
[2026-03-23T13:19:36.880Z]   UNCATEGORIZED: http://abi-007.net
[2026-03-23T13:19:36.880Z]   UNCATEGORIZED: http://bbbarm.com
[2026-03-23T13:19:36.880Z]   UNCATEGORIZED: http://bencoengineering.com
[2026-03-23T13:19:36.880Z]   UNCATEGORIZED: http://betasusbilgi1.com
[2026-03-23T13:19:36.880Z]   UNCATEGORIZED: http://cevrimsizbonus.net
[2026-03-23T13:19:36.880Z]   UNCATEGORIZED: http://chmis.net
[2026-03-23T13:19:36.880Z]   UNCATEGORIZED: http://cocinalindaonline.com
[2026-03-23T13:19:36.880Z]   UNCATEGORIZED: http://cuboss.net
[2026-03-23T13:19:36.880Z]   UNCATEGORIZED: http://dawusi.net
[2026-03-23T13:19:36.880Z]   UNCATEGORIZED: http://dekoppel.net
[2026-03-23T13:19:36.880Z]   UNCATEGORIZED: http://dewidewitotox5.com
[2026-03-23T13:19:36.880Z]   UNCATEGORIZED: http://e-file-taxes.net
[2026-03-23T13:19:36.880Z]   UNCATEGORIZED: http://elastictits.com
[2026-03-23T13:19:36.880Z]   UNCATEGORIZED: http://ellocafe.com
[2026-03-23T13:19:36.880Z]   UNCATEGORIZED: http://ezizi.net
[2026-03-23T13:19:36.880Z]   UNCATEGORIZED: http://fastgpu.net
[2026-03-23T13:19:36.880Z]   UNCATEGORIZED: http://fondsdecran.net
[2026-03-23T13:19:36.880Z]   UNCATEGORIZED: http://franchisenesia.com
[2026-03-23T13:19:36.880Z]   UNCATEGORIZED: http://geiwebhosting.net
[2026-03-23T13:19:36.880Z]   UNCATEGORIZED: http://gemailong.net
[2026-03-23T13:19:36.880Z]   UNCATEGORIZED: http://gufowang.org
[2026-03-23T13:19:36.880Z]   UNCATEGORIZED: http://guidolin.net
[2026-03-23T13:19:36.880Z]   UNCATEGORIZED: http://hackear-wifi.net
[2026-03-23T13:19:36.880Z]   UNCATEGORIZED: http://hansacandle.net
[2026-03-23T13:19:36.880Z]   UNCATEGORIZED: http://harveyspub.net
[2026-03-23T13:19:36.880Z]   UNCATEGORIZED: http://hawishtech.com
[2026-03-23T13:19:36.880Z]   UNCATEGORIZED: http://hazirkod.net
[2026-03-23T13:19:36.880Z]   UNCATEGORIZED: http://hdrussianporn.com
[2026-03-23T13:19:36.881Z]   UNCATEGORIZED: http://honghang.net
[2026-03-23T13:19:36.881Z]   UNCATEGORIZED: http://hongyangnami.net
[2026-03-23T13:19:36.881Z]   UNCATEGORIZED: http://ioul.net
[2026-03-23T13:19:36.881Z]   UNCATEGORIZED: http://ipsissimus.net
[2026-03-23T13:19:36.881Z]   UNCATEGORIZED: http://itstackhub.com
[2026-03-23T13:19:36.881Z]   UNCATEGORIZED: http://lutcan.xyz
[2026-03-23T13:19:36.881Z]   UNCATEGORIZED: http://merkabahbs.com
[2026-03-23T13:19:36.881Z]   UNCATEGORIZED: http://minicupsupply.com
[2026-03-23T13:19:36.881Z]   UNCATEGORIZED: http://psychology-essays.com
[2026-03-23T13:19:36.881Z]   UNCATEGORIZED: http://qihao70.com
[2026-03-23T13:19:36.881Z]   UNCATEGORIZED: http://theyenhomestay.com
[2026-03-23T13:19:36.881Z]   UNCATEGORIZED: http://woodworkinghandtoolschool.com
[2026-03-23T13:19:36.881Z]   UNCATEGORIZED: http://www.histats.com/viewstats/?sid=4983840&ccid=2
[2026-03-23T13:19:36.881Z]   UNCATEGORIZED: https://100lifetimegoals.com
[2026-03-23T13:19:36.881Z]   UNCATEGORIZED: https://18totox3.com
[2026-03-23T13:19:36.881Z]   UNCATEGORIZED: https://1liveshow-hot.com
[2026-03-23T13:19:36.881Z]   UNCATEGORIZED: https://245cdn.xyz/secure
[2026-03-23T13:19:36.881Z]   UNCATEGORIZED: https://37k8.com
[2026-03-23T13:19:36.881Z]   UNCATEGORIZED: https://39antenna.com
[2026-03-23T13:19:36.881Z]   UNCATEGORIZED: https://48hsl.com/Default
[2026-03-23T13:19:36.881Z]   UNCATEGORIZED: https://5559988tz.com
[2026-03-23T13:19:36.881Z]   UNCATEGORIZED: https://789betchoi.com/amp-nap-tien-789bet
[2026-03-23T13:19:36.881Z]   UNCATEGORIZED: https://abillioncoin.com
[2026-03-23T13:19:36.881Z]   UNCATEGORIZED: https://absaweddings.com
[2026-03-23T13:19:36.881Z]   UNCATEGORIZED: https://acmagazine.net
[2026-03-23T13:19:36.881Z]   UNCATEGORIZED: https://acneaback.net
[2026-03-23T13:19:36.881Z]   UNCATEGORIZED: https://adi-expo.com
[2026-03-23T13:19:36.881Z]   UNCATEGORIZED: https://adinfinet.com
[2026-03-23T13:19:36.881Z]   UNCATEGORIZED: https://airlines-phone-number.com
[2026-03-23T13:19:36.881Z]   UNCATEGORIZED: https://alemizmir.com
[2026-03-23T13:19:36.881Z]   UNCATEGORIZED: https://alexruev.com
[2026-03-23T13:19:36.881Z]   UNCATEGORIZED: https://alexsiudeptry.site
[2026-03-23T13:19:36.881Z]   UNCATEGORIZED: https://almohafezeen.org
[2026-03-23T13:19:36.881Z]   UNCATEGORIZED: https://amazingcasinocardgamez.com
[2026-03-23T13:19:36.881Z]   UNCATEGORIZED: https://ammomarsh.com
[2026-03-23T13:19:36.881Z]   UNCATEGORIZED: https://amthucsanvuon.com
[2026-03-23T13:19:36.881Z]   UNCATEGORIZED: https://amymavila.com
[2026-03-23T13:19:36.881Z]   UNCATEGORIZED: https://anunturisexescorte.com
[2026-03-23T13:19:36.882Z]   UNCATEGORIZED: https://aoyouwzjipiao.com
[2026-03-23T13:19:36.882Z]   UNCATEGORIZED: https://apkrafi168.com
[2026-03-23T13:19:36.882Z]   UNCATEGORIZED: https://app-pack.com/web-designs
[2026-03-23T13:19:36.882Z]   UNCATEGORIZED: https://applecasez.com
[2026-03-23T13:19:36.882Z]   UNCATEGORIZED: https://appolomunich.com
[2026-03-23T13:19:36.882Z]   UNCATEGORIZED: https://articlehaul.com/uploads
[2026-03-23T13:19:36.882Z]   UNCATEGORIZED: https://arttherapie-idf.com
[2026-03-23T13:19:36.882Z]   UNCATEGORIZED: https://ashleenicoleartistry.com
[2026-03-23T13:19:36.882Z]   UNCATEGORIZED: https://asiabridgehr.net
[2026-03-23T13:19:36.882Z]   UNCATEGORIZED: https://atplsurat.com
[2026-03-23T13:19:36.882Z]   UNCATEGORIZED: https://aucbuilder.com
[2026-03-23T13:19:36.882Z]   UNCATEGORIZED: https://avecio.net
[2026-03-23T13:19:36.882Z]   UNCATEGORIZED: https://aviationexpoeu.com/documents
[2026-03-23T13:19:36.882Z]   UNCATEGORIZED: https://babybabysg.com
[2026-03-23T13:19:36.882Z]   UNCATEGORIZED: https://baldbabys.com
[2026-03-23T13:19:36.882Z]   UNCATEGORIZED: https://baohiemlienviet.com/amp-gioi-thieu
[2026-03-23T13:19:36.882Z]   UNCATEGORIZED: https://barbariangold.com/films-to-watch
[2026-03-23T13:19:36.882Z]   UNCATEGORIZED: https://bdonlineit.com
[2026-03-23T13:19:36.882Z]   UNCATEGORIZED: https://beplafin.com
[2026-03-23T13:19:36.882Z]   UNCATEGORIZED: https://betabet77alt.com
[2026-03-23T13:19:36.882Z]   UNCATEGORIZED: https://betasusguncel1.com
[2026-03-23T13:19:36.882Z]   UNCATEGORIZED: https://betnanogiris5.com
[2026-03-23T13:19:36.882Z]   UNCATEGORIZED: https://betreferans.com
[2026-03-23T13:19:36.882Z]   UNCATEGORIZED: https://beylikduzuhaberler.com
[2026-03-23T13:19:36.882Z]   UNCATEGORIZED: https://bjmdrx.com
[2026-03-23T13:19:36.882Z]   UNCATEGORIZED: https://bladegathering.com
[2026-03-23T13:19:36.882Z]   UNCATEGORIZED: https://bluebridgeapps.com
[2026-03-23T13:19:36.882Z]   UNCATEGORIZED: https://blueslab.org/amp-gen2stack
[2026-03-23T13:19:36.882Z]   UNCATEGORIZED: https://bocoranparlay.org/beli-makeup
[2026-03-23T13:19:36.882Z]   UNCATEGORIZED: https://bodegavilladorta.com
[2026-03-23T13:19:36.882Z]   UNCATEGORIZED: https://bonuspulsa.com
[2026-03-23T13:19:36.882Z]   UNCATEGORIZED: https://boomerang-casino-top.com
[2026-03-23T13:19:36.882Z]   UNCATEGORIZED: https://bpatekphilippe.com
[2026-03-23T13:19:36.882Z]   UNCATEGORIZED: https://braemargallery.com/amp-author-admin-page-16
[2026-03-23T13:19:36.882Z]   UNCATEGORIZED: https://brecksvilledentalcare.com
[2026-03-23T13:19:36.882Z]   UNCATEGORIZED: https://brkbima.org
[2026-03-23T13:19:36.882Z]   UNCATEGORIZED: https://brkjakartaselatan.org
[2026-03-23T13:19:36.882Z]   UNCATEGORIZED: https://brkjakartatimur.org/dp-B0CFPL6CFYref=MarsFS_KIN
[2026-03-23T13:19:36.882Z]   UNCATEGORIZED: https://brkpontianak.org
[2026-03-23T13:19:36.883Z]   UNCATEGORIZED: https://btoon.co
[2026-03-23T13:19:36.883Z]   UNCATEGORIZED: https://bucsstore.com/amp-article
[2026-03-23T13:19:36.883Z]   UNCATEGORIZED: https://buffalobillsnfljerseys.com
[2026-03-23T13:19:36.883Z]   UNCATEGORIZED: https://buygenericviagronline.com
[2026-03-23T13:19:36.883Z]   UNCATEGORIZED: https://buykoresphere.com
[2026-03-23T13:19:36.883Z]   UNCATEGORIZED: https://calduler.com
[2026-03-23T13:19:36.883Z]   UNCATEGORIZED: https://callgirlagra.net
[2026-03-23T13:19:36.883Z]   UNCATEGORIZED: https://camara-photodock.com/site
[2026-03-23T13:19:36.883Z]   UNCATEGORIZED: https://canadagooseoutletcoatss.com
[2026-03-23T13:19:36.883Z]   UNCATEGORIZED: https://canakkalebigafirmalari.com
[2026-03-23T13:19:36.883Z]   UNCATEGORIZED: https://careylinde.com
[2026-03-23T13:19:36.883Z]   UNCATEGORIZED: https://cartipss.com
[2026-03-23T13:19:36.883Z]   UNCATEGORIZED: https://catmar.net
[2026-03-23T13:19:36.883Z]   UNCATEGORIZED: https://caturindosukses.com/training
[2026-03-23T13:19:36.883Z]   UNCATEGORIZED: https://cdphfacility.com
[2026-03-23T13:19:36.883Z]   UNCATEGORIZED: https://centos-store.com
[2026-03-23T13:19:36.883Z]   UNCATEGORIZED: https://cfpii.org
[2026-03-23T13:19:36.883Z]   UNCATEGORIZED: https://chloroquine250mg.com/app-ads.txt
[2026-03-23T13:19:36.883Z]   UNCATEGORIZED: https://cicsports.org
[2026-03-23T13:19:36.883Z]   UNCATEGORIZED: https://cloutjamai.com
[2026-03-23T13:19:36.883Z]   UNCATEGORIZED: https://coloknetapp.com
[2026-03-23T13:19:36.883Z]   UNCATEGORIZED: https://commages.com/login.phpportal
[2026-03-23T13:19:36.883Z]   UNCATEGORIZED: https://comtotox5.com
[2026-03-23T13:19:36.883Z]   UNCATEGORIZED: https://coneco.info
[2026-03-23T13:19:36.883Z]   UNCATEGORIZED: https://conquista777br.com
[2026-03-23T13:19:36.883Z]   UNCATEGORIZED: https://conradrecord.com
[2026-03-23T13:19:36.883Z]   UNCATEGORIZED: https://corriereserale.com
[2026-03-23T13:19:36.883Z]   UNCATEGORIZED: https://crackcut.com
[2026-03-23T13:19:36.883Z]   UNCATEGORIZED: https://crunchinsider.com/buried-in-barstow-part-2
[2026-03-23T13:19:36.883Z]   UNCATEGORIZED: https://cubscout.net
[2026-03-23T13:19:36.883Z]   UNCATEGORIZED: https://cuenco.net
[2026-03-23T13:19:36.883Z]   UNCATEGORIZED: https://cursosparalelos.com
[2026-03-23T13:19:36.883Z]   UNCATEGORIZED: https://cwin688.net
[2026-03-23T13:19:36.883Z]   UNCATEGORIZED: https://daily-fixed-matches1x2.com
[2026-03-23T13:19:36.883Z]   UNCATEGORIZED: https://dangnhapfun88-3.com
[2026-03-23T13:19:36.883Z]   UNCATEGORIZED: https://dansalangardensboni.com/amp-bbs
[2026-03-23T13:19:36.883Z]   UNCATEGORIZED: https://darbastfam.com
[2026-03-23T13:19:36.883Z]   UNCATEGORIZED: https://darkmovie.info
[2026-03-23T13:19:36.883Z]   UNCATEGORIZED: https://davidlorenzoillustration.com
[2026-03-23T13:19:36.884Z]   UNCATEGORIZED: https://dctravelbureau.com
[2026-03-23T13:19:36.884Z]   UNCATEGORIZED: https://deanmasonmusic.com
[2026-03-23T13:19:36.884Z]   UNCATEGORIZED: https://degerli-haber.com
[2026-03-23T13:19:36.884Z]   UNCATEGORIZED: https://deiquitos.com/mapas-mapa-iquitos
[2026-03-23T13:19:36.884Z]   UNCATEGORIZED: https://delhirussianescort.com
[2026-03-23T13:19:36.884Z]   UNCATEGORIZED: https://devis-travaux.net
[2026-03-23T13:19:36.884Z]   UNCATEGORIZED: https://dewidewitotox5.com
[2026-03-23T13:19:36.884Z]   UNCATEGORIZED: https://dihuniversity.com/news
[2026-03-23T13:19:36.884Z]   UNCATEGORIZED: https://disenopaginaswebgdl.com
[2026-03-23T13:19:36.884Z]   UNCATEGORIZED: https://diveplaymate.com
[2026-03-23T13:19:36.884Z]   UNCATEGORIZED: https://dlrensky.net
[2026-03-23T13:19:36.884Z]   UNCATEGORIZED: https://doublesidedspoon.com
[2026-03-23T13:19:36.884Z]   UNCATEGORIZED: https://downwithabsolutes.com
[2026-03-23T13:19:36.884Z]   UNCATEGORIZED: https://drmalavshah.com/book-appointment
[2026-03-23T13:19:36.884Z]   UNCATEGORIZED: https://drunkpiano-liuyu.net
[2026-03-23T13:19:36.884Z]   UNCATEGORIZED: https://dz5168.com/amp-analysis-of-online-casinos
[2026-03-23T13:19:36.884Z]   UNCATEGORIZED: https://easechinese.com/amp-Chinese-character-history-a
[2026-03-23T13:19:36.884Z]   UNCATEGORIZED: https://easternindiastat.com/amp-table-social
[2026-03-23T13:19:36.884Z]   UNCATEGORIZED: https://easysucculentcare.com/perlite-succulents
[2026-03-23T13:19:36.884Z]   UNCATEGORIZED: https://easyuprecessed.com
[2026-03-23T13:19:36.884Z]   UNCATEGORIZED: https://ecofarm-minaka.com/amp-about
[2026-03-23T13:19:36.884Z]   UNCATEGORIZED: https://edubritain.com/amp
[2026-03-23T13:19:36.884Z]   UNCATEGORIZED: https://eeusshc.com/amp
[2026-03-23T13:19:36.884Z]   UNCATEGORIZED: https://elaany.com
[2026-03-23T13:19:36.884Z]   UNCATEGORIZED: https://eleganttextilelondon.com
[2026-03-23T13:19:36.884Z]   UNCATEGORIZED: https://elementofengshui.com
[2026-03-23T13:19:36.884Z]   UNCATEGORIZED: https://emakinedunyasi.com
[2026-03-23T13:19:36.885Z]   UNCATEGORIZED: https://emlakfirsatin.com/amp
[2026-03-23T13:19:36.885Z]   UNCATEGORIZED: https://emlakuzmanin.com
[2026-03-23T13:19:36.885Z]   UNCATEGORIZED: https://endeecoaching.com/amp-feed=rss2&page_id=23
[2026-03-23T13:19:36.885Z]   UNCATEGORIZED: https://enjoylifewealth.com
[2026-03-23T13:19:36.885Z]   UNCATEGORIZED: https://enosart.com/amp-uploads
[2026-03-23T13:19:36.885Z]   UNCATEGORIZED: https://enprosep.com
[2026-03-23T13:19:36.885Z]   UNCATEGORIZED: https://escorteverificate.com
[2026-03-23T13:19:36.885Z]   UNCATEGORIZED: https://eskievdenyenieve.com
[2026-03-23T13:19:36.885Z]   UNCATEGORIZED: https://etedax.com/amp-products
[2026-03-23T13:19:36.885Z]   UNCATEGORIZED: https://eventfilmer.com
[2026-03-23T13:19:36.885Z]   UNCATEGORIZED: https://evmobilyaurun.com
[2026-03-23T13:19:36.885Z]   UNCATEGORIZED: https://expresssubmit.net
[2026-03-23T13:19:36.885Z]   UNCATEGORIZED: https://faengenharia.com
[2026-03-23T13:19:36.885Z]   UNCATEGORIZED: https://faneliemuselier.com
[2026-03-23T13:19:36.885Z]   UNCATEGORIZED: https://faperation.com
[2026-03-23T13:19:36.885Z]   UNCATEGORIZED: https://fashionsquadblog.com
[2026-03-23T13:19:36.885Z]   UNCATEGORIZED: https://fffjdr.com
[2026-03-23T13:19:36.885Z]   UNCATEGORIZED: https://filmerfilm.com
[2026-03-23T13:19:36.885Z]   UNCATEGORIZED: https://fitmymoney.us
[2026-03-23T13:19:36.885Z]   UNCATEGORIZED: https://five-touch.com
[2026-03-23T13:19:36.885Z]   UNCATEGORIZED: https://fiyatkasasi.com
[2026-03-23T13:19:36.885Z]   UNCATEGORIZED: https://flywhitespace.com
[2026-03-23T13:19:36.885Z]   UNCATEGORIZED: https://foumbounienavant.com
[2026-03-23T13:19:36.885Z]   UNCATEGORIZED: https://foundationmirai.com
[2026-03-23T13:19:36.885Z]   UNCATEGORIZED: https://fpatekphilippe.com
[2026-03-23T13:19:36.885Z]   UNCATEGORIZED: https://freetexture.net
[2026-03-23T13:19:36.885Z]   UNCATEGORIZED: https://freevalentinescards.com
[2026-03-23T13:19:36.885Z]   UNCATEGORIZED: https://frescofresco.com
[2026-03-23T13:19:36.885Z]   UNCATEGORIZED: https://freshphotographer.com
[2026-03-23T13:19:36.885Z]   UNCATEGORIZED: https://frlcosmetic.com/amp-components
[2026-03-23T13:19:36.885Z]   UNCATEGORIZED: https://funfactabout.com
[2026-03-23T13:19:36.886Z]   UNCATEGORIZED: https://g-rori.net/sch
[2026-03-23T13:19:36.886Z]   UNCATEGORIZED: https://games1188.com/uploads
[2026-03-23T13:19:36.886Z]   UNCATEGORIZED: https://garotonervoso.com
[2026-03-23T13:19:36.886Z]   UNCATEGORIZED: https://gaycntube.com
[2026-03-23T13:19:36.886Z]   UNCATEGORIZED: https://gdcuizhai.com
[2026-03-23T13:19:36.886Z]   UNCATEGORIZED: https://gdemolished.com
[2026-03-23T13:19:36.886Z]   UNCATEGORIZED: https://genkainokaze.com
[2026-03-23T13:19:36.886Z]   UNCATEGORIZED: https://gentleintegrativecare.com
[2026-03-23T13:19:36.886Z]   UNCATEGORIZED: https://gestiondebicicletas.com/amp-userfiles-image
[2026-03-23T13:19:36.886Z]   UNCATEGORIZED: https://get2lux.info
[2026-03-23T13:19:36.886Z]   UNCATEGORIZED: https://giah1.com
[2026-03-23T13:19:36.886Z]   UNCATEGORIZED: https://giahangamthuc.com
[2026-03-23T13:19:36.886Z]   UNCATEGORIZED: https://girls-ficken.com
[2026-03-23T13:19:36.886Z]   UNCATEGORIZED: https://gms-cdc.org
[2026-03-23T13:19:36.886Z]   UNCATEGORIZED: https://goertz-gutscheiin.com
[2026-03-23T13:19:36.886Z]   UNCATEGORIZED: https://gokronick.com
[2026-03-23T13:19:36.886Z]   UNCATEGORIZED: https://goldengoosees.com
[2026-03-23T13:19:36.886Z]   UNCATEGORIZED: https://gothooker.com
[2026-03-23T13:19:36.886Z]   UNCATEGORIZED: https://grandetest.com
[2026-03-23T13:19:36.886Z]   UNCATEGORIZED: https://gubukwebsite.com
[2026-03-23T13:19:36.886Z]   UNCATEGORIZED: https://gurukulpharmacy.com
[2026-03-23T13:19:36.886Z]   UNCATEGORIZED: https://gwpdesign.com
[2026-03-23T13:19:36.886Z]   UNCATEGORIZED: https://gxrxjxmachinery.com
[2026-03-23T13:19:36.886Z]   UNCATEGORIZED: https://gy-brownstone.com
[2026-03-23T13:19:36.886Z]   UNCATEGORIZED: https://hagimuraganka.com
[2026-03-23T13:19:36.886Z]   UNCATEGORIZED: https://hali-yikama-ankara.com/amp-uploads
[2026-03-23T13:19:36.886Z]   UNCATEGORIZED: https://hana-tanpopo.com
[2026-03-23T13:19:36.887Z]   UNCATEGORIZED: https://hanaseikei.net
[2026-03-23T13:19:36.887Z]   UNCATEGORIZED: https://handlebarscc.com
[2026-03-23T13:19:36.887Z]   UNCATEGORIZED: https://hanyingcultural.com
[2026-03-23T13:19:36.887Z]   UNCATEGORIZED: https://hard-graft.net
[2026-03-23T13:19:36.887Z]   UNCATEGORIZED: https://hardsclassic.com
[2026-03-23T13:19:36.887Z]   UNCATEGORIZED: https://heranalisveris.com
[2026-03-23T13:19:36.887Z]   UNCATEGORIZED: https://hijodelmedio.com
[2026-03-23T13:19:36.887Z]   UNCATEGORIZED: https://historic-living.com/amp-capitol-heights-history
[2026-03-23T13:19:36.887Z]   UNCATEGORIZED: https://hj28he.com/amp-store
[2026-03-23T13:19:36.887Z]   UNCATEGORIZED: https://hobilerdukkani.com/amp
[2026-03-23T13:19:36.887Z]   UNCATEGORIZED: https://homebrewinc.com
[2026-03-23T13:19:36.887Z]   UNCATEGORIZED: https://hostinggiarenhat.com
[2026-03-23T13:19:36.887Z]   UNCATEGORIZED: https://hotsalejordans.com
[2026-03-23T13:19:36.887Z]   UNCATEGORIZED: https://howl911.com
[2026-03-23T13:19:36.887Z]   UNCATEGORIZED: https://hulxv.com
[2026-03-23T13:19:36.887Z]   UNCATEGORIZED: https://hurricanesedge.com
[2026-03-23T13:19:36.887Z]   UNCATEGORIZED: https://hydrochloroquine200.com/links1Page=9497
[2026-03-23T13:19:36.887Z]   UNCATEGORIZED: https://hydroxychloroqui.com
[2026-03-23T13:19:36.887Z]   UNCATEGORIZED: https://hzcircuit-board.com/amp-the_alley_entertainment
[2026-03-23T13:19:36.887Z]   UNCATEGORIZED: https://icanguarantee.com
[2026-03-23T13:19:36.887Z]   UNCATEGORIZED: https://ifzenelse.net
[2026-03-23T13:19:36.887Z]   UNCATEGORIZED: https://ihatejade.com
[2026-03-23T13:19:36.887Z]   UNCATEGORIZED: https://ilikecorbynbut.com
[2026-03-23T13:19:36.887Z]   UNCATEGORIZED: https://imlink.me/amp
[2026-03-23T13:19:36.887Z]   UNCATEGORIZED: https://indie-vibe.com
[2026-03-23T13:19:36.887Z]   UNCATEGORIZED: https://infobookmakers2020.com/wallet-webmoney
[2026-03-23T13:19:36.887Z]   UNCATEGORIZED: https://infotecasalud.com
[2026-03-23T13:19:36.887Z]   UNCATEGORIZED: https://insamofficial.com
[2026-03-23T13:19:36.887Z]   UNCATEGORIZED: https://instausernamegenerator.com
[2026-03-23T13:19:36.887Z]   UNCATEGORIZED: https://intellitradex.com
[2026-03-23T13:19:36.887Z]   UNCATEGORIZED: https://iphoneyetkiliservisi.net
[2026-03-23T13:19:36.887Z]   UNCATEGORIZED: https://ipsplungerlift.com
[2026-03-23T13:19:36.887Z]   UNCATEGORIZED: https://is-buy.com
[2026-03-23T13:19:36.887Z]   UNCATEGORIZED: https://isharedwhat.com
[2026-03-23T13:19:36.887Z]   UNCATEGORIZED: https://itheology.net
[2026-03-23T13:19:36.888Z]   UNCATEGORIZED: https://jako-club.com
[2026-03-23T13:19:36.888Z]   UNCATEGORIZED: https://january-massage.shop/amp-daejeon-massage
[2026-03-23T13:19:36.888Z]   UNCATEGORIZED: https://jaspasjunk.com
[2026-03-23T13:19:36.888Z]   UNCATEGORIZED: https://jeffryexports.com
[2026-03-23T13:19:36.888Z]   UNCATEGORIZED: https://jessicahoney.com
[2026-03-23T13:19:36.888Z]   UNCATEGORIZED: https://jicha-frame.com
[2026-03-23T13:19:36.888Z]   UNCATEGORIZED: https://jilishuma.com
[2026-03-23T13:19:36.888Z]   UNCATEGORIZED: https://jimstransmission.com
[2026-03-23T13:19:36.888Z]   UNCATEGORIZED: https://jishnukohali.com
[2026-03-23T13:19:36.888Z]   UNCATEGORIZED: https://jjmurphy.org
[2026-03-23T13:19:36.888Z]   UNCATEGORIZED: https://jjun88.net
[2026-03-23T13:19:36.888Z]   UNCATEGORIZED: https://jnfykni4.xyz
[2026-03-23T13:19:36.888Z]   UNCATEGORIZED: https://joanporter.com
[2026-03-23T13:19:36.888Z]   UNCATEGORIZED: https://johndinhfilms.com
[2026-03-23T13:19:36.888Z]   UNCATEGORIZED: https://jona-construction.com
[2026-03-23T13:19:36.888Z]   UNCATEGORIZED: https://jonesgirlsrun.com
[2026-03-23T13:19:36.888Z]   UNCATEGORIZED: https://journalofchemistry.com
[2026-03-23T13:19:36.888Z]   UNCATEGORIZED: https://jtj1.com
[2026-03-23T13:19:36.888Z]   UNCATEGORIZED: https://kaelumcompany.com
[2026-03-23T13:19:36.888Z]   UNCATEGORIZED: https://kanchenworachai.com
[2026-03-23T13:19:36.888Z]   UNCATEGORIZED: https://kanrierp.com
[2026-03-23T13:19:36.888Z]   UNCATEGORIZED: https://kauaiappraiser.com
[2026-03-23T13:19:36.888Z]   UNCATEGORIZED: https://kaynesscomics.com
[2026-03-23T13:19:36.888Z]   UNCATEGORIZED: https://kelleywills.com
[2026-03-23T13:19:36.888Z]   UNCATEGORIZED: https://kfcp-yy.com
[2026-03-23T13:19:36.888Z]   UNCATEGORIZED: https://killianbroderick.com
[2026-03-23T13:19:36.888Z]   UNCATEGORIZED: https://kitapalisverisi.com/amp
[2026-03-23T13:19:36.888Z]   UNCATEGORIZED: https://kj6848.com
[2026-03-23T13:19:36.888Z]   UNCATEGORIZED: https://kktourbelitung.com
[2026-03-23T13:19:36.888Z]   UNCATEGORIZED: https://kotejka.com
[2026-03-23T13:19:36.888Z]   UNCATEGORIZED: https://kubetpc.net
[2026-03-23T13:19:36.888Z]   UNCATEGORIZED: https://kurdiskarf.org
[2026-03-23T13:19:36.888Z]   UNCATEGORIZED: https://kuyumcukentavm.com/amp
[2026-03-23T13:19:36.888Z]   UNCATEGORIZED: https://la-chirurgie-esthetique.net
[2026-03-23T13:19:36.888Z]   UNCATEGORIZED: https://lablinksluxuryhair.com
[2026-03-23T13:19:36.888Z]   UNCATEGORIZED: https://laglamourband.com/amp-web-glamourososDavid
[2026-03-23T13:19:36.888Z]   UNCATEGORIZED: https://latiendadecaza.com
[2026-03-23T13:19:36.888Z]   UNCATEGORIZED: https://leadiro-processing.com
[2026-03-23T13:19:36.888Z]   UNCATEGORIZED: https://lefkeescort.net
[2026-03-23T13:19:36.888Z]   UNCATEGORIZED: https://letofskystudio.net
[2026-03-23T13:19:36.889Z]   UNCATEGORIZED: https://lightitem.com
[2026-03-23T13:19:36.889Z]   UNCATEGORIZED: https://lisinoprilcheapestoffers.com/amp
[2026-03-23T13:19:36.889Z]   UNCATEGORIZED: https://listeduweb.com/wiki
[2026-03-23T13:19:36.889Z]   UNCATEGORIZED: https://littlecattee.com
[2026-03-23T13:19:36.889Z]   UNCATEGORIZED: https://lmkopi.com
[2026-03-23T13:19:36.889Z]   UNCATEGORIZED: https://lp2-arch.com
[2026-03-23T13:19:36.889Z]   UNCATEGORIZED: https://luxykala.com
[2026-03-23T13:19:36.889Z]   UNCATEGORIZED: https://lvynyn.com
[2026-03-23T13:19:36.889Z]   UNCATEGORIZED: https://lxrtpbocoran.com
[2026-03-23T13:19:36.889Z]   UNCATEGORIZED: https://m4281.net/amp-schedule
[2026-03-23T13:19:36.889Z]   UNCATEGORIZED: https://macasystem.net
[2026-03-23T13:19:36.889Z]   UNCATEGORIZED: https://magnusandme.com
[2026-03-23T13:19:36.889Z]   UNCATEGORIZED: https://mailoveparis.com
[2026-03-23T13:19:36.889Z]   UNCATEGORIZED: https://mapstotox7.com
[2026-03-23T13:19:36.889Z]   UNCATEGORIZED: https://marksignusa.com
[2026-03-23T13:19:36.889Z]   UNCATEGORIZED: https://marycgottschalk.com
[2026-03-23T13:19:36.889Z]   UNCATEGORIZED: https://masukjawir69.com
[2026-03-23T13:19:36.889Z]   UNCATEGORIZED: https://mattaralogistica.com/cdn-cgi-l-email-protection
[2026-03-23T13:19:36.889Z]   UNCATEGORIZED: https://maxistotox3.com
[2026-03-23T13:19:36.889Z]   UNCATEGORIZED: https://maxweb-tunisie.com/dev-novachim
[2026-03-23T13:19:36.889Z]   UNCATEGORIZED: https://maylinnaaslie.com
[2026-03-23T13:19:36.889Z]   UNCATEGORIZED: https://medilinkage.info/amp-about
[2026-03-23T13:19:36.889Z]   UNCATEGORIZED: https://mega-marketing.org
[2026-03-23T13:19:36.889Z]   UNCATEGORIZED: https://melia-biyang.com
[2026-03-23T13:19:36.889Z]   UNCATEGORIZED: https://meningsfyltliv.com
[2026-03-23T13:19:36.889Z]   UNCATEGORIZED: https://menuiserieoise.net/images
[2026-03-23T13:19:36.889Z]   UNCATEGORIZED: https://meovatmoingay.net
[2026-03-23T13:19:36.889Z]   UNCATEGORIZED: https://mersinwebtasarim.net
[2026-03-23T13:19:36.889Z]   UNCATEGORIZED: https://meshpad.org
[2026-03-23T13:19:36.889Z]   UNCATEGORIZED: https://metalmastermetal.com/mahjong-wins-3-black-scatt
[2026-03-23T13:19:36.889Z]   UNCATEGORIZED: https://mft3k.com/tag
[2026-03-23T13:19:36.889Z]   UNCATEGORIZED: https://mgpcw.com
[2026-03-23T13:19:36.889Z]   UNCATEGORIZED: https://micatalogoweb.com/catalogo
[2026-03-23T13:19:36.889Z]   UNCATEGORIZED: https://minceurmoinscher.com
[2026-03-23T13:19:36.889Z]   UNCATEGORIZED: https://mkn2.com
[2026-03-23T13:19:36.889Z]   UNCATEGORIZED: https://mksports8.com/amp-game-bai-mksports
[2026-03-23T13:19:36.889Z]   UNCATEGORIZED: https://mktgpress.com
[2026-03-23T13:19:36.889Z]   UNCATEGORIZED: https://moagastudios.com/amp-cdncgi-l-email-protection
[2026-03-23T13:19:36.889Z]   UNCATEGORIZED: https://modaave.com
[2026-03-23T13:19:36.890Z]   UNCATEGORIZED: https://modelrailroadvintageparts.com
[2026-03-23T13:19:36.890Z]   UNCATEGORIZED: https://moetokyo.com/amp
[2026-03-23T13:19:36.890Z]   UNCATEGORIZED: https://montpellier-jeuditout.com
[2026-03-23T13:19:36.890Z]   UNCATEGORIZED: https://morgancohistory.org
[2026-03-23T13:19:36.890Z]   UNCATEGORIZED: https://moviehdd2021.com
[2026-03-23T13:19:36.890Z]   UNCATEGORIZED: https://mslat.net
[2026-03-23T13:19:36.890Z]   UNCATEGORIZED: https://msstyleandgrace.com/amp-category-cbd-gummies
[2026-03-23T13:19:36.890Z]   UNCATEGORIZED: https://mutantfightingcup2.com/goodgame-empire
[2026-03-23T13:19:36.890Z]   UNCATEGORIZED: https://myearthwallpapers.com
[2026-03-23T13:19:36.890Z]   UNCATEGORIZED: https://naturallifechannel.com
[2026-03-23T13:19:36.890Z]   UNCATEGORIZED: https://nccheyenne.com/amp-wanboguanwangmanbetx-news
[2026-03-23T13:19:36.890Z]   UNCATEGORIZED: https://netsky.shop/telerik-grid-column
[2026-03-23T13:19:36.890Z]   UNCATEGORIZED: https://newtokikr.com
[2026-03-23T13:19:36.890Z]   UNCATEGORIZED: https://nextiadesign.com
[2026-03-23T13:19:36.890Z]   UNCATEGORIZED: https://nflcheapjerseychina.com
[2026-03-23T13:19:36.890Z]   UNCATEGORIZED: https://nishman.uk
[2026-03-23T13:19:36.890Z]   UNCATEGORIZED: https://njjf365.com
[2026-03-23T13:19:36.890Z]   UNCATEGORIZED: https://nowhereland.net
[2026-03-23T13:19:36.890Z]   UNCATEGORIZED: https://officecom-setupms.net
[2026-03-23T13:19:36.890Z]   UNCATEGORIZED: https://okuribitoniki.com
[2026-03-23T13:19:36.890Z]   UNCATEGORIZED: https://onet4u.com
[2026-03-23T13:19:36.890Z]   UNCATEGORIZED: https://onlinecasino-newzealand.org
[2026-03-23T13:19:36.890Z]   UNCATEGORIZED: https://openburhan.com
[2026-03-23T13:19:36.890Z]   UNCATEGORIZED: https://p8kbet.com
[2026-03-23T13:19:36.890Z]   UNCATEGORIZED: https://packagesforkerala.com
[2026-03-23T13:19:36.890Z]   UNCATEGORIZED: https://pafipcpangandarankab.org
[2026-03-23T13:19:36.890Z]   UNCATEGORIZED: https://paofsash.com/amp-music-pos-prok_fac-prok_fac.ht
[2026-03-23T13:19:36.890Z]   UNCATEGORIZED: https://parislegalmakers.com
[2026-03-23T13:19:36.890Z]   UNCATEGORIZED: https://parrotsandprops.com/amp-article-c-list
[2026-03-23T13:19:36.890Z]   UNCATEGORIZED: https://pension-villa-maria.com
[2026-03-23T13:19:36.890Z]   UNCATEGORIZED: https://phanphoidienmay.com
[2026-03-23T13:19:36.890Z]   UNCATEGORIZED: https://philadelphia-eagles-jewelry.com
[2026-03-23T13:19:36.890Z]   UNCATEGORIZED: https://phildiscuss.com
[2026-03-23T13:19:36.890Z]   UNCATEGORIZED: https://phongcachdanong.net
[2026-03-23T13:19:36.891Z]   UNCATEGORIZED: https://photographe-paris-mariage.com
[2026-03-23T13:19:36.891Z]   UNCATEGORIZED: https://pinxpin.com
[2026-03-23T13:19:36.891Z]   UNCATEGORIZED: https://pklifework.com
[2026-03-23T13:19:36.891Z]   UNCATEGORIZED: https://plasticsurgeryconferences.com/amp-brochure
[2026-03-23T13:19:36.891Z]   UNCATEGORIZED: https://playvibra.com
[2026-03-23T13:19:36.891Z]   UNCATEGORIZED: https://pmhsilva.com
[2026-03-23T13:19:36.891Z]   UNCATEGORIZED: https://pornasianclub.com
[2026-03-23T13:19:36.891Z]   UNCATEGORIZED: https://pozitifreaksiyon.com
[2026-03-23T13:19:36.891Z]   UNCATEGORIZED: https://pptvoss.com
[2026-03-23T13:19:36.891Z]   UNCATEGORIZED: https://pratikfirsatlar.com
[2026-03-23T13:19:36.891Z]   UNCATEGORIZED: https://prediksiangkatogel.com
[2026-03-23T13:19:36.891Z]   UNCATEGORIZED: https://premios.inah.gob.mx
[2026-03-23T13:19:36.891Z]   UNCATEGORIZED: https://prima-desain.com/amp-jasa-seo-bandung
[2026-03-23T13:19:36.891Z]   UNCATEGORIZED: https://productcatalogcn.com
[2026-03-23T13:19:36.891Z]   UNCATEGORIZED: https://profesyonelwebsite.com
[2026-03-23T13:19:36.891Z]   UNCATEGORIZED: https://puaegyetem.com
[2026-03-23T13:19:36.891Z]   UNCATEGORIZED: https://pushdisposablevapes.net
[2026-03-23T13:19:36.891Z]   UNCATEGORIZED: https://qdjinqiao.com
[2026-03-23T13:19:36.891Z]   UNCATEGORIZED: https://quel-gynecologue.com
[2026-03-23T13:19:36.891Z]   UNCATEGORIZED: https://quellideltreno.com
[2026-03-23T13:19:36.891Z]   UNCATEGORIZED: https://qzrce.com
[2026-03-23T13:19:36.891Z]   UNCATEGORIZED: https://rapid-roll.com/News
[2026-03-23T13:19:36.891Z]   UNCATEGORIZED: https://rbhealthcaresystems.com/cna-training-ohio
[2026-03-23T13:19:36.891Z]   UNCATEGORIZED: https://rebekahlouisedesigns.com
[2026-03-23T13:19:36.891Z]   UNCATEGORIZED: https://redfincasforsale.com
[2026-03-23T13:19:36.891Z]   UNCATEGORIZED: https://reienboseki.com
[2026-03-23T13:19:36.891Z]   UNCATEGORIZED: https://rejstrikfirem.com
[2026-03-23T13:19:36.891Z]   UNCATEGORIZED: https://rejtingkazino.com
[2026-03-23T13:19:36.891Z]   UNCATEGORIZED: https://rembuden.com
[2026-03-23T13:19:36.891Z]   UNCATEGORIZED: https://resimsergisi.com
[2026-03-23T13:19:36.891Z]   UNCATEGORIZED: https://restaurantclubnautic.com
[2026-03-23T13:19:36.891Z]   UNCATEGORIZED: https://rfclist.com
[2026-03-23T13:19:36.891Z]   UNCATEGORIZED: https://rgbet77.net
[2026-03-23T13:19:36.891Z]   UNCATEGORIZED: https://ringrobconcierge.com
[2026-03-23T13:19:36.891Z]   UNCATEGORIZED: https://ro2aa.com
[2026-03-23T13:19:36.891Z]   UNCATEGORIZED: https://ronnefeldt-gastro.com/amp-en-hotel-catering
[2026-03-23T13:19:36.891Z]   UNCATEGORIZED: https://rootsandbranchesprograms.com
[2026-03-23T13:19:36.892Z]   UNCATEGORIZED: https://rosanavidalphoto.com
[2026-03-23T13:19:36.892Z]   UNCATEGORIZED: https://roshanbd.com
[2026-03-23T13:19:36.892Z]   UNCATEGORIZED: https://rulmentistoc.com
[2026-03-23T13:19:36.892Z]   UNCATEGORIZED: https://s8totox2.com
[2026-03-23T13:19:36.892Z]   UNCATEGORIZED: https://sadaeri.com/amp
[2026-03-23T13:19:36.892Z]   UNCATEGORIZED: https://saigon-bistro.com/restaurant
[2026-03-23T13:19:36.892Z]   UNCATEGORIZED: https://sarasdijital.com
[2026-03-23T13:19:36.892Z]   UNCATEGORIZED: https://satnavdownloads.com
[2026-03-23T13:19:36.892Z]   UNCATEGORIZED: https://saturdayjobs.org
[2026-03-23T13:19:36.892Z]   UNCATEGORIZED: https://scalablescala.com
[2026-03-23T13:19:36.892Z]   UNCATEGORIZED: https://seasonsofthefox.com
[2026-03-23T13:19:36.892Z]   UNCATEGORIZED: https://seowebmester.info
[2026-03-23T13:19:36.892Z]   UNCATEGORIZED: https://sgwatchmovies.com
[2026-03-23T13:19:36.892Z]   UNCATEGORIZED: https://shandongwantong.com
[2026-03-23T13:19:36.892Z]   UNCATEGORIZED: https://shanghaiwisdomhotel.com
[2026-03-23T13:19:36.892Z]   UNCATEGORIZED: https://shriramstones.com
[2026-03-23T13:19:36.892Z]   UNCATEGORIZED: https://shroomstoreuk.com
[2026-03-23T13:19:36.892Z]   UNCATEGORIZED: https://sidedev.net
[2026-03-23T13:19:36.892Z]   UNCATEGORIZED: https://sintotox4.com
[2026-03-23T13:19:36.892Z]   UNCATEGORIZED: https://sinusjet.com
[2026-03-23T13:19:36.892Z]   UNCATEGORIZED: https://skincell-pro.net
[2026-03-23T13:19:36.892Z]   UNCATEGORIZED: https://sktsgestion.com/htdocs
[2026-03-23T13:19:36.892Z]   UNCATEGORIZED: https://slobodnakultura.org
[2026-03-23T13:19:36.892Z]   UNCATEGORIZED: https://smithandgauthier.com
[2026-03-23T13:19:36.892Z]   UNCATEGORIZED: https://socialninjaz.info
[2026-03-23T13:19:36.892Z]   UNCATEGORIZED: https://sourapplestudio.com/amp-uploads
[2026-03-23T13:19:36.892Z]   UNCATEGORIZED: https://southafricaonlinecasino.org/amp
[2026-03-23T13:19:36.892Z]   UNCATEGORIZED: https://spray-tan-byron-bay.com
[2026-03-23T13:19:36.892Z]   UNCATEGORIZED: https://springfieldarmory247.com
[2026-03-23T13:19:36.892Z]   UNCATEGORIZED: https://sqtotox2.com
[2026-03-23T13:19:36.892Z]   UNCATEGORIZED: https://stealingpages.com
[2026-03-23T13:19:36.892Z]   UNCATEGORIZED: https://stephen-curry-az.com
[2026-03-23T13:19:36.892Z]   UNCATEGORIZED: https://stillistanbuldiamond.com
[2026-03-23T13:19:36.892Z]   UNCATEGORIZED: https://sublimesix.com/amp-buy
[2026-03-23T13:19:36.892Z]   UNCATEGORIZED: https://suddenlysingleshow.com
[2026-03-23T13:19:36.892Z]   UNCATEGORIZED: https://swankyapple.com
[2026-03-23T13:19:36.892Z]   UNCATEGORIZED: https://swisstop.org
[2026-03-23T13:19:36.892Z]   UNCATEGORIZED: https://switchonthebrain.com/ccsk-preparation-tips-my-e
[2026-03-23T13:19:36.893Z]   UNCATEGORIZED: https://sxcpz.com
[2026-03-23T13:19:36.893Z]   UNCATEGORIZED: https://tainanahui.com
[2026-03-23T13:19:36.893Z]   UNCATEGORIZED: https://tatilim.org/levent-escort
[2026-03-23T13:19:36.893Z]   UNCATEGORIZED: https://teamkraftt.com/amp-harmony-classic
[2026-03-23T13:19:36.893Z]   UNCATEGORIZED: https://teczqua.com
[2026-03-23T13:19:36.893Z]   UNCATEGORIZED: https://tedxkosice.com
[2026-03-23T13:19:36.893Z]   UNCATEGORIZED: https://templateface.com
[2026-03-23T13:19:36.893Z]   UNCATEGORIZED: https://tendontransferseminar.com
[2026-03-23T13:19:36.893Z]   UNCATEGORIZED: https://tglworldgroup.com/resources
[2026-03-23T13:19:36.893Z]   UNCATEGORIZED: https://theadverland.com
[2026-03-23T13:19:36.893Z]   UNCATEGORIZED: https://theautodesk.net
[2026-03-23T13:19:36.893Z]   UNCATEGORIZED: https://theflowercoupons.com/cgi
[2026-03-23T13:19:36.893Z]   UNCATEGORIZED: https://theretreat-mwc.com
[2026-03-23T13:19:36.893Z]   UNCATEGORIZED: https://thevanpelt.com
[2026-03-23T13:19:36.893Z]   UNCATEGORIZED: https://thisishyperbolic.com/amp-aomenquannianziliao
[2026-03-23T13:19:36.893Z]   UNCATEGORIZED: https://tippelj.com
[2026-03-23T13:19:36.893Z]   UNCATEGORIZED: https://tjxqq.com
[2026-03-23T13:19:36.893Z]   UNCATEGORIZED: https://toko-syifa.net
[2026-03-23T13:19:36.893Z]   UNCATEGORIZED: https://tokyoomostyle.com
[2026-03-23T13:19:36.893Z]   UNCATEGORIZED: https://tomclaffey.com/books
[2026-03-23T13:19:36.893Z]   UNCATEGORIZED: https://tomony-ichiba.com
[2026-03-23T13:19:36.893Z]   UNCATEGORIZED: https://totopediax5.com
[2026-03-23T13:19:36.893Z]   UNCATEGORIZED: https://town-medical.com
[2026-03-23T13:19:36.893Z]   UNCATEGORIZED: https://translation-tips.com/where-do-i-get-freelance-t
[2026-03-23T13:19:36.893Z]   UNCATEGORIZED: https://tripperpointer.com
[2026-03-23T13:19:36.893Z]   UNCATEGORIZED: https://trituradoras-de-roca.com/uploads-allimg
[2026-03-23T13:19:36.893Z]   UNCATEGORIZED: https://tsg4d.org
[2026-03-23T13:19:36.893Z]   UNCATEGORIZED: https://twcasino8.com
[2026-03-23T13:19:36.893Z]   UNCATEGORIZED: https://uadrom.com
[2026-03-23T13:19:36.893Z]   UNCATEGORIZED: https://usabreitling.com
[2026-03-23T13:19:36.893Z]   UNCATEGORIZED: https://usis-education.us
[2026-03-23T13:19:36.893Z]   UNCATEGORIZED: https://vapebk.com
[2026-03-23T13:19:36.893Z]   UNCATEGORIZED: https://viagraformen28.com
[2026-03-23T13:19:36.893Z]   UNCATEGORIZED: https://viagraforsaleuk1.com
[2026-03-23T13:19:36.893Z]   UNCATEGORIZED: https://viajistas.com
[2026-03-23T13:19:36.893Z]   UNCATEGORIZED: https://victorytotox3.com
[2026-03-23T13:19:36.893Z]   UNCATEGORIZED: https://vinthanglong.com
[2026-03-23T13:19:36.894Z]   UNCATEGORIZED: https://vistacallerid.com
[2026-03-23T13:19:36.894Z]   UNCATEGORIZED: https://vmfarrington.com
[2026-03-23T13:19:36.894Z]   UNCATEGORIZED: https://vtafrnsk.com/amp
[2026-03-23T13:19:36.894Z]   UNCATEGORIZED: https://wakavavapesaustralia.com
[2026-03-23T13:19:36.894Z]   UNCATEGORIZED: https://wapnavi.net
[2026-03-23T13:19:36.894Z]   UNCATEGORIZED: https://watch-fuke.com
[2026-03-23T13:19:36.894Z]   UNCATEGORIZED: https://wazetotox2.com
[2026-03-23T13:19:36.894Z]   UNCATEGORIZED: https://wdowgo.com/amp-logiciel-sunlite-suite-2-74
[2026-03-23T13:19:36.894Z]   UNCATEGORIZED: https://web-design-delhi.net
[2026-03-23T13:19:36.894Z]   UNCATEGORIZED: https://webhardowns.com
[2026-03-23T13:19:36.894Z]   UNCATEGORIZED: https://websites2all.com
[2026-03-23T13:19:36.894Z]   UNCATEGORIZED: https://wichitafallsradio.com
[2026-03-23T13:19:36.894Z]   UNCATEGORIZED: https://win-100.net
[2026-03-23T13:19:36.894Z]   UNCATEGORIZED: https://wiznap.com
[2026-03-23T13:19:36.894Z]   UNCATEGORIZED: https://wnywebshop.com
[2026-03-23T13:19:36.894Z]   UNCATEGORIZED: https://woodbridgecentermall.com/amp-vod-play-id
[2026-03-23T13:19:36.894Z]   UNCATEGORIZED: https://wordpressthemespack.com
[2026-03-23T13:19:36.894Z]   UNCATEGORIZED: https://www.10000-mail-order-brides.com/asia
[2026-03-23T13:19:36.894Z]   UNCATEGORIZED: https://www.101green-e.com/101isaver/products00.html
[2026-03-23T13:19:36.894Z]   UNCATEGORIZED: https://www.12345proxey.net
[2026-03-23T13:19:36.894Z]   UNCATEGORIZED: https://www.123bbett.com/123bwinbett
[2026-03-23T13:19:36.894Z]   UNCATEGORIZED: https://www.18totox3.com
[2026-03-23T13:19:36.894Z]   UNCATEGORIZED: https://www.1sturl.com/retargeting-marketing-service
[2026-03-23T13:19:36.894Z]   UNCATEGORIZED: https://www.360dvd.net
[2026-03-23T13:19:36.894Z]   UNCATEGORIZED: https://www.408ez.com/faxing-loan-no-online-payday-requ
[2026-03-23T13:19:36.894Z]   UNCATEGORIZED: https://www.88choi.net/keo-penalty
[2026-03-23T13:19:36.894Z]   UNCATEGORIZED: https://www.aadigitalsound.com/sound-mixer-links
[2026-03-23T13:19:36.894Z]   UNCATEGORIZED: https://www.abi-007.net
[2026-03-23T13:19:36.894Z]   UNCATEGORIZED: https://www.absocios.com/on-nous-doit-la-verite
[2026-03-23T13:19:36.894Z]   UNCATEGORIZED: https://www.acmagazine.net
[2026-03-23T13:19:36.894Z]   UNCATEGORIZED: https://www.advancedpracticetraining.com/about/bio
[2026-03-23T13:19:36.894Z]   UNCATEGORIZED: https://www.affiloweb.com/paid-surveys-online
[2026-03-23T13:19:36.894Z]   UNCATEGORIZED: https://www.ahice.org/gallery
[2026-03-23T13:19:36.894Z]   UNCATEGORIZED: https://www.airzona.net
[2026-03-23T13:19:36.894Z]   UNCATEGORIZED: https://www.aitaoyougou.com
[2026-03-23T13:19:36.894Z]   UNCATEGORIZED: https://www.akcebetresmiblog.com/article/therapeutic-to
[2026-03-23T13:19:36.894Z]   UNCATEGORIZED: https://www.albyaan.com/movers-jeddah
[2026-03-23T13:19:36.894Z]   UNCATEGORIZED: https://www.alchimee.com/Media
[2026-03-23T13:19:36.894Z]   UNCATEGORIZED: https://www.andromagz.com/info
[2026-03-23T13:19:36.895Z]   UNCATEGORIZED: https://www.angkordorndrivers.com
[2026-03-23T13:19:36.895Z]   UNCATEGORIZED: https://www.anti-grav.net/computer-games-boot-camp
[2026-03-23T13:19:36.895Z]   UNCATEGORIZED: https://www.apieceofhome.shop/best-pal-meaning
[2026-03-23T13:19:36.895Z]   UNCATEGORIZED: https://www.apps-management.net/bsaquabeauty
[2026-03-23T13:19:36.895Z]   UNCATEGORIZED: https://www.armfa.net
[2026-03-23T13:19:36.895Z]   UNCATEGORIZED: https://www.asustotox3.com
[2026-03-23T13:19:36.895Z]   UNCATEGORIZED: https://www.atooikingdoms.com/ministers
[2026-03-23T13:19:36.895Z]   UNCATEGORIZED: https://www.bamsoet.com/wordpress
[2026-03-23T13:19:36.895Z]   UNCATEGORIZED: https://www.bcvintagefurniture.com/paint-pixie-brushes
[2026-03-23T13:19:36.895Z]   UNCATEGORIZED: https://www.beaches411.com/report
[2026-03-23T13:19:36.895Z]   UNCATEGORIZED: https://www.benwijay.com/info
[2026-03-23T13:19:36.895Z]   UNCATEGORIZED: https://www.bestkind8.com/tag
[2026-03-23T13:19:36.895Z]   UNCATEGORIZED: https://www.bilgiverenblog.com/feeds/posts/default
[2026-03-23T13:19:36.895Z]   UNCATEGORIZED: https://www.billingsspitbeachhouse.com/article
[2026-03-23T13:19:36.895Z]   UNCATEGORIZED: https://www.bloglaluna.com/concevoir-une-moodboard
[2026-03-23T13:19:36.895Z]   UNCATEGORIZED: https://www.bm5868.com/szpityu
[2026-03-23T13:19:36.896Z]   UNCATEGORIZED: https://www.bookyourlist.me/chester-beiler-ceo
[2026-03-23T13:19:36.896Z]   UNCATEGORIZED: https://www.boomerang-casino-top.com
[2026-03-23T13:19:36.896Z]   UNCATEGORIZED: https://www.bramleysbigadventure.com/tag/football
[2026-03-23T13:19:36.896Z]   UNCATEGORIZED: https://www.brianrichardmusic.com/blog
[2026-03-23T13:19:36.896Z]   UNCATEGORIZED: https://www.briet-chocolatier.com/opinion
[2026-03-23T13:19:36.896Z]   UNCATEGORIZED: https://www.burdurlife.com/aglasun-escort
[2026-03-23T13:19:36.896Z]   UNCATEGORIZED: https://www.cgh5688.com/entertainment-city-faq
[2026-03-23T13:19:36.896Z]   UNCATEGORIZED: https://www.championthisyear.com/learn-dev-knowledge-07
[2026-03-23T13:19:36.896Z]   UNCATEGORIZED: https://www.checkanyman.com/upload
[2026-03-23T13:19:36.896Z]   UNCATEGORIZED: https://www.citricoslarubia.com
[2026-03-23T13:19:36.896Z]   UNCATEGORIZED: https://www.classiccountryjamboree.com/shows
[2026-03-23T13:19:36.896Z]   UNCATEGORIZED: https://www.cleaning-company-sa.net/tasrbatmiao
[2026-03-23T13:19:36.896Z]   UNCATEGORIZED: https://www.cmsassistant.net/user/korean1dash
[2026-03-23T13:19:36.896Z]   UNCATEGORIZED: https://www.cohyde.biz/article
[2026-03-23T13:19:36.896Z]   UNCATEGORIZED: https://www.comtotox5.com
[2026-03-23T13:19:36.896Z]   UNCATEGORIZED: https://www.cuantotox5.com
[2026-03-23T13:19:36.896Z]   UNCATEGORIZED: https://www.cyrusginwala.com/news/shownews
[2026-03-23T13:19:36.896Z]   UNCATEGORIZED: https://www.czhtffgj.com/domain
[2026-03-23T13:19:36.897Z]   UNCATEGORIZED: https://www.d1collegehoops.com/profile/almamclendon
[2026-03-23T13:19:36.897Z]   UNCATEGORIZED: https://www.dako-jobcenter.com
[2026-03-23T13:19:36.897Z]   UNCATEGORIZED: https://www.ddddhh.com/a/jixujiaoyu
[2026-03-23T13:19:36.897Z]   UNCATEGORIZED: https://www.decor8eclasses.com/tag/cetak-stiker
[2026-03-23T13:19:36.897Z]   UNCATEGORIZED: https://www.delapreprimaryschool.net/search
[2026-03-23T13:19:36.897Z]   UNCATEGORIZED: https://www.designsunparallel.com/portfolio
[2026-03-23T13:19:36.897Z]   UNCATEGORIZED: https://www.dewidewitotox5.com
[2026-03-23T13:19:36.897Z]   UNCATEGORIZED: https://www.dietcounselors.com/author/leyvj
[2026-03-23T13:19:36.897Z]   UNCATEGORIZED: https://www.djalexhino.com/djcnew
[2026-03-23T13:19:36.897Z]   UNCATEGORIZED: https://www.domeyourlogo.com/product
[2026-03-23T13:19:36.897Z]   UNCATEGORIZED: https://www.door62.com/Come-to-the-Table
[2026-03-23T13:19:36.897Z]   UNCATEGORIZED: https://www.dung-design.com/uploads
[2026-03-23T13:19:36.897Z]   UNCATEGORIZED: https://www.dy257.com/show/id/23/page/3.html
[2026-03-23T13:19:36.897Z]   UNCATEGORIZED: https://www.eg-network.net/play
[2026-03-23T13:19:36.897Z]   UNCATEGORIZED: https://www.emeraldrussell.com/alternatives-to
[2026-03-23T13:19:36.897Z]   UNCATEGORIZED: https://www.eskortlar.net/redirect
[2026-03-23T13:19:36.897Z]   UNCATEGORIZED: https://www.estudiofitacrepesp.com/info
[2026-03-23T13:19:36.897Z]   UNCATEGORIZED: https://www.executivehideaway.com/map-of-benalla
[2026-03-23T13:19:36.897Z]   UNCATEGORIZED: https://www.faneliemuselier.com
[2026-03-23T13:19:36.897Z]   UNCATEGORIZED: https://www.faro168.co/superpg168
[2026-03-23T13:19:36.897Z]   UNCATEGORIZED: https://www.firstlookpictures.com
[2026-03-23T13:19:36.897Z]   UNCATEGORIZED: https://www.fluidws.com/faculdade
[2026-03-23T13:19:36.897Z]   UNCATEGORIZED: https://www.foksandfolks.com/hello-world/replytocom
[2026-03-23T13:19:36.897Z]   UNCATEGORIZED: https://www.fontshoppe.com/article
[2026-03-23T13:19:36.897Z]   UNCATEGORIZED: https://www.fornituragioielleria.com/uploads
[2026-03-23T13:19:36.897Z]   UNCATEGORIZED: https://www.fortunetigergratis-br.com/forum
[2026-03-23T13:19:36.897Z]   UNCATEGORIZED: https://www.fotosushi.com/pages/contact
[2026-03-23T13:19:36.897Z]   UNCATEGORIZED: https://www.freeapksite.com/apps/kyte-tv-apk
[2026-03-23T13:19:36.897Z]   UNCATEGORIZED: https://www.fricoteca.com/images
[2026-03-23T13:19:36.897Z]   UNCATEGORIZED: https://www.fuente-esthe.com/profile
[2026-03-23T13:19:36.897Z]   UNCATEGORIZED: https://www.fujiitomohiro.com/docs
[2026-03-23T13:19:36.897Z]   UNCATEGORIZED: https://www.galesdesigns.com/blog
[2026-03-23T13:19:36.897Z]   UNCATEGORIZED: https://www.gayclup.com/forum
[2026-03-23T13:19:36.897Z]   UNCATEGORIZED: https://www.givemeatm.com/wp-content
[2026-03-23T13:19:36.898Z]   UNCATEGORIZED: https://www.global-osic.com/xfzp
[2026-03-23T13:19:36.898Z]   UNCATEGORIZED: https://www.gromadska-pravda.org/gen2stack
[2026-03-23T13:19:36.898Z]   UNCATEGORIZED: https://www.gurpsonline.com/gen2stack
[2026-03-23T13:19:36.898Z]   UNCATEGORIZED: https://www.h2osinfronteras.com/nuestro-por-que
[2026-03-23T13:19:36.898Z]   UNCATEGORIZED: https://www.ha-sports.com/zb/kw-gongliangju
[2026-03-23T13:19:36.898Z]   UNCATEGORIZED: https://www.habermize.com
[2026-03-23T13:19:36.898Z]   UNCATEGORIZED: https://www.haierhzk.com/case
[2026-03-23T13:19:36.898Z]   UNCATEGORIZED: https://www.hana-tanpopo.com
[2026-03-23T13:19:36.898Z]   UNCATEGORIZED: https://www.handa-machinery.com/alternatives-to
[2026-03-23T13:19:36.898Z]   UNCATEGORIZED: https://www.hansacandle.net
[2026-03-23T13:19:36.898Z]   UNCATEGORIZED: https://www.hartagacor.com/tree-of-riches
[2026-03-23T13:19:36.898Z]   UNCATEGORIZED: https://www.hbhjdt.com/UploadFile
[2026-03-23T13:19:36.898Z]   UNCATEGORIZED: https://www.healthapnews.com/keto-blast-gummies
[2026-03-23T13:19:36.898Z]   UNCATEGORIZED: https://www.healthstreamline.info/news
[2026-03-23T13:19:36.898Z]   UNCATEGORIZED: https://www.herseycokuygun.com/default.htm
[2026-03-23T13:19:36.898Z]   UNCATEGORIZED: https://www.highesttides.com/plus
[2026-03-23T13:19:36.898Z]   UNCATEGORIZED: https://www.hitclubfun.net
[2026-03-23T13:19:36.898Z]   UNCATEGORIZED: https://www.hoktotox6.com
[2026-03-23T13:19:36.898Z]   UNCATEGORIZED: https://www.honeytip.shop/cup-royal-canin-en-gramme
[2026-03-23T13:19:36.898Z]   UNCATEGORIZED: https://www.hongkongtelephones.com/domain
[2026-03-23T13:19:36.898Z]   UNCATEGORIZED: https://www.hotpicksvn.com/goodball-ty-so-truc-tuyen
[2026-03-23T13:19:36.898Z]   UNCATEGORIZED: https://www.how2video.org/link-gb-WhatsApp
[2026-03-23T13:19:36.898Z]   UNCATEGORIZED: https://www.hq-pipeline.com/producttwo
[2026-03-23T13:19:36.898Z]   UNCATEGORIZED: https://www.hungarytelephones.com/ip
[2026-03-23T13:19:36.898Z]   UNCATEGORIZED: https://www.hunghaorestaurant.com/HungHaoMenu
[2026-03-23T13:19:36.898Z]   UNCATEGORIZED: https://www.hyipmonitoring.biz/category
[2026-03-23T13:19:36.898Z]   UNCATEGORIZED: https://www.icelandtelephones.com/share
[2026-03-23T13:19:36.898Z]   UNCATEGORIZED: https://www.iklanbarisjayapura.com/uploads
[2026-03-23T13:19:36.898Z]   UNCATEGORIZED: https://www.in-tuitiononline.com/Regional
[2026-03-23T13:19:36.898Z]   UNCATEGORIZED: https://www.infotecasalud.com
[2026-03-23T13:19:36.898Z]   UNCATEGORIZED: https://www.inloveagainministries.org/x/cdn
[2026-03-23T13:19:36.898Z]   UNCATEGORIZED: https://www.iran-occ.com/averroes
[2026-03-23T13:19:36.898Z]   UNCATEGORIZED: https://www.istanbulbil.com/create-listing
[2026-03-23T13:19:36.898Z]   UNCATEGORIZED: https://www.jackbrabhamengines.com
[2026-03-23T13:19:36.898Z]   UNCATEGORIZED: https://www.janematthewsdesign.com/gameps3
[2026-03-23T13:19:36.898Z]   UNCATEGORIZED: https://www.jilbabonlinebandung.com/uploads
[2026-03-23T13:19:36.898Z]   UNCATEGORIZED: https://www.jogosfriv2023.com/nuzco/short-ride
[2026-03-23T13:19:36.898Z]   UNCATEGORIZED: https://www.kartalfm.com/escort/sinem
[2026-03-23T13:19:36.898Z]   UNCATEGORIZED: https://www.katovichlaw.com/group
[2026-03-23T13:19:36.899Z]   UNCATEGORIZED: https://www.kelvinjasi.com/free-fridge/feed
[2026-03-23T13:19:36.899Z]   UNCATEGORIZED: https://www.keratophyre.com/logout
[2026-03-23T13:19:36.899Z]   UNCATEGORIZED: https://www.kerplunkkersplat.com/tag/milk
[2026-03-23T13:19:36.899Z]   UNCATEGORIZED: https://www.kiadmediakreatif.com/GRlaU5
[2026-03-23T13:19:36.899Z]   UNCATEGORIZED: https://www.kodzeanball.com/cart
[2026-03-23T13:19:36.899Z]   UNCATEGORIZED: https://www.konbagame.com/tag/trigun-stampede-netflix
[2026-03-23T13:19:36.899Z]   UNCATEGORIZED: https://www.koreancamgirlsplus.com/most-visited-site-65
[2026-03-23T13:19:36.899Z]   UNCATEGORIZED: https://www.kubetpc.net
[2026-03-23T13:19:36.899Z]   UNCATEGORIZED: https://www.kubetst.com/ku-casino
[2026-03-23T13:19:36.899Z]   UNCATEGORIZED: https://www.kurdiskarf.org
[2026-03-23T13:19:36.899Z]   UNCATEGORIZED: https://www.layerbb.com/AndyRixon
[2026-03-23T13:19:36.899Z]   UNCATEGORIZED: https://www.lethalweaponcharters.com/article
[2026-03-23T13:19:36.899Z]   UNCATEGORIZED: https://www.lifecolors.shop/basic-smoothie-recipe
[2026-03-23T13:19:36.899Z]   UNCATEGORIZED: https://www.limerickiblog.com/uploads
[2026-03-23T13:19:36.899Z]   UNCATEGORIZED: https://www.lisapomerantzster.com/blog
[2026-03-23T13:19:36.899Z]   UNCATEGORIZED: https://www.livefranksinatra.com/top-websites
[2026-03-23T13:19:36.899Z]   UNCATEGORIZED: https://www.lizrohaizat.com/review
[2026-03-23T13:19:36.899Z]   UNCATEGORIZED: https://www.malaysiagirlservice.com/escort/elaine
[2026-03-23T13:19:36.899Z]   UNCATEGORIZED: https://www.mamigonweb.com/disccoupling
[2026-03-23T13:19:36.899Z]   UNCATEGORIZED: https://www.manaliholiday.com/product
[2026-03-23T13:19:36.899Z]   UNCATEGORIZED: https://www.mapstotox7.com
[2026-03-23T13:19:36.899Z]   UNCATEGORIZED: https://www.marinakrehan.com/Nachnamen
[2026-03-23T13:19:36.899Z]   UNCATEGORIZED: https://www.mariosmeatballs.com/website-list-1347
[2026-03-23T13:19:36.899Z]   UNCATEGORIZED: https://www.masajescort.org/nakamura
[2026-03-23T13:19:36.899Z]   UNCATEGORIZED: https://www.maxistotox3.com
[2026-03-23T13:19:36.899Z]   UNCATEGORIZED: https://www.megasohbet.net/tour
[2026-03-23T13:19:36.899Z]   UNCATEGORIZED: https://www.meteo-algerie.com/carte-meteo
[2026-03-23T13:19:36.899Z]   UNCATEGORIZED: https://www.midwelling.com/Article
[2026-03-23T13:19:36.899Z]   UNCATEGORIZED: https://www.minis4u.com/contact
[2026-03-23T13:19:36.899Z]   UNCATEGORIZED: https://www.monroecountyelections.com/pollingsite
[2026-03-23T13:19:36.899Z]   UNCATEGORIZED: https://www.mothersgoodness.shop/lspdfr-k9-vehicle-pack
[2026-03-23T13:19:36.899Z]   UNCATEGORIZED: https://www.muasofa.com/danh-muc/sofa-bang
[2026-03-23T13:19:36.899Z]   UNCATEGORIZED: https://www.mundorock.org/%20
[2026-03-23T13:19:36.899Z]   UNCATEGORIZED: https://www.myfakeoakleysunglasses.com/nanbanandeya
[2026-03-23T13:19:36.899Z]   UNCATEGORIZED: https://www.mypornleaks.com/tag/phim-se-viet-nam
[2026-03-23T13:19:36.899Z]   UNCATEGORIZED: https://www.netizenid.com
[2026-03-23T13:19:36.899Z]   UNCATEGORIZED: https://www.nettotox4.com
[2026-03-23T13:19:36.899Z]   UNCATEGORIZED: https://www.nguyensquared.com/images
[2026-03-23T13:19:36.899Z]   UNCATEGORIZED: https://www.njfubao.com/eprice
[2026-03-23T13:19:36.900Z]   UNCATEGORIZED: https://www.nolobike.com/keyword
[2026-03-23T13:19:36.900Z]   UNCATEGORIZED: https://www.northgateapp.com/plus
[2026-03-23T13:19:36.900Z]   UNCATEGORIZED: https://www.notjustpaleo.com/product/stress-solutions
[2026-03-23T13:19:36.900Z]   UNCATEGORIZED: https://www.nvygr.com/lc-nice
[2026-03-23T13:19:36.900Z]   UNCATEGORIZED: https://www.octanmedia.com/organization
[2026-03-23T13:19:36.900Z]   UNCATEGORIZED: https://www.olympicson.com/news
[2026-03-23T13:19:36.900Z]   UNCATEGORIZED: https://www.omgomgomg5j4shop.com/waste
[2026-03-23T13:19:36.900Z]   UNCATEGORIZED: https://www.ondeckwithlucy.com/wp-content
[2026-03-23T13:19:36.900Z]   UNCATEGORIZED: https://www.operaloki.com/profile/astlehosnere/profile
[2026-03-23T13:19:36.900Z]   UNCATEGORIZED: https://www.orhanogluyapi.com/parasoles-quito
[2026-03-23T13:19:36.900Z]   UNCATEGORIZED: https://www.ossexpo.com/share
[2026-03-23T13:19:36.900Z]   UNCATEGORIZED: https://www.oyatransitions.com/contact
[2026-03-23T13:19:36.900Z]   UNCATEGORIZED: https://www.panda4tech.com/profiles
[2026-03-23T13:19:36.900Z]   UNCATEGORIZED: https://www.pcmutiara-rw023.com/bbs
[2026-03-23T13:19:36.900Z]   UNCATEGORIZED: https://www.pelicangrillseabrook.com
[2026-03-23T13:19:36.900Z]   UNCATEGORIZED: https://www.pet5stars.com/domain
[2026-03-23T13:19:36.900Z]   UNCATEGORIZED: https://www.pgvsindia.com/tag/pgvs
[2026-03-23T13:19:36.900Z]   UNCATEGORIZED: https://www.piekneobrazy.com/news
[2026-03-23T13:19:36.900Z]   UNCATEGORIZED: https://www.pinkhealswinnebago.org/what-s-new
[2026-03-23T13:19:36.900Z]   UNCATEGORIZED: https://www.planetcookies.com/cookies/rice-crispy-treat
[2026-03-23T13:19:36.900Z]   UNCATEGORIZED: https://www.pmu-training-md.com
[2026-03-23T13:19:36.900Z]   UNCATEGORIZED: https://www.polinur.me/assets/app/img/main/polinurme
[2026-03-23T13:19:36.900Z]   UNCATEGORIZED: https://www.printerssupplyco.com/Top
[2026-03-23T13:19:36.900Z]   UNCATEGORIZED: https://www.prmnewsletter.org/ema
[2026-03-23T13:19:36.900Z]   UNCATEGORIZED: https://www.prohostonline.com/wiki/Ancrod
[2026-03-23T13:19:36.900Z]   UNCATEGORIZED: https://www.psychology-essays.com
[2026-03-23T13:19:36.900Z]   UNCATEGORIZED: https://www.pubgtotox2.com
[2026-03-23T13:19:36.900Z]   UNCATEGORIZED: https://www.qihao70.com
[2026-03-23T13:19:36.900Z]   UNCATEGORIZED: https://www.qiqibudy.com/neirongye
[2026-03-23T13:19:36.900Z]   UNCATEGORIZED: https://www.rajprodeti.shop/contributes-synonym
[2026-03-23T13:19:36.900Z]   UNCATEGORIZED: https://www.relians-lobbying.com/uploads
[2026-03-23T13:19:36.900Z]   UNCATEGORIZED: https://www.rf-protection.com/images
[2026-03-23T13:19:36.900Z]   UNCATEGORIZED: https://www.rimasreklam.com/contact
[2026-03-23T13:19:36.900Z]   UNCATEGORIZED: https://www.roadrunnerapparel.shop/ulta-comenity
[2026-03-23T13:19:36.900Z]   UNCATEGORIZED: https://www.romebridal.com/mother-of-the-bride-dresses-
[2026-03-23T13:19:36.900Z]   UNCATEGORIZED: https://www.rumon.me/bupropion+alcohol+death
[2026-03-23T13:19:36.900Z]   UNCATEGORIZED: https://www.russiatelephones.com/domain
[2026-03-23T13:19:36.900Z]   UNCATEGORIZED: https://www.s8totox2.com
[2026-03-23T13:19:36.900Z]   UNCATEGORIZED: https://www.salada-oka.net/diving
[2026-03-23T13:19:36.901Z]   UNCATEGORIZED: https://www.salavaty.com/tin-tuc-sunwin
[2026-03-23T13:19:36.901Z]   UNCATEGORIZED: https://www.sao-paulo-br.com/fall-2025
[2026-03-23T13:19:36.901Z]   UNCATEGORIZED: https://www.scaniabridge.com/article/bathing-aids-drcnh
[2026-03-23T13:19:36.901Z]   UNCATEGORIZED: https://www.schweissleisten.com/tag/ufabet
[2026-03-23T13:19:36.901Z]   UNCATEGORIZED: https://www.seafires.com/article/apply-definition-and-m
[2026-03-23T13:19:36.901Z]   UNCATEGORIZED: https://www.selnot.com/birinin-hayatna-dokunmak
[2026-03-23T13:19:36.901Z]   UNCATEGORIZED: https://www.semihduran.net/yincrease
[2026-03-23T13:19:36.901Z]   UNCATEGORIZED: https://www.sequinsandskulls.com/product
[2026-03-23T13:19:36.901Z]   UNCATEGORIZED: https://www.sexlo.net/phim-sex-teen/page
[2026-03-23T13:19:36.901Z]   UNCATEGORIZED: https://www.shingaku-chintai.com/redirect
[2026-03-23T13:19:36.901Z]   UNCATEGORIZED: https://www.shoesdoor.com/brandlist-9.html
[2026-03-23T13:19:36.901Z]   UNCATEGORIZED: https://www.simonfordcomedy.com/product
[2026-03-23T13:19:36.901Z]   UNCATEGORIZED: https://www.sinarandalasproteksindo.com/Grundfos-Pump
[2026-03-23T13:19:36.901Z]   UNCATEGORIZED: https://www.slobodnakultura.org
[2026-03-23T13:19:36.901Z]   UNCATEGORIZED: https://www.slotsforfun-ca.com/huuuge-casino-review
[2026-03-23T13:19:36.901Z]   UNCATEGORIZED: https://www.smoke-up-japan.com/psip
[2026-03-23T13:19:36.901Z]   UNCATEGORIZED: https://www.solutionspoly.com/upload
[2026-03-23T13:19:36.901Z]   UNCATEGORIZED: https://www.soralily.com/plano-tx
[2026-03-23T13:19:36.901Z]   UNCATEGORIZED: https://www.sorayutfanclub.com/gallery
[2026-03-23T13:19:36.901Z]   UNCATEGORIZED: https://www.southwestdieselmarana.com
[2026-03-23T13:19:36.901Z]   UNCATEGORIZED: https://www.sp-formations.com/community
[2026-03-23T13:19:36.901Z]   UNCATEGORIZED: https://www.speech-services.com/forum
[2026-03-23T13:19:36.901Z]   UNCATEGORIZED: https://www.spiceroutemanassas.com/menu
[2026-03-23T13:19:36.901Z]   UNCATEGORIZED: https://www.sqtotox6.com
[2026-03-23T13:19:36.901Z]   UNCATEGORIZED: https://www.studiovwellness.com/contact
[2026-03-23T13:19:36.901Z]   UNCATEGORIZED: https://www.sunwin3.club/tin-tuc-sunwin
[2026-03-23T13:19:36.901Z]   UNCATEGORIZED: https://www.surfactantchina.com/blog
[2026-03-23T13:19:36.901Z]   UNCATEGORIZED: https://www.sutools.net/link-price-calculator
[2026-03-23T13:19:36.901Z]   UNCATEGORIZED: https://www.suwanle.com/product
[2026-03-23T13:19:36.901Z]   UNCATEGORIZED: https://www.szjyqkd.com
[2026-03-23T13:19:36.901Z]   UNCATEGORIZED: https://www.szpd9.com/home
[2026-03-23T13:19:36.901Z]   UNCATEGORIZED: https://www.takeaterrace.com/uploads
[2026-03-23T13:19:36.901Z]   UNCATEGORIZED: https://www.talleresgruasdelsur.com/plug/cart.asp
[2026-03-23T13:19:36.901Z]   UNCATEGORIZED: https://www.tamuaapg.com/products
[2026-03-23T13:19:36.901Z]   UNCATEGORIZED: https://www.tanagerphotography.com/portfolio/sonoma-win
[2026-03-23T13:19:36.901Z]   UNCATEGORIZED: https://www.tangocomics.net/community
[2026-03-23T13:19:36.901Z]   UNCATEGORIZED: https://www.tanvirmokammel.com
[2026-03-23T13:19:36.901Z]   UNCATEGORIZED: https://www.tapdoanvset.com/forums
[2026-03-23T13:19:36.901Z]   UNCATEGORIZED: https://www.taxi216.net/feed
[2026-03-23T13:19:36.902Z]   UNCATEGORIZED: https://www.teknikspotsatis.com/competitors
[2026-03-23T13:19:36.902Z]   UNCATEGORIZED: https://www.thainuruclub.com/product
[2026-03-23T13:19:36.902Z]   UNCATEGORIZED: https://www.the-osu.com/comments
[2026-03-23T13:19:36.902Z]   UNCATEGORIZED: https://www.themain-ingredient.info/litratong-pinoy-amo
[2026-03-23T13:19:36.902Z]   UNCATEGORIZED: https://www.thermesdecapvern.com/cat
[2026-03-23T13:19:36.902Z]   UNCATEGORIZED: https://www.theunfinishedfurniture.com/image
[2026-03-23T13:19:36.902Z]   UNCATEGORIZED: https://www.theyenhomestay.com
[2026-03-23T13:19:36.902Z]   UNCATEGORIZED: https://www.tiantianxiyuegou.com/product
[2026-03-23T13:19:36.902Z]   UNCATEGORIZED: https://www.tommittelbach.com/bildung-einfach-tun
[2026-03-23T13:19:36.902Z]   UNCATEGORIZED: https://www.topearnerstrategy.org/special
[2026-03-23T13:19:36.902Z]   UNCATEGORIZED: https://www.toto-dorisoon.net/padlets
[2026-03-23T13:19:36.902Z]   UNCATEGORIZED: https://www.totopediax5.com
[2026-03-23T13:19:36.903Z]   UNCATEGORIZED: https://www.toyobao.com/product
[2026-03-23T13:19:36.903Z]   UNCATEGORIZED: https://www.trdclub.net/testmating
[2026-03-23T13:19:36.903Z]   UNCATEGORIZED: https://www.tritownchamberofcommerce.com
[2026-03-23T13:19:36.903Z]   UNCATEGORIZED: https://www.truemitra.com/feed
[2026-03-23T13:19:36.903Z]   UNCATEGORIZED: https://www.tt128.org/category/huong-dan
[2026-03-23T13:19:36.903Z]   UNCATEGORIZED: https://www.uguisu-coffee.com/remmont.com_news
[2026-03-23T13:19:36.903Z]   UNCATEGORIZED: https://www.vahneedesigns.com/news
[2026-03-23T13:19:36.903Z]   UNCATEGORIZED: https://www.vargasllosa.org/tihou/o-barusupurinto
[2026-03-23T13:19:36.903Z]   UNCATEGORIZED: https://www.vedacookies.com/jdxm/ylxy/item
[2026-03-23T13:19:36.903Z]   UNCATEGORIZED: https://www.venomwebstudios.com/wbdz/shys
[2026-03-23T13:19:36.903Z]   UNCATEGORIZED: https://www.viagra-hk.com/res
[2026-03-23T13:19:36.903Z]   UNCATEGORIZED: https://www.vibratorinfo.com/kritik-dan-saran
[2026-03-23T13:19:36.903Z]   UNCATEGORIZED: https://www.victorytotox6.com
[2026-03-23T13:19:36.903Z]   UNCATEGORIZED: https://www.viradevco.com/category
[2026-03-23T13:19:36.903Z]   UNCATEGORIZED: https://www.virginiasites.com/appomattox
[2026-03-23T13:19:36.903Z]   UNCATEGORIZED: https://www.vm-search.com/report
[2026-03-23T13:19:36.903Z]   UNCATEGORIZED: https://www.voyageelementsterre.com/ggtz
[2026-03-23T13:19:36.903Z]   UNCATEGORIZED: https://www.wcy-the-space.com/blog
[2026-03-23T13:19:36.903Z]   UNCATEGORIZED: https://www.wfgamingfree.com
[2026-03-23T13:19:36.903Z]   UNCATEGORIZED: https://www.wiithemes.com/demo/relion
[2026-03-23T13:19:36.903Z]   UNCATEGORIZED: https://www.willboydforalabama.com/learningsolutions
[2026-03-23T13:19:36.903Z]   UNCATEGORIZED: https://www.willweperish.com/xsc/info
[2026-03-23T13:19:36.903Z]   UNCATEGORIZED: https://www.witchoflove.com/witch-arcade
[2026-03-23T13:19:36.903Z]   UNCATEGORIZED: https://www.woodsongcanoes.com
[2026-03-23T13:19:36.903Z]   UNCATEGORIZED: https://www.wordshoes.shop/heathrow-parking-terminal-3
[2026-03-23T13:19:36.903Z]   UNCATEGORIZED: https://www.xosobet888.com/keyword
[2026-03-23T13:19:36.903Z]   UNCATEGORIZED: https://www.xvids.shop/author/admin/page
[2026-03-23T13:19:36.903Z]   UNCATEGORIZED: https://www.xxxpornx.net/search/russian-porn
[2026-03-23T13:19:36.903Z]   UNCATEGORIZED: https://www.yaadgarrestaurant.com/blog/spices-you-will-
[2026-03-23T13:19:36.903Z]   UNCATEGORIZED: https://www.ysanma.com/links1Page=22198
[2026-03-23T13:19:36.903Z]   UNCATEGORIZED: https://www.yyeps.com/EPP-Machine
[2026-03-23T13:19:36.903Z]   UNCATEGORIZED: https://www.zgbxcmw.com/admin/kindeditor/attached/file
[2026-03-23T13:19:36.903Z]   UNCATEGORIZED: https://xn--tl3bseo63a.com
[2026-03-23T13:19:36.903Z]   UNCATEGORIZED: https://xoso333.mobi/amp-vod-detail-id
[2026-03-23T13:19:36.904Z]   UNCATEGORIZED: https://xosomiennamhn.com
[2026-03-23T13:19:36.904Z]   UNCATEGORIZED: https://xpressbillerz.com
[2026-03-23T13:19:36.904Z]   UNCATEGORIZED: https://xuxiangbike.com
[2026-03-23T13:19:36.904Z]   UNCATEGORIZED: https://xy8685.com/amp-gamble-law
[2026-03-23T13:19:36.904Z]   UNCATEGORIZED: https://xyz-company.com
[2026-03-23T13:19:36.904Z]   UNCATEGORIZED: https://yakiniku-kanachan.com/fukuoka
[2026-03-23T13:19:36.904Z]   UNCATEGORIZED: https://yaogendan.com/amp-gdsq
[2026-03-23T13:19:36.904Z]   UNCATEGORIZED: https://yehyehyeh.net
[2026-03-23T13:19:36.904Z]   UNCATEGORIZED: https://youtubedearme.com
[2026-03-23T13:19:36.904Z]   UNCATEGORIZED: https://youxnxxtube.com
[2026-03-23T13:19:36.904Z]   UNCATEGORIZED: https://yqjzfwxh.com
[2026-03-23T13:19:36.904Z]   UNCATEGORIZED: https://yuyu385.com/brothertom
[2026-03-23T13:19:36.904Z]   UNCATEGORIZED: https://yuzukcesitleri.com
[2026-03-23T13:19:36.904Z]   UNCATEGORIZED: https://zcash4win.com
[2026-03-23T13:19:36.904Z]   UNCATEGORIZED: https://zeytinburnukadin.com/category-fatih-escort
[2026-03-23T13:19:36.904Z]   UNCATEGORIZED: https://zgwlhd.com/show
[2026-03-23T13:19:36.904Z]   UNCATEGORIZED: https://zhaopp.cc
[2026-03-23T13:19:36.904Z]   UNCATEGORIZED: https://zhiboedu.net
[2026-03-23T13:19:36.904Z]   UNCATEGORIZED: https://zoravoyance.net
[2026-03-23T13:19:36.904Z] ── Step 1b: Resolving 20 regex-domain URLs via redirect ──
[2026-03-23T13:19:36.904Z]   SKIP (regex domain, no match): https://twitter.com/intent/tweet?url=https%3A%2F%2Fwww.water-ways-technologies.com%2Fahok-sebut-bumn-ini-seperti-titipan-politik%2F&text=Ahok%20Sebut%20BUMN%20Ini%20Seperti%20Titipan%20Politik
[2026-03-23T13:19:36.904Z]   SKIP (regex domain, no match): https://twitter.com/intent/tweet?url=https%3A%2F%2Fwww.water-ways-technologies.com%2Fas-perintahkan-warganya-tinggalkan-iran-sekarang-juga%2F&text=AS%20Perintahkan%20Warganya%20Tinggalkan%20Iran%20Sekarang%20Juga
[2026-03-23T13:19:36.904Z]   SKIP (regex domain, no match): https://twitter.com/intent/tweet?url=https%3A%2F%2Fwww.water-ways-technologies.com%2Findonesia-menanti-mandat-pbb-untuk-gaza%2F&text=Indonesia%20Menanti%20Mandat%20PBB%20Untuk%20Gaza
[2026-03-23T13:19:36.904Z]   SKIP (regex domain, no match): https://twitter.com/intent/tweet?url=https%3A%2F%2Fwww.water-ways-technologies.com%2Flansia-meninggal-usai-dokter-salah-potong-pembuluh-darah%2F&text=Lansia%20Meninggal%20Usai%20Dokter%20Salah%20Potong%20Pembuluh%20Darah
[2026-03-23T13:19:36.904Z]   SKIP (regex domain, no match): https://twitter.com/intent/tweet?url=https%3A%2F%2Fwww.water-ways-technologies.com%2Fmaarten-paes-berpotensi-bersaing-dengan-kiper-pinjaman%2F&text=Maarten%20Paes%20Berpotensi%20Bersaing%20dengan%20Kiper%20Pinjaman
[2026-03-23T13:19:36.904Z]   SKIP (regex domain, no match): https://twitter.com/intent/tweet?url=https%3A%2F%2Fwww.water-ways-technologies.com%2Fmeriyati-hoegeng-meninggal-dunia-di-usia-100-tahun%2F&text=Meriyati%20Hoegeng%20Meninggal%20Dunia%20di%20Usia%20100%20Tahun
[2026-03-23T13:19:36.904Z]   SKIP (regex domain, no match): https://twitter.com/intent/tweet?url=https%3A%2F%2Fwww.water-ways-technologies.com%2Fpdam-dan-dinkes-pantau-mutu-air-warga-tangerang-selatan%2F&text=PDAM%20dan%20Dinkes%20Pantau%20Mutu%20Air%20Warga%20Tangerang%20Selatan
[2026-03-23T13:19:36.904Z]   SKIP (regex domain, no match): https://twitter.com/intent/tweet?url=https%3A%2F%2Fwww.water-ways-technologies.com%2Fperjuangan-keluarga-nurul-akmal-demi-kejelasan-pns-di-aceh%2F&text=Perjuangan%20Keluarga%20Nurul%20Akmal%20Demi%20Kejelasan%20PNS%20di%20Aceh
[2026-03-23T13:19:36.904Z]   SKIP (regex domain, no match): https://twitter.com/intent/tweet?url=https%3A%2F%2Fwww.water-ways-technologies.com%2Fprabowo-cabut-izin-pt-tpl-sekber-desak-pemulihan-alam%2F&text=Prabowo%20Cabut%20Izin%20PT%20TPL%20Sekber%20Desak%20Pemulihan%20Alam
[2026-03-23T13:19:36.904Z]   SKIP (regex domain, no match): https://twitter.com/intent/tweet?url=https%3A%2F%2Fwww.water-ways-technologies.com%2Freza-arap-jawab-cibiran-netizen-dengan-pesan-bijak%2F&text=Reza%20Arap%20Jawab%20Cibiran%20Netizen%20dengan%20Pesan%20Bijak
[2026-03-23T13:19:36.904Z]   SKIP (regex domain, no match): https://www.facebook.com/sharer/sharer.php?u=https%3A%2F%2Fwww.water-ways-technologies.com%2Fahok-sebut-bumn-ini-seperti-titipan-politik%2F
[2026-03-23T13:19:36.904Z]   SKIP (regex domain, no match): https://www.facebook.com/sharer/sharer.php?u=https%3A%2F%2Fwww.water-ways-technologies.com%2Fas-perintahkan-warganya-tinggalkan-iran-sekarang-juga%2F
[2026-03-23T13:19:36.904Z]   SKIP (regex domain, no match): https://www.facebook.com/sharer/sharer.php?u=https%3A%2F%2Fwww.water-ways-technologies.com%2Findonesia-menanti-mandat-pbb-untuk-gaza%2F
[2026-03-23T13:19:36.904Z]   SKIP (regex domain, no match): https://www.facebook.com/sharer/sharer.php?u=https%3A%2F%2Fwww.water-ways-technologies.com%2Flansia-meninggal-usai-dokter-salah-potong-pembuluh-darah%2F
[2026-03-23T13:19:36.904Z]   SKIP (regex domain, no match): https://www.facebook.com/sharer/sharer.php?u=https%3A%2F%2Fwww.water-ways-technologies.com%2Fmaarten-paes-berpotensi-bersaing-dengan-kiper-pinjaman%2F
[2026-03-23T13:19:36.904Z]   SKIP (regex domain, no match): https://www.facebook.com/sharer/sharer.php?u=https%3A%2F%2Fwww.water-ways-technologies.com%2Fmeriyati-hoegeng-meninggal-dunia-di-usia-100-tahun%2F
[2026-03-23T13:19:36.904Z]   SKIP (regex domain, no match): https://www.facebook.com/sharer/sharer.php?u=https%3A%2F%2Fwww.water-ways-technologies.com%2Fpdam-dan-dinkes-pantau-mutu-air-warga-tangerang-selatan%2F
[2026-03-23T13:19:36.904Z]   SKIP (regex domain, no match): https://www.facebook.com/sharer/sharer.php?u=https%3A%2F%2Fwww.water-ways-technologies.com%2Fperjuangan-keluarga-nurul-akmal-demi-kejelasan-pns-di-aceh%2F
[2026-03-23T13:19:36.904Z]   SKIP (regex domain, no match): https://www.facebook.com/sharer/sharer.php?u=https%3A%2F%2Fwww.water-ways-technologies.com%2Fprabowo-cabut-izin-pt-tpl-sekber-desak-pemulihan-alam%2F
[2026-03-23T13:19:36.904Z]   SKIP (regex domain, no match): https://www.facebook.com/sharer/sharer.php?u=https%3A%2F%2Fwww.water-ways-technologies.com%2Freza-arap-jawab-cibiran-netizen-dengan-pesan-bijak%2F
[2026-03-23T13:19:36.904Z] Programmatic result: ws:1 | 820 uncategorized
[2026-03-23T13:19:36.905Z] Sending uncategorized links + HTML sections to AI for analysis...
[2026-03-23T13:19:36.905Z] Saved AI prompt (8146 chars) to ai_prompt.txt
[2026-03-23T13:19:36.905Z]   AI: Connecting to LM Studio at http://localhost:1234 (model: Qwen2.5-72B-Instruct-GGUF)...
[2026-03-23T13:19:36.910Z]   AI: Connected — HTTP 200, waiting for first token...
[2026-03-23T13:20:10.898Z]   AI: First token received, streaming...
[2026-03-23T13:20:17.135Z] AI response complete: 112 chars in 40.2s
[2026-03-23T13:20:17.136Z] Saved AI response to ai_response.json
[2026-03-23T13:20:17.136Z] ── Parsing AI response (2 lines) ──
[2026-03-23T13:20:17.136Z]   AI LINK: https://www.water-ways-technologies.com/indeks-berita/
[2026-03-23T13:20:17.137Z]   AI LINK: https://www.water-ways-technologies.com/terms-of-service/
[2026-03-23T13:20:17.137Z] AI returned 2 valid links
[2026-03-23T13:20:17.137Z] ── Categorizing 2 AI-returned links ──
[2026-03-23T13:20:17.137Z]   AI→URLS: https://www.water-ways-technologies.com/indeks-berita (cleaned from https://www.water-ways-technologies.com/indeks-berita/)
[2026-03-23T13:20:17.137Z]   AI→URLS: https://www.water-ways-technologies.com/terms-of-service (cleaned from https://www.water-ways-technologies.com/terms-of-service/)
[2026-03-23T13:20:17.137Z] ── Step 2b: Footer/header uncategorized links ──
[2026-03-23T13:20:17.137Z] Footer/header origins (1):
[2026-03-23T13:20:17.137Z]   FOOTER/HEADER ORIGIN: https://www.water-ways-technologies.com
[2026-03-23T13:20:17.137Z]   SKIP (not in footer/header): http://12345proxey.net
[2026-03-23T13:20:17.137Z]   SKIP (not in footer/header): http://360dvd.net
[2026-03-23T13:20:17.138Z]   SKIP (not in footer/header): http://a-try.net
[2026-03-23T13:20:17.138Z]   SKIP (not in footer/header): http://abi-007.net
[2026-03-23T13:20:17.138Z]   SKIP (not in footer/header): http://bbbarm.com
[2026-03-23T13:20:17.138Z]   SKIP (not in footer/header): http://bencoengineering.com
[2026-03-23T13:20:17.138Z]   SKIP (not in footer/header): http://betasusbilgi1.com
[2026-03-23T13:20:17.138Z]   SKIP (not in footer/header): http://cevrimsizbonus.net
[2026-03-23T13:20:17.138Z]   SKIP (not in footer/header): http://chmis.net
[2026-03-23T13:20:17.138Z]   SKIP (not in footer/header): http://cocinalindaonline.com
[2026-03-23T13:20:17.138Z]   SKIP (not in footer/header): http://cuboss.net
[2026-03-23T13:20:17.138Z]   SKIP (not in footer/header): http://dawusi.net
[2026-03-23T13:20:17.138Z]   SKIP (not in footer/header): http://dekoppel.net
[2026-03-23T13:20:17.138Z]   SKIP (not in footer/header): http://dewidewitotox5.com
[2026-03-23T13:20:17.138Z]   SKIP (not in footer/header): http://e-file-taxes.net
[2026-03-23T13:20:17.138Z]   SKIP (not in footer/header): http://elastictits.com
[2026-03-23T13:20:17.139Z]   SKIP (not in footer/header): http://ellocafe.com
[2026-03-23T13:20:17.139Z]   SKIP (not in footer/header): http://ezizi.net
[2026-03-23T13:20:17.139Z]   SKIP (not in footer/header): http://fastgpu.net
[2026-03-23T13:20:17.139Z]   SKIP (not in footer/header): http://fondsdecran.net
[2026-03-23T13:20:17.139Z]   SKIP (not in footer/header): http://franchisenesia.com
[2026-03-23T13:20:17.139Z]   SKIP (not in footer/header): http://geiwebhosting.net
[2026-03-23T13:20:17.139Z]   SKIP (not in footer/header): http://gemailong.net
[2026-03-23T13:20:17.139Z]   SKIP (not in footer/header): http://gufowang.org
[2026-03-23T13:20:17.139Z]   SKIP (not in footer/header): http://guidolin.net
[2026-03-23T13:20:17.139Z]   SKIP (not in footer/header): http://hackear-wifi.net
[2026-03-23T13:20:17.139Z]   SKIP (not in footer/header): http://hansacandle.net
[2026-03-23T13:20:17.139Z]   SKIP (not in footer/header): http://harveyspub.net
[2026-03-23T13:20:17.139Z]   SKIP (not in footer/header): http://hawishtech.com
[2026-03-23T13:20:17.139Z]   SKIP (not in footer/header): http://hazirkod.net
[2026-03-23T13:20:17.139Z]   SKIP (not in footer/header): http://hdrussianporn.com
[2026-03-23T13:20:17.139Z]   SKIP (not in footer/header): http://honghang.net
[2026-03-23T13:20:17.139Z]   SKIP (not in footer/header): http://hongyangnami.net
[2026-03-23T13:20:17.140Z]   SKIP (not in footer/header): http://ioul.net
[2026-03-23T13:20:17.140Z]   SKIP (not in footer/header): http://ipsissimus.net
[2026-03-23T13:20:17.140Z]   SKIP (not in footer/header): http://itstackhub.com
[2026-03-23T13:20:17.140Z]   SKIP (not in footer/header): http://lutcan.xyz
[2026-03-23T13:20:17.140Z]   SKIP (not in footer/header): http://merkabahbs.com
[2026-03-23T13:20:17.140Z]   SKIP (not in footer/header): http://minicupsupply.com
[2026-03-23T13:20:17.140Z]   SKIP (not in footer/header): http://psychology-essays.com
[2026-03-23T13:20:17.140Z]   SKIP (not in footer/header): http://qihao70.com
[2026-03-23T13:20:17.140Z]   SKIP (not in footer/header): http://theyenhomestay.com
[2026-03-23T13:20:17.140Z]   SKIP (not in footer/header): http://woodworkinghandtoolschool.com
[2026-03-23T13:20:17.140Z]   SKIP (not in footer/header): http://www.histats.com/viewstats/?sid=4983840&ccid=2
[2026-03-23T13:20:17.140Z]   SKIP (not in footer/header): https://100lifetimegoals.com
[2026-03-23T13:20:17.140Z]   SKIP (not in footer/header): https://18totox3.com
[2026-03-23T13:20:17.140Z]   SKIP (not in footer/header): https://1liveshow-hot.com
[2026-03-23T13:20:17.140Z]   SKIP (not in footer/header): https://245cdn.xyz/secure
[2026-03-23T13:20:17.140Z]   SKIP (not in footer/header): https://37k8.com
[2026-03-23T13:20:17.141Z]   SKIP (not in footer/header): https://39antenna.com
[2026-03-23T13:20:17.141Z]   SKIP (not in footer/header): https://48hsl.com/Default
[2026-03-23T13:20:17.141Z]   SKIP (not in footer/header): https://5559988tz.com
[2026-03-23T13:20:17.141Z]   SKIP (not in footer/header): https://789betchoi.com/amp-nap-tien-789bet
[2026-03-23T13:20:17.141Z]   SKIP (not in footer/header): https://abillioncoin.com
[2026-03-23T13:20:17.141Z]   SKIP (not in footer/header): https://absaweddings.com
[2026-03-23T13:20:17.141Z]   SKIP (not in footer/header): https://acmagazine.net
[2026-03-23T13:20:17.141Z]   SKIP (not in footer/header): https://acneaback.net
[2026-03-23T13:20:17.141Z]   SKIP (not in footer/header): https://adi-expo.com
[2026-03-23T13:20:17.141Z]   SKIP (not in footer/header): https://adinfinet.com
[2026-03-23T13:20:17.141Z]   SKIP (not in footer/header): https://airlines-phone-number.com
[2026-03-23T13:20:17.141Z]   SKIP (not in footer/header): https://alemizmir.com
[2026-03-23T13:20:17.141Z]   SKIP (not in footer/header): https://alexruev.com
[2026-03-23T13:20:17.141Z]   SKIP (not in footer/header): https://alexsiudeptry.site
[2026-03-23T13:20:17.141Z]   SKIP (not in footer/header): https://almohafezeen.org
[2026-03-23T13:20:17.141Z]   SKIP (not in footer/header): https://amazingcasinocardgamez.com
[2026-03-23T13:20:17.141Z]   SKIP (not in footer/header): https://ammomarsh.com
[2026-03-23T13:20:17.142Z]   SKIP (not in footer/header): https://amthucsanvuon.com
[2026-03-23T13:20:17.142Z]   SKIP (not in footer/header): https://amymavila.com
[2026-03-23T13:20:17.142Z]   SKIP (not in footer/header): https://anunturisexescorte.com
[2026-03-23T13:20:17.142Z]   SKIP (not in footer/header): https://aoyouwzjipiao.com
[2026-03-23T13:20:17.142Z]   SKIP (not in footer/header): https://apkrafi168.com
[2026-03-23T13:20:17.142Z]   SKIP (not in footer/header): https://app-pack.com/web-designs
[2026-03-23T13:20:17.142Z]   SKIP (not in footer/header): https://applecasez.com
[2026-03-23T13:20:17.142Z]   SKIP (not in footer/header): https://appolomunich.com
[2026-03-23T13:20:17.142Z]   SKIP (not in footer/header): https://articlehaul.com/uploads
[2026-03-23T13:20:17.142Z]   SKIP (not in footer/header): https://arttherapie-idf.com
[2026-03-23T13:20:17.142Z]   SKIP (not in footer/header): https://ashleenicoleartistry.com
[2026-03-23T13:20:17.142Z]   SKIP (not in footer/header): https://asiabridgehr.net
[2026-03-23T13:20:17.142Z]   SKIP (not in footer/header): https://atplsurat.com
[2026-03-23T13:20:17.142Z]   SKIP (not in footer/header): https://aucbuilder.com
[2026-03-23T13:20:17.142Z]   SKIP (not in footer/header): https://avecio.net
[2026-03-23T13:20:17.142Z]   SKIP (not in footer/header): https://aviationexpoeu.com/documents
[2026-03-23T13:20:17.143Z]   SKIP (not in footer/header): https://babybabysg.com
[2026-03-23T13:20:17.143Z]   SKIP (not in footer/header): https://baldbabys.com
[2026-03-23T13:20:17.143Z]   SKIP (not in footer/header): https://baohiemlienviet.com/amp-gioi-thieu
[2026-03-23T13:20:17.143Z]   SKIP (not in footer/header): https://barbariangold.com/films-to-watch
[2026-03-23T13:20:17.143Z]   SKIP (not in footer/header): https://bdonlineit.com
[2026-03-23T13:20:17.143Z]   SKIP (not in footer/header): https://beplafin.com
[2026-03-23T13:20:17.143Z]   SKIP (not in footer/header): https://betabet77alt.com
[2026-03-23T13:20:17.143Z]   SKIP (not in footer/header): https://betasusguncel1.com
[2026-03-23T13:20:17.143Z]   SKIP (not in footer/header): https://betnanogiris5.com
[2026-03-23T13:20:17.143Z]   SKIP (not in footer/header): https://betreferans.com
[2026-03-23T13:20:17.143Z]   SKIP (not in footer/header): https://beylikduzuhaberler.com
[2026-03-23T13:20:17.143Z]   SKIP (not in footer/header): https://bjmdrx.com
[2026-03-23T13:20:17.143Z]   SKIP (not in footer/header): https://bladegathering.com
[2026-03-23T13:20:17.143Z]   SKIP (not in footer/header): https://bluebridgeapps.com
[2026-03-23T13:20:17.143Z]   SKIP (not in footer/header): https://blueslab.org/amp-gen2stack
[2026-03-23T13:20:17.143Z]   SKIP (not in footer/header): https://bocoranparlay.org/beli-makeup
[2026-03-23T13:20:17.144Z]   SKIP (not in footer/header): https://bodegavilladorta.com
[2026-03-23T13:20:17.144Z]   SKIP (not in footer/header): https://bonuspulsa.com
[2026-03-23T13:20:17.144Z]   SKIP (not in footer/header): https://boomerang-casino-top.com
[2026-03-23T13:20:17.144Z]   SKIP (not in footer/header): https://bpatekphilippe.com
[2026-03-23T13:20:17.144Z]   SKIP (not in footer/header): https://braemargallery.com/amp-author-admin-page-16
[2026-03-23T13:20:17.144Z]   SKIP (not in footer/header): https://brecksvilledentalcare.com
[2026-03-23T13:20:17.144Z]   SKIP (not in footer/header): https://brkbima.org
[2026-03-23T13:20:17.144Z]   SKIP (not in footer/header): https://brkjakartaselatan.org
[2026-03-23T13:20:17.144Z]   SKIP (not in footer/header): https://brkjakartatimur.org/dp-B0CFPL6CFYref=MarsFS_KIN
[2026-03-23T13:20:17.144Z]   SKIP (not in footer/header): https://brkpontianak.org
[2026-03-23T13:20:17.144Z]   SKIP (not in footer/header): https://btoon.co
[2026-03-23T13:20:17.144Z]   SKIP (not in footer/header): https://bucsstore.com/amp-article
[2026-03-23T13:20:17.144Z]   SKIP (not in footer/header): https://buffalobillsnfljerseys.com
[2026-03-23T13:20:17.144Z]   SKIP (not in footer/header): https://buygenericviagronline.com
[2026-03-23T13:20:17.144Z]   SKIP (not in footer/header): https://buykoresphere.com
[2026-03-23T13:20:17.144Z]   SKIP (not in footer/header): https://calduler.com
[2026-03-23T13:20:17.144Z]   SKIP (not in footer/header): https://callgirlagra.net
[2026-03-23T13:20:17.145Z]   SKIP (not in footer/header): https://camara-photodock.com/site
[2026-03-23T13:20:17.145Z]   SKIP (not in footer/header): https://canadagooseoutletcoatss.com
[2026-03-23T13:20:17.145Z]   SKIP (not in footer/header): https://canakkalebigafirmalari.com
[2026-03-23T13:20:17.145Z]   SKIP (not in footer/header): https://careylinde.com
[2026-03-23T13:20:17.145Z]   SKIP (not in footer/header): https://cartipss.com
[2026-03-23T13:20:17.145Z]   SKIP (not in footer/header): https://catmar.net
[2026-03-23T13:20:17.145Z]   SKIP (not in footer/header): https://caturindosukses.com/training
[2026-03-23T13:20:17.145Z]   SKIP (not in footer/header): https://cdphfacility.com
[2026-03-23T13:20:17.145Z]   SKIP (not in footer/header): https://centos-store.com
[2026-03-23T13:20:17.145Z]   SKIP (not in footer/header): https://cfpii.org
[2026-03-23T13:20:17.145Z]   SKIP (not in footer/header): https://chloroquine250mg.com/app-ads.txt
[2026-03-23T13:20:17.146Z]   SKIP (not in footer/header): https://cicsports.org
[2026-03-23T13:20:17.146Z]   SKIP (not in footer/header): https://cloutjamai.com
[2026-03-23T13:20:17.146Z]   SKIP (not in footer/header): https://coloknetapp.com
[2026-03-23T13:20:17.146Z]   SKIP (not in footer/header): https://commages.com/login.phpportal
[2026-03-23T13:20:17.146Z]   SKIP (not in footer/header): https://comtotox5.com
[2026-03-23T13:20:17.146Z]   SKIP (not in footer/header): https://coneco.info
[2026-03-23T13:20:17.146Z]   SKIP (not in footer/header): https://conquista777br.com
[2026-03-23T13:20:17.146Z]   SKIP (not in footer/header): https://conradrecord.com
[2026-03-23T13:20:17.146Z]   SKIP (not in footer/header): https://corriereserale.com
[2026-03-23T13:20:17.146Z]   SKIP (not in footer/header): https://crackcut.com
[2026-03-23T13:20:17.146Z]   SKIP (not in footer/header): https://crunchinsider.com/buried-in-barstow-part-2
[2026-03-23T13:20:17.147Z]   SKIP (not in footer/header): https://cubscout.net
[2026-03-23T13:20:17.147Z]   SKIP (not in footer/header): https://cuenco.net
[2026-03-23T13:20:17.147Z]   SKIP (not in footer/header): https://cursosparalelos.com
[2026-03-23T13:20:17.147Z]   SKIP (not in footer/header): https://cwin688.net
[2026-03-23T13:20:17.148Z]   SKIP (not in footer/header): https://daily-fixed-matches1x2.com
[2026-03-23T13:20:17.148Z]   SKIP (not in footer/header): https://dangnhapfun88-3.com
[2026-03-23T13:20:17.148Z]   SKIP (not in footer/header): https://dansalangardensboni.com/amp-bbs
[2026-03-23T13:20:17.148Z]   SKIP (not in footer/header): https://darbastfam.com
[2026-03-23T13:20:17.148Z]   SKIP (not in footer/header): https://darkmovie.info
[2026-03-23T13:20:17.148Z]   SKIP (not in footer/header): https://davidlorenzoillustration.com
[2026-03-23T13:20:17.148Z]   SKIP (not in footer/header): https://dctravelbureau.com
[2026-03-23T13:20:17.149Z]   SKIP (not in footer/header): https://deanmasonmusic.com
[2026-03-23T13:20:17.149Z]   SKIP (not in footer/header): https://degerli-haber.com
[2026-03-23T13:20:17.149Z]   SKIP (not in footer/header): https://deiquitos.com/mapas-mapa-iquitos
[2026-03-23T13:20:17.149Z]   SKIP (not in footer/header): https://delhirussianescort.com
[2026-03-23T13:20:17.149Z]   SKIP (not in footer/header): https://devis-travaux.net
[2026-03-23T13:20:17.149Z]   SKIP (not in footer/header): https://dewidewitotox5.com
[2026-03-23T13:20:17.149Z]   SKIP (not in footer/header): https://dihuniversity.com/news
[2026-03-23T13:20:17.149Z]   SKIP (not in footer/header): https://disenopaginaswebgdl.com
[2026-03-23T13:20:17.149Z]   SKIP (not in footer/header): https://diveplaymate.com
[2026-03-23T13:20:17.149Z]   SKIP (not in footer/header): https://dlrensky.net
[2026-03-23T13:20:17.149Z]   SKIP (not in footer/header): https://doublesidedspoon.com
[2026-03-23T13:20:17.149Z]   SKIP (not in footer/header): https://downwithabsolutes.com
[2026-03-23T13:20:17.149Z]   SKIP (not in footer/header): https://drmalavshah.com/book-appointment
[2026-03-23T13:20:17.149Z]   SKIP (not in footer/header): https://drunkpiano-liuyu.net
[2026-03-23T13:20:17.149Z]   SKIP (not in footer/header): https://dz5168.com/amp-analysis-of-online-casinos
[2026-03-23T13:20:17.150Z]   SKIP (not in footer/header): https://easechinese.com/amp-Chinese-character-history-a
[2026-03-23T13:20:17.150Z]   SKIP (not in footer/header): https://easternindiastat.com/amp-table-social
[2026-03-23T13:20:17.150Z]   SKIP (not in footer/header): https://easysucculentcare.com/perlite-succulents
[2026-03-23T13:20:17.150Z]   SKIP (not in footer/header): https://easyuprecessed.com
[2026-03-23T13:20:17.150Z]   SKIP (not in footer/header): https://ecofarm-minaka.com/amp-about
[2026-03-23T13:20:17.150Z]   SKIP (not in footer/header): https://edubritain.com/amp
[2026-03-23T13:20:17.150Z]   SKIP (not in footer/header): https://eeusshc.com/amp
[2026-03-23T13:20:17.150Z]   SKIP (not in footer/header): https://elaany.com
[2026-03-23T13:20:17.150Z]   SKIP (not in footer/header): https://eleganttextilelondon.com
[2026-03-23T13:20:17.150Z]   SKIP (not in footer/header): https://elementofengshui.com
[2026-03-23T13:20:17.150Z]   SKIP (not in footer/header): https://emakinedunyasi.com
[2026-03-23T13:20:17.150Z]   SKIP (not in footer/header): https://emlakfirsatin.com/amp
[2026-03-23T13:20:17.150Z]   SKIP (not in footer/header): https://emlakuzmanin.com
[2026-03-23T13:20:17.150Z]   SKIP (not in footer/header): https://endeecoaching.com/amp-feed=rss2&page_id=23
[2026-03-23T13:20:17.150Z]   SKIP (not in footer/header): https://enjoylifewealth.com
[2026-03-23T13:20:17.151Z]   SKIP (not in footer/header): https://enosart.com/amp-uploads
[2026-03-23T13:20:17.151Z]   SKIP (not in footer/header): https://enprosep.com
[2026-03-23T13:20:17.151Z]   SKIP (not in footer/header): https://escorteverificate.com
[2026-03-23T13:20:17.151Z]   SKIP (not in footer/header): https://eskievdenyenieve.com
[2026-03-23T13:20:17.151Z]   SKIP (not in footer/header): https://etedax.com/amp-products
[2026-03-23T13:20:17.151Z]   SKIP (not in footer/header): https://eventfilmer.com
[2026-03-23T13:20:17.151Z]   SKIP (not in footer/header): https://evmobilyaurun.com
[2026-03-23T13:20:17.151Z]   SKIP (not in footer/header): https://expresssubmit.net
[2026-03-23T13:20:17.151Z]   SKIP (not in footer/header): https://faengenharia.com
[2026-03-23T13:20:17.151Z]   SKIP (not in footer/header): https://faneliemuselier.com
[2026-03-23T13:20:17.151Z]   SKIP (not in footer/header): https://faperation.com
[2026-03-23T13:20:17.151Z]   SKIP (not in footer/header): https://fashionsquadblog.com
[2026-03-23T13:20:17.151Z]   SKIP (not in footer/header): https://fffjdr.com
[2026-03-23T13:20:17.151Z]   SKIP (not in footer/header): https://filmerfilm.com
[2026-03-23T13:20:17.151Z]   SKIP (not in footer/header): https://fitmymoney.us
[2026-03-23T13:20:17.151Z]   SKIP (not in footer/header): https://five-touch.com
[2026-03-23T13:20:17.151Z]   SKIP (not in footer/header): https://fiyatkasasi.com
[2026-03-23T13:20:17.151Z]   SKIP (not in footer/header): https://flywhitespace.com
[2026-03-23T13:20:17.151Z]   SKIP (not in footer/header): https://foumbounienavant.com
[2026-03-23T13:20:17.151Z]   SKIP (not in footer/header): https://foundationmirai.com
[2026-03-23T13:20:17.152Z]   SKIP (not in footer/header): https://fpatekphilippe.com
[2026-03-23T13:20:17.152Z]   SKIP (not in footer/header): https://freetexture.net
[2026-03-23T13:20:17.152Z]   SKIP (not in footer/header): https://freevalentinescards.com
[2026-03-23T13:20:17.152Z]   SKIP (not in footer/header): https://frescofresco.com
[2026-03-23T13:20:17.152Z]   SKIP (not in footer/header): https://freshphotographer.com
[2026-03-23T13:20:17.152Z]   SKIP (not in footer/header): https://frlcosmetic.com/amp-components
[2026-03-23T13:20:17.152Z]   SKIP (not in footer/header): https://funfactabout.com
[2026-03-23T13:20:17.152Z]   SKIP (not in footer/header): https://g-rori.net/sch
[2026-03-23T13:20:17.152Z]   SKIP (not in footer/header): https://games1188.com/uploads
[2026-03-23T13:20:17.152Z]   SKIP (not in footer/header): https://garotonervoso.com
[2026-03-23T13:20:17.152Z]   SKIP (not in footer/header): https://gaycntube.com
[2026-03-23T13:20:17.152Z]   SKIP (not in footer/header): https://gdcuizhai.com
[2026-03-23T13:20:17.152Z]   SKIP (not in footer/header): https://gdemolished.com
[2026-03-23T13:20:17.152Z]   SKIP (not in footer/header): https://genkainokaze.com
[2026-03-23T13:20:17.152Z]   SKIP (not in footer/header): https://gentleintegrativecare.com
[2026-03-23T13:20:17.152Z]   SKIP (not in footer/header): https://gestiondebicicletas.com/amp-userfiles-image
[2026-03-23T13:20:17.152Z]   SKIP (not in footer/header): https://get2lux.info
[2026-03-23T13:20:17.152Z]   SKIP (not in footer/header): https://giah1.com
[2026-03-23T13:20:17.152Z]   SKIP (not in footer/header): https://giahangamthuc.com
[2026-03-23T13:20:17.152Z]   SKIP (not in footer/header): https://girls-ficken.com
[2026-03-23T13:20:17.152Z]   SKIP (not in footer/header): https://gms-cdc.org
[2026-03-23T13:20:17.152Z]   SKIP (not in footer/header): https://goertz-gutscheiin.com
[2026-03-23T13:20:17.152Z]   SKIP (not in footer/header): https://gokronick.com
[2026-03-23T13:20:17.153Z]   SKIP (not in footer/header): https://goldengoosees.com
[2026-03-23T13:20:17.153Z]   SKIP (not in footer/header): https://gothooker.com
[2026-03-23T13:20:17.153Z]   SKIP (not in footer/header): https://grandetest.com
[2026-03-23T13:20:17.153Z]   SKIP (not in footer/header): https://gubukwebsite.com
[2026-03-23T13:20:17.153Z]   SKIP (not in footer/header): https://gurukulpharmacy.com
[2026-03-23T13:20:17.153Z]   SKIP (not in footer/header): https://gwpdesign.com
[2026-03-23T13:20:17.153Z]   SKIP (not in footer/header): https://gxrxjxmachinery.com
[2026-03-23T13:20:17.153Z]   SKIP (not in footer/header): https://gy-brownstone.com
[2026-03-23T13:20:17.153Z]   SKIP (not in footer/header): https://hagimuraganka.com
[2026-03-23T13:20:17.153Z]   SKIP (not in footer/header): https://hali-yikama-ankara.com/amp-uploads
[2026-03-23T13:20:17.153Z]   SKIP (not in footer/header): https://hana-tanpopo.com
[2026-03-23T13:20:17.153Z]   SKIP (not in footer/header): https://hanaseikei.net
[2026-03-23T13:20:17.153Z]   SKIP (not in footer/header): https://handlebarscc.com
[2026-03-23T13:20:17.153Z]   SKIP (not in footer/header): https://hanyingcultural.com
[2026-03-23T13:20:17.153Z]   SKIP (not in footer/header): https://hard-graft.net
[2026-03-23T13:20:17.153Z]   SKIP (not in footer/header): https://hardsclassic.com
[2026-03-23T13:20:17.153Z]   SKIP (not in footer/header): https://heranalisveris.com
[2026-03-23T13:20:17.153Z]   SKIP (not in footer/header): https://hijodelmedio.com
[2026-03-23T13:20:17.153Z]   SKIP (not in footer/header): https://historic-living.com/amp-capitol-heights-history
[2026-03-23T13:20:17.153Z]   SKIP (not in footer/header): https://hj28he.com/amp-store
[2026-03-23T13:20:17.153Z]   SKIP (not in footer/header): https://hobilerdukkani.com/amp
[2026-03-23T13:20:17.153Z]   SKIP (not in footer/header): https://homebrewinc.com
[2026-03-23T13:20:17.153Z]   SKIP (not in footer/header): https://hostinggiarenhat.com
[2026-03-23T13:20:17.153Z]   SKIP (not in footer/header): https://hotsalejordans.com
[2026-03-23T13:20:17.153Z]   SKIP (not in footer/header): https://howl911.com
[2026-03-23T13:20:17.153Z]   SKIP (not in footer/header): https://hulxv.com
[2026-03-23T13:20:17.153Z]   SKIP (not in footer/header): https://hurricanesedge.com
[2026-03-23T13:20:17.153Z]   SKIP (not in footer/header): https://hydrochloroquine200.com/links1Page=9497
[2026-03-23T13:20:17.154Z]   SKIP (not in footer/header): https://hydroxychloroqui.com
[2026-03-23T13:20:17.154Z]   SKIP (not in footer/header): https://hzcircuit-board.com/amp-the_alley_entertainment
[2026-03-23T13:20:17.154Z]   SKIP (not in footer/header): https://icanguarantee.com
[2026-03-23T13:20:17.154Z]   SKIP (not in footer/header): https://ifzenelse.net
[2026-03-23T13:20:17.154Z]   SKIP (not in footer/header): https://ihatejade.com
[2026-03-23T13:20:17.154Z]   SKIP (not in footer/header): https://ilikecorbynbut.com
[2026-03-23T13:20:17.154Z]   SKIP (not in footer/header): https://imlink.me/amp
[2026-03-23T13:20:17.154Z]   SKIP (not in footer/header): https://indie-vibe.com
[2026-03-23T13:20:17.154Z]   SKIP (not in footer/header): https://infobookmakers2020.com/wallet-webmoney
[2026-03-23T13:20:17.154Z]   SKIP (not in footer/header): https://infotecasalud.com
[2026-03-23T13:20:17.154Z]   SKIP (not in footer/header): https://insamofficial.com
[2026-03-23T13:20:17.154Z]   SKIP (not in footer/header): https://instausernamegenerator.com
[2026-03-23T13:20:17.154Z]   SKIP (not in footer/header): https://intellitradex.com
[2026-03-23T13:20:17.154Z]   SKIP (not in footer/header): https://iphoneyetkiliservisi.net
[2026-03-23T13:20:17.154Z]   SKIP (not in footer/header): https://ipsplungerlift.com
[2026-03-23T13:20:17.154Z]   SKIP (not in footer/header): https://is-buy.com
[2026-03-23T13:20:17.154Z]   SKIP (not in footer/header): https://isharedwhat.com
[2026-03-23T13:20:17.154Z]   SKIP (not in footer/header): https://itheology.net
[2026-03-23T13:20:17.154Z]   SKIP (not in footer/header): https://jako-club.com
[2026-03-23T13:20:17.154Z]   SKIP (not in footer/header): https://january-massage.shop/amp-daejeon-massage
[2026-03-23T13:20:17.154Z]   SKIP (not in footer/header): https://jaspasjunk.com
[2026-03-23T13:20:17.154Z]   SKIP (not in footer/header): https://jeffryexports.com
[2026-03-23T13:20:17.154Z]   SKIP (not in footer/header): https://jessicahoney.com
[2026-03-23T13:20:17.154Z]   SKIP (not in footer/header): https://jicha-frame.com
[2026-03-23T13:20:17.154Z]   SKIP (not in footer/header): https://jilishuma.com
[2026-03-23T13:20:17.154Z]   SKIP (not in footer/header): https://jimstransmission.com
[2026-03-23T13:20:17.154Z]   SKIP (not in footer/header): https://jishnukohali.com
[2026-03-23T13:20:17.154Z]   SKIP (not in footer/header): https://jjmurphy.org
[2026-03-23T13:20:17.155Z]   SKIP (not in footer/header): https://jjun88.net
[2026-03-23T13:20:17.155Z]   SKIP (not in footer/header): https://jnfykni4.xyz
[2026-03-23T13:20:17.155Z]   SKIP (not in footer/header): https://joanporter.com
[2026-03-23T13:20:17.155Z]   SKIP (not in footer/header): https://johndinhfilms.com
[2026-03-23T13:20:17.155Z]   SKIP (not in footer/header): https://jona-construction.com
[2026-03-23T13:20:17.155Z]   SKIP (not in footer/header): https://jonesgirlsrun.com
[2026-03-23T13:20:17.155Z]   SKIP (not in footer/header): https://journalofchemistry.com
[2026-03-23T13:20:17.155Z]   SKIP (not in footer/header): https://jtj1.com
[2026-03-23T13:20:17.155Z]   SKIP (not in footer/header): https://kaelumcompany.com
[2026-03-23T13:20:17.155Z]   SKIP (not in footer/header): https://kanchenworachai.com
[2026-03-23T13:20:17.155Z]   SKIP (not in footer/header): https://kanrierp.com
[2026-03-23T13:20:17.155Z]   SKIP (not in footer/header): https://kauaiappraiser.com
[2026-03-23T13:20:17.155Z]   SKIP (not in footer/header): https://kaynesscomics.com
[2026-03-23T13:20:17.155Z]   SKIP (not in footer/header): https://kelleywills.com
[2026-03-23T13:20:17.155Z]   SKIP (not in footer/header): https://kfcp-yy.com
[2026-03-23T13:20:17.155Z]   SKIP (not in footer/header): https://killianbroderick.com
[2026-03-23T13:20:17.155Z]   SKIP (not in footer/header): https://kitapalisverisi.com/amp
[2026-03-23T13:20:17.155Z]   SKIP (not in footer/header): https://kj6848.com
[2026-03-23T13:20:17.155Z]   SKIP (not in footer/header): https://kktourbelitung.com
[2026-03-23T13:20:17.155Z]   SKIP (not in footer/header): https://kotejka.com
[2026-03-23T13:20:17.155Z]   SKIP (not in footer/header): https://kubetpc.net
[2026-03-23T13:20:17.155Z]   SKIP (not in footer/header): https://kurdiskarf.org
[2026-03-23T13:20:17.155Z]   SKIP (not in footer/header): https://kuyumcukentavm.com/amp
[2026-03-23T13:20:17.155Z]   SKIP (not in footer/header): https://la-chirurgie-esthetique.net
[2026-03-23T13:20:17.155Z]   SKIP (not in footer/header): https://lablinksluxuryhair.com
[2026-03-23T13:20:17.155Z]   SKIP (not in footer/header): https://laglamourband.com/amp-web-glamourososDavid
[2026-03-23T13:20:17.155Z]   SKIP (not in footer/header): https://latiendadecaza.com
[2026-03-23T13:20:17.155Z]   SKIP (not in footer/header): https://leadiro-processing.com
[2026-03-23T13:20:17.155Z]   SKIP (not in footer/header): https://lefkeescort.net
[2026-03-23T13:20:17.155Z]   SKIP (not in footer/header): https://letofskystudio.net
[2026-03-23T13:20:17.156Z]   SKIP (not in footer/header): https://lightitem.com
[2026-03-23T13:20:17.156Z]   SKIP (not in footer/header): https://lisinoprilcheapestoffers.com/amp
[2026-03-23T13:20:17.156Z]   SKIP (not in footer/header): https://listeduweb.com/wiki
[2026-03-23T13:20:17.156Z]   SKIP (not in footer/header): https://littlecattee.com
[2026-03-23T13:20:17.156Z]   SKIP (not in footer/header): https://lmkopi.com
[2026-03-23T13:20:17.156Z]   SKIP (not in footer/header): https://lp2-arch.com
[2026-03-23T13:20:17.156Z]   SKIP (not in footer/header): https://luxykala.com
[2026-03-23T13:20:17.156Z]   SKIP (not in footer/header): https://lvynyn.com
[2026-03-23T13:20:17.156Z]   SKIP (not in footer/header): https://lxrtpbocoran.com
[2026-03-23T13:20:17.156Z]   SKIP (not in footer/header): https://m4281.net/amp-schedule
[2026-03-23T13:20:17.156Z]   SKIP (not in footer/header): https://macasystem.net
[2026-03-23T13:20:17.156Z]   SKIP (not in footer/header): https://magnusandme.com
[2026-03-23T13:20:17.156Z]   SKIP (not in footer/header): https://mailoveparis.com
[2026-03-23T13:20:17.156Z]   SKIP (not in footer/header): https://mapstotox7.com
[2026-03-23T13:20:17.156Z]   SKIP (not in footer/header): https://marksignusa.com
[2026-03-23T13:20:17.156Z]   SKIP (not in footer/header): https://marycgottschalk.com
[2026-03-23T13:20:17.156Z]   SKIP (not in footer/header): https://masukjawir69.com
[2026-03-23T13:20:17.156Z]   SKIP (not in footer/header): https://mattaralogistica.com/cdn-cgi-l-email-protection
[2026-03-23T13:20:17.156Z]   SKIP (not in footer/header): https://maxistotox3.com
[2026-03-23T13:20:17.156Z]   SKIP (not in footer/header): https://maxweb-tunisie.com/dev-novachim
[2026-03-23T13:20:17.156Z]   SKIP (not in footer/header): https://maylinnaaslie.com
[2026-03-23T13:20:17.156Z]   SKIP (not in footer/header): https://medilinkage.info/amp-about
[2026-03-23T13:20:17.156Z]   SKIP (not in footer/header): https://mega-marketing.org
[2026-03-23T13:20:17.156Z]   SKIP (not in footer/header): https://melia-biyang.com
[2026-03-23T13:20:17.156Z]   SKIP (not in footer/header): https://meningsfyltliv.com
[2026-03-23T13:20:17.156Z]   SKIP (not in footer/header): https://menuiserieoise.net/images
[2026-03-23T13:20:17.156Z]   SKIP (not in footer/header): https://meovatmoingay.net
[2026-03-23T13:20:17.156Z]   SKIP (not in footer/header): https://mersinwebtasarim.net
[2026-03-23T13:20:17.156Z]   SKIP (not in footer/header): https://meshpad.org
[2026-03-23T13:20:17.156Z]   SKIP (not in footer/header): https://metalmastermetal.com/mahjong-wins-3-black-scatt
[2026-03-23T13:20:17.156Z]   SKIP (not in footer/header): https://mft3k.com/tag
[2026-03-23T13:20:17.156Z]   SKIP (not in footer/header): https://mgpcw.com
[2026-03-23T13:20:17.156Z]   SKIP (not in footer/header): https://micatalogoweb.com/catalogo
[2026-03-23T13:20:17.156Z]   SKIP (not in footer/header): https://minceurmoinscher.com
[2026-03-23T13:20:17.157Z]   SKIP (not in footer/header): https://mkn2.com
[2026-03-23T13:20:17.157Z]   SKIP (not in footer/header): https://mksports8.com/amp-game-bai-mksports
[2026-03-23T13:20:17.157Z]   SKIP (not in footer/header): https://mktgpress.com
[2026-03-23T13:20:17.157Z]   SKIP (not in footer/header): https://moagastudios.com/amp-cdncgi-l-email-protection
[2026-03-23T13:20:17.157Z]   SKIP (not in footer/header): https://modaave.com
[2026-03-23T13:20:17.157Z]   SKIP (not in footer/header): https://modelrailroadvintageparts.com
[2026-03-23T13:20:17.157Z]   SKIP (not in footer/header): https://moetokyo.com/amp
[2026-03-23T13:20:17.157Z]   SKIP (not in footer/header): https://montpellier-jeuditout.com
[2026-03-23T13:20:17.157Z]   SKIP (not in footer/header): https://morgancohistory.org
[2026-03-23T13:20:17.157Z]   SKIP (not in footer/header): https://moviehdd2021.com
[2026-03-23T13:20:17.157Z]   SKIP (not in footer/header): https://mslat.net
[2026-03-23T13:20:17.157Z]   SKIP (not in footer/header): https://msstyleandgrace.com/amp-category-cbd-gummies
[2026-03-23T13:20:17.157Z]   SKIP (not in footer/header): https://mutantfightingcup2.com/goodgame-empire
[2026-03-23T13:20:17.157Z]   SKIP (not in footer/header): https://myearthwallpapers.com
[2026-03-23T13:20:17.157Z]   SKIP (not in footer/header): https://naturallifechannel.com
[2026-03-23T13:20:17.157Z]   SKIP (not in footer/header): https://nccheyenne.com/amp-wanboguanwangmanbetx-news
[2026-03-23T13:20:17.157Z]   SKIP (not in footer/header): https://netsky.shop/telerik-grid-column
[2026-03-23T13:20:17.157Z]   SKIP (not in footer/header): https://newtokikr.com
[2026-03-23T13:20:17.157Z]   SKIP (not in footer/header): https://nextiadesign.com
[2026-03-23T13:20:17.157Z]   SKIP (not in footer/header): https://nflcheapjerseychina.com
[2026-03-23T13:20:17.157Z]   SKIP (not in footer/header): https://nishman.uk
[2026-03-23T13:20:17.157Z]   SKIP (not in footer/header): https://njjf365.com
[2026-03-23T13:20:17.157Z]   SKIP (not in footer/header): https://nowhereland.net
[2026-03-23T13:20:17.157Z]   SKIP (not in footer/header): https://officecom-setupms.net
[2026-03-23T13:20:17.157Z]   SKIP (not in footer/header): https://okuribitoniki.com
[2026-03-23T13:20:17.157Z]   SKIP (not in footer/header): https://onet4u.com
[2026-03-23T13:20:17.157Z]   SKIP (not in footer/header): https://onlinecasino-newzealand.org
[2026-03-23T13:20:17.157Z]   SKIP (not in footer/header): https://openburhan.com
[2026-03-23T13:20:17.157Z]   SKIP (not in footer/header): https://p8kbet.com
[2026-03-23T13:20:17.157Z]   SKIP (not in footer/header): https://packagesforkerala.com
[2026-03-23T13:20:17.157Z]   SKIP (not in footer/header): https://pafipcpangandarankab.org
[2026-03-23T13:20:17.157Z]   SKIP (not in footer/header): https://paofsash.com/amp-music-pos-prok_fac-prok_fac.ht
[2026-03-23T13:20:17.157Z]   SKIP (not in footer/header): https://parislegalmakers.com
[2026-03-23T13:20:17.157Z]   SKIP (not in footer/header): https://parrotsandprops.com/amp-article-c-list
[2026-03-23T13:20:17.157Z]   SKIP (not in footer/header): https://pension-villa-maria.com
[2026-03-23T13:20:17.157Z]   SKIP (not in footer/header): https://phanphoidienmay.com
[2026-03-23T13:20:17.157Z]   SKIP (not in footer/header): https://philadelphia-eagles-jewelry.com
[2026-03-23T13:20:17.157Z]   SKIP (not in footer/header): https://phildiscuss.com
[2026-03-23T13:20:17.158Z]   SKIP (not in footer/header): https://phongcachdanong.net
[2026-03-23T13:20:17.158Z]   SKIP (not in footer/header): https://photographe-paris-mariage.com
[2026-03-23T13:20:17.158Z]   SKIP (not in footer/header): https://pinxpin.com
[2026-03-23T13:20:17.158Z]   SKIP (not in footer/header): https://pklifework.com
[2026-03-23T13:20:17.158Z]   SKIP (not in footer/header): https://plasticsurgeryconferences.com/amp-brochure
[2026-03-23T13:20:17.158Z]   SKIP (not in footer/header): https://playvibra.com
[2026-03-23T13:20:17.158Z]   SKIP (not in footer/header): https://pmhsilva.com
[2026-03-23T13:20:17.158Z]   SKIP (not in footer/header): https://pornasianclub.com
[2026-03-23T13:20:17.158Z]   SKIP (not in footer/header): https://pozitifreaksiyon.com
[2026-03-23T13:20:17.158Z]   SKIP (not in footer/header): https://pptvoss.com
[2026-03-23T13:20:17.158Z]   SKIP (not in footer/header): https://pratikfirsatlar.com
[2026-03-23T13:20:17.158Z]   SKIP (not in footer/header): https://prediksiangkatogel.com
[2026-03-23T13:20:17.158Z]   SKIP (not in footer/header): https://premios.inah.gob.mx
[2026-03-23T13:20:17.158Z]   SKIP (not in footer/header): https://prima-desain.com/amp-jasa-seo-bandung
[2026-03-23T13:20:17.158Z]   SKIP (not in footer/header): https://productcatalogcn.com
[2026-03-23T13:20:17.158Z]   SKIP (not in footer/header): https://profesyonelwebsite.com
[2026-03-23T13:20:17.158Z]   SKIP (not in footer/header): https://puaegyetem.com
[2026-03-23T13:20:17.158Z]   SKIP (not in footer/header): https://pushdisposablevapes.net
[2026-03-23T13:20:17.158Z]   SKIP (not in footer/header): https://qdjinqiao.com
[2026-03-23T13:20:17.158Z]   SKIP (not in footer/header): https://quel-gynecologue.com
[2026-03-23T13:20:17.158Z]   SKIP (not in footer/header): https://quellideltreno.com
[2026-03-23T13:20:17.158Z]   SKIP (not in footer/header): https://qzrce.com
[2026-03-23T13:20:17.158Z]   SKIP (not in footer/header): https://rapid-roll.com/News
[2026-03-23T13:20:17.158Z]   SKIP (not in footer/header): https://rbhealthcaresystems.com/cna-training-ohio
[2026-03-23T13:20:17.158Z]   SKIP (not in footer/header): https://rebekahlouisedesigns.com
[2026-03-23T13:20:17.158Z]   SKIP (not in footer/header): https://redfincasforsale.com
[2026-03-23T13:20:17.158Z]   SKIP (not in footer/header): https://reienboseki.com
[2026-03-23T13:20:17.158Z]   SKIP (not in footer/header): https://rejstrikfirem.com
[2026-03-23T13:20:17.158Z]   SKIP (not in footer/header): https://rejtingkazino.com
[2026-03-23T13:20:17.158Z]   SKIP (not in footer/header): https://rembuden.com
[2026-03-23T13:20:17.158Z]   SKIP (not in footer/header): https://resimsergisi.com
[2026-03-23T13:20:17.158Z]   SKIP (not in footer/header): https://restaurantclubnautic.com
[2026-03-23T13:20:17.158Z]   SKIP (not in footer/header): https://rfclist.com
[2026-03-23T13:20:17.158Z]   SKIP (not in footer/header): https://rgbet77.net
[2026-03-23T13:20:17.158Z]   SKIP (not in footer/header): https://ringrobconcierge.com
[2026-03-23T13:20:17.158Z]   SKIP (not in footer/header): https://ro2aa.com
[2026-03-23T13:20:17.158Z]   SKIP (not in footer/header): https://ronnefeldt-gastro.com/amp-en-hotel-catering
[2026-03-23T13:20:17.158Z]   SKIP (not in footer/header): https://rootsandbranchesprograms.com
[2026-03-23T13:20:17.158Z]   SKIP (not in footer/header): https://rosanavidalphoto.com
[2026-03-23T13:20:17.159Z]   SKIP (not in footer/header): https://roshanbd.com
[2026-03-23T13:20:17.159Z]   SKIP (not in footer/header): https://rulmentistoc.com
[2026-03-23T13:20:17.159Z]   SKIP (not in footer/header): https://s8totox2.com
[2026-03-23T13:20:17.159Z]   SKIP (not in footer/header): https://sadaeri.com/amp
[2026-03-23T13:20:17.159Z]   SKIP (not in footer/header): https://saigon-bistro.com/restaurant
[2026-03-23T13:20:17.159Z]   SKIP (not in footer/header): https://sarasdijital.com
[2026-03-23T13:20:17.159Z]   SKIP (not in footer/header): https://satnavdownloads.com
[2026-03-23T13:20:17.159Z]   SKIP (not in footer/header): https://saturdayjobs.org
[2026-03-23T13:20:17.159Z]   SKIP (not in footer/header): https://scalablescala.com
[2026-03-23T13:20:17.159Z]   SKIP (not in footer/header): https://seasonsofthefox.com
[2026-03-23T13:20:17.159Z]   SKIP (not in footer/header): https://seowebmester.info
[2026-03-23T13:20:17.159Z]   SKIP (not in footer/header): https://sgwatchmovies.com
[2026-03-23T13:20:17.159Z]   SKIP (not in footer/header): https://shandongwantong.com
[2026-03-23T13:20:17.159Z]   SKIP (not in footer/header): https://shanghaiwisdomhotel.com
[2026-03-23T13:20:17.159Z]   SKIP (not in footer/header): https://shriramstones.com
[2026-03-23T13:20:17.159Z]   SKIP (not in footer/header): https://shroomstoreuk.com
[2026-03-23T13:20:17.159Z]   SKIP (not in footer/header): https://sidedev.net
[2026-03-23T13:20:17.159Z]   SKIP (not in footer/header): https://sintotox4.com
[2026-03-23T13:20:17.159Z]   SKIP (not in footer/header): https://sinusjet.com
[2026-03-23T13:20:17.159Z]   SKIP (not in footer/header): https://skincell-pro.net
[2026-03-23T13:20:17.159Z]   SKIP (not in footer/header): https://sktsgestion.com/htdocs
[2026-03-23T13:20:17.159Z]   SKIP (not in footer/header): https://slobodnakultura.org
[2026-03-23T13:20:17.159Z]   SKIP (not in footer/header): https://smithandgauthier.com
[2026-03-23T13:20:17.159Z]   SKIP (not in footer/header): https://socialninjaz.info
[2026-03-23T13:20:17.159Z]   SKIP (not in footer/header): https://sourapplestudio.com/amp-uploads
[2026-03-23T13:20:17.159Z]   SKIP (not in footer/header): https://southafricaonlinecasino.org/amp
[2026-03-23T13:20:17.159Z]   SKIP (not in footer/header): https://spray-tan-byron-bay.com
[2026-03-23T13:20:17.159Z]   SKIP (not in footer/header): https://springfieldarmory247.com
[2026-03-23T13:20:17.159Z]   SKIP (not in footer/header): https://sqtotox2.com
[2026-03-23T13:20:17.159Z]   SKIP (not in footer/header): https://stealingpages.com
[2026-03-23T13:20:17.159Z]   SKIP (not in footer/header): https://stephen-curry-az.com
[2026-03-23T13:20:17.159Z]   SKIP (not in footer/header): https://stillistanbuldiamond.com
[2026-03-23T13:20:17.159Z]   SKIP (not in footer/header): https://sublimesix.com/amp-buy
[2026-03-23T13:20:17.159Z]   SKIP (not in footer/header): https://suddenlysingleshow.com
[2026-03-23T13:20:17.159Z]   SKIP (not in footer/header): https://swankyapple.com
[2026-03-23T13:20:17.159Z]   SKIP (not in footer/header): https://swisstop.org
[2026-03-23T13:20:17.159Z]   SKIP (not in footer/header): https://switchonthebrain.com/ccsk-preparation-tips-my-e
[2026-03-23T13:20:17.159Z]   SKIP (not in footer/header): https://sxcpz.com
[2026-03-23T13:20:17.159Z]   SKIP (not in footer/header): https://tainanahui.com
[2026-03-23T13:20:17.159Z]   SKIP (not in footer/header): https://tatilim.org/levent-escort
[2026-03-23T13:20:17.159Z]   SKIP (not in footer/header): https://teamkraftt.com/amp-harmony-classic
[2026-03-23T13:20:17.160Z]   SKIP (not in footer/header): https://teczqua.com
[2026-03-23T13:20:17.160Z]   SKIP (not in footer/header): https://tedxkosice.com
[2026-03-23T13:20:17.160Z]   SKIP (not in footer/header): https://templateface.com
[2026-03-23T13:20:17.160Z]   SKIP (not in footer/header): https://tendontransferseminar.com
[2026-03-23T13:20:17.160Z]   SKIP (not in footer/header): https://tglworldgroup.com/resources
[2026-03-23T13:20:17.160Z]   SKIP (not in footer/header): https://theadverland.com
[2026-03-23T13:20:17.160Z]   SKIP (not in footer/header): https://theautodesk.net
[2026-03-23T13:20:17.160Z]   SKIP (not in footer/header): https://theflowercoupons.com/cgi
[2026-03-23T13:20:17.160Z]   SKIP (not in footer/header): https://theretreat-mwc.com
[2026-03-23T13:20:17.160Z]   SKIP (not in footer/header): https://thevanpelt.com
[2026-03-23T13:20:17.160Z]   SKIP (not in footer/header): https://thisishyperbolic.com/amp-aomenquannianziliao
[2026-03-23T13:20:17.160Z]   SKIP (not in footer/header): https://tippelj.com
[2026-03-23T13:20:17.160Z]   SKIP (not in footer/header): https://tjxqq.com
[2026-03-23T13:20:17.160Z]   SKIP (not in footer/header): https://toko-syifa.net
[2026-03-23T13:20:17.160Z]   SKIP (not in footer/header): https://tokyoomostyle.com
[2026-03-23T13:20:17.160Z]   SKIP (not in footer/header): https://tomclaffey.com/books
[2026-03-23T13:20:17.160Z]   SKIP (not in footer/header): https://tomony-ichiba.com
[2026-03-23T13:20:17.160Z]   SKIP (not in footer/header): https://totopediax5.com
[2026-03-23T13:20:17.160Z]   SKIP (not in footer/header): https://town-medical.com
[2026-03-23T13:20:17.160Z]   SKIP (not in footer/header): https://translation-tips.com/where-do-i-get-freelance-t
[2026-03-23T13:20:17.160Z]   SKIP (not in footer/header): https://tripperpointer.com
[2026-03-23T13:20:17.160Z]   SKIP (not in footer/header): https://trituradoras-de-roca.com/uploads-allimg
[2026-03-23T13:20:17.160Z]   SKIP (not in footer/header): https://tsg4d.org
[2026-03-23T13:20:17.160Z]   SKIP (not in footer/header): https://twcasino8.com
[2026-03-23T13:20:17.160Z]   SKIP (not in footer/header): https://uadrom.com
[2026-03-23T13:20:17.160Z]   SKIP (not in footer/header): https://usabreitling.com
[2026-03-23T13:20:17.161Z]   SKIP (not in footer/header): https://usis-education.us
[2026-03-23T13:20:17.161Z]   SKIP (not in footer/header): https://vapebk.com
[2026-03-23T13:20:17.161Z]   SKIP (not in footer/header): https://viagraformen28.com
[2026-03-23T13:20:17.161Z]   SKIP (not in footer/header): https://viagraforsaleuk1.com
[2026-03-23T13:20:17.161Z]   SKIP (not in footer/header): https://viajistas.com
[2026-03-23T13:20:17.161Z]   SKIP (not in footer/header): https://victorytotox3.com
[2026-03-23T13:20:17.161Z]   SKIP (not in footer/header): https://vinthanglong.com
[2026-03-23T13:20:17.161Z]   SKIP (not in footer/header): https://vistacallerid.com
[2026-03-23T13:20:17.161Z]   SKIP (not in footer/header): https://vmfarrington.com
[2026-03-23T13:20:17.161Z]   SKIP (not in footer/header): https://vtafrnsk.com/amp
[2026-03-23T13:20:17.161Z]   SKIP (not in footer/header): https://wakavavapesaustralia.com
[2026-03-23T13:20:17.161Z]   SKIP (not in footer/header): https://wapnavi.net
[2026-03-23T13:20:17.161Z]   SKIP (not in footer/header): https://watch-fuke.com
[2026-03-23T13:20:17.161Z]   SKIP (not in footer/header): https://wazetotox2.com
[2026-03-23T13:20:17.161Z]   SKIP (not in footer/header): https://wdowgo.com/amp-logiciel-sunlite-suite-2-74
[2026-03-23T13:20:17.161Z]   SKIP (not in footer/header): https://web-design-delhi.net
[2026-03-23T13:20:17.161Z]   SKIP (not in footer/header): https://webhardowns.com
[2026-03-23T13:20:17.161Z]   SKIP (not in footer/header): https://websites2all.com
[2026-03-23T13:20:17.161Z]   SKIP (not in footer/header): https://wichitafallsradio.com
[2026-03-23T13:20:17.161Z]   SKIP (not in footer/header): https://win-100.net
[2026-03-23T13:20:17.161Z]   SKIP (not in footer/header): https://wiznap.com
[2026-03-23T13:20:17.161Z]   SKIP (not in footer/header): https://wnywebshop.com
[2026-03-23T13:20:17.161Z]   SKIP (not in footer/header): https://woodbridgecentermall.com/amp-vod-play-id
[2026-03-23T13:20:17.161Z]   SKIP (not in footer/header): https://wordpressthemespack.com
[2026-03-23T13:20:17.161Z]   SKIP (not in footer/header): https://www.10000-mail-order-brides.com/asia
[2026-03-23T13:20:17.161Z]   SKIP (not in footer/header): https://www.101green-e.com/101isaver/products00.html
[2026-03-23T13:20:17.161Z]   SKIP (not in footer/header): https://www.12345proxey.net
[2026-03-23T13:20:17.161Z]   SKIP (not in footer/header): https://www.123bbett.com/123bwinbett
[2026-03-23T13:20:17.161Z]   SKIP (not in footer/header): https://www.18totox3.com
[2026-03-23T13:20:17.161Z]   SKIP (not in footer/header): https://www.1sturl.com/retargeting-marketing-service
[2026-03-23T13:20:17.161Z]   SKIP (not in footer/header): https://www.360dvd.net
[2026-03-23T13:20:17.161Z]   SKIP (not in footer/header): https://www.408ez.com/faxing-loan-no-online-payday-requ
[2026-03-23T13:20:17.161Z]   SKIP (not in footer/header): https://www.88choi.net/keo-penalty
[2026-03-23T13:20:17.161Z]   SKIP (not in footer/header): https://www.aadigitalsound.com/sound-mixer-links
[2026-03-23T13:20:17.161Z]   SKIP (not in footer/header): https://www.abi-007.net
[2026-03-23T13:20:17.161Z]   SKIP (not in footer/header): https://www.absocios.com/on-nous-doit-la-verite
[2026-03-23T13:20:17.161Z]   SKIP (not in footer/header): https://www.acmagazine.net
[2026-03-23T13:20:17.161Z]   SKIP (not in footer/header): https://www.advancedpracticetraining.com/about/bio
[2026-03-23T13:20:17.162Z]   SKIP (not in footer/header): https://www.affiloweb.com/paid-surveys-online
[2026-03-23T13:20:17.162Z]   SKIP (not in footer/header): https://www.ahice.org/gallery
[2026-03-23T13:20:17.162Z]   SKIP (not in footer/header): https://www.airzona.net
[2026-03-23T13:20:17.162Z]   SKIP (not in footer/header): https://www.aitaoyougou.com
[2026-03-23T13:20:17.162Z]   SKIP (not in footer/header): https://www.akcebetresmiblog.com/article/therapeutic-to
[2026-03-23T13:20:17.162Z]   SKIP (not in footer/header): https://www.albyaan.com/movers-jeddah
[2026-03-23T13:20:17.162Z]   SKIP (not in footer/header): https://www.alchimee.com/Media
[2026-03-23T13:20:17.162Z]   SKIP (not in footer/header): https://www.andromagz.com/info
[2026-03-23T13:20:17.162Z]   SKIP (not in footer/header): https://www.angkordorndrivers.com
[2026-03-23T13:20:17.162Z]   SKIP (not in footer/header): https://www.anti-grav.net/computer-games-boot-camp
[2026-03-23T13:20:17.162Z]   SKIP (not in footer/header): https://www.apieceofhome.shop/best-pal-meaning
[2026-03-23T13:20:17.162Z]   SKIP (not in footer/header): https://www.apps-management.net/bsaquabeauty
[2026-03-23T13:20:17.162Z]   SKIP (not in footer/header): https://www.armfa.net
[2026-03-23T13:20:17.162Z]   SKIP (not in footer/header): https://www.asustotox3.com
[2026-03-23T13:20:17.162Z]   SKIP (not in footer/header): https://www.atooikingdoms.com/ministers
[2026-03-23T13:20:17.162Z]   SKIP (not in footer/header): https://www.bamsoet.com/wordpress
[2026-03-23T13:20:17.162Z]   SKIP (not in footer/header): https://www.bcvintagefurniture.com/paint-pixie-brushes
[2026-03-23T13:20:17.162Z]   SKIP (not in footer/header): https://www.beaches411.com/report
[2026-03-23T13:20:17.162Z]   SKIP (not in footer/header): https://www.benwijay.com/info
[2026-03-23T13:20:17.162Z]   SKIP (not in footer/header): https://www.bestkind8.com/tag
[2026-03-23T13:20:17.162Z]   SKIP (not in footer/header): https://www.bilgiverenblog.com/feeds/posts/default
[2026-03-23T13:20:17.162Z]   SKIP (not in footer/header): https://www.billingsspitbeachhouse.com/article
[2026-03-23T13:20:17.163Z]   SKIP (not in footer/header): https://www.bloglaluna.com/concevoir-une-moodboard
[2026-03-23T13:20:17.163Z]   SKIP (not in footer/header): https://www.bm5868.com/szpityu
[2026-03-23T13:20:17.163Z]   SKIP (not in footer/header): https://www.bookyourlist.me/chester-beiler-ceo
[2026-03-23T13:20:17.163Z]   SKIP (not in footer/header): https://www.boomerang-casino-top.com
[2026-03-23T13:20:17.163Z]   SKIP (not in footer/header): https://www.bramleysbigadventure.com/tag/football
[2026-03-23T13:20:17.163Z]   SKIP (not in footer/header): https://www.brianrichardmusic.com/blog
[2026-03-23T13:20:17.163Z]   SKIP (not in footer/header): https://www.briet-chocolatier.com/opinion
[2026-03-23T13:20:17.163Z]   SKIP (not in footer/header): https://www.burdurlife.com/aglasun-escort
[2026-03-23T13:20:17.163Z]   SKIP (not in footer/header): https://www.cgh5688.com/entertainment-city-faq
[2026-03-23T13:20:17.163Z]   SKIP (not in footer/header): https://www.championthisyear.com/learn-dev-knowledge-07
[2026-03-23T13:20:17.163Z]   SKIP (not in footer/header): https://www.checkanyman.com/upload
[2026-03-23T13:20:17.163Z]   SKIP (not in footer/header): https://www.citricoslarubia.com
[2026-03-23T13:20:17.163Z]   SKIP (not in footer/header): https://www.classiccountryjamboree.com/shows
[2026-03-23T13:20:17.163Z]   SKIP (not in footer/header): https://www.cleaning-company-sa.net/tasrbatmiao
[2026-03-23T13:20:17.163Z]   SKIP (not in footer/header): https://www.cmsassistant.net/user/korean1dash
[2026-03-23T13:20:17.163Z]   SKIP (not in footer/header): https://www.cohyde.biz/article
[2026-03-23T13:20:17.163Z]   SKIP (not in footer/header): https://www.comtotox5.com
[2026-03-23T13:20:17.163Z]   SKIP (not in footer/header): https://www.cuantotox5.com
[2026-03-23T13:20:17.163Z]   SKIP (not in footer/header): https://www.cyrusginwala.com/news/shownews
[2026-03-23T13:20:17.163Z]   SKIP (not in footer/header): https://www.czhtffgj.com/domain
[2026-03-23T13:20:17.163Z]   SKIP (not in footer/header): https://www.d1collegehoops.com/profile/almamclendon
[2026-03-23T13:20:17.163Z]   SKIP (not in footer/header): https://www.dako-jobcenter.com
[2026-03-23T13:20:17.163Z]   SKIP (not in footer/header): https://www.ddddhh.com/a/jixujiaoyu
[2026-03-23T13:20:17.163Z]   SKIP (not in footer/header): https://www.decor8eclasses.com/tag/cetak-stiker
[2026-03-23T13:20:17.163Z]   SKIP (not in footer/header): https://www.delapreprimaryschool.net/search
[2026-03-23T13:20:17.163Z]   SKIP (not in footer/header): https://www.designsunparallel.com/portfolio
[2026-03-23T13:20:17.163Z]   SKIP (not in footer/header): https://www.dewidewitotox5.com
[2026-03-23T13:20:17.163Z]   SKIP (not in footer/header): https://www.dietcounselors.com/author/leyvj
[2026-03-23T13:20:17.163Z]   SKIP (not in footer/header): https://www.djalexhino.com/djcnew
[2026-03-23T13:20:17.163Z]   SKIP (not in footer/header): https://www.domeyourlogo.com/product
[2026-03-23T13:20:17.163Z]   SKIP (not in footer/header): https://www.door62.com/Come-to-the-Table
[2026-03-23T13:20:17.163Z]   SKIP (not in footer/header): https://www.dung-design.com/uploads
[2026-03-23T13:20:17.163Z]   SKIP (not in footer/header): https://www.dy257.com/show/id/23/page/3.html
[2026-03-23T13:20:17.163Z]   SKIP (not in footer/header): https://www.eg-network.net/play
[2026-03-23T13:20:17.163Z]   SKIP (not in footer/header): https://www.emeraldrussell.com/alternatives-to
[2026-03-23T13:20:17.163Z]   SKIP (not in footer/header): https://www.eskortlar.net/redirect
[2026-03-23T13:20:17.163Z]   SKIP (not in footer/header): https://www.estudiofitacrepesp.com/info
[2026-03-23T13:20:17.163Z]   SKIP (not in footer/header): https://www.executivehideaway.com/map-of-benalla
[2026-03-23T13:20:17.163Z]   SKIP (not in footer/header): https://www.faneliemuselier.com
[2026-03-23T13:20:17.163Z]   SKIP (not in footer/header): https://www.faro168.co/superpg168
[2026-03-23T13:20:17.164Z]   SKIP (not in footer/header): https://www.firstlookpictures.com
[2026-03-23T13:20:17.164Z]   SKIP (not in footer/header): https://www.fluidws.com/faculdade
[2026-03-23T13:20:17.164Z]   SKIP (not in footer/header): https://www.foksandfolks.com/hello-world/replytocom
[2026-03-23T13:20:17.164Z]   SKIP (not in footer/header): https://www.fontshoppe.com/article
[2026-03-23T13:20:17.164Z]   SKIP (not in footer/header): https://www.fornituragioielleria.com/uploads
[2026-03-23T13:20:17.164Z]   SKIP (not in footer/header): https://www.fortunetigergratis-br.com/forum
[2026-03-23T13:20:17.164Z]   SKIP (not in footer/header): https://www.fotosushi.com/pages/contact
[2026-03-23T13:20:17.164Z]   SKIP (not in footer/header): https://www.freeapksite.com/apps/kyte-tv-apk
[2026-03-23T13:20:17.164Z]   SKIP (not in footer/header): https://www.fricoteca.com/images
[2026-03-23T13:20:17.164Z]   SKIP (not in footer/header): https://www.fuente-esthe.com/profile
[2026-03-23T13:20:17.164Z]   SKIP (not in footer/header): https://www.fujiitomohiro.com/docs
[2026-03-23T13:20:17.164Z]   SKIP (not in footer/header): https://www.galesdesigns.com/blog
[2026-03-23T13:20:17.164Z]   SKIP (not in footer/header): https://www.gayclup.com/forum
[2026-03-23T13:20:17.164Z]   SKIP (not in footer/header): https://www.givemeatm.com/wp-content
[2026-03-23T13:20:17.164Z]   SKIP (not in footer/header): https://www.global-osic.com/xfzp
[2026-03-23T13:20:17.164Z]   SKIP (not in footer/header): https://www.gromadska-pravda.org/gen2stack
[2026-03-23T13:20:17.164Z]   SKIP (not in footer/header): https://www.gurpsonline.com/gen2stack
[2026-03-23T13:20:17.164Z]   SKIP (not in footer/header): https://www.h2osinfronteras.com/nuestro-por-que
[2026-03-23T13:20:17.164Z]   SKIP (not in footer/header): https://www.ha-sports.com/zb/kw-gongliangju
[2026-03-23T13:20:17.164Z]   SKIP (not in footer/header): https://www.habermize.com
[2026-03-23T13:20:17.164Z]   SKIP (not in footer/header): https://www.haierhzk.com/case
[2026-03-23T13:20:17.164Z]   SKIP (not in footer/header): https://www.hana-tanpopo.com
[2026-03-23T13:20:17.164Z]   SKIP (not in footer/header): https://www.handa-machinery.com/alternatives-to
[2026-03-23T13:20:17.164Z]   SKIP (not in footer/header): https://www.hansacandle.net
[2026-03-23T13:20:17.164Z]   SKIP (not in footer/header): https://www.hartagacor.com/tree-of-riches
[2026-03-23T13:20:17.164Z]   SKIP (not in footer/header): https://www.hbhjdt.com/UploadFile
[2026-03-23T13:20:17.164Z]   SKIP (not in footer/header): https://www.healthapnews.com/keto-blast-gummies
[2026-03-23T13:20:17.164Z]   SKIP (not in footer/header): https://www.healthstreamline.info/news
[2026-03-23T13:20:17.164Z]   SKIP (not in footer/header): https://www.herseycokuygun.com/default.htm
[2026-03-23T13:20:17.164Z]   SKIP (not in footer/header): https://www.highesttides.com/plus
[2026-03-23T13:20:17.164Z]   SKIP (not in footer/header): https://www.hitclubfun.net
[2026-03-23T13:20:17.164Z]   SKIP (not in footer/header): https://www.hoktotox6.com
[2026-03-23T13:20:17.164Z]   SKIP (not in footer/header): https://www.honeytip.shop/cup-royal-canin-en-gramme
[2026-03-23T13:20:17.164Z]   SKIP (not in footer/header): https://www.hongkongtelephones.com/domain
[2026-03-23T13:20:17.164Z]   SKIP (not in footer/header): https://www.hotpicksvn.com/goodball-ty-so-truc-tuyen
[2026-03-23T13:20:17.164Z]   SKIP (not in footer/header): https://www.how2video.org/link-gb-WhatsApp
[2026-03-23T13:20:17.164Z]   SKIP (not in footer/header): https://www.hq-pipeline.com/producttwo
[2026-03-23T13:20:17.164Z]   SKIP (not in footer/header): https://www.hungarytelephones.com/ip
[2026-03-23T13:20:17.164Z]   SKIP (not in footer/header): https://www.hunghaorestaurant.com/HungHaoMenu
[2026-03-23T13:20:17.164Z]   SKIP (not in footer/header): https://www.hyipmonitoring.biz/category
[2026-03-23T13:20:17.164Z]   SKIP (not in footer/header): https://www.icelandtelephones.com/share
[2026-03-23T13:20:17.165Z]   SKIP (not in footer/header): https://www.iklanbarisjayapura.com/uploads
[2026-03-23T13:20:17.165Z]   SKIP (not in footer/header): https://www.in-tuitiononline.com/Regional
[2026-03-23T13:20:17.165Z]   SKIP (not in footer/header): https://www.infotecasalud.com
[2026-03-23T13:20:17.165Z]   SKIP (not in footer/header): https://www.inloveagainministries.org/x/cdn
[2026-03-23T13:20:17.165Z]   SKIP (not in footer/header): https://www.iran-occ.com/averroes
[2026-03-23T13:20:17.165Z]   SKIP (not in footer/header): https://www.istanbulbil.com/create-listing
[2026-03-23T13:20:17.165Z]   SKIP (not in footer/header): https://www.jackbrabhamengines.com
[2026-03-23T13:20:17.165Z]   SKIP (not in footer/header): https://www.janematthewsdesign.com/gameps3
[2026-03-23T13:20:17.165Z]   SKIP (not in footer/header): https://www.jilbabonlinebandung.com/uploads
[2026-03-23T13:20:17.165Z]   SKIP (not in footer/header): https://www.jogosfriv2023.com/nuzco/short-ride
[2026-03-23T13:20:17.165Z]   SKIP (not in footer/header): https://www.kartalfm.com/escort/sinem
[2026-03-23T13:20:17.165Z]   SKIP (not in footer/header): https://www.katovichlaw.com/group
[2026-03-23T13:20:17.165Z]   SKIP (not in footer/header): https://www.kelvinjasi.com/free-fridge/feed
[2026-03-23T13:20:17.165Z]   SKIP (not in footer/header): https://www.keratophyre.com/logout
[2026-03-23T13:20:17.165Z]   SKIP (not in footer/header): https://www.kerplunkkersplat.com/tag/milk
[2026-03-23T13:20:17.165Z]   SKIP (not in footer/header): https://www.kiadmediakreatif.com/GRlaU5
[2026-03-23T13:20:17.165Z]   SKIP (not in footer/header): https://www.kodzeanball.com/cart
[2026-03-23T13:20:17.165Z]   SKIP (not in footer/header): https://www.konbagame.com/tag/trigun-stampede-netflix
[2026-03-23T13:20:17.165Z]   SKIP (not in footer/header): https://www.koreancamgirlsplus.com/most-visited-site-65
[2026-03-23T13:20:17.165Z]   SKIP (not in footer/header): https://www.kubetpc.net
[2026-03-23T13:20:17.165Z]   SKIP (not in footer/header): https://www.kubetst.com/ku-casino
[2026-03-23T13:20:17.165Z]   SKIP (not in footer/header): https://www.kurdiskarf.org
[2026-03-23T13:20:17.165Z]   SKIP (not in footer/header): https://www.layerbb.com/AndyRixon
[2026-03-23T13:20:17.165Z]   SKIP (not in footer/header): https://www.lethalweaponcharters.com/article
[2026-03-23T13:20:17.165Z]   SKIP (not in footer/header): https://www.lifecolors.shop/basic-smoothie-recipe
[2026-03-23T13:20:17.165Z]   SKIP (not in footer/header): https://www.limerickiblog.com/uploads
[2026-03-23T13:20:17.165Z]   SKIP (not in footer/header): https://www.lisapomerantzster.com/blog
[2026-03-23T13:20:17.165Z]   SKIP (not in footer/header): https://www.livefranksinatra.com/top-websites
[2026-03-23T13:20:17.165Z]   SKIP (not in footer/header): https://www.lizrohaizat.com/review
[2026-03-23T13:20:17.166Z]   SKIP (not in footer/header): https://www.malaysiagirlservice.com/escort/elaine
[2026-03-23T13:20:17.166Z]   SKIP (not in footer/header): https://www.mamigonweb.com/disccoupling
[2026-03-23T13:20:17.166Z]   SKIP (not in footer/header): https://www.manaliholiday.com/product
[2026-03-23T13:20:17.166Z]   SKIP (not in footer/header): https://www.mapstotox7.com
[2026-03-23T13:20:17.166Z]   SKIP (not in footer/header): https://www.marinakrehan.com/Nachnamen
[2026-03-23T13:20:17.166Z]   SKIP (not in footer/header): https://www.mariosmeatballs.com/website-list-1347
[2026-03-23T13:20:17.166Z]   SKIP (not in footer/header): https://www.masajescort.org/nakamura
[2026-03-23T13:20:17.166Z]   SKIP (not in footer/header): https://www.maxistotox3.com
[2026-03-23T13:20:17.166Z]   SKIP (not in footer/header): https://www.megasohbet.net/tour
[2026-03-23T13:20:17.166Z]   SKIP (not in footer/header): https://www.meteo-algerie.com/carte-meteo
[2026-03-23T13:20:17.166Z]   SKIP (not in footer/header): https://www.midwelling.com/Article
[2026-03-23T13:20:17.166Z]   SKIP (not in footer/header): https://www.minis4u.com/contact
[2026-03-23T13:20:17.166Z]   SKIP (not in footer/header): https://www.monroecountyelections.com/pollingsite
[2026-03-23T13:20:17.166Z]   SKIP (not in footer/header): https://www.mothersgoodness.shop/lspdfr-k9-vehicle-pack
[2026-03-23T13:20:17.166Z]   SKIP (not in footer/header): https://www.muasofa.com/danh-muc/sofa-bang
[2026-03-23T13:20:17.166Z]   SKIP (not in footer/header): https://www.mundorock.org/%20
[2026-03-23T13:20:17.166Z]   SKIP (not in footer/header): https://www.myfakeoakleysunglasses.com/nanbanandeya
[2026-03-23T13:20:17.166Z]   SKIP (not in footer/header): https://www.mypornleaks.com/tag/phim-se-viet-nam
[2026-03-23T13:20:17.166Z]   SKIP (not in footer/header): https://www.netizenid.com
[2026-03-23T13:20:17.166Z]   SKIP (not in footer/header): https://www.nettotox4.com
[2026-03-23T13:20:17.166Z]   SKIP (not in footer/header): https://www.nguyensquared.com/images
[2026-03-23T13:20:17.166Z]   SKIP (not in footer/header): https://www.njfubao.com/eprice
[2026-03-23T13:20:17.166Z]   SKIP (not in footer/header): https://www.nolobike.com/keyword
[2026-03-23T13:20:17.166Z]   SKIP (not in footer/header): https://www.northgateapp.com/plus
[2026-03-23T13:20:17.166Z]   SKIP (not in footer/header): https://www.notjustpaleo.com/product/stress-solutions
[2026-03-23T13:20:17.166Z]   SKIP (not in footer/header): https://www.nvygr.com/lc-nice
[2026-03-23T13:20:17.166Z]   SKIP (not in footer/header): https://www.octanmedia.com/organization
[2026-03-23T13:20:17.166Z]   SKIP (not in footer/header): https://www.olympicson.com/news
[2026-03-23T13:20:17.166Z]   SKIP (not in footer/header): https://www.omgomgomg5j4shop.com/waste
[2026-03-23T13:20:17.166Z]   SKIP (not in footer/header): https://www.ondeckwithlucy.com/wp-content
[2026-03-23T13:20:17.166Z]   SKIP (not in footer/header): https://www.operaloki.com/profile/astlehosnere/profile
[2026-03-23T13:20:17.166Z]   SKIP (not in footer/header): https://www.orhanogluyapi.com/parasoles-quito
[2026-03-23T13:20:17.166Z]   SKIP (not in footer/header): https://www.ossexpo.com/share
[2026-03-23T13:20:17.166Z]   SKIP (not in footer/header): https://www.oyatransitions.com/contact
[2026-03-23T13:20:17.166Z]   SKIP (not in footer/header): https://www.panda4tech.com/profiles
[2026-03-23T13:20:17.166Z]   SKIP (not in footer/header): https://www.pcmutiara-rw023.com/bbs
[2026-03-23T13:20:17.166Z]   SKIP (not in footer/header): https://www.pelicangrillseabrook.com
[2026-03-23T13:20:17.166Z]   SKIP (not in footer/header): https://www.pet5stars.com/domain
[2026-03-23T13:20:17.166Z]   SKIP (not in footer/header): https://www.pgvsindia.com/tag/pgvs
[2026-03-23T13:20:17.166Z]   SKIP (not in footer/header): https://www.piekneobrazy.com/news
[2026-03-23T13:20:17.166Z]   SKIP (not in footer/header): https://www.pinkhealswinnebago.org/what-s-new
[2026-03-23T13:20:17.167Z]   SKIP (not in footer/header): https://www.planetcookies.com/cookies/rice-crispy-treat
[2026-03-23T13:20:17.167Z]   SKIP (not in footer/header): https://www.pmu-training-md.com
[2026-03-23T13:20:17.167Z]   SKIP (not in footer/header): https://www.polinur.me/assets/app/img/main/polinurme
[2026-03-23T13:20:17.167Z]   SKIP (not in footer/header): https://www.printerssupplyco.com/Top
[2026-03-23T13:20:17.167Z]   SKIP (not in footer/header): https://www.prmnewsletter.org/ema
[2026-03-23T13:20:17.167Z]   SKIP (not in footer/header): https://www.prohostonline.com/wiki/Ancrod
[2026-03-23T13:20:17.167Z]   SKIP (not in footer/header): https://www.psychology-essays.com
[2026-03-23T13:20:17.167Z]   SKIP (not in footer/header): https://www.pubgtotox2.com
[2026-03-23T13:20:17.167Z]   SKIP (not in footer/header): https://www.qihao70.com
[2026-03-23T13:20:17.167Z]   SKIP (not in footer/header): https://www.qiqibudy.com/neirongye
[2026-03-23T13:20:17.167Z]   SKIP (not in footer/header): https://www.rajprodeti.shop/contributes-synonym
[2026-03-23T13:20:17.167Z]   SKIP (not in footer/header): https://www.relians-lobbying.com/uploads
[2026-03-23T13:20:17.167Z]   SKIP (not in footer/header): https://www.rf-protection.com/images
[2026-03-23T13:20:17.167Z]   SKIP (not in footer/header): https://www.rimasreklam.com/contact
[2026-03-23T13:20:17.167Z]   SKIP (not in footer/header): https://www.roadrunnerapparel.shop/ulta-comenity
[2026-03-23T13:20:17.167Z]   SKIP (not in footer/header): https://www.romebridal.com/mother-of-the-bride-dresses-
[2026-03-23T13:20:17.167Z]   SKIP (not in footer/header): https://www.rumon.me/bupropion+alcohol+death
[2026-03-23T13:20:17.167Z]   SKIP (not in footer/header): https://www.russiatelephones.com/domain
[2026-03-23T13:20:17.167Z]   SKIP (not in footer/header): https://www.s8totox2.com
[2026-03-23T13:20:17.167Z]   SKIP (not in footer/header): https://www.salada-oka.net/diving
[2026-03-23T13:20:17.167Z]   SKIP (not in footer/header): https://www.salavaty.com/tin-tuc-sunwin
[2026-03-23T13:20:17.167Z]   SKIP (not in footer/header): https://www.sao-paulo-br.com/fall-2025
[2026-03-23T13:20:17.167Z]   SKIP (not in footer/header): https://www.scaniabridge.com/article/bathing-aids-drcnh
[2026-03-23T13:20:17.167Z]   SKIP (not in footer/header): https://www.schweissleisten.com/tag/ufabet
[2026-03-23T13:20:17.167Z]   SKIP (not in footer/header): https://www.seafires.com/article/apply-definition-and-m
[2026-03-23T13:20:17.167Z]   SKIP (not in footer/header): https://www.selnot.com/birinin-hayatna-dokunmak
[2026-03-23T13:20:17.167Z]   SKIP (not in footer/header): https://www.semihduran.net/yincrease
[2026-03-23T13:20:17.167Z]   SKIP (not in footer/header): https://www.sequinsandskulls.com/product
[2026-03-23T13:20:17.167Z]   SKIP (not in footer/header): https://www.sexlo.net/phim-sex-teen/page
[2026-03-23T13:20:17.167Z]   SKIP (not in footer/header): https://www.shingaku-chintai.com/redirect
[2026-03-23T13:20:17.167Z]   SKIP (not in footer/header): https://www.shoesdoor.com/brandlist-9.html
[2026-03-23T13:20:17.167Z]   SKIP (not in footer/header): https://www.simonfordcomedy.com/product
[2026-03-23T13:20:17.167Z]   SKIP (not in footer/header): https://www.sinarandalasproteksindo.com/Grundfos-Pump
[2026-03-23T13:20:17.167Z]   SKIP (not in footer/header): https://www.slobodnakultura.org
[2026-03-23T13:20:17.167Z]   SKIP (not in footer/header): https://www.slotsforfun-ca.com/huuuge-casino-review
[2026-03-23T13:20:17.167Z]   SKIP (not in footer/header): https://www.smoke-up-japan.com/psip
[2026-03-23T13:20:17.167Z]   SKIP (not in footer/header): https://www.solutionspoly.com/upload
[2026-03-23T13:20:17.167Z]   SKIP (not in footer/header): https://www.soralily.com/plano-tx
[2026-03-23T13:20:17.167Z]   SKIP (not in footer/header): https://www.sorayutfanclub.com/gallery
[2026-03-23T13:20:17.167Z]   SKIP (not in footer/header): https://www.southwestdieselmarana.com
[2026-03-23T13:20:17.167Z]   SKIP (not in footer/header): https://www.sp-formations.com/community
[2026-03-23T13:20:17.168Z]   SKIP (not in footer/header): https://www.speech-services.com/forum
[2026-03-23T13:20:17.168Z]   SKIP (not in footer/header): https://www.spiceroutemanassas.com/menu
[2026-03-23T13:20:17.168Z]   SKIP (not in footer/header): https://www.sqtotox6.com
[2026-03-23T13:20:17.168Z]   SKIP (not in footer/header): https://www.studiovwellness.com/contact
[2026-03-23T13:20:17.168Z]   SKIP (not in footer/header): https://www.sunwin3.club/tin-tuc-sunwin
[2026-03-23T13:20:17.168Z]   SKIP (not in footer/header): https://www.surfactantchina.com/blog
[2026-03-23T13:20:17.168Z]   SKIP (not in footer/header): https://www.sutools.net/link-price-calculator
[2026-03-23T13:20:17.168Z]   SKIP (not in footer/header): https://www.suwanle.com/product
[2026-03-23T13:20:17.168Z]   SKIP (not in footer/header): https://www.szjyqkd.com
[2026-03-23T13:20:17.168Z]   SKIP (not in footer/header): https://www.szpd9.com/home
[2026-03-23T13:20:17.168Z]   SKIP (not in footer/header): https://www.takeaterrace.com/uploads
[2026-03-23T13:20:17.168Z]   SKIP (not in footer/header): https://www.talleresgruasdelsur.com/plug/cart.asp
[2026-03-23T13:20:17.168Z]   SKIP (not in footer/header): https://www.tamuaapg.com/products
[2026-03-23T13:20:17.168Z]   SKIP (not in footer/header): https://www.tanagerphotography.com/portfolio/sonoma-win
[2026-03-23T13:20:17.168Z]   SKIP (not in footer/header): https://www.tangocomics.net/community
[2026-03-23T13:20:17.168Z]   SKIP (not in footer/header): https://www.tanvirmokammel.com
[2026-03-23T13:20:17.168Z]   SKIP (not in footer/header): https://www.tapdoanvset.com/forums
[2026-03-23T13:20:17.168Z]   SKIP (not in footer/header): https://www.taxi216.net/feed
[2026-03-23T13:20:17.168Z]   SKIP (not in footer/header): https://www.teknikspotsatis.com/competitors
[2026-03-23T13:20:17.168Z]   SKIP (not in footer/header): https://www.thainuruclub.com/product
[2026-03-23T13:20:17.168Z]   SKIP (not in footer/header): https://www.the-osu.com/comments
[2026-03-23T13:20:17.168Z]   SKIP (not in footer/header): https://www.themain-ingredient.info/litratong-pinoy-amo
[2026-03-23T13:20:17.168Z]   SKIP (not in footer/header): https://www.thermesdecapvern.com/cat
[2026-03-23T13:20:17.168Z]   SKIP (not in footer/header): https://www.theunfinishedfurniture.com/image
[2026-03-23T13:20:17.168Z]   SKIP (not in footer/header): https://www.theyenhomestay.com
[2026-03-23T13:20:17.168Z]   SKIP (not in footer/header): https://www.tiantianxiyuegou.com/product
[2026-03-23T13:20:17.168Z]   SKIP (not in footer/header): https://www.tommittelbach.com/bildung-einfach-tun
[2026-03-23T13:20:17.168Z]   SKIP (not in footer/header): https://www.topearnerstrategy.org/special
[2026-03-23T13:20:17.168Z]   SKIP (not in footer/header): https://www.toto-dorisoon.net/padlets
[2026-03-23T13:20:17.168Z]   SKIP (not in footer/header): https://www.totopediax5.com
[2026-03-23T13:20:17.168Z]   SKIP (not in footer/header): https://www.toyobao.com/product
[2026-03-23T13:20:17.168Z]   SKIP (not in footer/header): https://www.trdclub.net/testmating
[2026-03-23T13:20:17.168Z]   SKIP (not in footer/header): https://www.tritownchamberofcommerce.com
[2026-03-23T13:20:17.168Z]   SKIP (not in footer/header): https://www.truemitra.com/feed
[2026-03-23T13:20:17.168Z]   SKIP (not in footer/header): https://www.tt128.org/category/huong-dan
[2026-03-23T13:20:17.168Z]   SKIP (not in footer/header): https://www.uguisu-coffee.com/remmont.com_news
[2026-03-23T13:20:17.168Z]   SKIP (not in footer/header): https://www.vahneedesigns.com/news
[2026-03-23T13:20:17.168Z]   SKIP (not in footer/header): https://www.vargasllosa.org/tihou/o-barusupurinto
[2026-03-23T13:20:17.169Z]   SKIP (not in footer/header): https://www.vedacookies.com/jdxm/ylxy/item
[2026-03-23T13:20:17.169Z]   SKIP (not in footer/header): https://www.venomwebstudios.com/wbdz/shys
[2026-03-23T13:20:17.169Z]   SKIP (not in footer/header): https://www.viagra-hk.com/res
[2026-03-23T13:20:17.169Z]   SKIP (not in footer/header): https://www.vibratorinfo.com/kritik-dan-saran
[2026-03-23T13:20:17.169Z]   SKIP (not in footer/header): https://www.victorytotox6.com
[2026-03-23T13:20:17.169Z]   SKIP (not in footer/header): https://www.viradevco.com/category
[2026-03-23T13:20:17.169Z]   SKIP (not in footer/header): https://www.virginiasites.com/appomattox
[2026-03-23T13:20:17.169Z]   SKIP (not in footer/header): https://www.vm-search.com/report
[2026-03-23T13:20:17.169Z]   SKIP (not in footer/header): https://www.voyageelementsterre.com/ggtz
[2026-03-23T13:20:17.169Z]   SKIP (not in footer/header): https://www.wcy-the-space.com/blog
[2026-03-23T13:20:17.169Z]   SKIP (not in footer/header): https://www.wfgamingfree.com
[2026-03-23T13:20:17.169Z]   SKIP (not in footer/header): https://www.wiithemes.com/demo/relion
[2026-03-23T13:20:17.169Z]   SKIP (not in footer/header): https://www.willboydforalabama.com/learningsolutions
[2026-03-23T13:20:17.169Z]   SKIP (not in footer/header): https://www.willweperish.com/xsc/info
[2026-03-23T13:20:17.169Z]   SKIP (not in footer/header): https://www.witchoflove.com/witch-arcade
[2026-03-23T13:20:17.169Z]   SKIP (not in footer/header): https://www.woodsongcanoes.com
[2026-03-23T13:20:17.169Z]   SKIP (not in footer/header): https://www.wordshoes.shop/heathrow-parking-terminal-3
[2026-03-23T13:20:17.169Z]   SKIP (not in footer/header): https://www.xosobet888.com/keyword
[2026-03-23T13:20:17.169Z]   SKIP (not in footer/header): https://www.xvids.shop/author/admin/page
[2026-03-23T13:20:17.169Z]   SKIP (not in footer/header): https://www.xxxpornx.net/search/russian-porn
[2026-03-23T13:20:17.169Z]   SKIP (not in footer/header): https://www.yaadgarrestaurant.com/blog/spices-you-will-
[2026-03-23T13:20:17.169Z]   SKIP (not in footer/header): https://www.ysanma.com/links1Page=22198
[2026-03-23T13:20:17.169Z]   SKIP (not in footer/header): https://www.yyeps.com/EPP-Machine
[2026-03-23T13:20:17.169Z]   SKIP (not in footer/header): https://www.zgbxcmw.com/admin/kindeditor/attached/file
[2026-03-23T13:20:17.169Z]   SKIP (not in footer/header): https://xn--tl3bseo63a.com
[2026-03-23T13:20:17.169Z]   SKIP (not in footer/header): https://xoso333.mobi/amp-vod-detail-id
[2026-03-23T13:20:17.169Z]   SKIP (not in footer/header): https://xosomiennamhn.com
[2026-03-23T13:20:17.169Z]   SKIP (not in footer/header): https://xpressbillerz.com
[2026-03-23T13:20:17.169Z]   SKIP (not in footer/header): https://xuxiangbike.com
[2026-03-23T13:20:17.169Z]   SKIP (not in footer/header): https://xy8685.com/amp-gamble-law
[2026-03-23T13:20:17.169Z]   SKIP (not in footer/header): https://xyz-company.com
[2026-03-23T13:20:17.169Z]   SKIP (not in footer/header): https://yakiniku-kanachan.com/fukuoka
[2026-03-23T13:20:17.169Z]   SKIP (not in footer/header): https://yaogendan.com/amp-gdsq
[2026-03-23T13:20:17.169Z]   SKIP (not in footer/header): https://yehyehyeh.net
[2026-03-23T13:20:17.169Z]   SKIP (not in footer/header): https://youtubedearme.com
[2026-03-23T13:20:17.169Z]   SKIP (not in footer/header): https://youxnxxtube.com
[2026-03-23T13:20:17.169Z]   SKIP (not in footer/header): https://yqjzfwxh.com
[2026-03-23T13:20:17.169Z]   SKIP (not in footer/header): https://yuyu385.com/brothertom
[2026-03-23T13:20:17.169Z]   SKIP (not in footer/header): https://yuzukcesitleri.com
[2026-03-23T13:20:17.169Z]   SKIP (not in footer/header): https://zcash4win.com
[2026-03-23T13:20:17.169Z]   SKIP (not in footer/header): https://zeytinburnukadin.com/category-fatih-escort
[2026-03-23T13:20:17.170Z]   SKIP (not in footer/header): https://zgwlhd.com/show
[2026-03-23T13:20:17.170Z]   SKIP (not in footer/header): https://zhaopp.cc
[2026-03-23T13:20:17.170Z]   SKIP (not in footer/header): https://zhiboedu.net
[2026-03-23T13:20:17.170Z]   SKIP (not in footer/header): https://zoravoyance.net
[2026-03-23T13:20:17.170Z] Step 2b result: added 0 uncategorized domains from footer/header
[2026-03-23T13:20:17.170Z] ── Step 2c: YouTube channel handle resolution ──
[2026-03-23T13:20:17.170Z]   YOUTUBE: no ytc entries to resolve
[2026-03-23T13:20:17.170Z] ── Step 3: Final dedup ──
[2026-03-23T13:20:17.170Z] Dedup: removed 0 of 2 URLs already in specialized fields
[2026-03-23T13:20:17.170Z] ── FINAL RESULT ──
[2026-03-23T13:20:17.170Z]   ws (1):
[2026-03-23T13:20:17.170Z]     - https://www.water-ways-technologies.com
[2026-03-23T13:20:17.170Z]   urls (2):
[2026-03-23T13:20:17.170Z]     - https://www.water-ways-technologies.com/indeks-berita
[2026-03-23T13:20:17.170Z]     - https://www.water-ways-technologies.com/terms-of-service
[2026-03-23T13:20:17.170Z] Summary: ws:1, urls:2
[2026-03-23T13:20:17.171Z] Saved final result to result.json
[2026-03-23T13:20:17.171Z] Override fields: ws
[2026-03-23T13:20:17.171Z] Finished at: 2026-03-23T13:20:17.171Z
