[2026-03-06T07:03:36.811Z] === Homepage AI Extractor: MaterialsZone ===
[2026-03-06T07:03:36.811Z] Started at: 2026-03-06T07:03:36.811Z
[2026-03-06T07:03:36.811Z] Log directory: E:\code\The Wall\mono\packages\scrapper\logs\homepage_ai_extractor\1772780616811_MaterialsZone
[2026-03-06T07:03:36.811Z] Company: MaterialsZone
[2026-03-06T07:03:36.811Z] Website: materials.zone
[2026-03-06T07:03:36.811Z] cbRank: 148944
[2026-03-06T07:03:36.811Z] Reasons: h
[2026-03-06T07:03:36.811Z] Fetching: https://materials.zone
[2026-03-06T07:03:40.806Z] Dismissed cookie consent popup via: button:has-text("Allow all")
[2026-03-06T07:03:43.714Z] Redirected: https://materials.zone -> https://www.materials.zone/
[2026-03-06T07:03:43.914Z] Saved HTML (5658315 bytes) to page.html
[2026-03-06T07:03:43.950Z] Extracted 1223 unique links from page
[2026-03-06T07:03:43.951Z] Saved 1223 links to links.json
[2026-03-06T07:03:43.958Z] No footer section found in DOM
[2026-03-06T07:03:43.958Z] Extracted header HTML (1058 chars)
[2026-03-06T07:03:43.963Z] Website (post-redirect): https://www.materials.zone/ → origin: https://www.materials.zone
[2026-03-06T07:03:43.964Z]   SUBDOMAIN: app.materials.zone (added to ws)
[2026-03-06T07:03:43.971Z] Website subdomains found: 1
[2026-03-06T07:03:43.975Z] External links: 1198 (of 1223 total)
[2026-03-06T07:03:43.975Z] ── All external links ──
[2026-03-06T07:03:43.975Z]   EXT: http://adelement.com/privacy-policy.html
[2026-03-06T07:03:43.975Z]   EXT: http://bidfuse.com/privacy-policy
[2026-03-06T07:03:43.975Z]   EXT: http://corp.aarki.com/privacy
[2026-03-06T07:03:43.975Z]   EXT: http://cubed.ai/privacy-policy/gdpr
[2026-03-06T07:03:43.975Z]   EXT: http://mktsci.com/privacy_policy.htm
[2026-03-06T07:03:43.975Z]   EXT: http://podscribe.com/privacy
[2026-03-06T07:03:43.975Z]   EXT: http://ten.media/cookie-policy
[2026-03-06T07:03:43.975Z]   EXT: http://ten.media/privacy-policy
[2026-03-06T07:03:43.975Z]   EXT: http://theadex.com
[2026-03-06T07:03:43.975Z]   EXT: http://viewpay.tv/mentions-legales
[2026-03-06T07:03:43.975Z]   EXT: http://www.akamai.com/compliance/privacy
[2026-03-06T07:03:43.976Z]   EXT: http://www.dentsu.co.jp/terms/data_policy.html
[2026-03-06T07:03:43.976Z]   EXT: http://www.mobitrans.net/privacy-policy
[2026-03-06T07:03:43.976Z]   EXT: http://www.sfr.fr/securite-confidentialite.html
[2026-03-06T07:03:43.976Z]   EXT: http://www.tradedoubler.com/en/privacy-policy
[2026-03-06T07:03:43.976Z]   EXT: https://014on.com/politica-privacidad
[2026-03-06T07:03:43.976Z]   EXT: https://152media.com/privacy-policy
[2026-03-06T07:03:43.976Z]   EXT: https://3q.video/en/help-center/datenschutzhinweise
[2026-03-06T07:03:43.976Z]   EXT: https://6sense.com/privacy-policy
[2026-03-06T07:03:43.976Z]   EXT: https://a.twiago.com/privacy.php
[2026-03-06T07:03:43.976Z]   EXT: https://aaa.artefact.com/privacy-policy.do
[2026-03-06T07:03:43.976Z]   EXT: https://about.ads.microsoft.com/en-us/solutions/xandr/platform-privacy-policy
[2026-03-06T07:03:43.976Z]   EXT: https://about.ads.microsoft.com/en-us/solutions/xandr/platform-privacy-policy#p_lt_ctl01_pageplaceholder_p_lt_ctl00_pageplaceholder_p_lt_WebPartZone3_zonePageBody_BingAds_PageContentViewer_PageContentViewerAll_ctl18_ctl00_ColumnsContainer
[2026-03-06T07:03:43.976Z]   EXT: https://abtshield.com/privacy-policy
[2026-03-06T07:03:43.976Z]   EXT: https://account.squadata.net
[2026-03-06T07:03:43.977Z]   EXT: https://account.yougov.com/gb-en/account/privacy-policy
[2026-03-06T07:03:43.977Z]   EXT: https://aceex.io/legal/platform-privacy-policy
[2026-03-06T07:03:43.977Z]   EXT: https://ad360.media/privacy.html
[2026-03-06T07:03:43.977Z]   EXT: https://adagio.io/legal/advertising-services-privacy-policy
[2026-03-06T07:03:43.977Z]   EXT: https://adalyser.com/en/terms
[2026-03-06T07:03:43.977Z]   EXT: https://adaptmx.com/privacy-policy
[2026-03-06T07:03:43.977Z]   EXT: https://adara.com/privacy-promise
[2026-03-06T07:03:43.977Z]   EXT: https://adelaidemetrics.com/privacy
[2026-03-06T07:03:43.977Z]   EXT: https://adelement.com/privacy-policy.html#legal-basis-processing
[2026-03-06T07:03:43.977Z]   EXT: https://aderserve.com/privacy_policy.html
[2026-03-06T07:03:43.977Z]   EXT: https://adex.com/privacy
[2026-03-06T07:03:43.977Z]   EXT: https://adhese.eu/privacy-policy
[2026-03-06T07:03:43.977Z]   EXT: https://adipolo.com/lic-claim-en.html
[2026-03-06T07:03:43.977Z]   EXT: https://adipolo.com/privacy-policy.html
[2026-03-06T07:03:43.977Z]   EXT: https://adjust-digital.com/privacy
[2026-03-06T07:03:43.977Z]   EXT: https://adkernel.com/privacy-policy
[2026-03-06T07:03:43.978Z]   EXT: https://admagnetix.io/privacy-policy
[2026-03-06T07:03:43.978Z]   EXT: https://admanmedia.com/politica.html
[2026-03-06T07:03:43.978Z]   EXT: https://admasters.media/en/privacy
[2026-03-06T07:03:43.978Z]   EXT: https://admatic.de/opt-out-of-admatic-ads
[2026-03-06T07:03:43.978Z]   EXT: https://admatic.de/privacy-policy
[2026-03-06T07:03:43.978Z]   EXT: https://admaxmedia.io/privacy-policy
[2026-03-06T07:03:43.978Z]   EXT: https://admixer.com/privacy
[2026-03-06T07:03:43.978Z]   EXT: https://adnitix.com/privacy-policy
[2026-03-06T07:03:43.978Z]   EXT: https://adnow.com/privacy-policy
[2026-03-06T07:03:43.978Z]   EXT: https://adnuntius.com/resources/privacy-policy
[2026-03-06T07:03:43.978Z]   EXT: https://adrenalead.com/en/data-protection-policy
[2026-03-06T07:03:43.978Z]   EXT: https://adrino.pl/Regulaminy/Polityka_prywatnosci.html
[2026-03-06T07:03:43.978Z]   EXT: https://ads.qualitymedianetwork.de/privacy.php
[2026-03-06T07:03:43.978Z]   EXT: https://adsafety.net/privacy.html
[2026-03-06T07:03:43.978Z]   EXT: https://adsby.bidtheatre.com/deviceStorage.json
[2026-03-06T07:03:43.979Z]   EXT: https://adserve.zone/adserveprivacypolicy
[2026-03-06T07:03:43.979Z]   EXT: https://adserve.zone/adserveprivacypolicy#legitimateinterest
[2026-03-06T07:03:43.979Z]   EXT: https://adsinflow.com/privacy.html
[2026-03-06T07:03:43.979Z]   EXT: https://adsinteractive.com/privacy-policy
[2026-03-06T07:03:43.979Z]   EXT: https://adsocy.com/politica-de-privacidad-y-aviso-legal
[2026-03-06T07:03:43.979Z]   EXT: https://adsquare.com/privacy
[2026-03-06T07:03:43.979Z]   EXT: https://adssets.com/policy
[2026-03-06T07:03:43.979Z]   EXT: https://adswag.nl/privacy-policy
[2026-03-06T07:03:43.979Z]   EXT: https://adtarget.com.tr/adtarget-privacy-policy-2020.pdf
[2026-03-06T07:03:43.979Z]   EXT: https://adtelligent.com/privacy-policy
[2026-03-06T07:03:43.979Z]   EXT: https://adtelligent.com/tos
[2026-03-06T07:03:43.979Z]   EXT: https://adttribution.com/privacy-policy.php
[2026-03-06T07:03:43.979Z]   EXT: https://adventive.com/legal/privacy-policy
[2026-03-06T07:03:43.979Z]   EXT: https://adventive.com/legal/privacy-policy/#elementor-toc__heading-anchor-7
[2026-03-06T07:03:43.979Z]   EXT: https://adverticum.net/english/privacy-and-data-processing-information
[2026-03-06T07:03:43.980Z]   EXT: https://advertising.tech/privacy-policy
[2026-03-06T07:03:43.980Z]   EXT: https://advertising.tech/privacy-policy/#legal-basis
[2026-03-06T07:03:43.980Z]   EXT: https://adverty.com/privacy-policy
[2026-03-06T07:03:43.980Z]   EXT: https://advlion.com/en/WebsitePrivacyAndSecurity.html?hsLang=en
[2026-03-06T07:03:43.980Z]   EXT: https://advolution.de/privacy.php
[2026-03-06T07:03:43.980Z]   EXT: https://advoxel.com/privacy
[2026-03-06T07:03:43.980Z]   EXT: https://adwmg.com/privacy-policy
[2026-03-06T07:03:43.980Z]   EXT: https://adxperience.com/privacy-policy
[2026-03-06T07:03:43.980Z]   EXT: https://afront.io/legal/privacy-policy
[2026-03-06T07:03:43.980Z]   EXT: https://allegro.pl/regulaminy/polityka-plikow-cookies-lDzYv9wn8Tn
[2026-03-06T07:03:43.980Z]   EXT: https://alphalyr.fr/en/privacy-policy
[2026-03-06T07:03:43.980Z]   EXT: https://alphonso.tv/privacy/smart-tvs/smart-tv-privacy-policy-eu
[2026-03-06T07:03:43.980Z]   EXT: https://anyclip.com/privacy-policy
[2026-03-06T07:03:43.980Z]   EXT: https://apester.com/privacy-policy
[2026-03-06T07:03:43.980Z]   EXT: https://apexflowsdk.com/legitimate-interest.txt
[2026-03-06T07:03:43.980Z]   EXT: https://apexflowsdk.com/privacy
[2026-03-06T07:03:43.981Z]   EXT: https://api.adftech.com.br/legitimate
[2026-03-06T07:03:43.981Z]   EXT: https://api.adftech.com.br/privacy
[2026-03-06T07:03:43.981Z]   EXT: https://api.recod3suite.com/privacypolicy.php
[2026-03-06T07:03:43.981Z]   EXT: https://app-stock.com/privacy-policy
[2026-03-06T07:03:43.981Z]   EXT: https://app.alloyads.ai/privacy-policy
[2026-03-06T07:03:43.981Z]   EXT: https://app.holid.io/assets/documents/PrivacyPolicyHolid.pdf
[2026-03-06T07:03:43.981Z]   EXT: https://app.impact.com/content/displaympserviceagreement.ihtml
[2026-03-06T07:03:43.981Z]   EXT: https://app.streameye.com/policy/net
[2026-03-06T07:03:43.981Z]   EXT: https://appcelerate.ai/privacy-policy
[2026-03-06T07:03:43.981Z]   EXT: https://applies.goldenbees.fr/privacyPolicy/fr
[2026-03-06T07:03:43.981Z]   EXT: https://appmonsta.ai/privacy
[2026-03-06T07:03:43.981Z]   EXT: https://appush.com/wp-content/uploads/2022/06/Platform-Privacy-Policy-Appush.pdf
[2026-03-06T07:03:43.981Z]   EXT: https://arago.com/fr/politique-de-confidentialite
[2026-03-06T07:03:43.981Z]   EXT: https://archonph.com/privacy-policy
[2026-03-06T07:03:43.981Z]   EXT: https://arcspire.io/privacy.pdf
[2026-03-06T07:03:43.981Z]   EXT: https://armis.tech/en/legal-notices
[2026-03-06T07:03:43.982Z]   EXT: https://artsai.com/privacy
[2026-03-06T07:03:43.982Z]   EXT: https://asklocala.com/advertising-privacy-policy/?_gl=1*145zs89*_up*MQ..*_ga*MjA4NDgxNDYxOC4xNjk2NTEyNTU5*_ga_VRM83PCHBL*MTY5NjUxMjU1OC4xLjEuMTY5NjUxMjU3NS4wLjAuMA..*_ga_5N7836YC9X*MTY5NjUxMjU1OC4xLjEuMTY5NjUxMjU3NS4wLjAuMA..
[2026-03-06T07:03:43.982Z]   EXT: https://assets.adagio.io/legal/Adagio_LIAs-combined.pdf
[2026-03-06T07:03:43.982Z]   EXT: https://audalaxy.com/en
[2026-03-06T07:03:43.982Z]   EXT: https://audalaxy.com/en/privacy-policy
[2026-03-06T07:03:43.982Z]   EXT: https://audience-solutions.com/privacy-policy-en.pdf
[2026-03-06T07:03:43.982Z]   EXT: https://audiencefinder.justtag.com/privacy
[2026-03-06T07:03:43.982Z]   EXT: https://audiencenetwork.pl/en/internet-advertising-privacy-policy
[2026-03-06T07:03:43.982Z]   EXT: https://audigent.com/platform-privacy-policy
[2026-03-06T07:03:43.982Z]   EXT: https://audigent.com/privacy-center
[2026-03-06T07:03:43.982Z]   EXT: https://audiostack.ai/legal/privacy-policy
[2026-03-06T07:03:43.982Z]   EXT: https://automattic.com/privacy
[2026-03-06T07:03:43.982Z]   EXT: https://axis-marketplace.com/policy/privacy-policy
[2026-03-06T07:03:43.982Z]   EXT: https://ayads.co/privacy.php
[2026-03-06T07:03:43.982Z]   EXT: https://azira.com/fr/politique-de-confidentialite#confidentialite
[2026-03-06T07:03:43.983Z]   EXT: https://azira.com/fr/privacy-policy/#services-policy
[2026-03-06T07:03:43.983Z]   EXT: https://azira.com/privacy-policy
[2026-03-06T07:03:43.983Z]   EXT: https://balloonlabs.ai/privacy
[2026-03-06T07:03:43.983Z]   EXT: https://bannernow.com/privacy
[2026-03-06T07:03:43.983Z]   EXT: https://bealion.com/wp-content/uploads/2024/06/politica_privacidad_2024.pdf
[2026-03-06T07:03:43.983Z]   EXT: https://beapup.com/privacy-policy
[2026-03-06T07:03:43.983Z]   EXT: https://beatgrid.co/privacy-policy
[2026-03-06T07:03:43.983Z]   EXT: https://bedrockplatform.com/privacy-policy
[2026-03-06T07:03:43.983Z]   EXT: https://belboon.com/en/privacy
[2026-03-06T07:03:43.983Z]   EXT: https://beop.collectiveaudience.co/privacy-policy
[2026-03-06T07:03:43.983Z]   EXT: https://bepixel.net.br/interesse-legitimo.html
[2026-03-06T07:03:43.983Z]   EXT: https://bepixel.net.br/privacidade.html
[2026-03-06T07:03:43.983Z]   EXT: https://bettercollective.com/privacy-policy
[2026-03-06T07:03:43.983Z]   EXT: https://bidease.com/lic
[2026-03-06T07:03:43.984Z]   EXT: https://bidease.com/privacy-policy
[2026-03-06T07:03:43.984Z]   EXT: https://bidmachine.io/privacy-policy
[2026-03-06T07:03:43.984Z]   EXT: https://bidmatic.io/privacy-policy
[2026-03-06T07:03:43.984Z]   EXT: https://bidmatic.io/tos
[2026-03-06T07:03:43.984Z]   EXT: https://bidscube.com/data-processing-addendum
[2026-03-06T07:03:43.984Z]   EXT: https://bidscube.com/privacy
[2026-03-06T07:03:43.984Z]   EXT: https://blasto.ai/policy/privacy-policy
[2026-03-06T07:03:43.984Z]   EXT: https://bliink.io/privacy-policy
[2026-03-06T07:03:43.984Z]   EXT: https://blis.com/blis-privacy-policy-for-online-advertising-and-related-uses
[2026-03-06T07:03:43.984Z]   EXT: https://blis.com/legitimate-interests-statement
[2026-03-06T07:03:43.984Z]   EXT: https://blockthrough.com/privacy-policy
[2026-03-06T07:03:43.984Z]   EXT: https://blog.ad360.media/uncategorized/iab-tcf-v2-2-and-legitimate-interest-claim
[2026-03-06T07:03:43.984Z]   EXT: https://bluems.com/privacy-policy
[2026-03-06T07:03:43.984Z]   EXT: https://bluexad.ai/bluex-gdpr
[2026-03-06T07:03:43.985Z]   EXT: https://bluexad.ai/privacy
[2026-03-06T07:03:43.985Z]   EXT: https://bold-win.com/privacy-policy
[2026-03-06T07:03:43.985Z]   EXT: https://bombora.com/privacy
[2026-03-06T07:03:43.985Z]   EXT: https://bottalk.io/privacy
[2026-03-06T07:03:43.985Z]   EXT: https://bridgeupp.com/PrivacyPolicy.html
[2026-03-06T07:03:43.985Z]   EXT: https://broadlab.tv/legitimate-interest-disclosure
[2026-03-06T07:03:43.985Z]   EXT: https://broadlab.tv/privacy-policy
[2026-03-06T07:03:43.985Z]   EXT: https://browsi.com/privacy-policy-2
[2026-03-06T07:03:43.985Z]   EXT: https://business.safety.google/privacy
[2026-03-06T07:03:43.985Z]   EXT: https://cablato.com/privacy-policy
[2026-03-06T07:03:43.985Z]   EXT: https://cafemedia.com/publisher-advertising-privacy-policy
[2026-03-06T07:03:43.985Z]   EXT: https://capaneo.de/datenschutz
[2026-03-06T07:03:43.985Z]   EXT: https://carbonatix.com/privacy-policy
[2026-03-06T07:03:43.985Z]   EXT: https://carbonatix.com/terms-of-service
[2026-03-06T07:03:43.986Z]   EXT: https://cas.ai/privacy-policy-3
[2026-03-06T07:03:43.986Z]   EXT: https://castoola.com/wp-content/uploads/2022/01/castoola_pp_06.01.2022.pdf
[2026-03-06T07:03:43.986Z]   EXT: https://cdn-media.brightline.tv/sdk/tcf/privacy_policy.html
[2026-03-06T07:03:43.986Z]   EXT: https://cdn.bidtheatre.com/LIA_ferq.pdf
[2026-03-06T07:03:43.986Z]   EXT: https://cdn.hubvisor.io/assets/policy.pdf
[2026-03-06T07:03:43.986Z]   EXT: https://cdn.streamwise.it/streamwise/EN-Privacy-e-Cookie-policy-Streamwise-services.pdf
[2026-03-06T07:03:43.986Z]   EXT: https://cdn.thenewsroom.io/docs/cookies.pdf
[2026-03-06T07:03:43.986Z]   EXT: https://chalice.ai/privacy
[2026-03-06T07:03:43.986Z]   EXT: https://cheq.ai/privacy-policy
[2026-03-06T07:03:43.986Z]   EXT: https://claritas.com/privacy-legal
[2026-03-06T07:03:43.986Z]   EXT: https://cleartrust.cc/privacy
[2026-03-06T07:03:43.986Z]   EXT: https://cleveradvertising.com/privacy
[2026-03-06T07:03:43.986Z]   EXT: https://cleverpush.com/en/privacy
[2026-03-06T07:03:43.986Z]   EXT: https://clinch.co/privacy-policy
[2026-03-06T07:03:43.987Z]   EXT: https://clipcentric.com/privacy.bhtml
[2026-03-06T07:03:43.987Z]   EXT: https://clipcentric.com/privacy.bhtml#adViewersProcessingGrounds
[2026-03-06T07:03:43.987Z]   EXT: https://clipcentric.de/datenschutzerklaerung
[2026-03-06T07:03:43.987Z]   EXT: https://cloud4wi.ai/cloud4wi-privacy-policy-for-individuals
[2026-03-06T07:03:43.987Z]   EXT: https://cluep.com/privacy/notice
[2026-03-06T07:03:43.987Z]   EXT: https://codevelop.io/en/privacy
[2026-03-06T07:03:43.987Z]   EXT: https://collection.schober.de
[2026-03-06T07:03:43.987Z]   EXT: https://collector.brandmetrics.com/brandmetrics_privacypolicy.pdf
[2026-03-06T07:03:43.987Z]   EXT: https://community.marfeel.com/t/legitimate-interest-assessment-on-tcf-string/64405
[2026-03-06T07:03:43.987Z]   EXT: https://community.marfeel.com/t/marfeel-saas-privacy-policy/7500
[2026-03-06T07:03:43.987Z]   EXT: https://comparisons.org/privacy.php
[2026-03-06T07:03:43.987Z]   EXT: https://connatix.com/privacy-policy
[2026-03-06T07:03:43.987Z]   EXT: https://connectad.io/privacy
[2026-03-06T07:03:43.988Z]   EXT: https://connectivityassistant.com/privacy
[2026-03-06T07:03:43.988Z]   EXT: https://connekt.ai/privacy-policy
[2026-03-06T07:03:43.988Z]   EXT: https://console.gamesight.io/privacy-policy
[2026-03-06T07:03:43.988Z]   EXT: https://consumable.com/privacy-policy
[2026-03-06T07:03:43.988Z]   EXT: https://contactimpact.de/privacy
[2026-03-06T07:03:43.988Z]   EXT: https://contactimpact.de/privacy.html#section-3
[2026-03-06T07:03:43.988Z]   EXT: https://converge-digital.com/privacy-policy
[2026-03-06T07:03:43.988Z]   EXT: https://corp.aarki.com/privacy
[2026-03-06T07:03:43.988Z]   EXT: https://corporate.sparteo.com/privacy-policy
[2026-03-06T07:03:43.988Z]   EXT: https://covatic.com/privacy-policy
[2026-03-06T07:03:43.988Z]   EXT: https://cp.tonefuse.com/privacy-policy
[2026-03-06T07:03:43.988Z]   EXT: https://crackle.tech/privacy
[2026-03-06T07:03:43.988Z]   EXT: https://createjs.com/legal/privacy.html
[2026-03-06T07:03:43.988Z]   EXT: https://creatives.magma-ads.com/aftf/privacy-policy
[2026-03-06T07:03:43.988Z]   EXT: https://creatives.no/personvern
[2026-03-06T07:03:43.989Z]   EXT: https://dahq.io/privacy-policy
[2026-03-06T07:03:43.989Z]   EXT: https://danoler.com/danoler-privacy-policy
[2026-03-06T07:03:43.989Z]   EXT: https://datadome.co/privacy-policy
[2026-03-06T07:03:43.989Z]   EXT: https://datadome.co/privacy-policy/#claims
[2026-03-06T07:03:43.989Z]   EXT: https://datamoire.com/privacy-policy.html
[2026-03-06T07:03:43.989Z]   EXT: https://dataseat.com/privacy-policy
[2026-03-06T07:03:43.989Z]   EXT: https://dataservices.bertelsmann.de/privacystatement
[2026-03-06T07:03:43.989Z]   EXT: https://dataxtrade.com/de/privacy.html
[2026-03-06T07:03:43.989Z]   EXT: https://de.f11-ads.com/privacy.php
[2026-03-06T07:03:43.989Z]   EXT: https://decentriq.com/legal/privacy-policy
[2026-03-06T07:03:43.989Z]   EXT: https://definemedia.de/de/datenschutz-conative
[2026-03-06T07:03:43.989Z]   EXT: https://delivered-by-madington.com/dat-privacy-policy/index.html
[2026-03-06T07:03:43.989Z]   EXT: https://deltaprojects.com/data-collection-policy
[2026-03-06T07:03:43.989Z]   EXT: https://demandscience.com/privacy-policy
[2026-03-06T07:03:43.989Z]   EXT: https://developers.bluestack.app/privacy-policy
[2026-03-06T07:03:43.990Z]   EXT: https://developers.kameleoon.com/privacy-and-compliance/data-collection-client-side#data-stored-for-all-visitors
[2026-03-06T07:03:43.990Z]   EXT: https://digitalaudience.io/legal
[2026-03-06T07:03:43.990Z]   EXT: https://digitalmatter.ai/en/privacy-policy
[2026-03-06T07:03:43.990Z]   EXT: https://doceree.com/provider/uk-privacy-policy
[2026-03-06T07:03:43.990Z]   EXT: https://docs.google.com/document/d/1-KCPkySw3Lum1Tco8WmyEMr5F9sQV9nQ/edit
[2026-03-06T07:03:43.990Z]   EXT: https://docs.google.com/document/d/e/2PACX-1vQ2Hz0ETjEy-3B1KAdhFlh8weUp_SrzQ894uiA495OzEx3_zrQdmBijvP_F2UQM0i_NjPAX-b7gZirv/pub
[2026-03-06T07:03:43.990Z]   EXT: https://docs.google.com/spreadsheets/d/1HMrCpWucCJOoWtqRi9AD1W_ylyxPuWInECUzuCg4-UI/edit#gid=0
[2026-03-06T07:03:43.990Z]   EXT: https://doubleverify.com/privacy-notice?tab=solutions-privacy-notice#solutions-privacy-notice
[2026-03-06T07:03:43.990Z]   EXT: https://drive.google.com/drive/u/0/folders/1jU_ut0JtuRoj_a2NhCeEW1EMcI0WS6bu
[2026-03-06T07:03:43.990Z]   EXT: https://dstillery.com/privacy-policy
[2026-03-06T07:03:43.990Z]   EXT: https://dynamic-tracking.com/Datenschutz.aspx
[2026-03-06T07:03:43.990Z]   EXT: https://dynamic-tracking.com/Modules/Common/Kontakt.aspx
[2026-03-06T07:03:43.990Z]   EXT: https://e-volution.ai/privacypolicy
[2026-03-06T07:03:43.990Z]   EXT: https://edge226.com/privacy-policy
[2026-03-06T07:03:43.990Z]   EXT: https://eliteappgrade.com/privacy-policy
[2026-03-06T07:03:43.991Z]   EXT: https://emarketingsolutions.es/privacy-policy/?lang=en
[2026-03-06T07:03:43.991Z]   EXT: https://emodo.com/privacy-policy
[2026-03-06T07:03:43.991Z]   EXT: https://en.betweenx.com/pdata.pdf
[2026-03-06T07:03:43.991Z]   EXT: https://epom.com/privacy-policy
[2026-03-06T07:03:43.991Z]   EXT: https://epsilon.com.pt/politicas-de-privacidade
[2026-03-06T07:03:43.991Z]   EXT: https://equativ.com/privacy-policy
[2026-03-06T07:03:43.991Z]   EXT: https://eris.id/politica-de-privacidad
[2026-03-06T07:03:43.991Z]   EXT: https://escalax.io/legal/privacy-policy
[2026-03-06T07:03:43.991Z]   EXT: https://event.kindred.co/privacy-policy
[2026-03-06T07:03:43.991Z]   EXT: https://evorra.com/product-privacy-policy
[2026-03-06T07:03:43.991Z]   EXT: https://ex.co/privacy-policy
[2026-03-06T07:03:43.991Z]   EXT: https://exactag.com/privacy-policy
[2026-03-06T07:03:43.991Z]   EXT: https://fastad.pro/assets/docx/Legitimate_Interest_Statement_Fastad.docx
[2026-03-06T07:03:43.991Z]   EXT: https://fastad.pro/assets/docx/Privacy_Policy.docx
[2026-03-06T07:03:43.991Z]   EXT: https://feedad.com/privacy
[2026-03-06T07:03:43.992Z]   EXT: https://feedad.com/privacy/#legal-basis
[2026-03-06T07:03:43.992Z]   EXT: https://fifty.io/privacy-policy
[2026-03-06T07:03:43.992Z]   EXT: https://firework.com/legal/privacypolicy
[2026-03-06T07:03:43.992Z]   EXT: https://fouanalytics.com/privacy
[2026-03-06T07:03:43.992Z]   EXT: https://foundryco.com/privacy-policy
[2026-03-06T07:03:43.992Z]   EXT: https://fr.notify-group.com/mentions-legales
[2026-03-06T07:03:43.992Z]   EXT: https://fr.notify-group.com/rgpd
[2026-03-06T07:03:43.992Z]   EXT: https://freestar.com/privacy-policy
[2026-03-06T07:03:43.992Z]   EXT: https://frvr.com/legal#PrivacyPolicy
[2026-03-06T07:03:43.992Z]   EXT: https://funkedigital.de/datenschutzerklaerung
[2026-03-06T07:03:43.992Z]   EXT: https://gameanalytics.com/trust/privacy/privacy-notice
[2026-03-06T07:03:43.992Z]   EXT: https://gdpr.m6tech.net/politique-confidentialite-partenaires-groupeM6.pdf
[2026-03-06T07:03:43.992Z]   EXT: https://geistm.com/legal/privacy
[2026-03-06T07:03:43.992Z]   EXT: https://get.mirando.de/download/gdpr.php
[2026-03-06T07:03:43.993Z]   EXT: https://getmediamx.com/privacy-policy
[2026-03-06T07:03:43.993Z]   EXT: https://getpublica.com/privacy
[2026-03-06T07:03:43.993Z]   EXT: https://global.com/legal/privacy-policy
[2026-03-06T07:03:43.993Z]   EXT: https://go.pl/polityka-prywatnosci
[2026-03-06T07:03:43.993Z]   EXT: https://go.rakutenadvertising.com/hubfs/Services-Privacy-Policy-English.pdf
[2026-03-06T07:03:43.993Z]   EXT: https://goldbach.com/ch/en/privacy-policy/goldbach-group
[2026-03-06T07:03:43.993Z]   EXT: https://good-loop.com/privacy-policy
[2026-03-06T07:03:43.993Z]   EXT: https://growone.sg/static/GDPRPrivacyAddendum.pdf
[2026-03-06T07:03:43.993Z]   EXT: https://growone.sg/static/PrivacyPolicy.pdf
[2026-03-06T07:03:43.993Z]   EXT: https://gumgum.com/terms-and-policies/justpremium-privacy-policy
[2026-03-06T07:03:43.993Z]   EXT: https://gumgum.com/terms-and-policies/privacy-policy
[2026-03-06T07:03:43.993Z]   EXT: https://h5hosting.dbankcdn.com/cch5/PPS/ads/interests/legitimate_interests.htm
[2026-03-06T07:03:43.993Z]   EXT: https://happydemics.com/en/terms_and_conditions
[2026-03-06T07:03:43.994Z]   EXT: https://hashtag-labs.com/privacy-policy.html
[2026-03-06T07:03:43.994Z]   EXT: https://hawk-tech.io/privacy-policy
[2026-03-06T07:03:43.994Z]   EXT: https://haxelo.com/legal/privacy-policy
[2026-03-06T07:03:43.994Z]   EXT: https://heimspiel.de/legal/privacy-policy-iab-vendor
[2026-03-06T07:03:43.994Z]   EXT: https://help.adspirit.de/privacy.php?lang=1
[2026-03-06T07:03:43.994Z]   EXT: https://help.disqus.com/en/articles/1717103-disqus-privacy-policy
[2026-03-06T07:03:43.994Z]   EXT: https://help.netflix.com/legal/privacy
[2026-03-06T07:03:43.994Z]   EXT: https://help.sensic.net/privacypolicy_en.html
[2026-03-06T07:03:43.994Z]   EXT: https://highvibes.media/datenschutz
[2026-03-06T07:03:43.994Z]   EXT: https://highvibes.media/datenschutz/#legitimate-interest
[2026-03-06T07:03:43.994Z]   EXT: https://hivestack.com/privacy-policy
[2026-03-06T07:03:43.994Z]   EXT: https://hopprtv.com/legitimateinterests
[2026-03-06T07:03:43.995Z]   EXT: https://hopprtv.com/privacy-policy
[2026-03-06T07:03:43.995Z]   EXT: https://hybrid.ai/data_protection_policy
[2026-03-06T07:03:43.995Z]   EXT: https://hybridtheory.com/privacy-notice
[2026-03-06T07:03:43.995Z]   EXT: https://hyscore.io/data-privacy
[2026-03-06T07:03:43.995Z]   EXT: https://iabdisclosure.terminusplatform.com/Demand_Science_US_LLC_LIA_v3_Jan_2025.pdf
[2026-03-06T07:03:43.995Z]   EXT: https://id-x.co.il/WebsitePrivacyNotice
[2026-03-06T07:03:43.995Z]   EXT: https://id5.io/platform-privacy-policy
[2026-03-06T07:03:43.995Z]   EXT: https://id5.io/privacy
[2026-03-06T07:03:43.995Z]   EXT: https://imirsive.com/legitimate-interest-claim
[2026-03-06T07:03:43.995Z]   EXT: https://imirsive.com/privacy-policy
[2026-03-06T07:03:43.995Z]   EXT: https://impactify.io/privacy-policy
[2026-03-06T07:03:43.995Z]   EXT: https://impactify.io/privacy-policy/#legal-basis-and-purposes-for-processing
[2026-03-06T07:03:43.995Z]   EXT: https://insights.appsamurai.com/offerwall-privacy-policy
[2026-03-06T07:03:43.996Z]   EXT: https://instytut-pollster.pl/privacy-policy/index.html#en
[2026-03-06T07:03:43.996Z]   EXT: https://integralads.com/ias-privacy-data-management/policies
[2026-03-06T07:03:43.996Z]   EXT: https://integralstream.com/legal/privacy-policy
[2026-03-06T07:03:43.996Z]   EXT: https://intenze.co/legal/privacy-policy
[2026-03-06T07:03:43.996Z]   EXT: https://interactiveperformance.de/kontakt/datenschutz
[2026-03-06T07:03:43.996Z]   EXT: https://iprom.eu/privacy_policy/GDPR
[2026-03-06T07:03:43.996Z]   EXT: https://iqm.com/privacy-policy
[2026-03-06T07:03:43.996Z]   EXT: https://iris.ipsos.com/site-centric-privacy
[2026-03-06T07:03:43.996Z]   EXT: https://iris.ipsos.com/site-centric-privacy/#legitimateInterests
[2026-03-06T07:03:43.996Z]   EXT: https://ividence.com/politique-de-confidentialite
[2026-03-06T07:03:43.996Z]   EXT: https://jakala.es/politica-privacidad
[2026-03-06T07:03:43.996Z]   EXT: https://jivox.com/privacy
[2026-03-06T07:03:43.996Z]   EXT: https://jungroup.com/legitimate-interest
[2026-03-06T07:03:43.996Z]   EXT: https://jungroup.com/privacy-policy
[2026-03-06T07:03:43.996Z]   EXT: https://justtag.com/polityka-prywatnosci
[2026-03-06T07:03:43.997Z]   EXT: https://jwplayer.com/legal/privacy
[2026-03-06T07:03:43.997Z]   EXT: https://kairosfire.com/privacy-policy
[2026-03-06T07:03:43.997Z]   EXT: https://kairosfire.com/term-of-use
[2026-03-06T07:03:43.997Z]   EXT: https://kargo.com/privacy
[2026-03-06T07:03:43.997Z]   EXT: https://kayzen.io/privacy-notice-product
[2026-03-06T07:03:43.997Z]   EXT: https://kerv.ai/privacy-policy
[2026-03-06T07:03:43.997Z]   EXT: https://kidoz.net/privacy-policies
[2026-03-06T07:03:43.997Z]   EXT: https://kidoz.net/privacy-policies#legitimate-interest-claim
[2026-03-06T07:03:43.997Z]   EXT: https://kiosked.com/privacy-policy
[2026-03-06T07:03:43.997Z]   EXT: https://kobler.no/privacy-policy
[2026-03-06T07:03:43.997Z]   EXT: https://koenigsteiner.digital/en/datenschutz
[2026-03-06T07:03:43.997Z]   EXT: https://konodrac.com/privacy-policy
[2026-03-06T07:03:43.997Z]   EXT: https://kontext.so/privacy#legitimate-interest-claim
[2026-03-06T07:03:43.997Z]   EXT: https://krushmedia.com/privacy-policy
[2026-03-06T07:03:43.998Z]   EXT: https://kuantyx.com/privacy-policy
[2026-03-06T07:03:43.998Z]   EXT: https://leadoo.com/privacy-policy
[2026-03-06T07:03:43.998Z]   EXT: https://legal.adjoe.zone/wave/adjoe-data-privacy-latest.html
[2026-03-06T07:03:43.998Z]   EXT: https://legal.adpone.com/privacy-policy
[2026-03-06T07:03:43.998Z]   EXT: https://legal.clickio.com/PrivacyPolicyAdvertising
[2026-03-06T07:03:43.998Z]   EXT: https://legal.dailymotion.com/en/legitimate-interest
[2026-03-06T07:03:43.998Z]   EXT: https://legal.dailymotion.com/en/privacy-policy
[2026-03-06T07:03:43.998Z]   EXT: https://legal.hubspot.com/privacy-policy
[2026-03-06T07:03:43.998Z]   EXT: https://legal.loopme.com/privacy-center#contract-hyartvn1o
[2026-03-06T07:03:43.998Z]   EXT: https://legal.opera.com
[2026-03-06T07:03:43.998Z]   EXT: https://legal.overwolf.com/docs/overwolf/platform/platform-privacy-policy
[2026-03-06T07:03:43.998Z]   EXT: https://legal.poweredbybranch.com/#disco-privacypolicy
[2026-03-06T07:03:43.998Z]   EXT: https://legal.richaudience.com/privacy-policy
[2026-03-06T07:03:43.998Z]   EXT: https://legal.sunmedia.tv/privacy-policy
[2026-03-06T07:03:43.998Z]   EXT: https://legal.trendstream.net/non-panellist_privacy_policy
[2026-03-06T07:03:43.998Z]   EXT: https://legal.yahoo.com/emea/en/yahoo/privacy/index.html
[2026-03-06T07:03:43.999Z]   EXT: https://legal.yahoo.com/emea/en/yahoo/privacy/index.html#section3b
[2026-03-06T07:03:43.999Z]   EXT: https://legal.yahoo.com/ie/en/yahoo/privacy/index.html
[2026-03-06T07:03:43.999Z]   EXT: https://legal.yahoo.com/ie/en/yahoo/privacy/index.html#6-c
[2026-03-06T07:03:43.999Z]   EXT: https://lemmamedia.com/privacy-policy
[2026-03-06T07:03:43.999Z]   EXT: https://lifestreet.com/privacy
[2026-03-06T07:03:43.999Z]   EXT: https://liftoff.ai/privacy-policy
[2026-03-06T07:03:43.999Z]   EXT: https://liftoff.io/privacy-policy
[2026-03-06T07:03:43.999Z]   EXT: https://lightad.com/lia
[2026-03-06T07:03:43.999Z]   EXT: https://lightad.com/privacy-policy
[2026-03-06T07:03:43.999Z]   EXT: https://listonic.com/privacy
[2026-03-06T07:03:43.999Z]   EXT: https://liveintent.com/services-privacy-policy
[2026-03-06T07:03:43.999Z]   EXT: https://liveramp.fr/iab-transparency-consent-framework
[2026-03-06T07:03:43.999Z]   EXT: https://liveramp.uk/privacy/service-privacy-policy
[2026-03-06T07:03:43.999Z]   EXT: https://livewrapped.com/privacy-policy
[2026-03-06T07:03:43.999Z]   EXT: https://logan.ai
[2026-03-06T07:03:43.999Z]   EXT: https://login.rtbmarket.com/gdpr
[2026-03-06T07:03:44.000Z]   EXT: https://lowlaglabs.com/privacy-policy
[2026-03-06T07:03:44.000Z]   EXT: https://luc.id/privacy-policy
[2026-03-06T07:03:44.000Z]   EXT: https://lumen-research.com/privacy
[2026-03-06T07:03:44.000Z]   EXT: https://lunamedia.io/privacy-policy
[2026-03-06T07:03:44.000Z]   EXT: https://luponmedia.com/privacy-policy
[2026-03-06T07:03:44.000Z]   EXT: https://m32connect.com/privacy-consent-management/privacy-cookie-policy
[2026-03-06T07:03:44.000Z]   EXT: https://magellan.ai/privacy
[2026-03-06T07:03:44.000Z]   EXT: https://markappmedia.site/privacy-policy
[2026-03-06T07:03:44.000Z]   EXT: https://mars.media/privacy-policy
[2026-03-06T07:03:44.000Z]   EXT: https://maxetise.net/privacy-policy.html
[2026-03-06T07:03:44.000Z]   EXT: https://media16.tv/privacy-policy
[2026-03-06T07:03:44.000Z]   EXT: https://mediaintelligence.de/privacy-policyeng.do
[2026-03-06T07:03:44.000Z]   EXT: https://mediasmart.io/privacy
[2026-03-06T07:03:44.000Z]   EXT: https://mediatrust.com/privacy-policy-2
[2026-03-06T07:03:44.000Z]   EXT: https://mediaverse.ai/privacy-policy
[2026-03-06T07:03:44.001Z]   EXT: https://memob.com/privacy-policy
[2026-03-06T07:03:44.001Z]   EXT: https://metaxsoft.com/privacy-policy
[2026-03-06T07:03:44.001Z]   EXT: https://mile.tech/legitimate-interest-assessment
[2026-03-06T07:03:44.001Z]   EXT: https://mile.tech/privacy-policy
[2026-03-06T07:03:44.001Z]   EXT: https://mindearth.ai/privacy
[2026-03-06T07:03:44.001Z]   EXT: https://mindlytix.com/html/data_information.html
[2026-03-06T07:03:44.001Z]   EXT: https://mindlytix.com/privacy
[2026-03-06T07:03:44.001Z]   EXT: https://missena.com/privacy
[2026-03-06T07:03:44.001Z]   EXT: https://mobility-ads.de/datenschutz
[2026-03-06T07:03:44.001Z]   EXT: https://mobitech.io/privacy.html
[2026-03-06T07:03:44.001Z]   EXT: https://mobupps.com/pdf/Mobupps_Privacy_policy.pdf
[2026-03-06T07:03:44.001Z]   EXT: https://motorik.io/privacy-policy.html
[2026-03-06T07:03:44.001Z]   EXT: https://mydatawave.com/privacy.html
[2026-03-06T07:03:44.001Z]   EXT: https://mygaru.com/privacy-policy
[2026-03-06T07:03:44.001Z]   EXT: https://nadex.ae/privacy-policy
[2026-03-06T07:03:44.002Z]   EXT: https://nadex.ae/terms-and-conditions
[2026-03-06T07:03:44.002Z]   EXT: https://netzwerk.uppr.de/privacy-policy.do
[2026-03-06T07:03:44.002Z]   EXT: https://neural.one/privacy-policy
[2026-03-06T07:03:44.002Z]   EXT: https://news.vuukle.com/blog/privacy-notice
[2026-03-06T07:03:44.002Z]   EXT: https://nexd.com/privacy-policy
[2026-03-06T07:03:44.002Z]   EXT: https://nexinsight.com.ua/privacy-policy
[2026-03-06T07:03:44.002Z]   EXT: https://next14.com/media/privacy
[2026-03-06T07:03:44.002Z]   EXT: https://nextmillennium.io/privacy-policy
[2026-03-06T07:03:44.002Z]   EXT: https://nexx360.io/en/privacy-policy-and-cookies
[2026-03-06T07:03:44.002Z]   EXT: https://nexxen.com/services-privacy-policy
[2026-03-06T07:03:44.002Z]   EXT: https://nhnace.com/privacy-policy
[2026-03-06T07:03:44.002Z]   EXT: https://ninadata.io/privacy-policy
[2026-03-06T07:03:44.002Z]   EXT: https://nitrouppi.com/privacy-policy
[2026-03-06T07:03:44.002Z]   EXT: https://nodals.ai/privacy-policy
[2026-03-06T07:03:44.003Z]   EXT: https://novatiq.com/privacy-policy
[2026-03-06T07:03:44.003Z]   EXT: https://nrich.io/gdpr-legitimate-interest-assessment-sheet
[2026-03-06T07:03:44.003Z]   EXT: https://nrich.io/privacy-notice
[2026-03-06T07:03:44.003Z]   EXT: https://numberly.com/en/privacy
[2026-03-06T07:03:44.003Z]   EXT: https://o.seznam.cz/personalizace-obsahu-a-reklamy
[2026-03-06T07:03:44.003Z]   EXT: https://oan.pl/internet-advertising-privacy-policy
[2026-03-06T07:03:44.003Z]   EXT: https://odeeo.io/privacy-policy
[2026-03-06T07:03:44.003Z]   EXT: https://okube-attribution.com/en/privacy-policy
[2026-03-06T07:03:44.003Z]   EXT: https://okube-attribution.com/en/privacy-policy/privacy-policy-details-of-the-smartbox-data-source
[2026-03-06T07:03:44.003Z]   EXT: https://olyzon.notion.site/PRIVACY-POLICY-OLYZON-TV-14b2586b2d5f809c9ddafaa86769029d#14b2586b2d5f8065906efeaf3411da8d
[2026-03-06T07:03:44.003Z]   EXT: https://onetech.group/datenschutz-plattform
[2026-03-06T07:03:44.003Z]   EXT: https://onlinemediasolutions.com/privacy-policy
[2026-03-06T07:03:44.003Z]   EXT: https://onnetwork.tv/pp_service_en.php?lang=en
[2026-03-06T07:03:44.003Z]   EXT: https://opinary.com/opt-out
[2026-03-06T07:03:44.004Z]   EXT: https://opinary.com/privacy-policy
[2026-03-06T07:03:44.004Z]   EXT: https://optimanetwork.com/pages/privacy
[2026-03-06T07:03:44.004Z]   EXT: https://option.deepintent.com/userdatarequest
[2026-03-06T07:03:44.004Z]   EXT: https://optoutadvertising.com/legitimate-interest-statement
[2026-03-06T07:03:44.004Z]   EXT: https://optoutadvertising.com/privacy-policy
[2026-03-06T07:03:44.004Z]   EXT: https://orangeclickmedia.com/legitimate-interest-claim
[2026-03-06T07:03:44.004Z]   EXT: https://orangeclickmedia.com/privacy-policy
[2026-03-06T07:03:44.004Z]   EXT: https://osdatasolutions.de/datenschutz
[2026-03-06T07:03:44.004Z]   EXT: https://ouna.ai/privacy
[2026-03-06T07:03:44.004Z]   EXT: https://oursblanc.io/legal-mentions
[2026-03-06T07:03:44.004Z]   EXT: https://outpush.io/privacy-policy
[2026-03-06T07:03:44.004Z]   EXT: https://panxo.ai/legal/legitimate-interest
[2026-03-06T07:03:44.004Z]   EXT: https://panxo.ai/privacy
[2026-03-06T07:03:44.005Z]   EXT: https://partner.idealmedia.io/pages/privacy/en
[2026-03-06T07:03:44.005Z]   EXT: https://pathfinder.viomba.com/privacy-policy
[2026-03-06T07:03:44.005Z]   EXT: https://performmedia.com/privacy-policy
[2026-03-06T07:03:44.005Z]   EXT: https://performmedia.com/privacy-policy/#legitimate-interest
[2026-03-06T07:03:44.005Z]   EXT: https://perion.com/perion-offering-privacy-policy
[2026-03-06T07:03:44.005Z]   EXT: https://permodo.com/de/privacy.html
[2026-03-06T07:03:44.005Z]   EXT: https://permutive.com/privacy
[2026-03-06T07:03:44.005Z]   EXT: https://persona.ly/privacy_dsp
[2026-03-06T07:03:44.005Z]   EXT: https://persona.ly/security
[2026-03-06T07:03:44.005Z]   EXT: https://pexi.nl/privacy-policy
[2026-03-06T07:03:44.005Z]   EXT: https://pgammedia.com/privacy-policy
[2026-03-06T07:03:44.005Z]   EXT: https://pia-advertising.com/privacy-policy
[2026-03-06T07:03:44.005Z]   EXT: https://pixels.ai/privacy-policy
[2026-03-06T07:03:44.005Z]   EXT: https://piximedia.com/privacy/?lang=en
[2026-03-06T07:03:44.006Z]   EXT: https://playable.com/privacy-policy-for-playable-aps
[2026-03-06T07:03:44.006Z]   EXT: https://playdigo.com/home/privacy-policy
[2026-03-06T07:03:44.006Z]   EXT: https://player.pop.co.uk/policy/privacy
[2026-03-06T07:03:44.006Z]   EXT: https://player.pop.co.uk/policy/terms
[2026-03-06T07:03:44.006Z]   EXT: https://playground.xyz/privacy
[2026-03-06T07:03:44.006Z]   EXT: https://playstream.media/gdpr_policy.html
[2026-03-06T07:03:44.006Z]   EXT: https://policies.google.com/privacy#europeanrequirements
[2026-03-06T07:03:44.006Z]   EXT: https://policy.openmobi.pl
[2026-03-06T07:03:44.006Z]   EXT: https://policy.samsungrs.com/consent/eu/nsc/privacy_policy_en.html
[2026-03-06T07:03:44.006Z]   EXT: https://policy.samsungrs.com/consent/eu/nsc/privacy_policy_en.html#gdpr-article
[2026-03-06T07:03:44.006Z]   EXT: https://pontiac.media/privacy-policy
[2026-03-06T07:03:44.006Z]   EXT: https://portal.eu.numbereight.ai/policies-license/#software-privacy-notice
[2026-03-06T07:03:44.006Z]   EXT: https://ppc.buzz/privacy-policy
[2026-03-06T07:03:44.006Z]   EXT: https://preciso.net/privacy
[2026-03-06T07:03:44.006Z]   EXT: https://primo.design/docs/PrivacyPolicyPrimo.html
[2026-03-06T07:03:44.007Z]   EXT: https://privacy-center.sharethrough.com/en/consumer-privacy-notice
[2026-03-06T07:03:44.007Z]   EXT: https://privacy-policy.ringieraxelspringer.pl
[2026-03-06T07:03:44.007Z]   EXT: https://privacy-policy.teads.com
[2026-03-06T07:03:44.007Z]   EXT: https://privacy-policy.teads.com/privacy-policy/european-privacy-notice
[2026-03-06T07:03:44.007Z]   EXT: https://privacy-portal.smartclip.net/en/privacy-policy
[2026-03-06T07:03:44.007Z]   EXT: https://privacy-portal.smartclip.net/tcf/purpose-2-li
[2026-03-06T07:03:44.007Z]   EXT: https://privacy.acuityads.com/corporate-privacy-policy.html
[2026-03-06T07:03:44.007Z]   EXT: https://privacy.adtriba.com
[2026-03-06T07:03:44.007Z]   EXT: https://privacy.audienceproject.com
[2026-03-06T07:03:44.007Z]   EXT: https://privacy.audienceproject.com/en-GB/for-users/privacy-policy#transparency-and-consent-framework-tcf
[2026-03-06T07:03:44.007Z]   EXT: https://privacy.basis.net
[2026-03-06T07:03:44.007Z]   EXT: https://privacy.basis.net/#gdpr
[2026-03-06T07:03:44.007Z]   EXT: https://privacy.createwithnova.io
[2026-03-06T07:03:44.007Z]   EXT: https://privacy.hurra.com/tcf
[2026-03-06T07:03:44.007Z]   EXT: https://privacy.microsoft.com/en-US/privacystatement/#mainpersonaldatawecollect_LongDescription
[2026-03-06T07:03:44.007Z]   EXT: https://privacy.microsoft.com/privacystatement
[2026-03-06T07:03:44.008Z]   EXT: https://privacy.ogury.com
[2026-03-06T07:03:44.008Z]   EXT: https://privacy.opt-me-in.com
[2026-03-06T07:03:44.008Z]   EXT: https://privacy.timeonegroup.com
[2026-03-06T07:03:44.008Z]   EXT: https://privacy.webads.eu
[2026-03-06T07:03:44.008Z]   EXT: https://projectagora.com/privacy-policy
[2026-03-06T07:03:44.008Z]   EXT: https://proxi.cloud/polityka-prywatnosci
[2026-03-06T07:03:44.008Z]   EXT: https://pubfinity.com/privacy-policy
[2026-03-06T07:03:44.008Z]   EXT: https://publicgood.com/privacy-policy
[2026-03-06T07:03:44.008Z]   EXT: https://publuence.com/en/privacy-policy
[2026-03-06T07:03:44.008Z]   EXT: https://pubmatic.com/legal/privacy
[2026-03-06T07:03:44.008Z]   EXT: https://pubnative.net/privacy-notice
[2026-03-06T07:03:44.008Z]   EXT: https://pubstack.io/legal-mentions
[2026-03-06T07:03:44.008Z]   EXT: https://pubx.ai/privacy
[2026-03-06T07:03:44.008Z]   EXT: https://pulsepoint.com/legal/platform-privacy-policy
[2026-03-06T07:03:44.008Z]   EXT: https://quantyoo.de/datenschutz
[2026-03-06T07:03:44.008Z]   EXT: https://quartermedia.de/daten
[2026-03-06T07:03:44.008Z]   EXT: https://questpass.io/en/terms/privacy-policy
[2026-03-06T07:03:44.009Z]   EXT: https://r2b2.io/privacy-policy
[2026-03-06T07:03:44.009Z]   EXT: https://rakutenadvertising.com/legal-notices/services-privacy-policy
[2026-03-06T07:03:44.009Z]   EXT: https://recreativ.com/policy
[2026-03-06T07:03:44.009Z]   EXT: https://recreativ.com/policy#consent
[2026-03-06T07:03:44.009Z]   EXT: https://redmob.io/privacy-policy
[2026-03-06T07:03:44.009Z]   EXT: https://refinery89.com/privacy-policy
[2026-03-06T07:03:44.009Z]   EXT: https://related.hu/en/privacy-policy
[2026-03-06T07:03:44.009Z]   EXT: https://relay42.com/privacy
[2026-03-06T07:03:44.009Z]   EXT: https://remailme.fr/politique-confidentialite
[2026-03-06T07:03:44.009Z]   EXT: https://resetdigital.co/policies.html
[2026-03-06T07:03:44.009Z]   EXT: https://reso.no/privacy-policy
[2026-03-06T07:03:44.009Z]   EXT: https://responsiveads.com/privacy-policy
[2026-03-06T07:03:44.009Z]   EXT: https://revx.io/privacy-policy
[2026-03-06T07:03:44.009Z]   EXT: https://rgpd-smartclip.com
[2026-03-06T07:03:44.009Z]   EXT: https://risecodes.com/video-advertisement-player-privacy-policy
[2026-03-06T07:03:44.010Z]   EXT: https://risecodes.com/wp-content/uploads/2024/01/Legitimate-Interests-Assessment-Online-Advertising.pdf
[2026-03-06T07:03:44.010Z]   EXT: https://rms.de/datenschutz
[2026-03-06T07:03:44.010Z]   EXT: https://robust-apps.com/privacy-policy
[2026-03-06T07:03:44.010Z]   EXT: https://roivenue.com/wp-content/uploads/2024/02/Privacy-Policy-Roivenue.pdf
[2026-03-06T07:03:44.010Z]   EXT: https://rtbwise.com/privacy-policy.html
[2026-03-06T07:03:44.010Z]   EXT: https://s.on-device.com/privacyPolicy
[2026-03-06T07:03:44.010Z]   EXT: https://s3-eu-west-1.amazonaws.com/public-legal-docs.offerista/offerista/en/privacy.html
[2026-03-06T07:03:44.010Z]   EXT: https://s42464.pcdn.co/wp-content/uploads/2025/09/Viant-Ad-Platform-Privacy-Policy-September-2025.pdf
[2026-03-06T07:03:44.010Z]   EXT: https://saharmedia.net/privacy-policy
[2026-03-06T07:03:44.010Z]   EXT: https://samba.tv/users/privacy-policy?lang=en
[2026-03-06T07:03:44.010Z]   EXT: https://samba.tv/users/privacy-policy?lang=en#sec-11
[2026-03-06T07:03:44.010Z]   EXT: https://samhub.io/privacy-center/privacy-policy
[2026-03-06T07:03:44.010Z]   EXT: https://score-media.de/datenschutzerklaerung
[2026-03-06T07:03:44.010Z]   EXT: https://screencore.io/privacy-policy
[2026-03-06T07:03:44.011Z]   EXT: https://screenondemand.de/datenschutz-sod-produkte
[2026-03-06T07:03:44.011Z]   EXT: https://screenondemand.de/datenschutzerklaerung
[2026-03-06T07:03:44.011Z]   EXT: https://seeding-alliance.de/datenschutz
[2026-03-06T07:03:44.011Z]   EXT: https://seenthis.co/privacypolicy
[2026-03-06T07:03:44.011Z]   EXT: https://service.dpa-infocom.de/de/support/solutions/articles/202000032830-informationen-zum-datenschutz-f%C3%BCr-die-user-unserer-kunden
[2026-03-06T07:03:44.011Z]   EXT: https://service.dpa-infocom.de/de/support/solutions/articles/202000032831-verfahrensbeschreibung-zur-datenverarbeitung-f%C3%BCr-kunden-diverser-content-produkte-der-dpa-infocom-gmb
[2026-03-06T07:03:44.011Z]   EXT: https://setupad.com/privacy-policy
[2026-03-06T07:03:44.011Z]   EXT: https://sevio.com/privacy-policy
[2026-03-06T07:03:44.011Z]   EXT: https://sfbx.io/en/politique-de-confidentialite
[2026-03-06T07:03:44.011Z]   EXT: https://sharethis.com/privacy
[2026-03-06T07:03:44.011Z]   EXT: https://showheroes.atlassian.net/l/cp/2TD1qus0
[2026-03-06T07:03:44.011Z]   EXT: https://showheroes.com/privacy-policy
[2026-03-06T07:03:44.011Z]   EXT: https://silvermob.com/privacy
[2026-03-06T07:03:44.011Z]   EXT: https://simpli.fi/site-privacy-policy
[2026-03-06T07:03:44.011Z]   EXT: https://singularads.com/policy
[2026-03-06T07:03:44.011Z]   EXT: https://sipo-inc.com/privacy-policy
[2026-03-06T07:03:44.012Z]   EXT: https://site.adform.com/privacy-center/platform-privacy/product-and-services-privacy-policy
[2026-03-06T07:03:44.012Z]   EXT: https://site.adform.com/privacy-center/platform-privacy/transparency-and-consent-framework-tcf-compliance/legitimate-interest-at-stake
[2026-03-06T07:03:44.012Z]   EXT: https://site.msi-aci.com/Home/Privacy
[2026-03-06T07:03:44.012Z]   EXT: https://sk.search.etargetnet.com/legitimate-interest.html
[2026-03-06T07:03:44.012Z]   EXT: https://sk.search.etargetnet.com/policy.html
[2026-03-06T07:03:44.012Z]   EXT: https://skimlinks.com/privacy-policies
[2026-03-06T07:03:44.012Z]   EXT: https://smadex.com/privacy-policy
[2026-03-06T07:03:44.012Z]   EXT: https://smartyads.com/privacy-policy
[2026-03-06T07:03:44.012Z]   EXT: https://socialperf.com/politique-de-confidentialite
[2026-03-06T07:03:44.012Z]   EXT: https://solution.coupons/privacy
[2026-03-06T07:03:44.012Z]   EXT: https://somplo.com/privacy-policy
[2026-03-06T07:03:44.012Z]   EXT: https://sonares.org/en/datenschutz
[2026-03-06T07:03:44.012Z]   EXT: https://sonobi.com/privacy-policy
[2026-03-06T07:03:44.012Z]   EXT: https://soundcast.io/data-privacy
[2026-03-06T07:03:44.012Z]   EXT: https://soundstack.com/privacy
[2026-03-06T07:03:44.012Z]   EXT: https://soundstack.com/tcf/legitimate-interest-claim
[2026-03-06T07:03:44.013Z]   EXT: https://spicymobile.pl/polityka-prywatnosci
[2026-03-06T07:03:44.013Z]   EXT: https://spinx.io/privacy-policy
[2026-03-06T07:03:44.013Z]   EXT: https://splashandroll.com/privacy-policy
[2026-03-06T07:03:44.013Z]   EXT: https://splicky.com/en/legitimate-interests
[2026-03-06T07:03:44.013Z]   EXT: https://splicky.com/en/privacy-policy
[2026-03-06T07:03:44.013Z]   EXT: https://sqreemtech.com/privacy
[2026-03-06T07:03:44.013Z]   EXT: https://squidapp.co/privacy-policy-2
[2026-03-06T07:03:44.013Z]   EXT: https://ssmas.com/privacy-policy
[2026-03-06T07:03:44.013Z]   EXT: https://ssmas.com/privacy-policy#interest
[2026-03-06T07:03:44.013Z]   EXT: https://static.gamedistribution.com/policy/privacy-enduser.html
[2026-03-06T07:03:44.013Z]   EXT: https://static.onefootball.com/legal/consumer-web-privacy-policy/en
[2026-03-06T07:03:44.013Z]   EXT: https://studio.nws.ai/privacy
[2026-03-06T07:03:44.013Z]   EXT: https://subserohost.com/privacy_policy.aspx
[2026-03-06T07:03:44.013Z]   EXT: https://subserohost.com/privacy_policy.aspx#datacoll_legitimateinterest
[2026-03-06T07:03:44.013Z]   EXT: https://sunday.market/privacypolicy.html
[2026-03-06T07:03:44.013Z]   EXT: https://support.bluebillywig.com/cookies/legitimate-interest-disclosure-statement
[2026-03-06T07:03:44.013Z]   EXT: https://tacticrealtime.com/privacy
[2026-03-06T07:03:44.013Z]   EXT: https://tacticrealtime.com/privacy/dsar
[2026-03-06T07:03:44.014Z]   EXT: https://tagoras.io/privacy
[2026-03-06T07:03:44.014Z]   EXT: https://target-video.com/privacy-policy
[2026-03-06T07:03:44.014Z]   EXT: https://targeting360.de/datenschutz
[2026-03-06T07:03:44.014Z]   EXT: https://targeting360.de/datenschutz-tcf
[2026-03-06T07:03:44.014Z]   EXT: https://taurusx.com/legitimate-interest-claim.html
[2026-03-06T07:03:44.014Z]   EXT: https://taurusx.com/privacy-policy.html
[2026-03-06T07:03:44.014Z]   EXT: https://telekom.de/datenschutzhinweise
[2026-03-06T07:03:44.014Z]   EXT: https://terms.podscribe.com/LIAs.pdf
[2026-03-06T07:03:44.014Z]   EXT: https://tf1pub.fr/politique-de-protection-des-donnees-partenaires-data
[2026-03-06T07:03:44.014Z]   EXT: https://theadex.com/privacy-opt-out
[2026-03-06T07:03:44.014Z]   EXT: https://theadgroup.com/privacy-statement
[2026-03-06T07:03:44.014Z]   EXT: https://theadgroup.com/terms-of-services
[2026-03-06T07:03:44.014Z]   EXT: https://theadwatch.com/iab-and-tcf
[2026-03-06T07:03:44.014Z]   EXT: https://theadwatch.com/privacy-policy
[2026-03-06T07:03:44.014Z]   EXT: https://themobian.com/privacy
[2026-03-06T07:03:44.014Z]   EXT: https://theneuron.com/privacy-policy-2
[2026-03-06T07:03:44.015Z]   EXT: https://thenexusengine.io/legitimate-interest-assessment
[2026-03-06T07:03:44.015Z]   EXT: https://thenexusengine.io/privacy
[2026-03-06T07:03:44.015Z]   EXT: https://threedium.io/privacy
[2026-03-06T07:03:44.015Z]   EXT: https://timetogrow.io/legitimate-interest-statement.html
[2026-03-06T07:03:44.015Z]   EXT: https://timetogrow.io/privacy-policy.html
[2026-03-06T07:03:44.015Z]   EXT: https://trck.easy-m.de/privacy-policy.do
[2026-03-06T07:03:44.015Z]   EXT: https://tredio.io/#contact
[2026-03-06T07:03:44.015Z]   EXT: https://tredio.io/privacy-policy
[2026-03-06T07:03:44.015Z]   EXT: https://trg.de/en/privacy-statement
[2026-03-06T07:03:44.015Z]   EXT: https://tri-table.com/polityka-prywatnosci
[2026-03-06T07:03:44.015Z]   EXT: https://triplelift.com/platform-privacy-policy#legalbasisofprocessing
[2026-03-06T07:03:44.015Z]   EXT: https://triplelift.com/privacy
[2026-03-06T07:03:44.015Z]   EXT: https://trueffect.com/privacy-policy
[2026-03-06T07:03:44.015Z]   EXT: https://trustedstack.com/privacy-policy
[2026-03-06T07:03:44.016Z]   EXT: https://trustedstack.com/privacy-policy/#legitimate-interest
[2026-03-06T07:03:44.016Z]   EXT: https://truvid.com/privacy-policy
[2026-03-06T07:03:44.016Z]   EXT: https://tunnl.com/legitimate-interest
[2026-03-06T07:03:44.016Z]   EXT: https://tunnl.com/privacy-policy
[2026-03-06T07:03:44.016Z]   EXT: https://tx.group/data-privacy-policy-information-about-tx-data-offers
[2026-03-06T07:03:44.016Z]   EXT: https://tx.group/privacy-policy/#process_personal_data
[2026-03-06T07:03:44.016Z]   EXT: https://unboundedsource.com/en/privacy-ad
[2026-03-06T07:03:44.016Z]   EXT: https://underdogmedia.com/privacy
[2026-03-06T07:03:44.016Z]   EXT: https://uzerly.fr/terms-and-conditions
[2026-03-06T07:03:44.016Z]   EXT: https://valuad.io/privacy-policy
[2026-03-06T07:03:44.016Z]   EXT: https://vdx.tv/privacy
[2026-03-06T07:03:44.016Z]   EXT: https://veepee-ad.com/en/politique-confidentialit%C3%A9-activit%C3%A9-publicitaire
[2026-03-06T07:03:44.016Z]   EXT: https://velonium.com/privacy-policy
[2026-03-06T07:03:44.016Z]   EXT: https://verasity.io/privacy
[2026-03-06T07:03:44.016Z]   EXT: https://veraviews.com/privacy_policy
[2026-03-06T07:03:44.017Z]   EXT: https://veraviews.com/privacy_policy#how-we-use-your-personal-data
[2026-03-06T07:03:44.017Z]   EXT: https://verve.com/dsp-cookies-privacy
[2026-03-06T07:03:44.017Z]   EXT: https://verve.com/product-privacy-policies
[2026-03-06T07:03:44.017Z]   EXT: https://verve.com/website-privacy-policy
[2026-03-06T07:03:44.017Z]   EXT: https://viads.com/policy
[2026-03-06T07:03:44.017Z]   EXT: https://viafoura.com/privacy-policy
[2026-03-06T07:03:44.017Z]   EXT: https://videoshakers.tv/privacy-policy
[2026-03-06T07:03:44.017Z]   EXT: https://videoshakers.tv/terms-of-service
[2026-03-06T07:03:44.017Z]   EXT: https://vidoomy.com/privacy-policy-en.html
[2026-03-06T07:03:44.017Z]   EXT: https://vidverto.io/privacy-policy
[2026-03-06T07:03:44.017Z]   EXT: https://vidverto.io/privacy-policy/#interest
[2026-03-06T07:03:44.017Z]   EXT: https://vimeo.com/cookie_policy
[2026-03-06T07:03:44.017Z]   EXT: https://virtualminds.com/platform-privacy-policy
[2026-03-06T07:03:44.017Z]   EXT: https://vistars.ai/privacy-policy
[2026-03-06T07:03:44.017Z]   EXT: https://viznet.tv/privacy-policy-2
[2026-03-06T07:03:44.017Z]   EXT: https://vrtcal.com/docs/PrivacyPolicy-Advertising.pdf
[2026-03-06T07:03:44.018Z]   EXT: https://vudoo.com/privacy-policy
[2026-03-06T07:03:44.018Z]   EXT: https://weare.kueez.com/legal-center/privacy-policy
[2026-03-06T07:03:44.018Z]   EXT: https://wearesilverbullet.com/privacy-policy
[2026-03-06T07:03:44.018Z]   EXT: https://wearestamp.com/privacy
[2026-03-06T07:03:44.018Z]   EXT: https://weborama.com/en/privacy-2
[2026-03-06T07:03:44.018Z]   EXT: https://weborama.com/en/privacy-2/#legitimate-interest
[2026-03-06T07:03:44.018Z]   EXT: https://wemass.com/en/privacy
[2026-03-06T07:03:44.018Z]   EXT: https://www.1plusx.com/privacy-policy
[2026-03-06T07:03:44.018Z]   EXT: https://www.33across.co.uk/privacy-policy
[2026-03-06T07:03:44.018Z]   EXT: https://www.366.fr/politique-de-confidentialite-de-la-regie
[2026-03-06T07:03:44.018Z]   EXT: https://www.7pass.de/psdd/datenschutzbestimmungen-cdb.html
[2026-03-06T07:03:44.018Z]   EXT: https://www.8pod.com/privacy-policy
[2026-03-06T07:03:44.018Z]   EXT: https://www.9dotsmedia.com/privacy
[2026-03-06T07:03:44.018Z]   EXT: https://www.abcsinsights.com/privacy/ad-measurement
[2026-03-06T07:03:44.018Z]   EXT: https://www.accenture.com/de-de/support/company-cookies-similar-technology
[2026-03-06T07:03:44.018Z]   EXT: https://www.accountinsight.ai/privacy-policy
[2026-03-06T07:03:44.018Z]   EXT: https://www.accountinsight.ai/privacy-policy/#IP_Processing
[2026-03-06T07:03:44.019Z]   EXT: https://www.accurat.ai/legal/legitimate-interest
[2026-03-06T07:03:44.019Z]   EXT: https://www.accurat.ai/legal/privacy-centre
[2026-03-06T07:03:44.019Z]   EXT: https://www.acxiom.com/privacy/gdpr
[2026-03-06T07:03:44.019Z]   EXT: https://www.ad-alliance.de/datenschutz
[2026-03-06T07:03:44.019Z]   EXT: https://www.ad-shield.io/privacy-policy
[2026-03-06T07:03:44.019Z]   EXT: https://www.ad6media.fr/privacy
[2026-03-06T07:03:44.019Z]   EXT: https://www.adasta.it/en/legitimate-interest-assessment
[2026-03-06T07:03:44.019Z]   EXT: https://www.adasta.it/en/publisher-cookie-policy
[2026-03-06T07:03:44.019Z]   EXT: https://www.adbility-media.com/datenschutz
[2026-03-06T07:03:44.019Z]   EXT: https://www.adbro.com/privacy/advertising-privacy-policy
[2026-03-06T07:03:44.019Z]   EXT: https://www.adcell.de/agb#sector_6
[2026-03-06T07:03:44.019Z]   EXT: https://www.adcell.de/datenschutz
[2026-03-06T07:03:44.019Z]   EXT: https://www.addefend.com/en/privacy-policy
[2026-03-06T07:03:44.019Z]   EXT: https://www.adfixus.com/platform-privacy-policy
[2026-03-06T07:03:44.019Z]   EXT: https://www.adikteev.com/privacy
[2026-03-06T07:03:44.019Z]   EXT: https://www.adikteev.com/privacy-policy-app-users
[2026-03-06T07:03:44.019Z]   EXT: https://www.adinmo.com/privacy-policy
[2026-03-06T07:03:44.020Z]   EXT: https://www.aditude.com/privacy
[2026-03-06T07:03:44.020Z]   EXT: https://www.adlayer.se/cloudprivacy
[2026-03-06T07:03:44.020Z]   EXT: https://www.adlayer.se/legitimate-interest
[2026-03-06T07:03:44.020Z]   EXT: https://www.adloox.com/legal/privacy-policy
[2026-03-06T07:03:44.020Z]   EXT: https://www.adman.gr/privacy
[2026-03-06T07:03:44.020Z]   EXT: https://www.admaster.cc/privacy
[2026-03-06T07:03:44.020Z]   EXT: https://www.admedo.com/privacy-policy
[2026-03-06T07:03:44.020Z]   EXT: https://www.adnami.io/privacy-policy-services
[2026-03-06T07:03:44.020Z]   EXT: https://www.adobe.com/privacy/experience-cloud.html
[2026-03-06T07:03:44.020Z]   EXT: https://www.adobe.com/privacy/policy.html
[2026-03-06T07:03:44.020Z]   EXT: https://www.adprime.com/privacy-policy
[2026-03-06T07:03:44.020Z]   EXT: https://www.adrule.net/de/datenschutz
[2026-03-06T07:03:44.020Z]   EXT: https://www.adswizz.com/platform-policy
[2026-03-06T07:03:44.020Z]   EXT: https://www.adswizz.com/privacy-policy
[2026-03-06T07:03:44.020Z]   EXT: https://www.adtiming.com/en/privacypolicy.html
[2026-03-06T07:03:44.021Z]   EXT: https://www.adtonos.com/privacy-policy
[2026-03-06T07:03:44.021Z]   EXT: https://www.adtron.io/privacy-policy
[2026-03-06T07:03:44.021Z]   EXT: https://www.adup-tech.com/en/privacy-policy
[2026-03-06T07:03:44.021Z]   EXT: https://www.adup-tech.com/en/privacy-policy/#c4489
[2026-03-06T07:03:44.021Z]   EXT: https://www.adux.co/en/personal-data
[2026-03-06T07:03:44.021Z]   EXT: https://www.advanced-store.com/en/data-privacy
[2026-03-06T07:03:44.021Z]   EXT: https://www.adventori.com/fr/rgpd
[2026-03-06T07:03:44.021Z]   EXT: https://www.adview.com/policy/privacy
[2026-03-06T07:03:44.021Z]   EXT: https://www.advisible.com/legal/legitimate-interest-assessment
[2026-03-06T07:03:44.021Z]   EXT: https://www.advisible.com/privacy
[2026-03-06T07:03:44.021Z]   EXT: https://www.advolve.io
[2026-03-06T07:03:44.021Z]   EXT: https://www.advolve.io/privacy
[2026-03-06T07:03:44.021Z]   EXT: https://www.adyoulike.com/pages/privacy_en.php
[2026-03-06T07:03:44.021Z]   EXT: https://www.adzymic.co/privacy
[2026-03-06T07:03:44.021Z]   EXT: https://www.agma-mmc.de/datenschutz
[2026-03-06T07:03:44.022Z]   EXT: https://www.airtory.com/privacy-policy
[2026-03-06T07:03:44.022Z]   EXT: https://www.algorix.co/privacy-policy
[2026-03-06T07:03:44.022Z]   EXT: https://www.algorix.co/privacy-policy/#section-3-3
[2026-03-06T07:03:44.022Z]   EXT: https://www.alketech.eu/privacy-policy-analytics
[2026-03-06T07:03:44.022Z]   EXT: https://www.alkimi.org/privacy-policy
[2026-03-06T07:03:44.022Z]   EXT: https://www.alliancegravity.com/politiquedeprotectiondesdonneespersonnelles
[2026-03-06T07:03:44.022Z]   EXT: https://www.allmediadesk.com/en/legal-information
[2026-03-06T07:03:44.022Z]   EXT: https://www.amadeus-hospitality.com/ta-product-privacy-notice
[2026-03-06T07:03:44.022Z]   EXT: https://www.amagi.com/service-privacy-policy
[2026-03-06T07:03:44.022Z]   EXT: https://www.amazon.co.uk/gp/help/customer/display.html?nodeId=201909010
[2026-03-06T07:03:44.022Z]   EXT: https://www.amazon.co.uk/gp/help/customer/display.html?nodeId=201909010#GUID-A440AA65-7F7E-4134-8FA8-842156F43EEE__SECTION_9E24D5FE5F4041028B4C2F9EDD690457
[2026-03-06T07:03:44.022Z]   EXT: https://www.amillionads.com/privacy-policy
[2026-03-06T07:03:44.022Z]   EXT: https://www.amplifiedintelligence.com.au/privacy-policy
[2026-03-06T07:03:44.022Z]   EXT: https://www.amprev.com/privacy
[2026-03-06T07:03:44.022Z]   EXT: https://www.aniview.com/privacy-policy
[2026-03-06T07:03:44.023Z]   EXT: https://www.anonymised.io/privacy
[2026-03-06T07:03:44.023Z]   EXT: https://www.anteriad.com/privacy-policy
[2026-03-06T07:03:44.023Z]   EXT: https://www.antvoice.com/en/privacy-policy
[2026-03-06T07:03:44.023Z]   EXT: https://www.anzu.io/privacy-policy
[2026-03-06T07:03:44.023Z]   EXT: https://www.appier.com/en/about/privacy-policy
[2026-03-06T07:03:44.023Z]   EXT: https://www.applovin.com/privacy
[2026-03-06T07:03:44.023Z]   EXT: https://www.arcanor.com/privacy
[2026-03-06T07:03:44.023Z]   EXT: https://www.arcspan.com/privacy-policy
[2026-03-06T07:03:44.023Z]   EXT: https://www.arpeely.com/privacy
[2026-03-06T07:03:44.023Z]   EXT: https://www.arrivalist.com/privacy
[2026-03-06T07:03:44.023Z]   EXT: https://www.aryel.io/legitimate-interest-adv
[2026-03-06T07:03:44.023Z]   EXT: https://www.aryel.io/privacy-policy-adv
[2026-03-06T07:03:44.023Z]   EXT: https://www.aspiegel.com/agreement/scope/huawei/ads/privacy-statement/eu_b0_20240514_6/priweb/privacy-statement.htm
[2026-03-06T07:03:44.023Z]   EXT: https://www.audiencerate.com/privacy
[2026-03-06T07:03:44.024Z]   EXT: https://www.audiencerun.com/privacy-policy
[2026-03-06T07:03:44.024Z]   EXT: https://www.audienzz.ch/datenschutz
[2026-03-06T07:03:44.024Z]   EXT: https://www.audiomob.com/privacy
[2026-03-06T07:03:44.024Z]   EXT: https://www.audion.fm/privacy-policy
[2026-03-06T07:03:44.024Z]   EXT: https://www.awin.com/gb/privacy
[2026-03-06T07:03:44.024Z]   EXT: https://www.axate.com/privacy-policy
[2026-03-06T07:03:44.024Z]   EXT: https://www.b2bmg.com/en/data-privacy
[2026-03-06T07:03:44.024Z]   EXT: https://www.bankaustria.at/rechtliches-datenschutz.jsp
[2026-03-06T07:03:44.024Z]   EXT: https://www.bankaustria.at/rechtliches-datenschutz.jsp#tab26059
[2026-03-06T07:03:44.024Z]   EXT: https://www.bannerflow.com/privacy
[2026-03-06T07:03:44.024Z]   EXT: https://www.bcovery.com/legitimate-interest-claim.html
[2026-03-06T07:03:44.024Z]   EXT: https://www.bcovery.com/politique-de-confidentialite.html
[2026-03-06T07:03:44.024Z]   EXT: https://www.beeswax.com/privacy
[2026-03-06T07:03:44.024Z]   EXT: https://www.beintoo.com/privacy-cookie-policy
[2026-03-06T07:03:44.024Z]   EXT: https://www.bet365partners.com/en/privacypolicy
[2026-03-06T07:03:44.024Z]   EXT: https://www.bidberrymedia.com/service-privacy-policy
[2026-03-06T07:03:44.025Z]   EXT: https://www.bidswitch.com/privacy-policy
[2026-03-06T07:03:44.025Z]   EXT: https://www.bidtellect.com/privacy-policy
[2026-03-06T07:03:44.025Z]   EXT: https://www.bigossp.com/agreement/privacyPolicy?v=v1.2.0
[2026-03-06T07:03:44.025Z]   EXT: https://www.bluebillywig.com/privacy-statement
[2026-03-06T07:03:44.025Z]   EXT: https://www.blueseasx.com/policy.html
[2026-03-06T07:03:44.025Z]   EXT: https://www.booking.com/content/privacy.en-gb.html
[2026-03-06T07:03:44.025Z]   EXT: https://www.brame.io/legitimate-interest
[2026-03-06T07:03:44.025Z]   EXT: https://www.brame.io/privacy-policy
[2026-03-06T07:03:44.025Z]   EXT: https://www.bsmartdata.com/en/privacy
[2026-03-06T07:03:44.025Z]   EXT: https://www.bstage.io/pages/legitimate-interest
[2026-03-06T07:03:44.025Z]   EXT: https://www.bstage.io/pages/privacy-policy
[2026-03-06T07:03:44.026Z]   EXT: https://www.bucksense.com
[2026-03-06T07:03:44.026Z]   EXT: https://www.bucksense.com/platform-privacy-policy
[2026-03-06T07:03:44.026Z]   EXT: https://www.bucoup.com/privacy/privacypolicy.html
[2026-03-06T07:03:44.026Z]   EXT: https://www.c3metrics.com/privacy-policy
[2026-03-06T07:03:44.026Z]   EXT: https://www.captifytechnologies.com/privacy-notice
[2026-03-06T07:03:44.026Z]   EXT: https://www.carambola.com/privacypolicy
[2026-03-06T07:03:44.026Z]   EXT: https://www.caroda.io/privacy-statement
[2026-03-06T07:03:44.026Z]   EXT: https://www.cavai.com/privacy-policy
[2026-03-06T07:03:44.026Z]   EXT: https://www.celtra.com/privacy
[2026-03-06T07:03:44.026Z]   EXT: https://www.channel99.com/privacy-policy
[2026-03-06T07:03:44.026Z]   EXT: https://www.cint.com/participant-privacy-notice
[2026-03-06T07:03:44.026Z]   EXT: https://www.citiservimedia.com/politica-de-privacidad-plataforma-citiservimedia
[2026-03-06T07:03:44.026Z]   EXT: https://www.citiservimedia.com/politica-de-privacidad-plataforma-citiservimedia/#legitimate-interest
[2026-03-06T07:03:44.027Z]   EXT: https://www.cleartrust.cc/legitimate-interest
[2026-03-06T07:03:44.027Z]   EXT: https://www.click-performance.com/datenschutz
[2026-03-06T07:03:44.027Z]   EXT: https://www.clickagy.com/privacy
[2026-03-06T07:03:44.027Z]   EXT: https://www.clickintext.com/about/charte-rgpd.php
[2026-03-06T07:03:44.027Z]   EXT: https://www.clickonometrics.com/optout/en.html
[2026-03-06T07:03:44.027Z]   EXT: https://www.clipflip.video/data-privacy
[2026-03-06T07:03:44.027Z]   EXT: https://www.clipr.co/privacy-terms
[2026-03-06T07:03:44.027Z]   EXT: https://www.cloudflare.com/security-policy
[2026-03-06T07:03:44.027Z]   EXT: https://www.cloudtechnologies.pl/en/internet-advertising-privacy-policy
[2026-03-06T07:03:44.027Z]   EXT: https://www.cloudx.io/privacy-policy
[2026-03-06T07:03:44.027Z]   EXT: https://www.cnd-motionmedia.de/media/pdf/datenschutz_b2b.pdf
[2026-03-06T07:03:44.027Z]   EXT: https://www.commandersact.com/en/privacy
[2026-03-06T07:03:44.027Z]   EXT: https://www.communicationads.net/de-de/ueberuns/datenschutz
[2026-03-06T07:03:44.028Z]   EXT: https://www.conceptx.com/privacy
[2026-03-06T07:03:44.028Z]   EXT: https://www.confiant.com/privacy
[2026-03-06T07:03:44.028Z]   EXT: https://www.congstar.de/datenschutz
[2026-03-06T07:03:44.028Z]   EXT: https://www.connected-stories.com/legitimate-interest-claim
[2026-03-06T07:03:44.028Z]   EXT: https://www.connected-stories.com/privacy-statement
[2026-03-06T07:03:44.028Z]   EXT: https://www.contentexchange.me/privacy-policy
[2026-03-06T07:03:44.028Z]   EXT: https://www.contentignite.com/privacy-policy
[2026-03-06T07:03:44.028Z]   EXT: https://www.contimo.io/privacy-policy
[2026-03-06T07:03:44.028Z]   EXT: https://www.cookiebot.com
[2026-03-06T07:03:44.028Z]   EXT: https://www.cookiebot.com/en/what-is-behind-powered-by-cookiebot/?utm_source=banner_cb&utm_medium=referral&utm_content=v2
[2026-03-06T07:03:44.028Z]   EXT: https://www.cookiebot.com/goto/privacy-policy
[2026-03-06T07:03:44.028Z]   EXT: https://www.copegroup.com/datenschutzerklaerung-vermarktung
[2026-03-06T07:03:44.028Z]   EXT: https://www.copper6.com/privacy
[2026-03-06T07:03:44.028Z]   EXT: https://www.cpex.cz/pro-uzivatele/ochrana-soukromi
[2026-03-06T07:03:44.028Z]   EXT: https://www.creatopy.com/legal-information/privacy-policy
[2026-03-06T07:03:44.029Z]   EXT: https://www.crimtan.com/privacy-policy
[2026-03-06T07:03:44.029Z]   EXT: https://www.criteo.com/privacy
[2026-03-06T07:03:44.029Z]   EXT: https://www.criteo.com/privacy/how-we-use-your-data
[2026-03-06T07:03:44.029Z]   EXT: https://www.crossvertise.com/rechtliches/datenschutz
[2026-03-06T07:03:44.029Z]   EXT: https://www.crossvertise.com/rechtliches/datenschutz/datenschutzbestimmungen-iab-tcf
[2026-03-06T07:03:44.029Z]   EXT: https://www.crownpeak.com/privacy
[2026-03-06T07:03:44.029Z]   EXT: https://www.cuebiq.com/privacypolicy
[2026-03-06T07:03:44.029Z]   EXT: https://www.cwire.com/privacy-policy
[2026-03-06T07:03:44.029Z]   EXT: https://www.d3sv.net/privacy
[2026-03-06T07:03:44.029Z]   EXT: https://www.data-circle.eu/en/balance-of-interests-assessment
[2026-03-06T07:03:44.029Z]   EXT: https://www.data-circle.eu/en/privacy-policy
[2026-03-06T07:03:44.029Z]   EXT: https://www.dataexchanger.pl/privacy-policy
[2026-03-06T07:03:44.029Z]   EXT: https://www.datonics.com/privacy/privacy-choices
[2026-03-06T07:03:44.029Z]   EXT: https://www.datonics.com/privacy/technology-privacy-policy
[2026-03-06T07:03:44.030Z]   EXT: https://www.de.welect.de/en/privacy-policy
[2026-03-06T07:03:44.030Z]   EXT: https://www.deepintent.com/platform-privacy-policy
[2026-03-06T07:03:44.030Z]   EXT: https://www.definemedia.de/datenschutz-conative
[2026-03-06T07:03:44.030Z]   EXT: https://www.demandbase.com/privacy
[2026-03-06T07:03:44.030Z]   EXT: https://www.dentsu.com/dk/dk/privatlivspolitik
[2026-03-06T07:03:44.030Z]   EXT: https://www.dentsu.com/dk/dk/privatlivspolitik%20for%20maalgrupper
[2026-03-06T07:03:44.030Z]   EXT: https://www.dentsu.com/it/it/policies/info-cookie
[2026-03-06T07:03:44.030Z]   EXT: https://www.dentsu.com/it/it/policies/legittimo-interesse
[2026-03-06T07:03:44.030Z]   EXT: https://www.dianomi.com/legal/privacy.epl
[2026-03-06T07:03:44.030Z]   EXT: https://www.digitaleast.mobi/privacy-policy
[2026-03-06T07:03:44.030Z]   EXT: https://www.digitalturbine.com/privacy-policy
[2026-03-06T07:03:44.030Z]   EXT: https://www.discover-tech.io/privacy-policy
[2026-03-06T07:03:44.030Z]   EXT: https://www.distroscale.com/privacy-policy
[2026-03-06T07:03:44.031Z]   EXT: https://www.drakomediagroup.com/privacy-policy
[2026-03-06T07:03:44.031Z]   EXT: https://www.durationmedia.net/privacy-policy
[2026-03-06T07:03:44.031Z]   EXT: https://www.dynataprivacy.com
[2026-03-06T07:03:44.031Z]   EXT: https://www.e-planning.net/privacy-policy.html
[2026-03-06T07:03:44.031Z]   EXT: https://www.effinity.fr/politique-de-confidentialite
[2026-03-06T07:03:44.031Z]   EXT: https://www.eltiempo.es/legal/politica-privacidad.html
[2026-03-06T07:03:44.031Z]   EXT: https://www.emetriq.com/datenschutz
[2026-03-06T07:03:44.031Z]   EXT: https://www.empower.net/privacy
[2026-03-06T07:03:44.031Z]   EXT: https://www.empower.net/privacy#legitimate-interest
[2026-03-06T07:03:44.031Z]   EXT: https://www.encoredigitalmedia.net/privacy-policy
[2026-03-06T07:03:44.031Z]   EXT: https://www.epsilon.com/emea/privacy-policy
[2026-03-06T07:03:44.031Z]   EXT: https://www.ermes.ai/politique-de-confidentialite
[2026-03-06T07:03:44.031Z]   EXT: https://www.eskimi.com/privacy-policy
[2026-03-06T07:03:44.031Z]   EXT: https://www.esome.com/en/data-privacy
[2026-03-06T07:03:44.032Z]   EXT: https://www.eulerian.com/en/privacy
[2026-03-06T07:03:44.032Z]   EXT: https://www.exads.com/privacy-policy
[2026-03-06T07:03:44.032Z]   EXT: https://www.exitbee.com/privacy
[2026-03-06T07:03:44.032Z]   EXT: https://www.exoclick.com/privacy-policy
[2026-03-06T07:03:44.032Z]   EXT: https://www.expedia.co.uk/p/support/privacy
[2026-03-06T07:03:44.032Z]   EXT: https://www.experian.co.uk/privacy/consumer-information-portal
[2026-03-06T07:03:44.032Z]   EXT: https://www.exponential.com/wp-content/uploads/2018/04/Balancing-Assessment-for-Legitimate-Interest-Publishers-v2.pdf
[2026-03-06T07:03:44.032Z]   EXT: https://www.eyeota.com/eyeota-marketplace-privacy-policy#pcc-anchor-2
[2026-03-06T07:03:44.032Z]   EXT: https://www.eyeota.com/privacy-center
[2026-03-06T07:03:44.032Z]   EXT: https://www.ezoic.com/privacy
[2026-03-06T07:03:44.032Z]   EXT: https://www.facebook.com/about/privacy/update
[2026-03-06T07:03:44.032Z]   EXT: https://www.facebook.com/materialszone
[2026-03-06T07:03:44.032Z]   EXT: https://www.factori.ai/privacy-policy
[2026-03-06T07:03:44.033Z]   EXT: https://www.fast-thinking.co.uk/privacy-policy
[2026-03-06T07:03:44.033Z]   EXT: https://www.feeltapmedia.com/privacyPolicy
[2026-03-06T07:03:44.033Z]   EXT: https://www.first-id.fr/legale/cookie-policy
[2026-03-06T07:03:44.033Z]   EXT: https://www.flexoffers.com/privacy-policy
[2026-03-06T07:03:44.033Z]   EXT: https://www.forebase.com/widgets/Zillian_LIA_May_10_2025.htm
[2026-03-06T07:03:44.033Z]   EXT: https://www.forebase.com/widgets/Zillian_Privacy_Policy.htm
[2026-03-06T07:03:44.033Z]   EXT: https://www.fraud0.com/privacy-policy
[2026-03-06T07:03:44.033Z]   EXT: https://www.fraudlogix.com/privacy-policy
[2026-03-06T07:03:44.033Z]   EXT: https://www.freewheel.com/privacy-policy
[2026-03-06T07:03:44.033Z]   EXT: https://www.freewheel.com/privacy-policy#tab2_section2_4
[2026-03-06T07:03:44.033Z]   EXT: https://www.gadsme.com/privacy-policy
[2026-03-06T07:03:44.033Z]   EXT: https://www.galaxyx-tech.com/privacy-policy.html#
[2026-03-06T07:03:44.033Z]   EXT: https://www.gameloft.com/en/legal/advertising-legitimate-interest
[2026-03-06T07:03:44.033Z]   EXT: https://www.gameloft.com/en/privacy-notice
[2026-03-06T07:03:44.034Z]   EXT: https://www.gamera.ai/policies/privacy.html
[2026-03-06T07:03:44.034Z]   EXT: https://www.gamned.com/privacy-policy
[2026-03-06T07:03:44.034Z]   EXT: https://www.gamoshi.com/privacy-policy
[2026-03-06T07:03:44.034Z]   EXT: https://www.geemee.ai/privacy
[2026-03-06T07:03:44.034Z]   EXT: https://www.geminidirect.de/datenschutz
[2026-03-06T07:03:44.034Z]   EXT: https://www.gemius.com/privacy-policy.html
[2026-03-06T07:03:44.034Z]   EXT: https://www.geniussports.com/policies/media-buying-services-and-tcf-privacy-notice
[2026-03-06T07:03:44.034Z]   EXT: https://www.geoedge.com/privacy-policy
[2026-03-06T07:03:44.034Z]   EXT: https://www.getblue.io/privacy/en
[2026-03-06T07:03:44.034Z]   EXT: https://www.giftaddigital.com/en/privacy-policy
[2026-03-06T07:03:44.034Z]   EXT: https://www.glami.cz/info/privacy
[2026-03-06T07:03:44.034Z]   EXT: https://www.glomex.com/en/privacy-policy/privacy-notice-for-the-glomex-player
[2026-03-06T07:03:44.034Z]   EXT: https://www.goal.com/en-gb/legal/privacy-policy
[2026-03-06T07:03:44.034Z]   EXT: https://www.goseetv.media/privacy
[2026-03-06T07:03:44.035Z]   EXT: https://www.gravite.net/data-privacy
[2026-03-06T07:03:44.035Z]   EXT: https://www.gravito.net/privacy-notice
[2026-03-06T07:03:44.035Z]   EXT: https://www.gsi-one.org/en/privacy-policy.html
[2026-03-06T07:03:44.035Z]   EXT: https://www.gumgum.com/terms-and-policies/privacy-policy
[2026-03-06T07:03:44.035Z]   EXT: https://www.havas.com/cookie-policy
[2026-03-06T07:03:44.035Z]   EXT: https://www.hbagency.ai/privacy
[2026-03-06T07:03:44.035Z]   EXT: https://www.humansecurity.com/privacy
[2026-03-06T07:03:44.035Z]   EXT: https://www.hurstmediacompany.co.uk/terms-conditions
[2026-03-06T07:03:44.035Z]   EXT: https://www.ibm.com/customer-engagement/digital-marketing/gdpr
[2026-03-06T07:03:44.035Z]   EXT: https://www.ignitemediatech.com/#/lic
[2026-03-06T07:03:44.035Z]   EXT: https://www.ignitemediatech.com/Policy
[2026-03-06T07:03:44.035Z]   EXT: https://www.iion.io/privacy-policy
[2026-03-06T07:03:44.035Z]   EXT: https://www.improvedigital.com/platform-privacy-policy
[2026-03-06T07:03:44.035Z]   EXT: https://www.indexexchange.com/privacy
[2026-03-06T07:03:44.036Z]   EXT: https://www.indexexchange.com/privacy/exchange-platform-privacy-policy/#section-3
[2026-03-06T07:03:44.036Z]   EXT: https://www.infiniamobile.com/avisopolitica-us.html#pri
[2026-03-06T07:03:44.036Z]   EXT: https://www.infolinks.com/privacy-policy
[2026-03-06T07:03:44.036Z]   EXT: https://www.infonline.de/en/datenschutzerklaerung
[2026-03-06T07:03:44.036Z]   EXT: https://www.ingenioustechnologies.com/privacy-policy
[2026-03-06T07:03:44.036Z]   EXT: https://www.inmobi.com/privacy-policy-for-eea
[2026-03-06T07:03:44.036Z]   EXT: https://www.innervate.com/privacy
[2026-03-06T07:03:44.036Z]   EXT: https://www.innovid.com/privacy-policy
[2026-03-06T07:03:44.036Z]   EXT: https://www.innovid.com/privacy-policy#additional-information-europe-residents
[2026-03-06T07:03:44.036Z]   EXT: https://www.innovid.com/privacy-policy/#additional-information-europe-residents
[2026-03-06T07:03:44.036Z]   EXT: https://www.insticator.com/privacy
[2026-03-06T07:03:44.036Z]   EXT: https://www.insurads.com/privacy.html
[2026-03-06T07:03:44.036Z]   EXT: https://www.intelliad.de/datenschutz
[2026-03-06T07:03:44.037Z]   EXT: https://www.intentiq.com/technology-privacy-policy
[2026-03-06T07:03:44.037Z]   EXT: https://www.invibes.com/terms.html
[2026-03-06T07:03:44.037Z]   EXT: https://www.invidi.com/privacy-policy-ad-tech-services
[2026-03-06T07:03:44.037Z]   EXT: https://www.invidi.com/privacy-policy-ad-tech-services/#legal-basis
[2026-03-06T07:03:44.037Z]   EXT: https://www.iponweb.com/policies-legal/iponweb-privacy-policy
[2026-03-06T07:03:44.037Z]   EXT: https://www.iponweb.com/policies-legal/themediagrid-privacy-policy
[2026-03-06T07:03:44.037Z]   EXT: https://www.ipromote.com/privacy-policy
[2026-03-06T07:03:44.037Z]   EXT: https://www.italiaonline.it/corporate/informativa-privacy
[2026-03-06T07:03:44.037Z]   EXT: https://www.iubenda.com/privacy-policy/30563919
[2026-03-06T07:03:44.037Z]   EXT: https://www.iubenda.com/privacy-policy/30563919/legal
[2026-03-06T07:03:44.037Z]   EXT: https://www.ivo.io/privacy
[2026-03-06T07:03:44.037Z]   EXT: https://www.jampp.com/privacy-policy-terms-and-conditions
[2026-03-06T07:03:44.037Z]   EXT: https://www.jetpack.net/privacy
[2026-03-06T07:03:44.037Z]   EXT: https://www.jmmobi.com/privacy.html
[2026-03-06T07:03:44.037Z]   EXT: https://www.jobster.com/privacy-statement
[2026-03-06T07:03:44.038Z]   EXT: https://www.kameleoon.com/en/privacy-policy
[2026-03-06T07:03:44.038Z]   EXT: https://www.kaminoretail.com/privacy-policy
[2026-03-06T07:03:44.038Z]   EXT: https://www.kantar.com/cookies-policies
[2026-03-06T07:03:44.038Z]   EXT: https://www.kiosked.com/data-processing-policy
[2026-03-06T07:03:44.038Z]   EXT: https://www.kliken.com/privacy-policy.html
[2026-03-06T07:03:44.038Z]   EXT: https://www.knorex.com/privacy
[2026-03-06T07:03:44.038Z]   EXT: https://www.kontext.so/privacy
[2026-03-06T07:03:44.038Z]   EXT: https://www.kupona.de/dsgvo/#datenschutzerklaerung
[2026-03-06T07:03:44.038Z]   EXT: https://www.kwanko.com/gdpr/privacy-policy
[2026-03-06T07:03:44.038Z]   EXT: https://www.lead-alliance.net/dataprotection2
[2026-03-06T07:03:44.038Z]   EXT: https://www.leanrads.com/.well-known/legitimate-interest.html
[2026-03-06T07:03:44.038Z]   EXT: https://www.leanrads.com/privacy-policy
[2026-03-06T07:03:44.038Z]   EXT: https://www.liftdsp.com/privacy-policy
[2026-03-06T07:03:44.038Z]   EXT: https://www.linkedin.com/company/materials-zone
[2026-03-06T07:03:44.038Z]   EXT: https://www.linkedin.com/legal/privacy-policy
[2026-03-06T07:03:44.039Z]   EXT: https://www.livedata-solutions.com/politique-de-confidentialite
[2026-03-06T07:03:44.039Z]   EXT: https://www.localsensor.com/privacy.html
[2026-03-06T07:03:44.039Z]   EXT: https://www.lotame.com/privacy/services-privacy-notice
[2026-03-06T07:03:44.039Z]   EXT: https://www.lotame.com/wp-content/uploads/2024/07/TC_String_Legitimate_Interests_Assessment_Lotame.pdf
[2026-03-06T07:03:44.039Z]   EXT: https://www.loudecho.ai/legitimate-interest.html
[2026-03-06T07:03:44.039Z]   EXT: https://www.loudecho.ai/privacy.html
[2026-03-06T07:03:44.039Z]   EXT: https://www.lugh.studio/legal-information
[2026-03-06T07:03:44.039Z]   EXT: https://www.lugh.studio/privacy-policy
[2026-03-06T07:03:44.039Z]   EXT: https://www.lutkan.com/privacy-notice.html
[2026-03-06T07:03:44.039Z]   EXT: https://www.madisonlogic.com/privacy
[2026-03-06T07:03:44.039Z]   EXT: https://www.magnite.com/legal/advertising-platform-privacy-policy
[2026-03-06T07:03:44.039Z]   EXT: https://www.magnite.com/legal/advertising-technology-privacy-policy
[2026-03-06T07:03:44.039Z]   EXT: https://www.manage.com/privacy-policy
[2026-03-06T07:03:44.039Z]   EXT: https://www.marketperf.com/assets/images/app/marketperf/pdf/privacy-policy.pdf
[2026-03-06T07:03:44.040Z]   EXT: https://www.maximiles.fr/privacy-policy
[2026-03-06T07:03:44.040Z]   EXT: https://www.media.net/privacy-policy
[2026-03-06T07:03:44.040Z]   EXT: https://www.media.net/privacy-policy/#legitimate-interest
[2026-03-06T07:03:44.040Z]   EXT: https://www.mediafuse.com/legitimateinterest
[2026-03-06T07:03:44.040Z]   EXT: https://www.mediafuse.com/privacypolicy
[2026-03-06T07:03:44.040Z]   EXT: https://www.mediago.io/policy
[2026-03-06T07:03:44.040Z]   EXT: https://www.mediametrie.fr/en/management-cookies
[2026-03-06T07:03:44.040Z]   EXT: https://www.mediamonks.com/privacy-notice
[2026-03-06T07:03:44.040Z]   EXT: https://www.mediarithmics.io/legal/data-policy
[2026-03-06T07:03:44.040Z]   EXT: https://www.mediarithmics.io/legal/data-policy-connect-id
[2026-03-06T07:03:44.040Z]   EXT: https://www.mediasquare.fr/e-privacy
[2026-03-06T07:03:44.040Z]   EXT: https://www.mediavine.com/privacy-policy
[2026-03-06T07:03:44.041Z]   EXT: https://www.metrixlab.com/privacy-notice
[2026-03-06T07:03:44.041Z]   EXT: https://www.mgid.com/privacy-policy
[2026-03-06T07:03:44.041Z]   EXT: https://www.mindtos.com/privacy-policy
[2026-03-06T07:03:44.041Z]   EXT: https://www.mintegral.com/en/privacy
[2026-03-06T07:03:44.041Z]   EXT: https://www.minutemedia.com/policies/privacy-policy
[2026-03-06T07:03:44.041Z]   EXT: https://www.mistplay.com/legal/privacy
[2026-03-06T07:03:44.041Z]   EXT: https://www.mobfox.com/privacy-policy
[2026-03-06T07:03:44.041Z]   EXT: https://www.mobilewalla.com/business-services-privacy-notice-2023
[2026-03-06T07:03:44.041Z]   EXT: https://www.mobkoi.com/advertising-platform-privacy-policy
[2026-03-06T07:03:44.041Z]   EXT: https://www.mobsuccess.com/en/legitimate-interest-documentation
[2026-03-06T07:03:44.041Z]   EXT: https://www.mobsuccess.com/en/privacy
[2026-03-06T07:03:44.041Z]   EXT: https://www.moloco.com/advertising-policy
[2026-03-06T07:03:44.041Z]   EXT: https://www.moloco.com/privacy-policy
[2026-03-06T07:03:44.041Z]   EXT: https://www.movingup.it/informativa-trattamento-dati-personali
[2026-03-06T07:03:44.041Z]   EXT: https://www.multibrain.tech/privacy
[2026-03-06T07:03:44.042Z]   EXT: https://www.my-cast.tv/privacy-policy
[2026-03-06T07:03:44.042Z]   EXT: https://www.mytraffic.io/en/privacy
[2026-03-06T07:03:44.042Z]   EXT: https://www.nanointeractive.com/privacy-statement
[2026-03-06T07:03:44.042Z]   EXT: https://www.nativery.com/privacy-en/?
[2026-03-06T07:03:44.042Z]   EXT: https://www.nativo.com/interest-based-ads
[2026-03-06T07:03:44.042Z]   EXT: https://www.nativo.com/interest-based-ads#how-we-use-your-personal-data-and-why
[2026-03-06T07:03:44.042Z]   EXT: https://www.navegg.com/en/privacy-policy
[2026-03-06T07:03:44.042Z]   EXT: https://www.ncaudienceexchange.com/privacy
[2026-03-06T07:03:44.042Z]   EXT: https://www.neory.com/privacy.html
[2026-03-06T07:03:44.042Z]   EXT: https://www.netpoint-media.de/inside/datenschutz
[2026-03-06T07:03:44.042Z]   EXT: https://www.netpoint-media.de/technik/datenschutz
[2026-03-06T07:03:44.042Z]   EXT: https://www.nexd.com/legitimate-interest-claim
[2026-03-06T07:03:44.042Z]   EXT: https://www.nextroll.com/lia
[2026-03-06T07:03:44.042Z]   EXT: https://www.nextroll.com/privacy
[2026-03-06T07:03:44.042Z]   EXT: https://www.nicequest.com/gb/cookies
[2026-03-06T07:03:44.043Z]   EXT: https://www.nicequest.com/gb/privacy
[2026-03-06T07:03:44.043Z]   EXT: https://www.nicequest.com/us/privacy
[2026-03-06T07:03:44.043Z]   EXT: https://www.nielsen.com/legal/privacy-principles/digital-measurement-privacy-statement
[2026-03-06T07:03:44.043Z]   EXT: https://www.nielsen.com/legal/privacy-principles/digital-measurement-privacy-statement/#legal-basis
[2026-03-06T07:03:44.043Z]   EXT: https://www.nielsen.com/us/en/legal/privacy-statement/nielsen-marketing-cloud-privacy-notice
[2026-03-06T07:03:44.043Z]   EXT: https://www.nobid.io/privacy-policy
[2026-03-06T07:03:44.043Z]   EXT: https://www.nobid.io/privacy-policy/#legal_grounds
[2026-03-06T07:03:44.043Z]   EXT: https://www.nonstoppartner.net
[2026-03-06T07:03:44.043Z]   EXT: https://www.nordicdataresources.com/contact
[2026-03-06T07:03:44.043Z]   EXT: https://www.nordicdataresources.com/terms-of-service
[2026-03-06T07:03:44.043Z]   EXT: https://www.nowtilus.tv/end-users-privacy-policy
[2026-03-06T07:03:44.043Z]   EXT: https://www.octopads.io/politique-de-confidentialit%C3%A9
[2026-03-06T07:03:44.043Z]   EXT: https://www.omni-dex.io/publisherterms/privacy-policy
[2026-03-06T07:03:44.043Z]   EXT: https://www.onaudience.com/internet-advertising-privacy-policy
[2026-03-06T07:03:44.043Z]   EXT: https://www.oneid.digital/en/privacy-policy
[2026-03-06T07:03:44.043Z]   EXT: https://www.onetag.com/privacy
[2026-03-06T07:03:44.044Z]   EXT: https://www.onlineumfragen.com/3index_2010_agb.cfm
[2026-03-06T07:03:44.044Z]   EXT: https://www.onprospects.com/privacy-policy
[2026-03-06T07:03:44.044Z]   EXT: https://www.openweb.com/legal-and-privacy/privacy
[2026-03-06T07:03:44.044Z]   EXT: https://www.openx.com/legal/privacy-policy
[2026-03-06T07:03:44.044Z]   EXT: https://www.opera.com/privacy
[2026-03-06T07:03:44.044Z]   EXT: https://www.optidigital.com/en/privacy-policy
[2026-03-06T07:03:44.044Z]   EXT: https://www.otto.de/shoppages/service/datenschutz
[2026-03-06T07:03:44.044Z]   EXT: https://www.outbrain.com/privacy
[2026-03-06T07:03:44.044Z]   EXT: https://www.outbrain.com/privacy/privacy-policy-outbrain-dsp
[2026-03-06T07:03:44.044Z]   EXT: https://www.ozoneproject.com/legitimate-interest-test
[2026-03-06T07:03:44.044Z]   EXT: https://www.ozoneproject.com/website-privacy-cookie
[2026-03-06T07:03:44.044Z]   EXT: https://www.paypal.com/uk/legalhub/paypal/privacy-full
[2026-03-06T07:03:44.044Z]   EXT: https://www.peer39.com/cookie-notice
[2026-03-06T07:03:44.044Z]   EXT: https://www.peer39.com/privacy-policy
[2026-03-06T07:03:44.044Z]   EXT: https://www.performax.cz/en/privacy-policy
[2026-03-06T07:03:44.044Z]   EXT: https://www.performax.cz/en/processed-purposes
[2026-03-06T07:03:44.045Z]   EXT: https://www.piano.io/privacy-policy
[2026-03-06T07:03:44.045Z]   EXT: https://www.pickwell.co/privacy-policy
[2026-03-06T07:03:44.045Z]   EXT: https://www.pinpoll.com/pdf/data-protection-declaration.pdf
[2026-03-06T07:03:44.045Z]   EXT: https://www.pixalate.com/privacypolicy
[2026-03-06T07:03:44.045Z]   EXT: https://www.pixfuture.com/terms-and-conditions#dpa-terms
[2026-03-06T07:03:44.045Z]   EXT: https://www.pixfuture.com/terms-and-conditions#privacy-policy
[2026-03-06T07:03:44.045Z]   EXT: https://www.playwire.com/privacy-policy
[2026-03-06T07:03:44.045Z]   EXT: https://www.pmlatam.com/privacy-policy
[2026-03-06T07:03:44.045Z]   EXT: https://www.prado.co/privacy
[2026-03-06T07:03:44.045Z]   EXT: https://www.pressboardmedia.com/privacy-policy
[2026-03-06T07:03:44.045Z]   EXT: https://www.primis.tech/privacy-policy
[2026-03-06T07:03:44.045Z]   EXT: https://www.prismamedia.com/espace-confidentialite
[2026-03-06T07:03:44.045Z]   EXT: https://www.programmaticx.ai/privacypolicy
[2026-03-06T07:03:44.045Z]   EXT: https://www.protected.media/privacy-policy
[2026-03-06T07:03:44.045Z]   EXT: https://www.proxistore.com/privacy-policy
[2026-03-06T07:03:44.046Z]   EXT: https://www.proxistore.com/privacy-policy/#legitimate_interest
[2026-03-06T07:03:44.046Z]   EXT: https://www.pubeasy.io/privacy-policy.html
[2026-03-06T07:03:44.046Z]   EXT: https://www.publica4.com/datenschutzerklaerung-2025
[2026-03-06T07:03:44.046Z]   EXT: https://www.publicismedia.de/datenschutz
[2026-03-06T07:03:44.046Z]   EXT: https://www.qualitymedianetwork.de/datenschutz
[2026-03-06T07:03:44.046Z]   EXT: https://www.quantcast.com/privacy
[2026-03-06T07:03:44.046Z]   EXT: https://www.queryclick.com/privacy-policy
[2026-03-06T07:03:44.046Z]   EXT: https://www.raaslab.com/legititmate-interest-statement
[2026-03-06T07:03:44.046Z]   EXT: https://www.raaslab.com/privacy-policy
[2026-03-06T07:03:44.046Z]   EXT: https://www.rackspace.com/information/legal/privacycenter
[2026-03-06T07:03:44.046Z]   EXT: https://www.raptorservices.com/privacy-policy
[2026-03-06T07:03:44.046Z]   EXT: https://www.readpeak.com/terms/legitimate-interest-assessment-lia
[2026-03-06T07:03:44.046Z]   EXT: https://www.readpeak.com/terms/readpeak-privacy-policy
[2026-03-06T07:03:44.046Z]   EXT: https://www.realytics.io/platform-privacy-policy
[2026-03-06T07:03:44.046Z]   EXT: https://www.refine.direct/en/cookie-policy
[2026-03-06T07:03:44.046Z]   EXT: https://www.refine.direct/en/legitimate-interest-assessment
[2026-03-06T07:03:44.047Z]   EXT: https://www.relevant-digital.com/privacy-policy
[2026-03-06T07:03:44.047Z]   EXT: https://www.remerge.io/service-privacy-policy
[2026-03-06T07:03:44.047Z]   EXT: https://www.reppublika.com/privacy-policy
[2026-03-06T07:03:44.047Z]   EXT: https://www.reppublikaresearch.com/ratings-privacy-policy
[2026-03-06T07:03:44.047Z]   EXT: https://www.resonate.com/privacy-policy
[2026-03-06T07:03:44.047Z]   EXT: https://www.retailads.net/de-de/ueberuns/datenschutz
[2026-03-06T07:03:44.047Z]   EXT: https://www.retailor.media/privacy-policy
[2026-03-06T07:03:44.047Z]   EXT: https://www.revcontent.com/privacy-policies
[2026-03-06T07:03:44.047Z]   EXT: https://www.revolutionad.com/privacy-policy
[2026-03-06T07:03:44.047Z]   EXT: https://www.rmads.io/en/dataremoval
[2026-03-06T07:03:44.047Z]   EXT: https://www.rmads.io/privacy-policy
[2026-03-06T07:03:44.047Z]   EXT: https://www.rmcbfm-ads.com/donnees-personnelles.html
[2026-03-06T07:03:44.047Z]   EXT: https://www.roam-geo.com/privacy-policy
[2026-03-06T07:03:44.047Z]   EXT: https://www.rockerbox.com/privacy
[2026-03-06T07:03:44.047Z]   EXT: https://www.roq.ad/privacy-policy-roqad
[2026-03-06T07:03:44.047Z]   EXT: https://www.rtbhouse.com/legitimate_interest_assessments_tcf
[2026-03-06T07:03:44.047Z]   EXT: https://www.rtbhouse.com/privacy-center
[2026-03-06T07:03:44.047Z]   EXT: https://www.sabioctv.com/privacypolicy
[2026-03-06T07:03:44.048Z]   EXT: https://www.sarigato.com/polityka_prywatnosci_sarigato_sataku.pdf
[2026-03-06T07:03:44.048Z]   EXT: https://www.scoota.com/privacy
[2026-03-06T07:03:44.048Z]   EXT: https://www.scorecardresearch.com/privacy.aspx
[2026-03-06T07:03:44.048Z]   EXT: https://www.se7en.es/privacy
[2026-03-06T07:03:44.048Z]   EXT: https://www.selectmedia.asia/terms-and-privacy
[2026-03-06T07:03:44.048Z]   EXT: https://www.semasio.com/legal/semasio-privacy-policy
[2026-03-06T07:03:44.048Z]   EXT: https://www.seven.one/datenschutzhinweise/somquery-somtag
[2026-03-06T07:03:44.048Z]   EXT: https://www.seven.one/datenschutzhinweise/somquery-somtag#legIntClaim
[2026-03-06T07:03:44.048Z]   EXT: https://www.seznam.cz/ochranaudaju
[2026-03-06T07:03:44.048Z]   EXT: https://www.sharethrough.com/privacy-center/consumer-privacy-notice
[2026-03-06T07:03:44.048Z]   EXT: https://www.shemedia.com/ad-services-privacy-policy
[2026-03-06T07:03:44.048Z]   EXT: https://www.shinystat.com/it/informativa_privacy_generale.html
[2026-03-06T07:03:44.048Z]   EXT: https://www.sift.co/privacy
[2026-03-06T07:03:44.048Z]   EXT: https://www.singlespot.com/en/privacy_policy
[2026-03-06T07:03:44.048Z]   EXT: https://www.sirdata.com/en/Privacy
[2026-03-06T07:03:44.048Z]   EXT: https://www.sirdata.com/en/Privacy#legitimateinterest
[2026-03-06T07:03:44.049Z]   EXT: https://www.skaze.com/fr/politique/politique-de-confidentialite
[2026-03-06T07:03:44.049Z]   EXT: https://www.skoiy.com/en/privacy-policy
[2026-03-06T07:03:44.049Z]   EXT: https://www.smaato.com/privacy
[2026-03-06T07:03:44.049Z]   EXT: https://www.smartico.one/legal/privacy-services
[2026-03-06T07:03:44.049Z]   EXT: https://www.smartmeanalytics.com/static/docs/Politica_privacidad_Smartmeanalytics.pdf
[2026-03-06T07:03:44.049Z]   EXT: https://www.smartology.net/legitimate-interest-assessments
[2026-03-06T07:03:44.049Z]   EXT: https://www.smartology.net/privacy-policy
[2026-03-06T07:03:44.049Z]   EXT: https://www.smartstream.tv/de/produktdatenschutz
[2026-03-06T07:03:44.049Z]   EXT: https://www.smilewanted.com/privacy.php
[2026-03-06T07:03:44.049Z]   EXT: https://www.smoot.ai/privacy
[2026-03-06T07:03:44.049Z]   EXT: https://www.snigel.com/privacy-policy
[2026-03-06T07:03:44.049Z]   EXT: https://www.socoto.com/datenschutz
[2026-03-06T07:03:44.049Z]   EXT: https://www.sojern.com/privacy/privacy-policy
[2026-03-06T07:03:44.049Z]   EXT: https://www.solocal.com/protection-de-la-vie-privee
[2026-03-06T07:03:44.049Z]   EXT: https://www.sovrn.com/privacy-policy
[2026-03-06T07:03:44.049Z]   EXT: https://www.spoods.info/#cookie-policy
[2026-03-06T07:03:44.049Z]   EXT: https://www.sportradar.com/about-us/privacy
[2026-03-06T07:03:44.049Z]   EXT: https://www.squadata.net/en/private-policy
[2026-03-06T07:03:44.049Z]   EXT: https://www.stackadapt.com/privacy-policy
[2026-03-06T07:03:44.050Z]   EXT: https://www.start.io/policy/privacy-policy-site
[2026-03-06T07:03:44.050Z]   EXT: https://www.streamonkey.de/de/datenschutz
[2026-03-06T07:03:44.050Z]   EXT: https://www.stroeer.de/ssp-datenschutz
[2026-03-06T07:03:44.050Z]   EXT: https://www.stroeer.de/werben-mit-stroeer/onlinewerbung/programmatic-data/datenschutz-sdi
[2026-03-06T07:03:44.050Z]   EXT: https://www.stroeer.de/werben-mit-stroeer/onlinewerbung/programmatic-data/sdi-datenschutz-b2c
[2026-03-06T07:03:44.050Z]   EXT: https://www.strossle.com/platform-privacy-notice
[2026-03-06T07:03:44.050Z]   EXT: https://www.suntcontent.com/privacy/#privacy-english
[2026-03-06T07:03:44.050Z]   EXT: https://www.swipefinder.com/privacy-policy-website
[2026-03-06T07:03:44.050Z]   EXT: https://www.synamedia.com/iris-privacy-policy
[2026-03-06T07:03:44.050Z]   EXT: https://www.synoint.com/privacy-policy
[2026-03-06T07:03:44.050Z]   EXT: https://www.taboola.com/privacy-policy
[2026-03-06T07:03:44.050Z]   EXT: https://www.tangoomedia.com/services_privacypolicy
[2026-03-06T07:03:44.050Z]   EXT: https://www.tappx.com/en/privacy-policy
[2026-03-06T07:03:44.050Z]   EXT: https://www.taptapdigital.com/privacy-policy
[2026-03-06T07:03:44.050Z]   EXT: https://www.targetbetter.com/privacypolicy
[2026-03-06T07:03:44.051Z]   EXT: https://www.targetspot.com/privacy-policy-2
[2026-03-06T07:03:44.051Z]   EXT: https://www.teal.works/privacy
[2026-03-06T07:03:44.051Z]   EXT: https://www.tec-do.com/en/static/home/Tec-Do%20Privacy%20Policy_24075.pdf
[2026-03-06T07:03:44.051Z]   EXT: https://www.telecoming.com/privacy-policy
[2026-03-06T07:03:44.051Z]   EXT: https://www.theadx.com/en/privacy
[2026-03-06T07:03:44.051Z]   EXT: https://www.thebrave.io/privacy-policy
[2026-03-06T07:03:44.051Z]   EXT: https://www.thenewco.it/privacy_policy_servizi_prodotti.html
[2026-03-06T07:03:44.051Z]   EXT: https://www.thetradedesk.com/us/privacy
[2026-03-06T07:03:44.051Z]   EXT: https://www.thumbad.com/device-storage-disclosure
[2026-03-06T07:03:44.051Z]   EXT: https://www.thumbad.com/privacy-policy
[2026-03-06T07:03:44.051Z]   EXT: https://www.tiktok.com/legal/page/global/tiktok-ad-network-privacy-policy/en
[2026-03-06T07:03:44.051Z]   EXT: https://www.titanos.tv/ads-privacy-policy
[2026-03-06T07:03:44.051Z]   EXT: https://www.tl1mkt.com/privacy.html
[2026-03-06T07:03:44.051Z]   EXT: https://www.toponad.net/en/privacy-policy
[2026-03-06T07:03:44.051Z]   EXT: https://www.tradplusad.com/en
[2026-03-06T07:03:44.051Z]   EXT: https://www.tradplusad.com/en/privacy-policy
[2026-03-06T07:03:44.051Z]   EXT: https://www.trinityaudio.ai/privacy-policy
[2026-03-06T07:03:44.052Z]   EXT: https://www.tritondigital.com/privacy-policies
[2026-03-06T07:03:44.052Z]   EXT: https://www.truedata.co/privacy-policy
[2026-03-06T07:03:44.052Z]   EXT: https://www.trustarc.com/privacy-policy
[2026-03-06T07:03:44.052Z]   EXT: https://www.twist.win/privacy
[2026-03-06T07:03:44.052Z]   EXT: https://www.twist.win/terms
[2026-03-06T07:03:44.052Z]   EXT: https://www.ucfunnel.com/privacy-policy
[2026-03-06T07:03:44.052Z]   EXT: https://www.ultimedia.com/default/presentation/cgu
[2026-03-06T07:03:44.052Z]   EXT: https://www.ultimedia.com/default/presentation/politiqueconfidentialite
[2026-03-06T07:03:44.052Z]   EXT: https://www.undertone.com/privacy-center
[2026-03-06T07:03:44.052Z]   EXT: https://www.unicredit.it/it/info/privacy.html
[2026-03-06T07:03:44.052Z]   EXT: https://www.united-internet-media.de/de/datenschutzhinweis
[2026-03-06T07:03:44.052Z]   EXT: https://www.usemax.de/?l=privacy
[2026-03-06T07:03:44.052Z]   EXT: https://www.valiuz.com/politique-de-confidentialite-2
[2026-03-06T07:03:44.052Z]   EXT: https://www.venatus.com/privacy
[2026-03-06T07:03:44.052Z]   EXT: https://www.venatus.com/privacy-choices
[2026-03-06T07:03:44.052Z]   EXT: https://www.viantinc.com/privacy-center
[2026-03-06T07:03:44.053Z]   EXT: https://www.videobot.com/privacy-policy
[2026-03-06T07:03:44.053Z]   EXT: https://www.vistarmedia.com/privacy
[2026-03-06T07:03:44.053Z]   EXT: https://www.vitrado.de/datenschutz
[2026-03-06T07:03:44.053Z]   EXT: https://www.vlyby.com/product-privacy
[2026-03-06T07:03:44.053Z]   EXT: https://www.vodafone.de/unternehmen/datenschutz-privatsphaere.html
[2026-03-06T07:03:44.053Z]   EXT: https://www.voisetech.com/wp-content/uploads/2025/09/Privacy-Policy-1.pdf
[2026-03-06T07:03:44.053Z]   EXT: https://www.vondos.de/datenschutz
[2026-03-06T07:03:44.053Z]   EXT: https://www.wayfair.com/customerservice/general_info.php#privacy
[2026-03-06T07:03:44.053Z]   EXT: https://www.weareilluma.com/end-user-policy
[2026-03-06T07:03:44.053Z]   EXT: https://www.wearemiq.com/privacy-and-compliance
[2026-03-06T07:03:44.053Z]   EXT: https://www.wearevyde.com/privacy
[2026-03-06T07:03:44.053Z]   EXT: https://www.wearevyde.com/privacy#legitimate-interest
[2026-03-06T07:03:44.053Z]   EXT: https://www.webgains.com/public/en/privacy-2
[2026-03-06T07:03:44.053Z]   EXT: https://www.wetter.com/internal/news/datenschutzhinweise_aid_607698849b8ecf79e21584fa.html
[2026-03-06T07:03:44.053Z]   EXT: https://www.wizaly.com/terms-of-use#privacy-policy
[2026-03-06T07:03:44.053Z]   EXT: https://www.wppmedia.com/pages/privacy-policy
[2026-03-06T07:03:44.054Z]   EXT: https://www.wunderkind.co/privacy
[2026-03-06T07:03:44.054Z]   EXT: https://www.wunderkind.co/privacy/data-request-instructions
[2026-03-06T07:03:44.054Z]   EXT: https://www.wurl.com/wurl-advertising-services-privacy-notice/#15
[2026-03-06T07:03:44.054Z]   EXT: https://www.xapads.com/gdpr-policy
[2026-03-06T07:03:44.054Z]   EXT: https://www.xapads.com/privacy-policy
[2026-03-06T07:03:44.054Z]   EXT: https://www.xr.global/legal/privacy-policy-for-xr-extreme-reach-ad-serving-and-analytics
[2026-03-06T07:03:44.054Z]   EXT: https://www.xxxlutz.de/c/privacy
[2026-03-06T07:03:44.054Z]   EXT: https://www.yieldlove.com/de-de/datenschutz
[2026-03-06T07:03:44.054Z]   EXT: https://www.yieldmo.com/privacy
[2026-03-06T07:03:44.054Z]   EXT: https://www.yieldr.com/privacy
[2026-03-06T07:03:44.054Z]   EXT: https://www.ziffdavis.com/privacy-policy
[2026-03-06T07:03:44.054Z]   EXT: https://www.ziffdavis.com/privacy-policy#lawful
[2026-03-06T07:03:44.054Z]   EXT: https://www.zmaticoo.com/zmaticoo/privacies.html
[2026-03-06T07:03:44.054Z]   EXT: https://www.zuuvi.com/privacy-policy
[2026-03-06T07:03:44.054Z]   EXT: https://www.zuuvi.com/privacy-policy/legitimate-reasons
[2026-03-06T07:03:44.055Z]   EXT: https://www2.rampanel.com/privacy-policy
[2026-03-06T07:03:44.055Z]   EXT: https://xadspoteffects.com/en/privacy-policy
[2026-03-06T07:03:44.055Z]   EXT: https://xe.works/privacy-policy
[2026-03-06T07:03:44.055Z]   EXT: https://xpln.ai/privacy
[2026-03-06T07:03:44.055Z]   EXT: https://xroads.b-cdn.net/Leap4-Privacy_Policy.pdf
[2026-03-06T07:03:44.055Z]   EXT: https://yieldbird.com/privacy-policy
[2026-03-06T07:03:44.055Z]   EXT: https://yieldbird.com/transparency-policy
[2026-03-06T07:03:44.055Z]   EXT: https://yoc.com/privacy
[2026-03-06T07:03:44.055Z]   EXT: https://youappi.com/privacy-policy
[2026-03-06T07:03:44.055Z]   EXT: https://zeitagency.com/privacy.html
[2026-03-06T07:03:44.055Z]   EXT: https://zeotap.com/privacy-policy
[2026-03-06T07:03:44.055Z]   EXT: https://zeotapdata.net/privacy-policy
[2026-03-06T07:03:44.055Z]   EXT: https://zetaglobal.com/privacy-policy/?_gl=1*1suh83d*_ga*MTM4MDYyOTA5Mi4xNjg5MTgwODAy*_ga_H1DTS3V7ZB*MTY5MDgzMzcxNi4xLjAuMTY5MDgzMzcxOC41OC4wLjA.
[2026-03-06T07:03:44.056Z]   EXT: https://zms.zalando.com/#
[2026-03-06T07:03:44.056Z] ── Step 1: Programmatic categorization ──
[2026-03-06T07:03:44.056Z]   UNCATEGORIZED: http://adelement.com/privacy-policy.html
[2026-03-06T07:03:44.056Z]   UNCATEGORIZED: http://bidfuse.com/privacy-policy
[2026-03-06T07:03:44.056Z]   UNCATEGORIZED: http://corp.aarki.com/privacy
[2026-03-06T07:03:44.056Z]   UNCATEGORIZED: http://cubed.ai/privacy-policy/gdpr
[2026-03-06T07:03:44.056Z]   UNCATEGORIZED: http://mktsci.com/privacy_policy.htm
[2026-03-06T07:03:44.056Z]   UNCATEGORIZED: http://podscribe.com/privacy
[2026-03-06T07:03:44.056Z]   UNCATEGORIZED: http://ten.media/cookie-policy
[2026-03-06T07:03:44.057Z]   UNCATEGORIZED: http://ten.media/privacy-policy
[2026-03-06T07:03:44.057Z]   UNCATEGORIZED: http://theadex.com
[2026-03-06T07:03:44.057Z]   UNCATEGORIZED: http://viewpay.tv/mentions-legales
[2026-03-06T07:03:44.057Z]   UNCATEGORIZED: http://www.akamai.com/compliance/privacy
[2026-03-06T07:03:44.057Z]   UNCATEGORIZED: http://www.dentsu.co.jp/terms/data_policy.html
[2026-03-06T07:03:44.057Z]   UNCATEGORIZED: http://www.mobitrans.net/privacy-policy
[2026-03-06T07:03:44.057Z]   UNCATEGORIZED: http://www.sfr.fr/securite-confidentialite.html
[2026-03-06T07:03:44.057Z]   UNCATEGORIZED: http://www.tradedoubler.com/en/privacy-policy
[2026-03-06T07:03:44.057Z]   UNCATEGORIZED: https://014on.com/politica-privacidad
[2026-03-06T07:03:44.058Z]   UNCATEGORIZED: https://152media.com/privacy-policy
[2026-03-06T07:03:44.058Z]   UNCATEGORIZED: https://3q.video/en/help-center/datenschutzhinweise
[2026-03-06T07:03:44.058Z]   UNCATEGORIZED: https://6sense.com/privacy-policy
[2026-03-06T07:03:44.058Z]   UNCATEGORIZED: https://a.twiago.com/privacy.php
[2026-03-06T07:03:44.058Z]   UNCATEGORIZED: https://aaa.artefact.com/privacy-policy.do
[2026-03-06T07:03:44.058Z]   UNCATEGORIZED: https://about.ads.microsoft.com/en-us/solutions/xandr/platform-privacy-policy
[2026-03-06T07:03:44.058Z]   UNCATEGORIZED: https://about.ads.microsoft.com/en-us/solutions/xandr/platform-privacy-policy#p_lt_ctl01_pageplaceholder_p_lt_ctl00_pageplaceholder_p_lt_WebPartZone3_zonePageBody_BingAds_PageContentViewer_PageContentViewerAll_ctl18_ctl00_ColumnsContainer
[2026-03-06T07:03:44.058Z]   UNCATEGORIZED: https://abtshield.com/privacy-policy
[2026-03-06T07:03:44.058Z]   UNCATEGORIZED: https://account.squadata.net
[2026-03-06T07:03:44.058Z]   UNCATEGORIZED: https://account.yougov.com/gb-en/account/privacy-policy
[2026-03-06T07:03:44.059Z]   UNCATEGORIZED: https://aceex.io/legal/platform-privacy-policy
[2026-03-06T07:03:44.059Z]   UNCATEGORIZED: https://ad360.media/privacy.html
[2026-03-06T07:03:44.059Z]   UNCATEGORIZED: https://adagio.io/legal/advertising-services-privacy-policy
[2026-03-06T07:03:44.059Z]   UNCATEGORIZED: https://adalyser.com/en/terms
[2026-03-06T07:03:44.059Z]   UNCATEGORIZED: https://adaptmx.com/privacy-policy
[2026-03-06T07:03:44.059Z]   UNCATEGORIZED: https://adara.com/privacy-promise
[2026-03-06T07:03:44.059Z]   UNCATEGORIZED: https://adelaidemetrics.com/privacy
[2026-03-06T07:03:44.059Z]   UNCATEGORIZED: https://adelement.com/privacy-policy.html#legal-basis-processing
[2026-03-06T07:03:44.059Z]   UNCATEGORIZED: https://aderserve.com/privacy_policy.html
[2026-03-06T07:03:44.060Z]   UNCATEGORIZED: https://adex.com/privacy
[2026-03-06T07:03:44.060Z]   UNCATEGORIZED: https://adhese.eu/privacy-policy
[2026-03-06T07:03:44.060Z]   UNCATEGORIZED: https://adipolo.com/lic-claim-en.html
[2026-03-06T07:03:44.060Z]   UNCATEGORIZED: https://adipolo.com/privacy-policy.html
[2026-03-06T07:03:44.060Z]   UNCATEGORIZED: https://adjust-digital.com/privacy
[2026-03-06T07:03:44.060Z]   UNCATEGORIZED: https://adkernel.com/privacy-policy
[2026-03-06T07:03:44.060Z]   UNCATEGORIZED: https://admagnetix.io/privacy-policy
[2026-03-06T07:03:44.060Z]   UNCATEGORIZED: https://admanmedia.com/politica.html
[2026-03-06T07:03:44.060Z]   UNCATEGORIZED: https://admasters.media/en/privacy
[2026-03-06T07:03:44.061Z]   UNCATEGORIZED: https://admatic.de/opt-out-of-admatic-ads
[2026-03-06T07:03:44.061Z]   UNCATEGORIZED: https://admatic.de/privacy-policy
[2026-03-06T07:03:44.061Z]   UNCATEGORIZED: https://admaxmedia.io/privacy-policy
[2026-03-06T07:03:44.061Z]   UNCATEGORIZED: https://admixer.com/privacy
[2026-03-06T07:03:44.061Z]   UNCATEGORIZED: https://adnitix.com/privacy-policy
[2026-03-06T07:03:44.061Z]   UNCATEGORIZED: https://adnow.com/privacy-policy
[2026-03-06T07:03:44.061Z]   UNCATEGORIZED: https://adnuntius.com/resources/privacy-policy
[2026-03-06T07:03:44.061Z]   UNCATEGORIZED: https://adrenalead.com/en/data-protection-policy
[2026-03-06T07:03:44.061Z]   UNCATEGORIZED: https://adrino.pl/Regulaminy/Polityka_prywatnosci.html
[2026-03-06T07:03:44.061Z]   UNCATEGORIZED: https://ads.qualitymedianetwork.de/privacy.php
[2026-03-06T07:03:44.061Z]   UNCATEGORIZED: https://adsafety.net/privacy.html
[2026-03-06T07:03:44.062Z]   UNCATEGORIZED: https://adsby.bidtheatre.com/deviceStorage.json
[2026-03-06T07:03:44.062Z]   UNCATEGORIZED: https://adserve.zone/adserveprivacypolicy
[2026-03-06T07:03:44.062Z]   UNCATEGORIZED: https://adserve.zone/adserveprivacypolicy#legitimateinterest
[2026-03-06T07:03:44.062Z]   UNCATEGORIZED: https://adsinflow.com/privacy.html
[2026-03-06T07:03:44.062Z]   UNCATEGORIZED: https://adsinteractive.com/privacy-policy
[2026-03-06T07:03:44.062Z]   UNCATEGORIZED: https://adsocy.com/politica-de-privacidad-y-aviso-legal
[2026-03-06T07:03:44.062Z]   UNCATEGORIZED: https://adsquare.com/privacy
[2026-03-06T07:03:44.062Z]   UNCATEGORIZED: https://adssets.com/policy
[2026-03-06T07:03:44.062Z]   UNCATEGORIZED: https://adswag.nl/privacy-policy
[2026-03-06T07:03:44.062Z]   UNCATEGORIZED: https://adtarget.com.tr/adtarget-privacy-policy-2020.pdf
[2026-03-06T07:03:44.062Z]   UNCATEGORIZED: https://adtelligent.com/privacy-policy
[2026-03-06T07:03:44.062Z]   UNCATEGORIZED: https://adtelligent.com/tos
[2026-03-06T07:03:44.063Z]   UNCATEGORIZED: https://adttribution.com/privacy-policy.php
[2026-03-06T07:03:44.063Z]   UNCATEGORIZED: https://adventive.com/legal/privacy-policy
[2026-03-06T07:03:44.063Z]   UNCATEGORIZED: https://adventive.com/legal/privacy-policy/#elementor-toc__heading-anchor-7
[2026-03-06T07:03:44.063Z]   UNCATEGORIZED: https://adverticum.net/english/privacy-and-data-processing-information
[2026-03-06T07:03:44.063Z]   UNCATEGORIZED: https://advertising.tech/privacy-policy
[2026-03-06T07:03:44.063Z]   UNCATEGORIZED: https://advertising.tech/privacy-policy/#legal-basis
[2026-03-06T07:03:44.063Z]   UNCATEGORIZED: https://adverty.com/privacy-policy
[2026-03-06T07:03:44.063Z]   UNCATEGORIZED: https://advlion.com/en/WebsitePrivacyAndSecurity.html?hsLang=en
[2026-03-06T07:03:44.063Z]   UNCATEGORIZED: https://advolution.de/privacy.php
[2026-03-06T07:03:44.063Z]   UNCATEGORIZED: https://advoxel.com/privacy
[2026-03-06T07:03:44.063Z]   UNCATEGORIZED: https://adwmg.com/privacy-policy
[2026-03-06T07:03:44.064Z]   UNCATEGORIZED: https://adxperience.com/privacy-policy
[2026-03-06T07:03:44.064Z]   UNCATEGORIZED: https://afront.io/legal/privacy-policy
[2026-03-06T07:03:44.064Z]   UNCATEGORIZED: https://allegro.pl/regulaminy/polityka-plikow-cookies-lDzYv9wn8Tn
[2026-03-06T07:03:44.064Z]   UNCATEGORIZED: https://alphalyr.fr/en/privacy-policy
[2026-03-06T07:03:44.064Z]   UNCATEGORIZED: https://alphonso.tv/privacy/smart-tvs/smart-tv-privacy-policy-eu
[2026-03-06T07:03:44.064Z]   UNCATEGORIZED: https://anyclip.com/privacy-policy
[2026-03-06T07:03:44.064Z]   UNCATEGORIZED: https://apester.com/privacy-policy
[2026-03-06T07:03:44.064Z]   UNCATEGORIZED: https://apexflowsdk.com/legitimate-interest.txt
[2026-03-06T07:03:44.064Z]   UNCATEGORIZED: https://apexflowsdk.com/privacy
[2026-03-06T07:03:44.064Z]   UNCATEGORIZED: https://api.adftech.com.br/legitimate
[2026-03-06T07:03:44.064Z]   UNCATEGORIZED: https://api.adftech.com.br/privacy
[2026-03-06T07:03:44.064Z]   UNCATEGORIZED: https://api.recod3suite.com/privacypolicy.php
[2026-03-06T07:03:44.065Z]   UNCATEGORIZED: https://app-stock.com/privacy-policy
[2026-03-06T07:03:44.065Z]   UNCATEGORIZED: https://app.alloyads.ai/privacy-policy
[2026-03-06T07:03:44.065Z]   UNCATEGORIZED: https://app.holid.io/assets/documents/PrivacyPolicyHolid.pdf
[2026-03-06T07:03:44.065Z]   UNCATEGORIZED: https://app.impact.com/content/displaympserviceagreement.ihtml
[2026-03-06T07:03:44.065Z]   UNCATEGORIZED: https://app.streameye.com/policy/net
[2026-03-06T07:03:44.065Z]   UNCATEGORIZED: https://appcelerate.ai/privacy-policy
[2026-03-06T07:03:44.065Z]   UNCATEGORIZED: https://applies.goldenbees.fr/privacyPolicy/fr
[2026-03-06T07:03:44.065Z]   UNCATEGORIZED: https://appmonsta.ai/privacy
[2026-03-06T07:03:44.065Z]   UNCATEGORIZED: https://appush.com/wp-content/uploads/2022/06/Platform-Privacy-Policy-Appush.pdf
[2026-03-06T07:03:44.065Z]   UNCATEGORIZED: https://arago.com/fr/politique-de-confidentialite
[2026-03-06T07:03:44.065Z]   UNCATEGORIZED: https://archonph.com/privacy-policy
[2026-03-06T07:03:44.066Z]   UNCATEGORIZED: https://arcspire.io/privacy.pdf
[2026-03-06T07:03:44.066Z]   UNCATEGORIZED: https://armis.tech/en/legal-notices
[2026-03-06T07:03:44.066Z]   UNCATEGORIZED: https://artsai.com/privacy
[2026-03-06T07:03:44.066Z]   UNCATEGORIZED: https://asklocala.com/advertising-privacy-policy/?_gl=1*145zs89*_up*MQ..*_ga*MjA4NDgxNDYxOC4xNjk2NTEyNTU5*_ga_VRM83PCHBL*MTY5NjUxMjU1OC4xLjEuMTY5NjUxMjU3NS4wLjAuMA..*_ga_5N7836YC9X*MTY5NjUxMjU1OC4xLjEuMTY5NjUxMjU3NS4wLjAuMA..
[2026-03-06T07:03:44.066Z]   UNCATEGORIZED: https://assets.adagio.io/legal/Adagio_LIAs-combined.pdf
[2026-03-06T07:03:44.066Z]   UNCATEGORIZED: https://audalaxy.com/en
[2026-03-06T07:03:44.066Z]   UNCATEGORIZED: https://audalaxy.com/en/privacy-policy
[2026-03-06T07:03:44.066Z]   UNCATEGORIZED: https://audience-solutions.com/privacy-policy-en.pdf
[2026-03-06T07:03:44.066Z]   UNCATEGORIZED: https://audiencefinder.justtag.com/privacy
[2026-03-06T07:03:44.066Z]   UNCATEGORIZED: https://audiencenetwork.pl/en/internet-advertising-privacy-policy
[2026-03-06T07:03:44.066Z]   UNCATEGORIZED: https://audigent.com/platform-privacy-policy
[2026-03-06T07:03:44.066Z]   UNCATEGORIZED: https://audigent.com/privacy-center
[2026-03-06T07:03:44.067Z]   UNCATEGORIZED: https://audiostack.ai/legal/privacy-policy
[2026-03-06T07:03:44.067Z]   UNCATEGORIZED: https://automattic.com/privacy
[2026-03-06T07:03:44.067Z]   UNCATEGORIZED: https://axis-marketplace.com/policy/privacy-policy
[2026-03-06T07:03:44.067Z]   UNCATEGORIZED: https://ayads.co/privacy.php
[2026-03-06T07:03:44.067Z]   UNCATEGORIZED: https://azira.com/fr/politique-de-confidentialite#confidentialite
[2026-03-06T07:03:44.067Z]   UNCATEGORIZED: https://azira.com/fr/privacy-policy/#services-policy
[2026-03-06T07:03:44.067Z]   UNCATEGORIZED: https://azira.com/privacy-policy
[2026-03-06T07:03:44.067Z]   UNCATEGORIZED: https://balloonlabs.ai/privacy
[2026-03-06T07:03:44.067Z]   UNCATEGORIZED: https://bannernow.com/privacy
[2026-03-06T07:03:44.067Z]   UNCATEGORIZED: https://bealion.com/wp-content/uploads/2024/06/politica_privacidad_2024.pdf
[2026-03-06T07:03:44.067Z]   UNCATEGORIZED: https://beapup.com/privacy-policy
[2026-03-06T07:03:44.067Z]   UNCATEGORIZED: https://beatgrid.co/privacy-policy
[2026-03-06T07:03:44.068Z]   UNCATEGORIZED: https://bedrockplatform.com/privacy-policy
[2026-03-06T07:03:44.068Z]   UNCATEGORIZED: https://belboon.com/en/privacy
[2026-03-06T07:03:44.068Z]   UNCATEGORIZED: https://beop.collectiveaudience.co/privacy-policy
[2026-03-06T07:03:44.068Z]   UNCATEGORIZED: https://bepixel.net.br/interesse-legitimo.html
[2026-03-06T07:03:44.068Z]   UNCATEGORIZED: https://bepixel.net.br/privacidade.html
[2026-03-06T07:03:44.068Z]   UNCATEGORIZED: https://bettercollective.com/privacy-policy
[2026-03-06T07:03:44.068Z]   UNCATEGORIZED: https://bidease.com/lic
[2026-03-06T07:03:44.068Z]   UNCATEGORIZED: https://bidease.com/privacy-policy
[2026-03-06T07:03:44.068Z]   UNCATEGORIZED: https://bidmachine.io/privacy-policy
[2026-03-06T07:03:44.068Z]   UNCATEGORIZED: https://bidmatic.io/privacy-policy
[2026-03-06T07:03:44.068Z]   UNCATEGORIZED: https://bidmatic.io/tos
[2026-03-06T07:03:44.069Z]   UNCATEGORIZED: https://bidscube.com/data-processing-addendum
[2026-03-06T07:03:44.069Z]   UNCATEGORIZED: https://bidscube.com/privacy
[2026-03-06T07:03:44.069Z]   UNCATEGORIZED: https://blasto.ai/policy/privacy-policy
[2026-03-06T07:03:44.069Z]   UNCATEGORIZED: https://bliink.io/privacy-policy
[2026-03-06T07:03:44.069Z]   UNCATEGORIZED: https://blis.com/blis-privacy-policy-for-online-advertising-and-related-uses
[2026-03-06T07:03:44.069Z]   UNCATEGORIZED: https://blis.com/legitimate-interests-statement
[2026-03-06T07:03:44.069Z]   UNCATEGORIZED: https://blockthrough.com/privacy-policy
[2026-03-06T07:03:44.069Z]   UNCATEGORIZED: https://blog.ad360.media/uncategorized/iab-tcf-v2-2-and-legitimate-interest-claim
[2026-03-06T07:03:44.069Z]   UNCATEGORIZED: https://bluems.com/privacy-policy
[2026-03-06T07:03:44.069Z]   UNCATEGORIZED: https://bluexad.ai/bluex-gdpr
[2026-03-06T07:03:44.069Z]   UNCATEGORIZED: https://bluexad.ai/privacy
[2026-03-06T07:03:44.070Z]   UNCATEGORIZED: https://bold-win.com/privacy-policy
[2026-03-06T07:03:44.070Z]   UNCATEGORIZED: https://bombora.com/privacy
[2026-03-06T07:03:44.070Z]   UNCATEGORIZED: https://bottalk.io/privacy
[2026-03-06T07:03:44.070Z]   UNCATEGORIZED: https://bridgeupp.com/PrivacyPolicy.html
[2026-03-06T07:03:44.070Z]   UNCATEGORIZED: https://broadlab.tv/legitimate-interest-disclosure
[2026-03-06T07:03:44.070Z]   UNCATEGORIZED: https://broadlab.tv/privacy-policy
[2026-03-06T07:03:44.070Z]   UNCATEGORIZED: https://browsi.com/privacy-policy-2
[2026-03-06T07:03:44.070Z]   UNCATEGORIZED: https://business.safety.google/privacy
[2026-03-06T07:03:44.070Z]   UNCATEGORIZED: https://cablato.com/privacy-policy
[2026-03-06T07:03:44.070Z]   UNCATEGORIZED: https://cafemedia.com/publisher-advertising-privacy-policy
[2026-03-06T07:03:44.071Z]   UNCATEGORIZED: https://capaneo.de/datenschutz
[2026-03-06T07:03:44.071Z]   UNCATEGORIZED: https://carbonatix.com/privacy-policy
[2026-03-06T07:03:44.071Z]   UNCATEGORIZED: https://carbonatix.com/terms-of-service
[2026-03-06T07:03:44.071Z]   UNCATEGORIZED: https://cas.ai/privacy-policy-3
[2026-03-06T07:03:44.071Z]   UNCATEGORIZED: https://castoola.com/wp-content/uploads/2022/01/castoola_pp_06.01.2022.pdf
[2026-03-06T07:03:44.071Z]   UNCATEGORIZED: https://cdn-media.brightline.tv/sdk/tcf/privacy_policy.html
[2026-03-06T07:03:44.071Z]   UNCATEGORIZED: https://cdn.bidtheatre.com/LIA_ferq.pdf
[2026-03-06T07:03:44.071Z]   UNCATEGORIZED: https://cdn.hubvisor.io/assets/policy.pdf
[2026-03-06T07:03:44.071Z]   UNCATEGORIZED: https://cdn.streamwise.it/streamwise/EN-Privacy-e-Cookie-policy-Streamwise-services.pdf
[2026-03-06T07:03:44.071Z]   UNCATEGORIZED: https://cdn.thenewsroom.io/docs/cookies.pdf
[2026-03-06T07:03:44.072Z]   UNCATEGORIZED: https://chalice.ai/privacy
[2026-03-06T07:03:44.072Z]   UNCATEGORIZED: https://cheq.ai/privacy-policy
[2026-03-06T07:03:44.072Z]   UNCATEGORIZED: https://claritas.com/privacy-legal
[2026-03-06T07:03:44.072Z]   UNCATEGORIZED: https://cleartrust.cc/privacy
[2026-03-06T07:03:44.072Z]   UNCATEGORIZED: https://cleveradvertising.com/privacy
[2026-03-06T07:03:44.072Z]   UNCATEGORIZED: https://cleverpush.com/en/privacy
[2026-03-06T07:03:44.072Z]   UNCATEGORIZED: https://clinch.co/privacy-policy
[2026-03-06T07:03:44.072Z]   UNCATEGORIZED: https://clipcentric.com/privacy.bhtml
[2026-03-06T07:03:44.072Z]   UNCATEGORIZED: https://clipcentric.com/privacy.bhtml#adViewersProcessingGrounds
[2026-03-06T07:03:44.072Z]   UNCATEGORIZED: https://clipcentric.de/datenschutzerklaerung
[2026-03-06T07:03:44.072Z]   UNCATEGORIZED: https://cloud4wi.ai/cloud4wi-privacy-policy-for-individuals
[2026-03-06T07:03:44.073Z]   UNCATEGORIZED: https://cluep.com/privacy/notice
[2026-03-06T07:03:44.073Z]   UNCATEGORIZED: https://codevelop.io/en/privacy
[2026-03-06T07:03:44.073Z]   UNCATEGORIZED: https://collection.schober.de
[2026-03-06T07:03:44.073Z]   UNCATEGORIZED: https://collector.brandmetrics.com/brandmetrics_privacypolicy.pdf
[2026-03-06T07:03:44.073Z]   UNCATEGORIZED: https://community.marfeel.com/t/legitimate-interest-assessment-on-tcf-string/64405
[2026-03-06T07:03:44.073Z]   UNCATEGORIZED: https://community.marfeel.com/t/marfeel-saas-privacy-policy/7500
[2026-03-06T07:03:44.073Z]   UNCATEGORIZED: https://comparisons.org/privacy.php
[2026-03-06T07:03:44.073Z]   UNCATEGORIZED: https://connatix.com/privacy-policy
[2026-03-06T07:03:44.073Z]   UNCATEGORIZED: https://connectad.io/privacy
[2026-03-06T07:03:44.073Z]   UNCATEGORIZED: https://connectivityassistant.com/privacy
[2026-03-06T07:03:44.073Z]   UNCATEGORIZED: https://connekt.ai/privacy-policy
[2026-03-06T07:03:44.074Z]   UNCATEGORIZED: https://console.gamesight.io/privacy-policy
[2026-03-06T07:03:44.074Z]   UNCATEGORIZED: https://consumable.com/privacy-policy
[2026-03-06T07:03:44.074Z]   UNCATEGORIZED: https://contactimpact.de/privacy
[2026-03-06T07:03:44.074Z]   UNCATEGORIZED: https://contactimpact.de/privacy.html#section-3
[2026-03-06T07:03:44.074Z]   UNCATEGORIZED: https://converge-digital.com/privacy-policy
[2026-03-06T07:03:44.074Z]   UNCATEGORIZED: https://corp.aarki.com/privacy
[2026-03-06T07:03:44.074Z]   UNCATEGORIZED: https://corporate.sparteo.com/privacy-policy
[2026-03-06T07:03:44.074Z]   UNCATEGORIZED: https://covatic.com/privacy-policy
[2026-03-06T07:03:44.074Z]   UNCATEGORIZED: https://cp.tonefuse.com/privacy-policy
[2026-03-06T07:03:44.074Z]   UNCATEGORIZED: https://crackle.tech/privacy
[2026-03-06T07:03:44.074Z]   UNCATEGORIZED: https://createjs.com/legal/privacy.html
[2026-03-06T07:03:44.075Z]   UNCATEGORIZED: https://creatives.magma-ads.com/aftf/privacy-policy
[2026-03-06T07:03:44.075Z]   UNCATEGORIZED: https://creatives.no/personvern
[2026-03-06T07:03:44.075Z]   UNCATEGORIZED: https://dahq.io/privacy-policy
[2026-03-06T07:03:44.075Z]   UNCATEGORIZED: https://danoler.com/danoler-privacy-policy
[2026-03-06T07:03:44.075Z]   UNCATEGORIZED: https://datadome.co/privacy-policy
[2026-03-06T07:03:44.075Z]   UNCATEGORIZED: https://datadome.co/privacy-policy/#claims
[2026-03-06T07:03:44.075Z]   UNCATEGORIZED: https://datamoire.com/privacy-policy.html
[2026-03-06T07:03:44.075Z]   UNCATEGORIZED: https://dataseat.com/privacy-policy
[2026-03-06T07:03:44.075Z]   UNCATEGORIZED: https://dataservices.bertelsmann.de/privacystatement
[2026-03-06T07:03:44.075Z]   UNCATEGORIZED: https://dataxtrade.com/de/privacy.html
[2026-03-06T07:03:44.075Z]   UNCATEGORIZED: https://de.f11-ads.com/privacy.php
[2026-03-06T07:03:44.076Z]   UNCATEGORIZED: https://decentriq.com/legal/privacy-policy
[2026-03-06T07:03:44.076Z]   UNCATEGORIZED: https://definemedia.de/de/datenschutz-conative
[2026-03-06T07:03:44.076Z]   UNCATEGORIZED: https://delivered-by-madington.com/dat-privacy-policy/index.html
[2026-03-06T07:03:44.076Z]   UNCATEGORIZED: https://deltaprojects.com/data-collection-policy
[2026-03-06T07:03:44.076Z]   UNCATEGORIZED: https://demandscience.com/privacy-policy
[2026-03-06T07:03:44.076Z]   UNCATEGORIZED: https://developers.bluestack.app/privacy-policy
[2026-03-06T07:03:44.076Z]   UNCATEGORIZED: https://developers.kameleoon.com/privacy-and-compliance/data-collection-client-side#data-stored-for-all-visitors
[2026-03-06T07:03:44.076Z]   UNCATEGORIZED: https://digitalaudience.io/legal
[2026-03-06T07:03:44.076Z]   UNCATEGORIZED: https://digitalmatter.ai/en/privacy-policy
[2026-03-06T07:03:44.076Z]   UNCATEGORIZED: https://doceree.com/provider/uk-privacy-policy
[2026-03-06T07:03:44.077Z]   UNCATEGORIZED: https://docs.google.com/document/d/1-KCPkySw3Lum1Tco8WmyEMr5F9sQV9nQ/edit
[2026-03-06T07:03:44.077Z]   UNCATEGORIZED: https://docs.google.com/document/d/e/2PACX-1vQ2Hz0ETjEy-3B1KAdhFlh8weUp_SrzQ894uiA495OzEx3_zrQdmBijvP_F2UQM0i_NjPAX-b7gZirv/pub
[2026-03-06T07:03:44.077Z]   UNCATEGORIZED: https://docs.google.com/spreadsheets/d/1HMrCpWucCJOoWtqRi9AD1W_ylyxPuWInECUzuCg4-UI/edit#gid=0
[2026-03-06T07:03:44.077Z]   UNCATEGORIZED: https://doubleverify.com/privacy-notice?tab=solutions-privacy-notice#solutions-privacy-notice
[2026-03-06T07:03:44.077Z]   UNCATEGORIZED: https://drive.google.com/drive/u/0/folders/1jU_ut0JtuRoj_a2NhCeEW1EMcI0WS6bu
[2026-03-06T07:03:44.077Z]   UNCATEGORIZED: https://dstillery.com/privacy-policy
[2026-03-06T07:03:44.077Z]   UNCATEGORIZED: https://dynamic-tracking.com/Datenschutz.aspx
[2026-03-06T07:03:44.077Z]   UNCATEGORIZED: https://dynamic-tracking.com/Modules/Common/Kontakt.aspx
[2026-03-06T07:03:44.077Z]   UNCATEGORIZED: https://e-volution.ai/privacypolicy
[2026-03-06T07:03:44.077Z]   UNCATEGORIZED: https://edge226.com/privacy-policy
[2026-03-06T07:03:44.078Z]   UNCATEGORIZED: https://eliteappgrade.com/privacy-policy
[2026-03-06T07:03:44.078Z]   UNCATEGORIZED: https://emarketingsolutions.es/privacy-policy/?lang=en
[2026-03-06T07:03:44.078Z]   UNCATEGORIZED: https://emodo.com/privacy-policy
[2026-03-06T07:03:44.078Z]   UNCATEGORIZED: https://en.betweenx.com/pdata.pdf
[2026-03-06T07:03:44.078Z]   UNCATEGORIZED: https://epom.com/privacy-policy
[2026-03-06T07:03:44.078Z]   UNCATEGORIZED: https://epsilon.com.pt/politicas-de-privacidade
[2026-03-06T07:03:44.078Z]   UNCATEGORIZED: https://equativ.com/privacy-policy
[2026-03-06T07:03:44.078Z]   UNCATEGORIZED: https://eris.id/politica-de-privacidad
[2026-03-06T07:03:44.078Z]   UNCATEGORIZED: https://escalax.io/legal/privacy-policy
[2026-03-06T07:03:44.078Z]   UNCATEGORIZED: https://event.kindred.co/privacy-policy
[2026-03-06T07:03:44.079Z]   UNCATEGORIZED: https://evorra.com/product-privacy-policy
[2026-03-06T07:03:44.079Z]   UNCATEGORIZED: https://ex.co/privacy-policy
[2026-03-06T07:03:44.079Z]   UNCATEGORIZED: https://exactag.com/privacy-policy
[2026-03-06T07:03:44.079Z]   UNCATEGORIZED: https://fastad.pro/assets/docx/Legitimate_Interest_Statement_Fastad.docx
[2026-03-06T07:03:44.079Z]   UNCATEGORIZED: https://fastad.pro/assets/docx/Privacy_Policy.docx
[2026-03-06T07:03:44.079Z]   UNCATEGORIZED: https://feedad.com/privacy
[2026-03-06T07:03:44.079Z]   UNCATEGORIZED: https://feedad.com/privacy/#legal-basis
[2026-03-06T07:03:44.079Z]   UNCATEGORIZED: https://fifty.io/privacy-policy
[2026-03-06T07:03:44.079Z]   UNCATEGORIZED: https://firework.com/legal/privacypolicy
[2026-03-06T07:03:44.079Z]   UNCATEGORIZED: https://fouanalytics.com/privacy
[2026-03-06T07:03:44.079Z]   UNCATEGORIZED: https://foundryco.com/privacy-policy
[2026-03-06T07:03:44.079Z]   UNCATEGORIZED: https://fr.notify-group.com/mentions-legales
[2026-03-06T07:03:44.080Z]   UNCATEGORIZED: https://fr.notify-group.com/rgpd
[2026-03-06T07:03:44.080Z]   UNCATEGORIZED: https://freestar.com/privacy-policy
[2026-03-06T07:03:44.080Z]   UNCATEGORIZED: https://frvr.com/legal#PrivacyPolicy
[2026-03-06T07:03:44.080Z]   UNCATEGORIZED: https://funkedigital.de/datenschutzerklaerung
[2026-03-06T07:03:44.080Z]   UNCATEGORIZED: https://gameanalytics.com/trust/privacy/privacy-notice
[2026-03-06T07:03:44.080Z]   UNCATEGORIZED: https://gdpr.m6tech.net/politique-confidentialite-partenaires-groupeM6.pdf
[2026-03-06T07:03:44.080Z]   UNCATEGORIZED: https://geistm.com/legal/privacy
[2026-03-06T07:03:44.080Z]   UNCATEGORIZED: https://get.mirando.de/download/gdpr.php
[2026-03-06T07:03:44.080Z]   UNCATEGORIZED: https://getmediamx.com/privacy-policy
[2026-03-06T07:03:44.080Z]   UNCATEGORIZED: https://getpublica.com/privacy
[2026-03-06T07:03:44.080Z]   UNCATEGORIZED: https://global.com/legal/privacy-policy
[2026-03-06T07:03:44.081Z]   UNCATEGORIZED: https://go.pl/polityka-prywatnosci
[2026-03-06T07:03:44.081Z]   UNCATEGORIZED: https://go.rakutenadvertising.com/hubfs/Services-Privacy-Policy-English.pdf
[2026-03-06T07:03:44.081Z]   UNCATEGORIZED: https://goldbach.com/ch/en/privacy-policy/goldbach-group
[2026-03-06T07:03:44.081Z]   UNCATEGORIZED: https://good-loop.com/privacy-policy
[2026-03-06T07:03:44.081Z]   UNCATEGORIZED: https://growone.sg/static/GDPRPrivacyAddendum.pdf
[2026-03-06T07:03:44.081Z]   UNCATEGORIZED: https://growone.sg/static/PrivacyPolicy.pdf
[2026-03-06T07:03:44.081Z]   UNCATEGORIZED: https://gumgum.com/terms-and-policies/justpremium-privacy-policy
[2026-03-06T07:03:44.081Z]   UNCATEGORIZED: https://gumgum.com/terms-and-policies/privacy-policy
[2026-03-06T07:03:44.081Z]   UNCATEGORIZED: https://h5hosting.dbankcdn.com/cch5/PPS/ads/interests/legitimate_interests.htm
[2026-03-06T07:03:44.081Z]   UNCATEGORIZED: https://happydemics.com/en/terms_and_conditions
[2026-03-06T07:03:44.081Z]   UNCATEGORIZED: https://hashtag-labs.com/privacy-policy.html
[2026-03-06T07:03:44.082Z]   UNCATEGORIZED: https://hawk-tech.io/privacy-policy
[2026-03-06T07:03:44.082Z]   UNCATEGORIZED: https://haxelo.com/legal/privacy-policy
[2026-03-06T07:03:44.082Z]   UNCATEGORIZED: https://heimspiel.de/legal/privacy-policy-iab-vendor
[2026-03-06T07:03:44.082Z]   UNCATEGORIZED: https://help.adspirit.de/privacy.php?lang=1
[2026-03-06T07:03:44.082Z]   UNCATEGORIZED: https://help.disqus.com/en/articles/1717103-disqus-privacy-policy
[2026-03-06T07:03:44.082Z]   UNCATEGORIZED: https://help.netflix.com/legal/privacy
[2026-03-06T07:03:44.082Z]   UNCATEGORIZED: https://help.sensic.net/privacypolicy_en.html
[2026-03-06T07:03:44.082Z]   UNCATEGORIZED: https://highvibes.media/datenschutz
[2026-03-06T07:03:44.082Z]   UNCATEGORIZED: https://highvibes.media/datenschutz/#legitimate-interest
[2026-03-06T07:03:44.082Z]   UNCATEGORIZED: https://hivestack.com/privacy-policy
[2026-03-06T07:03:44.082Z]   UNCATEGORIZED: https://hopprtv.com/legitimateinterests
[2026-03-06T07:03:44.082Z]   UNCATEGORIZED: https://hopprtv.com/privacy-policy
[2026-03-06T07:03:44.083Z]   UNCATEGORIZED: https://hybrid.ai/data_protection_policy
[2026-03-06T07:03:44.083Z]   UNCATEGORIZED: https://hybridtheory.com/privacy-notice
[2026-03-06T07:03:44.083Z]   UNCATEGORIZED: https://hyscore.io/data-privacy
[2026-03-06T07:03:44.083Z]   UNCATEGORIZED: https://iabdisclosure.terminusplatform.com/Demand_Science_US_LLC_LIA_v3_Jan_2025.pdf
[2026-03-06T07:03:44.083Z]   UNCATEGORIZED: https://id-x.co.il/WebsitePrivacyNotice
[2026-03-06T07:03:44.083Z]   UNCATEGORIZED: https://id5.io/platform-privacy-policy
[2026-03-06T07:03:44.083Z]   UNCATEGORIZED: https://id5.io/privacy
[2026-03-06T07:03:44.083Z]   UNCATEGORIZED: https://imirsive.com/legitimate-interest-claim
[2026-03-06T07:03:44.083Z]   UNCATEGORIZED: https://imirsive.com/privacy-policy
[2026-03-06T07:03:44.083Z]   UNCATEGORIZED: https://impactify.io/privacy-policy
[2026-03-06T07:03:44.083Z]   UNCATEGORIZED: https://impactify.io/privacy-policy/#legal-basis-and-purposes-for-processing
[2026-03-06T07:03:44.083Z]   UNCATEGORIZED: https://insights.appsamurai.com/offerwall-privacy-policy
[2026-03-06T07:03:44.084Z]   UNCATEGORIZED: https://instytut-pollster.pl/privacy-policy/index.html#en
[2026-03-06T07:03:44.084Z]   UNCATEGORIZED: https://integralads.com/ias-privacy-data-management/policies
[2026-03-06T07:03:44.084Z]   UNCATEGORIZED: https://integralstream.com/legal/privacy-policy
[2026-03-06T07:03:44.084Z]   UNCATEGORIZED: https://intenze.co/legal/privacy-policy
[2026-03-06T07:03:44.084Z]   UNCATEGORIZED: https://interactiveperformance.de/kontakt/datenschutz
[2026-03-06T07:03:44.084Z]   UNCATEGORIZED: https://iprom.eu/privacy_policy/GDPR
[2026-03-06T07:03:44.084Z]   UNCATEGORIZED: https://iqm.com/privacy-policy
[2026-03-06T07:03:44.084Z]   UNCATEGORIZED: https://iris.ipsos.com/site-centric-privacy
[2026-03-06T07:03:44.084Z]   UNCATEGORIZED: https://iris.ipsos.com/site-centric-privacy/#legitimateInterests
[2026-03-06T07:03:44.084Z]   UNCATEGORIZED: https://ividence.com/politique-de-confidentialite
[2026-03-06T07:03:44.084Z]   UNCATEGORIZED: https://jakala.es/politica-privacidad
[2026-03-06T07:03:44.084Z]   UNCATEGORIZED: https://jivox.com/privacy
[2026-03-06T07:03:44.085Z]   UNCATEGORIZED: https://jungroup.com/legitimate-interest
[2026-03-06T07:03:44.085Z]   UNCATEGORIZED: https://jungroup.com/privacy-policy
[2026-03-06T07:03:44.085Z]   UNCATEGORIZED: https://justtag.com/polityka-prywatnosci
[2026-03-06T07:03:44.085Z]   UNCATEGORIZED: https://jwplayer.com/legal/privacy
[2026-03-06T07:03:44.085Z]   UNCATEGORIZED: https://kairosfire.com/privacy-policy
[2026-03-06T07:03:44.085Z]   UNCATEGORIZED: https://kairosfire.com/term-of-use
[2026-03-06T07:03:44.085Z]   UNCATEGORIZED: https://kargo.com/privacy
[2026-03-06T07:03:44.085Z]   UNCATEGORIZED: https://kayzen.io/privacy-notice-product
[2026-03-06T07:03:44.085Z]   UNCATEGORIZED: https://kerv.ai/privacy-policy
[2026-03-06T07:03:44.085Z]   UNCATEGORIZED: https://kidoz.net/privacy-policies
[2026-03-06T07:03:44.085Z]   UNCATEGORIZED: https://kidoz.net/privacy-policies#legitimate-interest-claim
[2026-03-06T07:03:44.086Z]   UNCATEGORIZED: https://kiosked.com/privacy-policy
[2026-03-06T07:03:44.086Z]   UNCATEGORIZED: https://kobler.no/privacy-policy
[2026-03-06T07:03:44.086Z]   UNCATEGORIZED: https://koenigsteiner.digital/en/datenschutz
[2026-03-06T07:03:44.086Z]   UNCATEGORIZED: https://konodrac.com/privacy-policy
[2026-03-06T07:03:44.086Z]   UNCATEGORIZED: https://kontext.so/privacy#legitimate-interest-claim
[2026-03-06T07:03:44.086Z]   UNCATEGORIZED: https://krushmedia.com/privacy-policy
[2026-03-06T07:03:44.086Z]   UNCATEGORIZED: https://kuantyx.com/privacy-policy
[2026-03-06T07:03:44.086Z]   UNCATEGORIZED: https://leadoo.com/privacy-policy
[2026-03-06T07:03:44.086Z]   UNCATEGORIZED: https://legal.adjoe.zone/wave/adjoe-data-privacy-latest.html
[2026-03-06T07:03:44.086Z]   UNCATEGORIZED: https://legal.adpone.com/privacy-policy
[2026-03-06T07:03:44.086Z]   UNCATEGORIZED: https://legal.clickio.com/PrivacyPolicyAdvertising
[2026-03-06T07:03:44.087Z]   UNCATEGORIZED: https://legal.dailymotion.com/en/legitimate-interest
[2026-03-06T07:03:44.087Z]   UNCATEGORIZED: https://legal.dailymotion.com/en/privacy-policy
[2026-03-06T07:03:44.087Z]   UNCATEGORIZED: https://legal.hubspot.com/privacy-policy
[2026-03-06T07:03:44.087Z]   UNCATEGORIZED: https://legal.loopme.com/privacy-center#contract-hyartvn1o
[2026-03-06T07:03:44.087Z]   UNCATEGORIZED: https://legal.opera.com
[2026-03-06T07:03:44.087Z]   UNCATEGORIZED: https://legal.overwolf.com/docs/overwolf/platform/platform-privacy-policy
[2026-03-06T07:03:44.087Z]   UNCATEGORIZED: https://legal.poweredbybranch.com/#disco-privacypolicy
[2026-03-06T07:03:44.087Z]   UNCATEGORIZED: https://legal.richaudience.com/privacy-policy
[2026-03-06T07:03:44.087Z]   UNCATEGORIZED: https://legal.sunmedia.tv/privacy-policy
[2026-03-06T07:03:44.088Z]   UNCATEGORIZED: https://legal.trendstream.net/non-panellist_privacy_policy
[2026-03-06T07:03:44.088Z]   UNCATEGORIZED: https://legal.yahoo.com/emea/en/yahoo/privacy/index.html
[2026-03-06T07:03:44.088Z]   UNCATEGORIZED: https://legal.yahoo.com/emea/en/yahoo/privacy/index.html#section3b
[2026-03-06T07:03:44.088Z]   UNCATEGORIZED: https://legal.yahoo.com/ie/en/yahoo/privacy/index.html
[2026-03-06T07:03:44.088Z]   UNCATEGORIZED: https://legal.yahoo.com/ie/en/yahoo/privacy/index.html#6-c
[2026-03-06T07:03:44.088Z]   UNCATEGORIZED: https://lemmamedia.com/privacy-policy
[2026-03-06T07:03:44.088Z]   UNCATEGORIZED: https://lifestreet.com/privacy
[2026-03-06T07:03:44.088Z]   UNCATEGORIZED: https://liftoff.ai/privacy-policy
[2026-03-06T07:03:44.088Z]   UNCATEGORIZED: https://liftoff.io/privacy-policy
[2026-03-06T07:03:44.088Z]   UNCATEGORIZED: https://lightad.com/lia
[2026-03-06T07:03:44.088Z]   UNCATEGORIZED: https://lightad.com/privacy-policy
[2026-03-06T07:03:44.089Z]   UNCATEGORIZED: https://listonic.com/privacy
[2026-03-06T07:03:44.089Z]   UNCATEGORIZED: https://liveintent.com/services-privacy-policy
[2026-03-06T07:03:44.089Z]   UNCATEGORIZED: https://liveramp.fr/iab-transparency-consent-framework
[2026-03-06T07:03:44.089Z]   UNCATEGORIZED: https://liveramp.uk/privacy/service-privacy-policy
[2026-03-06T07:03:44.089Z]   UNCATEGORIZED: https://livewrapped.com/privacy-policy
[2026-03-06T07:03:44.089Z]   UNCATEGORIZED: https://logan.ai
[2026-03-06T07:03:44.089Z]   UNCATEGORIZED: https://login.rtbmarket.com/gdpr
[2026-03-06T07:03:44.089Z]   UNCATEGORIZED: https://lowlaglabs.com/privacy-policy
[2026-03-06T07:03:44.089Z]   UNCATEGORIZED: https://luc.id/privacy-policy
[2026-03-06T07:03:44.089Z]   UNCATEGORIZED: https://lumen-research.com/privacy
[2026-03-06T07:03:44.089Z]   UNCATEGORIZED: https://lunamedia.io/privacy-policy
[2026-03-06T07:03:44.090Z]   UNCATEGORIZED: https://luponmedia.com/privacy-policy
[2026-03-06T07:03:44.090Z]   UNCATEGORIZED: https://m32connect.com/privacy-consent-management/privacy-cookie-policy
[2026-03-06T07:03:44.090Z]   UNCATEGORIZED: https://magellan.ai/privacy
[2026-03-06T07:03:44.090Z]   UNCATEGORIZED: https://markappmedia.site/privacy-policy
[2026-03-06T07:03:44.090Z]   UNCATEGORIZED: https://mars.media/privacy-policy
[2026-03-06T07:03:44.090Z]   UNCATEGORIZED: https://maxetise.net/privacy-policy.html
[2026-03-06T07:03:44.090Z]   UNCATEGORIZED: https://media16.tv/privacy-policy
[2026-03-06T07:03:44.090Z]   UNCATEGORIZED: https://mediaintelligence.de/privacy-policyeng.do
[2026-03-06T07:03:44.090Z]   UNCATEGORIZED: https://mediasmart.io/privacy
[2026-03-06T07:03:44.090Z]   UNCATEGORIZED: https://mediatrust.com/privacy-policy-2
[2026-03-06T07:03:44.090Z]   UNCATEGORIZED: https://mediaverse.ai/privacy-policy
[2026-03-06T07:03:44.091Z]   UNCATEGORIZED: https://memob.com/privacy-policy
[2026-03-06T07:03:44.091Z]   UNCATEGORIZED: https://metaxsoft.com/privacy-policy
[2026-03-06T07:03:44.091Z]   UNCATEGORIZED: https://mile.tech/legitimate-interest-assessment
[2026-03-06T07:03:44.091Z]   UNCATEGORIZED: https://mile.tech/privacy-policy
[2026-03-06T07:03:44.091Z]   UNCATEGORIZED: https://mindearth.ai/privacy
[2026-03-06T07:03:44.091Z]   UNCATEGORIZED: https://mindlytix.com/html/data_information.html
[2026-03-06T07:03:44.091Z]   UNCATEGORIZED: https://mindlytix.com/privacy
[2026-03-06T07:03:44.091Z]   UNCATEGORIZED: https://missena.com/privacy
[2026-03-06T07:03:44.091Z]   UNCATEGORIZED: https://mobility-ads.de/datenschutz
[2026-03-06T07:03:44.091Z]   UNCATEGORIZED: https://mobitech.io/privacy.html
[2026-03-06T07:03:44.091Z]   UNCATEGORIZED: https://mobupps.com/pdf/Mobupps_Privacy_policy.pdf
[2026-03-06T07:03:44.092Z]   UNCATEGORIZED: https://motorik.io/privacy-policy.html
[2026-03-06T07:03:44.092Z]   UNCATEGORIZED: https://mydatawave.com/privacy.html
[2026-03-06T07:03:44.092Z]   UNCATEGORIZED: https://mygaru.com/privacy-policy
[2026-03-06T07:03:44.092Z]   UNCATEGORIZED: https://nadex.ae/privacy-policy
[2026-03-06T07:03:44.092Z]   UNCATEGORIZED: https://nadex.ae/terms-and-conditions
[2026-03-06T07:03:44.092Z]   UNCATEGORIZED: https://netzwerk.uppr.de/privacy-policy.do
[2026-03-06T07:03:44.092Z]   UNCATEGORIZED: https://neural.one/privacy-policy
[2026-03-06T07:03:44.092Z]   UNCATEGORIZED: https://news.vuukle.com/blog/privacy-notice
[2026-03-06T07:03:44.092Z]   UNCATEGORIZED: https://nexd.com/privacy-policy
[2026-03-06T07:03:44.093Z]   UNCATEGORIZED: https://nexinsight.com.ua/privacy-policy
[2026-03-06T07:03:44.093Z]   UNCATEGORIZED: https://next14.com/media/privacy
[2026-03-06T07:03:44.093Z]   UNCATEGORIZED: https://nextmillennium.io/privacy-policy
[2026-03-06T07:03:44.093Z]   UNCATEGORIZED: https://nexx360.io/en/privacy-policy-and-cookies
[2026-03-06T07:03:44.093Z]   UNCATEGORIZED: https://nexxen.com/services-privacy-policy
[2026-03-06T07:03:44.093Z]   UNCATEGORIZED: https://nhnace.com/privacy-policy
[2026-03-06T07:03:44.093Z]   UNCATEGORIZED: https://ninadata.io/privacy-policy
[2026-03-06T07:03:44.093Z]   UNCATEGORIZED: https://nitrouppi.com/privacy-policy
[2026-03-06T07:03:44.093Z]   UNCATEGORIZED: https://nodals.ai/privacy-policy
[2026-03-06T07:03:44.093Z]   UNCATEGORIZED: https://novatiq.com/privacy-policy
[2026-03-06T07:03:44.093Z]   UNCATEGORIZED: https://nrich.io/gdpr-legitimate-interest-assessment-sheet
[2026-03-06T07:03:44.094Z]   UNCATEGORIZED: https://nrich.io/privacy-notice
[2026-03-06T07:03:44.094Z]   UNCATEGORIZED: https://numberly.com/en/privacy
[2026-03-06T07:03:44.094Z]   UNCATEGORIZED: https://o.seznam.cz/personalizace-obsahu-a-reklamy
[2026-03-06T07:03:44.094Z]   UNCATEGORIZED: https://oan.pl/internet-advertising-privacy-policy
[2026-03-06T07:03:44.094Z]   UNCATEGORIZED: https://odeeo.io/privacy-policy
[2026-03-06T07:03:44.094Z]   UNCATEGORIZED: https://okube-attribution.com/en/privacy-policy
[2026-03-06T07:03:44.094Z]   UNCATEGORIZED: https://okube-attribution.com/en/privacy-policy/privacy-policy-details-of-the-smartbox-data-source
[2026-03-06T07:03:44.094Z]   UNCATEGORIZED: https://olyzon.notion.site/PRIVACY-POLICY-OLYZON-TV-14b2586b2d5f809c9ddafaa86769029d#14b2586b2d5f8065906efeaf3411da8d
[2026-03-06T07:03:44.094Z]   UNCATEGORIZED: https://onetech.group/datenschutz-plattform
[2026-03-06T07:03:44.094Z]   UNCATEGORIZED: https://onlinemediasolutions.com/privacy-policy
[2026-03-06T07:03:44.094Z]   UNCATEGORIZED: https://onnetwork.tv/pp_service_en.php?lang=en
[2026-03-06T07:03:44.095Z]   UNCATEGORIZED: https://opinary.com/opt-out
[2026-03-06T07:03:44.095Z]   UNCATEGORIZED: https://opinary.com/privacy-policy
[2026-03-06T07:03:44.095Z]   UNCATEGORIZED: https://optimanetwork.com/pages/privacy
[2026-03-06T07:03:44.095Z]   UNCATEGORIZED: https://option.deepintent.com/userdatarequest
[2026-03-06T07:03:44.095Z]   UNCATEGORIZED: https://optoutadvertising.com/legitimate-interest-statement
[2026-03-06T07:03:44.095Z]   UNCATEGORIZED: https://optoutadvertising.com/privacy-policy
[2026-03-06T07:03:44.095Z]   UNCATEGORIZED: https://orangeclickmedia.com/legitimate-interest-claim
[2026-03-06T07:03:44.095Z]   UNCATEGORIZED: https://orangeclickmedia.com/privacy-policy
[2026-03-06T07:03:44.095Z]   UNCATEGORIZED: https://osdatasolutions.de/datenschutz
[2026-03-06T07:03:44.096Z]   UNCATEGORIZED: https://ouna.ai/privacy
[2026-03-06T07:03:44.096Z]   UNCATEGORIZED: https://oursblanc.io/legal-mentions
[2026-03-06T07:03:44.096Z]   UNCATEGORIZED: https://outpush.io/privacy-policy
[2026-03-06T07:03:44.096Z]   UNCATEGORIZED: https://panxo.ai/legal/legitimate-interest
[2026-03-06T07:03:44.096Z]   UNCATEGORIZED: https://panxo.ai/privacy
[2026-03-06T07:03:44.096Z]   UNCATEGORIZED: https://partner.idealmedia.io/pages/privacy/en
[2026-03-06T07:03:44.096Z]   UNCATEGORIZED: https://pathfinder.viomba.com/privacy-policy
[2026-03-06T07:03:44.096Z]   UNCATEGORIZED: https://performmedia.com/privacy-policy
[2026-03-06T07:03:44.096Z]   UNCATEGORIZED: https://performmedia.com/privacy-policy/#legitimate-interest
[2026-03-06T07:03:44.096Z]   UNCATEGORIZED: https://perion.com/perion-offering-privacy-policy
[2026-03-06T07:03:44.096Z]   UNCATEGORIZED: https://permodo.com/de/privacy.html
[2026-03-06T07:03:44.096Z]   UNCATEGORIZED: https://permutive.com/privacy
[2026-03-06T07:03:44.097Z]   UNCATEGORIZED: https://persona.ly/privacy_dsp
[2026-03-06T07:03:44.097Z]   UNCATEGORIZED: https://persona.ly/security
[2026-03-06T07:03:44.097Z]   UNCATEGORIZED: https://pexi.nl/privacy-policy
[2026-03-06T07:03:44.097Z]   UNCATEGORIZED: https://pgammedia.com/privacy-policy
[2026-03-06T07:03:44.097Z]   UNCATEGORIZED: https://pia-advertising.com/privacy-policy
[2026-03-06T07:03:44.097Z]   UNCATEGORIZED: https://pixels.ai/privacy-policy
[2026-03-06T07:03:44.097Z]   UNCATEGORIZED: https://piximedia.com/privacy/?lang=en
[2026-03-06T07:03:44.097Z]   UNCATEGORIZED: https://playable.com/privacy-policy-for-playable-aps
[2026-03-06T07:03:44.097Z]   UNCATEGORIZED: https://playdigo.com/home/privacy-policy
[2026-03-06T07:03:44.097Z]   UNCATEGORIZED: https://player.pop.co.uk/policy/privacy
[2026-03-06T07:03:44.097Z]   UNCATEGORIZED: https://player.pop.co.uk/policy/terms
[2026-03-06T07:03:44.097Z]   UNCATEGORIZED: https://playground.xyz/privacy
[2026-03-06T07:03:44.098Z]   UNCATEGORIZED: https://playstream.media/gdpr_policy.html
[2026-03-06T07:03:44.098Z]   UNCATEGORIZED: https://policies.google.com/privacy#europeanrequirements
[2026-03-06T07:03:44.098Z]   UNCATEGORIZED: https://policy.openmobi.pl
[2026-03-06T07:03:44.098Z]   UNCATEGORIZED: https://policy.samsungrs.com/consent/eu/nsc/privacy_policy_en.html
[2026-03-06T07:03:44.098Z]   UNCATEGORIZED: https://policy.samsungrs.com/consent/eu/nsc/privacy_policy_en.html#gdpr-article
[2026-03-06T07:03:44.098Z]   UNCATEGORIZED: https://pontiac.media/privacy-policy
[2026-03-06T07:03:44.098Z]   UNCATEGORIZED: https://portal.eu.numbereight.ai/policies-license/#software-privacy-notice
[2026-03-06T07:03:44.098Z]   UNCATEGORIZED: https://ppc.buzz/privacy-policy
[2026-03-06T07:03:44.098Z]   UNCATEGORIZED: https://preciso.net/privacy
[2026-03-06T07:03:44.098Z]   UNCATEGORIZED: https://primo.design/docs/PrivacyPolicyPrimo.html
[2026-03-06T07:03:44.098Z]   UNCATEGORIZED: https://privacy-center.sharethrough.com/en/consumer-privacy-notice
[2026-03-06T07:03:44.098Z]   UNCATEGORIZED: https://privacy-policy.ringieraxelspringer.pl
[2026-03-06T07:03:44.099Z]   UNCATEGORIZED: https://privacy-policy.teads.com
[2026-03-06T07:03:44.099Z]   UNCATEGORIZED: https://privacy-policy.teads.com/privacy-policy/european-privacy-notice
[2026-03-06T07:03:44.099Z]   UNCATEGORIZED: https://privacy-portal.smartclip.net/en/privacy-policy
[2026-03-06T07:03:44.099Z]   UNCATEGORIZED: https://privacy-portal.smartclip.net/tcf/purpose-2-li
[2026-03-06T07:03:44.099Z]   UNCATEGORIZED: https://privacy.acuityads.com/corporate-privacy-policy.html
[2026-03-06T07:03:44.099Z]   UNCATEGORIZED: https://privacy.adtriba.com
[2026-03-06T07:03:44.099Z]   UNCATEGORIZED: https://privacy.audienceproject.com
[2026-03-06T07:03:44.099Z]   UNCATEGORIZED: https://privacy.audienceproject.com/en-GB/for-users/privacy-policy#transparency-and-consent-framework-tcf
[2026-03-06T07:03:44.099Z]   UNCATEGORIZED: https://privacy.basis.net
[2026-03-06T07:03:44.099Z]   UNCATEGORIZED: https://privacy.basis.net/#gdpr
[2026-03-06T07:03:44.100Z]   UNCATEGORIZED: https://privacy.createwithnova.io
[2026-03-06T07:03:44.100Z]   UNCATEGORIZED: https://privacy.hurra.com/tcf
[2026-03-06T07:03:44.100Z]   UNCATEGORIZED: https://privacy.microsoft.com/en-US/privacystatement/#mainpersonaldatawecollect_LongDescription
[2026-03-06T07:03:44.100Z]   UNCATEGORIZED: https://privacy.microsoft.com/privacystatement
[2026-03-06T07:03:44.100Z]   UNCATEGORIZED: https://privacy.ogury.com
[2026-03-06T07:03:44.100Z]   UNCATEGORIZED: https://privacy.opt-me-in.com
[2026-03-06T07:03:44.100Z]   UNCATEGORIZED: https://privacy.timeonegroup.com
[2026-03-06T07:03:44.100Z]   UNCATEGORIZED: https://privacy.webads.eu
[2026-03-06T07:03:44.100Z]   UNCATEGORIZED: https://projectagora.com/privacy-policy
[2026-03-06T07:03:44.100Z]   UNCATEGORIZED: https://proxi.cloud/polityka-prywatnosci
[2026-03-06T07:03:44.101Z]   UNCATEGORIZED: https://pubfinity.com/privacy-policy
[2026-03-06T07:03:44.101Z]   UNCATEGORIZED: https://publicgood.com/privacy-policy
[2026-03-06T07:03:44.101Z]   UNCATEGORIZED: https://publuence.com/en/privacy-policy
[2026-03-06T07:03:44.101Z]   UNCATEGORIZED: https://pubmatic.com/legal/privacy
[2026-03-06T07:03:44.101Z]   UNCATEGORIZED: https://pubnative.net/privacy-notice
[2026-03-06T07:03:44.101Z]   UNCATEGORIZED: https://pubstack.io/legal-mentions
[2026-03-06T07:03:44.101Z]   UNCATEGORIZED: https://pubx.ai/privacy
[2026-03-06T07:03:44.101Z]   UNCATEGORIZED: https://pulsepoint.com/legal/platform-privacy-policy
[2026-03-06T07:03:44.101Z]   UNCATEGORIZED: https://quantyoo.de/datenschutz
[2026-03-06T07:03:44.101Z]   UNCATEGORIZED: https://quartermedia.de/daten
[2026-03-06T07:03:44.101Z]   UNCATEGORIZED: https://questpass.io/en/terms/privacy-policy
[2026-03-06T07:03:44.101Z]   UNCATEGORIZED: https://r2b2.io/privacy-policy
[2026-03-06T07:03:44.102Z]   UNCATEGORIZED: https://rakutenadvertising.com/legal-notices/services-privacy-policy
[2026-03-06T07:03:44.102Z]   UNCATEGORIZED: https://recreativ.com/policy
[2026-03-06T07:03:44.102Z]   UNCATEGORIZED: https://recreativ.com/policy#consent
[2026-03-06T07:03:44.102Z]   UNCATEGORIZED: https://redmob.io/privacy-policy
[2026-03-06T07:03:44.102Z]   UNCATEGORIZED: https://refinery89.com/privacy-policy
[2026-03-06T07:03:44.102Z]   UNCATEGORIZED: https://related.hu/en/privacy-policy
[2026-03-06T07:03:44.102Z]   UNCATEGORIZED: https://relay42.com/privacy
[2026-03-06T07:03:44.102Z]   UNCATEGORIZED: https://remailme.fr/politique-confidentialite
[2026-03-06T07:03:44.102Z]   UNCATEGORIZED: https://resetdigital.co/policies.html
[2026-03-06T07:03:44.102Z]   UNCATEGORIZED: https://reso.no/privacy-policy
[2026-03-06T07:03:44.102Z]   UNCATEGORIZED: https://responsiveads.com/privacy-policy
[2026-03-06T07:03:44.103Z]   UNCATEGORIZED: https://revx.io/privacy-policy
[2026-03-06T07:03:44.103Z]   UNCATEGORIZED: https://rgpd-smartclip.com
[2026-03-06T07:03:44.103Z]   UNCATEGORIZED: https://risecodes.com/video-advertisement-player-privacy-policy
[2026-03-06T07:03:44.103Z]   UNCATEGORIZED: https://risecodes.com/wp-content/uploads/2024/01/Legitimate-Interests-Assessment-Online-Advertising.pdf
[2026-03-06T07:03:44.103Z]   UNCATEGORIZED: https://rms.de/datenschutz
[2026-03-06T07:03:44.103Z]   UNCATEGORIZED: https://robust-apps.com/privacy-policy
[2026-03-06T07:03:44.103Z]   UNCATEGORIZED: https://roivenue.com/wp-content/uploads/2024/02/Privacy-Policy-Roivenue.pdf
[2026-03-06T07:03:44.103Z]   UNCATEGORIZED: https://rtbwise.com/privacy-policy.html
[2026-03-06T07:03:44.103Z]   UNCATEGORIZED: https://s.on-device.com/privacyPolicy
[2026-03-06T07:03:44.103Z]   UNCATEGORIZED: https://s3-eu-west-1.amazonaws.com/public-legal-docs.offerista/offerista/en/privacy.html
[2026-03-06T07:03:44.103Z]   UNCATEGORIZED: https://s42464.pcdn.co/wp-content/uploads/2025/09/Viant-Ad-Platform-Privacy-Policy-September-2025.pdf
[2026-03-06T07:03:44.103Z]   UNCATEGORIZED: https://saharmedia.net/privacy-policy
[2026-03-06T07:03:44.104Z]   UNCATEGORIZED: https://samba.tv/users/privacy-policy?lang=en
[2026-03-06T07:03:44.104Z]   UNCATEGORIZED: https://samba.tv/users/privacy-policy?lang=en#sec-11
[2026-03-06T07:03:44.104Z]   UNCATEGORIZED: https://samhub.io/privacy-center/privacy-policy
[2026-03-06T07:03:44.104Z]   UNCATEGORIZED: https://score-media.de/datenschutzerklaerung
[2026-03-06T07:03:44.104Z]   UNCATEGORIZED: https://screencore.io/privacy-policy
[2026-03-06T07:03:44.104Z]   UNCATEGORIZED: https://screenondemand.de/datenschutz-sod-produkte
[2026-03-06T07:03:44.104Z]   UNCATEGORIZED: https://screenondemand.de/datenschutzerklaerung
[2026-03-06T07:03:44.104Z]   UNCATEGORIZED: https://seeding-alliance.de/datenschutz
[2026-03-06T07:03:44.104Z]   UNCATEGORIZED: https://seenthis.co/privacypolicy
[2026-03-06T07:03:44.104Z]   UNCATEGORIZED: https://service.dpa-infocom.de/de/support/solutions/articles/202000032830-informationen-zum-datenschutz-f%C3%BCr-die-user-unserer-kunden
[2026-03-06T07:03:44.105Z]   UNCATEGORIZED: https://service.dpa-infocom.de/de/support/solutions/articles/202000032831-verfahrensbeschreibung-zur-datenverarbeitung-f%C3%BCr-kunden-diverser-content-produkte-der-dpa-infocom-gmb
[2026-03-06T07:03:44.105Z]   UNCATEGORIZED: https://setupad.com/privacy-policy
[2026-03-06T07:03:44.105Z]   UNCATEGORIZED: https://sevio.com/privacy-policy
[2026-03-06T07:03:44.105Z]   UNCATEGORIZED: https://sfbx.io/en/politique-de-confidentialite
[2026-03-06T07:03:44.105Z]   UNCATEGORIZED: https://sharethis.com/privacy
[2026-03-06T07:03:44.105Z]   UNCATEGORIZED: https://showheroes.atlassian.net/l/cp/2TD1qus0
[2026-03-06T07:03:44.105Z]   UNCATEGORIZED: https://showheroes.com/privacy-policy
[2026-03-06T07:03:44.105Z]   UNCATEGORIZED: https://silvermob.com/privacy
[2026-03-06T07:03:44.105Z]   UNCATEGORIZED: https://simpli.fi/site-privacy-policy
[2026-03-06T07:03:44.105Z]   UNCATEGORIZED: https://singularads.com/policy
[2026-03-06T07:03:44.105Z]   UNCATEGORIZED: https://sipo-inc.com/privacy-policy
[2026-03-06T07:03:44.106Z]   UNCATEGORIZED: https://site.adform.com/privacy-center/platform-privacy/product-and-services-privacy-policy
[2026-03-06T07:03:44.106Z]   UNCATEGORIZED: https://site.adform.com/privacy-center/platform-privacy/transparency-and-consent-framework-tcf-compliance/legitimate-interest-at-stake
[2026-03-06T07:03:44.106Z]   UNCATEGORIZED: https://site.msi-aci.com/Home/Privacy
[2026-03-06T07:03:44.106Z]   UNCATEGORIZED: https://sk.search.etargetnet.com/legitimate-interest.html
[2026-03-06T07:03:44.106Z]   UNCATEGORIZED: https://sk.search.etargetnet.com/policy.html
[2026-03-06T07:03:44.106Z]   UNCATEGORIZED: https://skimlinks.com/privacy-policies
[2026-03-06T07:03:44.106Z]   UNCATEGORIZED: https://smadex.com/privacy-policy
[2026-03-06T07:03:44.106Z]   UNCATEGORIZED: https://smartyads.com/privacy-policy
[2026-03-06T07:03:44.106Z]   UNCATEGORIZED: https://socialperf.com/politique-de-confidentialite
[2026-03-06T07:03:44.106Z]   UNCATEGORIZED: https://solution.coupons/privacy
[2026-03-06T07:03:44.106Z]   UNCATEGORIZED: https://somplo.com/privacy-policy
[2026-03-06T07:03:44.107Z]   UNCATEGORIZED: https://sonares.org/en/datenschutz
[2026-03-06T07:03:44.107Z]   UNCATEGORIZED: https://sonobi.com/privacy-policy
[2026-03-06T07:03:44.107Z]   UNCATEGORIZED: https://soundcast.io/data-privacy
[2026-03-06T07:03:44.107Z]   UNCATEGORIZED: https://soundstack.com/privacy
[2026-03-06T07:03:44.107Z]   UNCATEGORIZED: https://soundstack.com/tcf/legitimate-interest-claim
[2026-03-06T07:03:44.107Z]   UNCATEGORIZED: https://spicymobile.pl/polityka-prywatnosci
[2026-03-06T07:03:44.107Z]   UNCATEGORIZED: https://spinx.io/privacy-policy
[2026-03-06T07:03:44.107Z]   UNCATEGORIZED: https://splashandroll.com/privacy-policy
[2026-03-06T07:03:44.107Z]   UNCATEGORIZED: https://splicky.com/en/legitimate-interests
[2026-03-06T07:03:44.107Z]   UNCATEGORIZED: https://splicky.com/en/privacy-policy
[2026-03-06T07:03:44.107Z]   UNCATEGORIZED: https://sqreemtech.com/privacy
[2026-03-06T07:03:44.107Z]   UNCATEGORIZED: https://squidapp.co/privacy-policy-2
[2026-03-06T07:03:44.107Z]   UNCATEGORIZED: https://ssmas.com/privacy-policy
[2026-03-06T07:03:44.108Z]   UNCATEGORIZED: https://ssmas.com/privacy-policy#interest
[2026-03-06T07:03:44.108Z]   UNCATEGORIZED: https://static.gamedistribution.com/policy/privacy-enduser.html
[2026-03-06T07:03:44.108Z]   UNCATEGORIZED: https://static.onefootball.com/legal/consumer-web-privacy-policy/en
[2026-03-06T07:03:44.108Z]   UNCATEGORIZED: https://studio.nws.ai/privacy
[2026-03-06T07:03:44.108Z]   UNCATEGORIZED: https://subserohost.com/privacy_policy.aspx
[2026-03-06T07:03:44.108Z]   UNCATEGORIZED: https://subserohost.com/privacy_policy.aspx#datacoll_legitimateinterest
[2026-03-06T07:03:44.108Z]   UNCATEGORIZED: https://sunday.market/privacypolicy.html
[2026-03-06T07:03:44.108Z]   UNCATEGORIZED: https://support.bluebillywig.com/cookies/legitimate-interest-disclosure-statement
[2026-03-06T07:03:44.108Z]   UNCATEGORIZED: https://tacticrealtime.com/privacy
[2026-03-06T07:03:44.108Z]   UNCATEGORIZED: https://tacticrealtime.com/privacy/dsar
[2026-03-06T07:03:44.108Z]   UNCATEGORIZED: https://tagoras.io/privacy
[2026-03-06T07:03:44.109Z]   UNCATEGORIZED: https://target-video.com/privacy-policy
[2026-03-06T07:03:44.109Z]   UNCATEGORIZED: https://targeting360.de/datenschutz
[2026-03-06T07:03:44.109Z]   UNCATEGORIZED: https://targeting360.de/datenschutz-tcf
[2026-03-06T07:03:44.109Z]   UNCATEGORIZED: https://taurusx.com/legitimate-interest-claim.html
[2026-03-06T07:03:44.109Z]   UNCATEGORIZED: https://taurusx.com/privacy-policy.html
[2026-03-06T07:03:44.109Z]   UNCATEGORIZED: https://telekom.de/datenschutzhinweise
[2026-03-06T07:03:44.109Z]   UNCATEGORIZED: https://terms.podscribe.com/LIAs.pdf
[2026-03-06T07:03:44.109Z]   UNCATEGORIZED: https://tf1pub.fr/politique-de-protection-des-donnees-partenaires-data
[2026-03-06T07:03:44.109Z]   UNCATEGORIZED: https://theadex.com/privacy-opt-out
[2026-03-06T07:03:44.109Z]   UNCATEGORIZED: https://theadgroup.com/privacy-statement
[2026-03-06T07:03:44.109Z]   UNCATEGORIZED: https://theadgroup.com/terms-of-services
[2026-03-06T07:03:44.110Z]   UNCATEGORIZED: https://theadwatch.com/iab-and-tcf
[2026-03-06T07:03:44.110Z]   UNCATEGORIZED: https://theadwatch.com/privacy-policy
[2026-03-06T07:03:44.110Z]   UNCATEGORIZED: https://themobian.com/privacy
[2026-03-06T07:03:44.110Z]   UNCATEGORIZED: https://theneuron.com/privacy-policy-2
[2026-03-06T07:03:44.110Z]   UNCATEGORIZED: https://thenexusengine.io/legitimate-interest-assessment
[2026-03-06T07:03:44.110Z]   UNCATEGORIZED: https://thenexusengine.io/privacy
[2026-03-06T07:03:44.110Z]   UNCATEGORIZED: https://threedium.io/privacy
[2026-03-06T07:03:44.110Z]   UNCATEGORIZED: https://timetogrow.io/legitimate-interest-statement.html
[2026-03-06T07:03:44.110Z]   UNCATEGORIZED: https://timetogrow.io/privacy-policy.html
[2026-03-06T07:03:44.111Z]   UNCATEGORIZED: https://trck.easy-m.de/privacy-policy.do
[2026-03-06T07:03:44.111Z]   UNCATEGORIZED: https://tredio.io/#contact
[2026-03-06T07:03:44.111Z]   UNCATEGORIZED: https://tredio.io/privacy-policy
[2026-03-06T07:03:44.111Z]   UNCATEGORIZED: https://trg.de/en/privacy-statement
[2026-03-06T07:03:44.111Z]   UNCATEGORIZED: https://tri-table.com/polityka-prywatnosci
[2026-03-06T07:03:44.111Z]   UNCATEGORIZED: https://triplelift.com/platform-privacy-policy#legalbasisofprocessing
[2026-03-06T07:03:44.111Z]   UNCATEGORIZED: https://triplelift.com/privacy
[2026-03-06T07:03:44.111Z]   UNCATEGORIZED: https://trueffect.com/privacy-policy
[2026-03-06T07:03:44.111Z]   UNCATEGORIZED: https://trustedstack.com/privacy-policy
[2026-03-06T07:03:44.111Z]   UNCATEGORIZED: https://trustedstack.com/privacy-policy/#legitimate-interest
[2026-03-06T07:03:44.111Z]   UNCATEGORIZED: https://truvid.com/privacy-policy
[2026-03-06T07:03:44.112Z]   UNCATEGORIZED: https://tunnl.com/legitimate-interest
[2026-03-06T07:03:44.112Z]   UNCATEGORIZED: https://tunnl.com/privacy-policy
[2026-03-06T07:03:44.112Z]   UNCATEGORIZED: https://tx.group/data-privacy-policy-information-about-tx-data-offers
[2026-03-06T07:03:44.112Z]   UNCATEGORIZED: https://tx.group/privacy-policy/#process_personal_data
[2026-03-06T07:03:44.112Z]   UNCATEGORIZED: https://unboundedsource.com/en/privacy-ad
[2026-03-06T07:03:44.112Z]   UNCATEGORIZED: https://underdogmedia.com/privacy
[2026-03-06T07:03:44.112Z]   UNCATEGORIZED: https://uzerly.fr/terms-and-conditions
[2026-03-06T07:03:44.112Z]   UNCATEGORIZED: https://valuad.io/privacy-policy
[2026-03-06T07:03:44.112Z]   UNCATEGORIZED: https://vdx.tv/privacy
[2026-03-06T07:03:44.112Z]   UNCATEGORIZED: https://veepee-ad.com/en/politique-confidentialit%C3%A9-activit%C3%A9-publicitaire
[2026-03-06T07:03:44.112Z]   UNCATEGORIZED: https://velonium.com/privacy-policy
[2026-03-06T07:03:44.113Z]   UNCATEGORIZED: https://verasity.io/privacy
[2026-03-06T07:03:44.113Z]   UNCATEGORIZED: https://veraviews.com/privacy_policy
[2026-03-06T07:03:44.113Z]   UNCATEGORIZED: https://veraviews.com/privacy_policy#how-we-use-your-personal-data
[2026-03-06T07:03:44.113Z]   UNCATEGORIZED: https://verve.com/dsp-cookies-privacy
[2026-03-06T07:03:44.113Z]   UNCATEGORIZED: https://verve.com/product-privacy-policies
[2026-03-06T07:03:44.113Z]   UNCATEGORIZED: https://verve.com/website-privacy-policy
[2026-03-06T07:03:44.113Z]   UNCATEGORIZED: https://viads.com/policy
[2026-03-06T07:03:44.113Z]   UNCATEGORIZED: https://viafoura.com/privacy-policy
[2026-03-06T07:03:44.113Z]   UNCATEGORIZED: https://videoshakers.tv/privacy-policy
[2026-03-06T07:03:44.113Z]   UNCATEGORIZED: https://videoshakers.tv/terms-of-service
[2026-03-06T07:03:44.113Z]   UNCATEGORIZED: https://vidoomy.com/privacy-policy-en.html
[2026-03-06T07:03:44.114Z]   UNCATEGORIZED: https://vidverto.io/privacy-policy
[2026-03-06T07:03:44.114Z]   UNCATEGORIZED: https://vidverto.io/privacy-policy/#interest
[2026-03-06T07:03:44.114Z]   UNCATEGORIZED: https://vimeo.com/cookie_policy
[2026-03-06T07:03:44.114Z]   UNCATEGORIZED: https://virtualminds.com/platform-privacy-policy
[2026-03-06T07:03:44.114Z]   UNCATEGORIZED: https://vistars.ai/privacy-policy
[2026-03-06T07:03:44.114Z]   UNCATEGORIZED: https://viznet.tv/privacy-policy-2
[2026-03-06T07:03:44.114Z]   UNCATEGORIZED: https://vrtcal.com/docs/PrivacyPolicy-Advertising.pdf
[2026-03-06T07:03:44.114Z]   UNCATEGORIZED: https://vudoo.com/privacy-policy
[2026-03-06T07:03:44.114Z]   UNCATEGORIZED: https://weare.kueez.com/legal-center/privacy-policy
[2026-03-06T07:03:44.114Z]   UNCATEGORIZED: https://wearesilverbullet.com/privacy-policy
[2026-03-06T07:03:44.114Z]   UNCATEGORIZED: https://wearestamp.com/privacy
[2026-03-06T07:03:44.114Z]   UNCATEGORIZED: https://weborama.com/en/privacy-2
[2026-03-06T07:03:44.115Z]   UNCATEGORIZED: https://weborama.com/en/privacy-2/#legitimate-interest
[2026-03-06T07:03:44.115Z]   UNCATEGORIZED: https://wemass.com/en/privacy
[2026-03-06T07:03:44.115Z]   UNCATEGORIZED: https://www.1plusx.com/privacy-policy
[2026-03-06T07:03:44.115Z]   UNCATEGORIZED: https://www.33across.co.uk/privacy-policy
[2026-03-06T07:03:44.115Z]   UNCATEGORIZED: https://www.366.fr/politique-de-confidentialite-de-la-regie
[2026-03-06T07:03:44.115Z]   UNCATEGORIZED: https://www.7pass.de/psdd/datenschutzbestimmungen-cdb.html
[2026-03-06T07:03:44.115Z]   UNCATEGORIZED: https://www.8pod.com/privacy-policy
[2026-03-06T07:03:44.115Z]   UNCATEGORIZED: https://www.9dotsmedia.com/privacy
[2026-03-06T07:03:44.115Z]   UNCATEGORIZED: https://www.abcsinsights.com/privacy/ad-measurement
[2026-03-06T07:03:44.115Z]   UNCATEGORIZED: https://www.accenture.com/de-de/support/company-cookies-similar-technology
[2026-03-06T07:03:44.115Z]   UNCATEGORIZED: https://www.accountinsight.ai/privacy-policy
[2026-03-06T07:03:44.116Z]   UNCATEGORIZED: https://www.accountinsight.ai/privacy-policy/#IP_Processing
[2026-03-06T07:03:44.116Z]   UNCATEGORIZED: https://www.accurat.ai/legal/legitimate-interest
[2026-03-06T07:03:44.116Z]   UNCATEGORIZED: https://www.accurat.ai/legal/privacy-centre
[2026-03-06T07:03:44.116Z]   UNCATEGORIZED: https://www.acxiom.com/privacy/gdpr
[2026-03-06T07:03:44.116Z]   UNCATEGORIZED: https://www.ad-alliance.de/datenschutz
[2026-03-06T07:03:44.116Z]   UNCATEGORIZED: https://www.ad-shield.io/privacy-policy
[2026-03-06T07:03:44.116Z]   UNCATEGORIZED: https://www.ad6media.fr/privacy
[2026-03-06T07:03:44.116Z]   UNCATEGORIZED: https://www.adasta.it/en/legitimate-interest-assessment
[2026-03-06T07:03:44.116Z]   UNCATEGORIZED: https://www.adasta.it/en/publisher-cookie-policy
[2026-03-06T07:03:44.116Z]   UNCATEGORIZED: https://www.adbility-media.com/datenschutz
[2026-03-06T07:03:44.116Z]   UNCATEGORIZED: https://www.adbro.com/privacy/advertising-privacy-policy
[2026-03-06T07:03:44.116Z]   UNCATEGORIZED: https://www.adcell.de/agb#sector_6
[2026-03-06T07:03:44.117Z]   UNCATEGORIZED: https://www.adcell.de/datenschutz
[2026-03-06T07:03:44.117Z]   UNCATEGORIZED: https://www.addefend.com/en/privacy-policy
[2026-03-06T07:03:44.117Z]   UNCATEGORIZED: https://www.adfixus.com/platform-privacy-policy
[2026-03-06T07:03:44.117Z]   UNCATEGORIZED: https://www.adikteev.com/privacy
[2026-03-06T07:03:44.117Z]   UNCATEGORIZED: https://www.adikteev.com/privacy-policy-app-users
[2026-03-06T07:03:44.117Z]   UNCATEGORIZED: https://www.adinmo.com/privacy-policy
[2026-03-06T07:03:44.117Z]   UNCATEGORIZED: https://www.aditude.com/privacy
[2026-03-06T07:03:44.117Z]   UNCATEGORIZED: https://www.adlayer.se/cloudprivacy
[2026-03-06T07:03:44.117Z]   UNCATEGORIZED: https://www.adlayer.se/legitimate-interest
[2026-03-06T07:03:44.117Z]   UNCATEGORIZED: https://www.adloox.com/legal/privacy-policy
[2026-03-06T07:03:44.118Z]   UNCATEGORIZED: https://www.adman.gr/privacy
[2026-03-06T07:03:44.118Z]   UNCATEGORIZED: https://www.admaster.cc/privacy
[2026-03-06T07:03:44.118Z]   UNCATEGORIZED: https://www.admedo.com/privacy-policy
[2026-03-06T07:03:44.118Z]   UNCATEGORIZED: https://www.adnami.io/privacy-policy-services
[2026-03-06T07:03:44.118Z]   UNCATEGORIZED: https://www.adobe.com/privacy/experience-cloud.html
[2026-03-06T07:03:44.118Z]   UNCATEGORIZED: https://www.adobe.com/privacy/policy.html
[2026-03-06T07:03:44.118Z]   UNCATEGORIZED: https://www.adprime.com/privacy-policy
[2026-03-06T07:03:44.118Z]   UNCATEGORIZED: https://www.adrule.net/de/datenschutz
[2026-03-06T07:03:44.118Z]   UNCATEGORIZED: https://www.adswizz.com/platform-policy
[2026-03-06T07:03:44.118Z]   UNCATEGORIZED: https://www.adswizz.com/privacy-policy
[2026-03-06T07:03:44.118Z]   UNCATEGORIZED: https://www.adtiming.com/en/privacypolicy.html
[2026-03-06T07:03:44.119Z]   UNCATEGORIZED: https://www.adtonos.com/privacy-policy
[2026-03-06T07:03:44.119Z]   UNCATEGORIZED: https://www.adtron.io/privacy-policy
[2026-03-06T07:03:44.119Z]   UNCATEGORIZED: https://www.adup-tech.com/en/privacy-policy
[2026-03-06T07:03:44.119Z]   UNCATEGORIZED: https://www.adup-tech.com/en/privacy-policy/#c4489
[2026-03-06T07:03:44.119Z]   UNCATEGORIZED: https://www.adux.co/en/personal-data
[2026-03-06T07:03:44.119Z]   UNCATEGORIZED: https://www.advanced-store.com/en/data-privacy
[2026-03-06T07:03:44.119Z]   UNCATEGORIZED: https://www.adventori.com/fr/rgpd
[2026-03-06T07:03:44.119Z]   UNCATEGORIZED: https://www.adview.com/policy/privacy
[2026-03-06T07:03:44.119Z]   UNCATEGORIZED: https://www.advisible.com/legal/legitimate-interest-assessment
[2026-03-06T07:03:44.119Z]   UNCATEGORIZED: https://www.advisible.com/privacy
[2026-03-06T07:03:44.119Z]   UNCATEGORIZED: https://www.advolve.io
[2026-03-06T07:03:44.119Z]   UNCATEGORIZED: https://www.advolve.io/privacy
[2026-03-06T07:03:44.120Z]   UNCATEGORIZED: https://www.adyoulike.com/pages/privacy_en.php
[2026-03-06T07:03:44.120Z]   UNCATEGORIZED: https://www.adzymic.co/privacy
[2026-03-06T07:03:44.120Z]   UNCATEGORIZED: https://www.agma-mmc.de/datenschutz
[2026-03-06T07:03:44.120Z]   UNCATEGORIZED: https://www.airtory.com/privacy-policy
[2026-03-06T07:03:44.120Z]   UNCATEGORIZED: https://www.algorix.co/privacy-policy
[2026-03-06T07:03:44.120Z]   UNCATEGORIZED: https://www.algorix.co/privacy-policy/#section-3-3
[2026-03-06T07:03:44.120Z]   UNCATEGORIZED: https://www.alketech.eu/privacy-policy-analytics
[2026-03-06T07:03:44.120Z]   UNCATEGORIZED: https://www.alkimi.org/privacy-policy
[2026-03-06T07:03:44.120Z]   UNCATEGORIZED: https://www.alliancegravity.com/politiquedeprotectiondesdonneespersonnelles
[2026-03-06T07:03:44.120Z]   UNCATEGORIZED: https://www.allmediadesk.com/en/legal-information
[2026-03-06T07:03:44.120Z]   UNCATEGORIZED: https://www.amadeus-hospitality.com/ta-product-privacy-notice
[2026-03-06T07:03:44.120Z]   UNCATEGORIZED: https://www.amagi.com/service-privacy-policy
[2026-03-06T07:03:44.121Z]   UNCATEGORIZED: https://www.amazon.co.uk/gp/help/customer/display.html?nodeId=201909010
[2026-03-06T07:03:44.121Z]   UNCATEGORIZED: https://www.amazon.co.uk/gp/help/customer/display.html?nodeId=201909010#GUID-A440AA65-7F7E-4134-8FA8-842156F43EEE__SECTION_9E24D5FE5F4041028B4C2F9EDD690457
[2026-03-06T07:03:44.121Z]   UNCATEGORIZED: https://www.amillionads.com/privacy-policy
[2026-03-06T07:03:44.121Z]   UNCATEGORIZED: https://www.amplifiedintelligence.com.au/privacy-policy
[2026-03-06T07:03:44.121Z]   UNCATEGORIZED: https://www.amprev.com/privacy
[2026-03-06T07:03:44.121Z]   UNCATEGORIZED: https://www.aniview.com/privacy-policy
[2026-03-06T07:03:44.121Z]   UNCATEGORIZED: https://www.anonymised.io/privacy
[2026-03-06T07:03:44.121Z]   UNCATEGORIZED: https://www.anteriad.com/privacy-policy
[2026-03-06T07:03:44.121Z]   UNCATEGORIZED: https://www.antvoice.com/en/privacy-policy
[2026-03-06T07:03:44.121Z]   UNCATEGORIZED: https://www.anzu.io/privacy-policy
[2026-03-06T07:03:44.121Z]   UNCATEGORIZED: https://www.appier.com/en/about/privacy-policy
[2026-03-06T07:03:44.122Z]   UNCATEGORIZED: https://www.applovin.com/privacy
[2026-03-06T07:03:44.122Z]   UNCATEGORIZED: https://www.arcanor.com/privacy
[2026-03-06T07:03:44.122Z]   UNCATEGORIZED: https://www.arcspan.com/privacy-policy
[2026-03-06T07:03:44.122Z]   UNCATEGORIZED: https://www.arpeely.com/privacy
[2026-03-06T07:03:44.122Z]   UNCATEGORIZED: https://www.arrivalist.com/privacy
[2026-03-06T07:03:44.122Z]   UNCATEGORIZED: https://www.aryel.io/legitimate-interest-adv
[2026-03-06T07:03:44.122Z]   UNCATEGORIZED: https://www.aryel.io/privacy-policy-adv
[2026-03-06T07:03:44.122Z]   UNCATEGORIZED: https://www.aspiegel.com/agreement/scope/huawei/ads/privacy-statement/eu_b0_20240514_6/priweb/privacy-statement.htm
[2026-03-06T07:03:44.122Z]   UNCATEGORIZED: https://www.audiencerate.com/privacy
[2026-03-06T07:03:44.122Z]   UNCATEGORIZED: https://www.audiencerun.com/privacy-policy
[2026-03-06T07:03:44.122Z]   UNCATEGORIZED: https://www.audienzz.ch/datenschutz
[2026-03-06T07:03:44.122Z]   UNCATEGORIZED: https://www.audiomob.com/privacy
[2026-03-06T07:03:44.123Z]   UNCATEGORIZED: https://www.audion.fm/privacy-policy
[2026-03-06T07:03:44.123Z]   UNCATEGORIZED: https://www.awin.com/gb/privacy
[2026-03-06T07:03:44.123Z]   UNCATEGORIZED: https://www.axate.com/privacy-policy
[2026-03-06T07:03:44.123Z]   UNCATEGORIZED: https://www.b2bmg.com/en/data-privacy
[2026-03-06T07:03:44.123Z]   UNCATEGORIZED: https://www.bankaustria.at/rechtliches-datenschutz.jsp
[2026-03-06T07:03:44.123Z]   UNCATEGORIZED: https://www.bankaustria.at/rechtliches-datenschutz.jsp#tab26059
[2026-03-06T07:03:44.123Z]   UNCATEGORIZED: https://www.bannerflow.com/privacy
[2026-03-06T07:03:44.123Z]   UNCATEGORIZED: https://www.bcovery.com/legitimate-interest-claim.html
[2026-03-06T07:03:44.123Z]   UNCATEGORIZED: https://www.bcovery.com/politique-de-confidentialite.html
[2026-03-06T07:03:44.123Z]   UNCATEGORIZED: https://www.beeswax.com/privacy
[2026-03-06T07:03:44.123Z]   UNCATEGORIZED: https://www.beintoo.com/privacy-cookie-policy
[2026-03-06T07:03:44.124Z]   UNCATEGORIZED: https://www.bet365partners.com/en/privacypolicy
[2026-03-06T07:03:44.124Z]   UNCATEGORIZED: https://www.bidberrymedia.com/service-privacy-policy
[2026-03-06T07:03:44.124Z]   UNCATEGORIZED: https://www.bidswitch.com/privacy-policy
[2026-03-06T07:03:44.124Z]   UNCATEGORIZED: https://www.bidtellect.com/privacy-policy
[2026-03-06T07:03:44.124Z]   UNCATEGORIZED: https://www.bigossp.com/agreement/privacyPolicy?v=v1.2.0
[2026-03-06T07:03:44.124Z]   UNCATEGORIZED: https://www.bluebillywig.com/privacy-statement
[2026-03-06T07:03:44.124Z]   UNCATEGORIZED: https://www.blueseasx.com/policy.html
[2026-03-06T07:03:44.124Z]   UNCATEGORIZED: https://www.booking.com/content/privacy.en-gb.html
[2026-03-06T07:03:44.124Z]   UNCATEGORIZED: https://www.brame.io/legitimate-interest
[2026-03-06T07:03:44.124Z]   UNCATEGORIZED: https://www.brame.io/privacy-policy
[2026-03-06T07:03:44.124Z]   UNCATEGORIZED: https://www.bsmartdata.com/en/privacy
[2026-03-06T07:03:44.125Z]   UNCATEGORIZED: https://www.bstage.io/pages/legitimate-interest
[2026-03-06T07:03:44.125Z]   UNCATEGORIZED: https://www.bstage.io/pages/privacy-policy
[2026-03-06T07:03:44.125Z]   UNCATEGORIZED: https://www.bucksense.com
[2026-03-06T07:03:44.125Z]   UNCATEGORIZED: https://www.bucksense.com/platform-privacy-policy
[2026-03-06T07:03:44.125Z]   UNCATEGORIZED: https://www.bucoup.com/privacy/privacypolicy.html
[2026-03-06T07:03:44.125Z]   UNCATEGORIZED: https://www.c3metrics.com/privacy-policy
[2026-03-06T07:03:44.125Z]   UNCATEGORIZED: https://www.captifytechnologies.com/privacy-notice
[2026-03-06T07:03:44.125Z]   UNCATEGORIZED: https://www.carambola.com/privacypolicy
[2026-03-06T07:03:44.125Z]   UNCATEGORIZED: https://www.caroda.io/privacy-statement
[2026-03-06T07:03:44.125Z]   UNCATEGORIZED: https://www.cavai.com/privacy-policy
[2026-03-06T07:03:44.125Z]   UNCATEGORIZED: https://www.celtra.com/privacy
[2026-03-06T07:03:44.125Z]   UNCATEGORIZED: https://www.channel99.com/privacy-policy
[2026-03-06T07:03:44.126Z]   UNCATEGORIZED: https://www.cint.com/participant-privacy-notice
[2026-03-06T07:03:44.126Z]   UNCATEGORIZED: https://www.citiservimedia.com/politica-de-privacidad-plataforma-citiservimedia
[2026-03-06T07:03:44.126Z]   UNCATEGORIZED: https://www.citiservimedia.com/politica-de-privacidad-plataforma-citiservimedia/#legitimate-interest
[2026-03-06T07:03:44.126Z]   UNCATEGORIZED: https://www.cleartrust.cc/legitimate-interest
[2026-03-06T07:03:44.126Z]   UNCATEGORIZED: https://www.click-performance.com/datenschutz
[2026-03-06T07:03:44.126Z]   UNCATEGORIZED: https://www.clickagy.com/privacy
[2026-03-06T07:03:44.126Z]   UNCATEGORIZED: https://www.clickintext.com/about/charte-rgpd.php
[2026-03-06T07:03:44.126Z]   UNCATEGORIZED: https://www.clickonometrics.com/optout/en.html
[2026-03-06T07:03:44.126Z]   UNCATEGORIZED: https://www.clipflip.video/data-privacy
[2026-03-06T07:03:44.126Z]   UNCATEGORIZED: https://www.clipr.co/privacy-terms
[2026-03-06T07:03:44.127Z]   UNCATEGORIZED: https://www.cloudflare.com/security-policy
[2026-03-06T07:03:44.127Z]   UNCATEGORIZED: https://www.cloudtechnologies.pl/en/internet-advertising-privacy-policy
[2026-03-06T07:03:44.127Z]   UNCATEGORIZED: https://www.cloudx.io/privacy-policy
[2026-03-06T07:03:44.127Z]   UNCATEGORIZED: https://www.cnd-motionmedia.de/media/pdf/datenschutz_b2b.pdf
[2026-03-06T07:03:44.127Z]   UNCATEGORIZED: https://www.commandersact.com/en/privacy
[2026-03-06T07:03:44.127Z]   UNCATEGORIZED: https://www.communicationads.net/de-de/ueberuns/datenschutz
[2026-03-06T07:03:44.127Z]   UNCATEGORIZED: https://www.conceptx.com/privacy
[2026-03-06T07:03:44.127Z]   UNCATEGORIZED: https://www.confiant.com/privacy
[2026-03-06T07:03:44.127Z]   UNCATEGORIZED: https://www.congstar.de/datenschutz
[2026-03-06T07:03:44.129Z]   UNCATEGORIZED: https://www.connected-stories.com/legitimate-interest-claim
[2026-03-06T07:03:44.129Z]   UNCATEGORIZED: https://www.connected-stories.com/privacy-statement
[2026-03-06T07:03:44.129Z]   UNCATEGORIZED: https://www.contentexchange.me/privacy-policy
[2026-03-06T07:03:44.129Z]   UNCATEGORIZED: https://www.contentignite.com/privacy-policy
[2026-03-06T07:03:44.129Z]   UNCATEGORIZED: https://www.contimo.io/privacy-policy
[2026-03-06T07:03:44.129Z]   UNCATEGORIZED: https://www.cookiebot.com
[2026-03-06T07:03:44.130Z]   UNCATEGORIZED: https://www.cookiebot.com/en/what-is-behind-powered-by-cookiebot/?utm_source=banner_cb&utm_medium=referral&utm_content=v2
[2026-03-06T07:03:44.130Z]   UNCATEGORIZED: https://www.cookiebot.com/goto/privacy-policy
[2026-03-06T07:03:44.130Z]   UNCATEGORIZED: https://www.copegroup.com/datenschutzerklaerung-vermarktung
[2026-03-06T07:03:44.130Z]   UNCATEGORIZED: https://www.copper6.com/privacy
[2026-03-06T07:03:44.130Z]   UNCATEGORIZED: https://www.cpex.cz/pro-uzivatele/ochrana-soukromi
[2026-03-06T07:03:44.130Z]   UNCATEGORIZED: https://www.creatopy.com/legal-information/privacy-policy
[2026-03-06T07:03:44.130Z]   UNCATEGORIZED: https://www.crimtan.com/privacy-policy
[2026-03-06T07:03:44.130Z]   UNCATEGORIZED: https://www.criteo.com/privacy
[2026-03-06T07:03:44.130Z]   UNCATEGORIZED: https://www.criteo.com/privacy/how-we-use-your-data
[2026-03-06T07:03:44.130Z]   UNCATEGORIZED: https://www.crossvertise.com/rechtliches/datenschutz
[2026-03-06T07:03:44.131Z]   UNCATEGORIZED: https://www.crossvertise.com/rechtliches/datenschutz/datenschutzbestimmungen-iab-tcf
[2026-03-06T07:03:44.131Z]   UNCATEGORIZED: https://www.crownpeak.com/privacy
[2026-03-06T07:03:44.131Z]   UNCATEGORIZED: https://www.cuebiq.com/privacypolicy
[2026-03-06T07:03:44.131Z]   UNCATEGORIZED: https://www.cwire.com/privacy-policy
[2026-03-06T07:03:44.131Z]   UNCATEGORIZED: https://www.d3sv.net/privacy
[2026-03-06T07:03:44.131Z]   UNCATEGORIZED: https://www.data-circle.eu/en/balance-of-interests-assessment
[2026-03-06T07:03:44.131Z]   UNCATEGORIZED: https://www.data-circle.eu/en/privacy-policy
[2026-03-06T07:03:44.131Z]   UNCATEGORIZED: https://www.dataexchanger.pl/privacy-policy
[2026-03-06T07:03:44.131Z]   UNCATEGORIZED: https://www.datonics.com/privacy/privacy-choices
[2026-03-06T07:03:44.131Z]   UNCATEGORIZED: https://www.datonics.com/privacy/technology-privacy-policy
[2026-03-06T07:03:44.131Z]   UNCATEGORIZED: https://www.de.welect.de/en/privacy-policy
[2026-03-06T07:03:44.132Z]   UNCATEGORIZED: https://www.deepintent.com/platform-privacy-policy
[2026-03-06T07:03:44.132Z]   UNCATEGORIZED: https://www.definemedia.de/datenschutz-conative
[2026-03-06T07:03:44.132Z]   UNCATEGORIZED: https://www.demandbase.com/privacy
[2026-03-06T07:03:44.132Z]   UNCATEGORIZED: https://www.dentsu.com/dk/dk/privatlivspolitik
[2026-03-06T07:03:44.132Z]   UNCATEGORIZED: https://www.dentsu.com/dk/dk/privatlivspolitik%20for%20maalgrupper
[2026-03-06T07:03:44.132Z]   UNCATEGORIZED: https://www.dentsu.com/it/it/policies/info-cookie
[2026-03-06T07:03:44.132Z]   UNCATEGORIZED: https://www.dentsu.com/it/it/policies/legittimo-interesse
[2026-03-06T07:03:44.132Z]   UNCATEGORIZED: https://www.dianomi.com/legal/privacy.epl
[2026-03-06T07:03:44.132Z]   UNCATEGORIZED: https://www.digitaleast.mobi/privacy-policy
[2026-03-06T07:03:44.132Z]   UNCATEGORIZED: https://www.digitalturbine.com/privacy-policy
[2026-03-06T07:03:44.132Z]   UNCATEGORIZED: https://www.discover-tech.io/privacy-policy
[2026-03-06T07:03:44.133Z]   UNCATEGORIZED: https://www.distroscale.com/privacy-policy
[2026-03-06T07:03:44.133Z]   UNCATEGORIZED: https://www.drakomediagroup.com/privacy-policy
[2026-03-06T07:03:44.133Z]   UNCATEGORIZED: https://www.durationmedia.net/privacy-policy
[2026-03-06T07:03:44.133Z]   UNCATEGORIZED: https://www.dynataprivacy.com
[2026-03-06T07:03:44.133Z]   UNCATEGORIZED: https://www.e-planning.net/privacy-policy.html
[2026-03-06T07:03:44.133Z]   UNCATEGORIZED: https://www.effinity.fr/politique-de-confidentialite
[2026-03-06T07:03:44.133Z]   UNCATEGORIZED: https://www.eltiempo.es/legal/politica-privacidad.html
[2026-03-06T07:03:44.133Z]   UNCATEGORIZED: https://www.emetriq.com/datenschutz
[2026-03-06T07:03:44.133Z]   UNCATEGORIZED: https://www.empower.net/privacy
[2026-03-06T07:03:44.133Z]   UNCATEGORIZED: https://www.empower.net/privacy#legitimate-interest
[2026-03-06T07:03:44.134Z]   UNCATEGORIZED: https://www.encoredigitalmedia.net/privacy-policy
[2026-03-06T07:03:44.134Z]   UNCATEGORIZED: https://www.epsilon.com/emea/privacy-policy
[2026-03-06T07:03:44.134Z]   UNCATEGORIZED: https://www.ermes.ai/politique-de-confidentialite
[2026-03-06T07:03:44.134Z]   UNCATEGORIZED: https://www.eskimi.com/privacy-policy
[2026-03-06T07:03:44.134Z]   UNCATEGORIZED: https://www.esome.com/en/data-privacy
[2026-03-06T07:03:44.134Z]   UNCATEGORIZED: https://www.eulerian.com/en/privacy
[2026-03-06T07:03:44.134Z]   UNCATEGORIZED: https://www.exads.com/privacy-policy
[2026-03-06T07:03:44.134Z]   UNCATEGORIZED: https://www.exitbee.com/privacy
[2026-03-06T07:03:44.134Z]   UNCATEGORIZED: https://www.exoclick.com/privacy-policy
[2026-03-06T07:03:44.134Z]   UNCATEGORIZED: https://www.expedia.co.uk/p/support/privacy
[2026-03-06T07:03:44.134Z]   UNCATEGORIZED: https://www.experian.co.uk/privacy/consumer-information-portal
[2026-03-06T07:03:44.134Z]   UNCATEGORIZED: https://www.exponential.com/wp-content/uploads/2018/04/Balancing-Assessment-for-Legitimate-Interest-Publishers-v2.pdf
[2026-03-06T07:03:44.135Z]   UNCATEGORIZED: https://www.eyeota.com/eyeota-marketplace-privacy-policy#pcc-anchor-2
[2026-03-06T07:03:44.135Z]   UNCATEGORIZED: https://www.eyeota.com/privacy-center
[2026-03-06T07:03:44.135Z]   UNCATEGORIZED: https://www.ezoic.com/privacy
[2026-03-06T07:03:44.135Z]   REGEX: fb <- https://www.facebook.com/about/privacy/update
[2026-03-06T07:03:44.135Z]   REGEX: fb <- https://www.facebook.com/materialszone
[2026-03-06T07:03:44.135Z]   UNCATEGORIZED: https://www.factori.ai/privacy-policy
[2026-03-06T07:03:44.135Z]   UNCATEGORIZED: https://www.fast-thinking.co.uk/privacy-policy
[2026-03-06T07:03:44.135Z]   UNCATEGORIZED: https://www.feeltapmedia.com/privacyPolicy
[2026-03-06T07:03:44.135Z]   UNCATEGORIZED: https://www.first-id.fr/legale/cookie-policy
[2026-03-06T07:03:44.135Z]   UNCATEGORIZED: https://www.flexoffers.com/privacy-policy
[2026-03-06T07:03:44.135Z]   UNCATEGORIZED: https://www.forebase.com/widgets/Zillian_LIA_May_10_2025.htm
[2026-03-06T07:03:44.136Z]   UNCATEGORIZED: https://www.forebase.com/widgets/Zillian_Privacy_Policy.htm
[2026-03-06T07:03:44.136Z]   UNCATEGORIZED: https://www.fraud0.com/privacy-policy
[2026-03-06T07:03:44.136Z]   UNCATEGORIZED: https://www.fraudlogix.com/privacy-policy
[2026-03-06T07:03:44.136Z]   UNCATEGORIZED: https://www.freewheel.com/privacy-policy
[2026-03-06T07:03:44.136Z]   UNCATEGORIZED: https://www.freewheel.com/privacy-policy#tab2_section2_4
[2026-03-06T07:03:44.136Z]   UNCATEGORIZED: https://www.gadsme.com/privacy-policy
[2026-03-06T07:03:44.136Z]   UNCATEGORIZED: https://www.galaxyx-tech.com/privacy-policy.html#
[2026-03-06T07:03:44.136Z]   UNCATEGORIZED: https://www.gameloft.com/en/legal/advertising-legitimate-interest
[2026-03-06T07:03:44.136Z]   UNCATEGORIZED: https://www.gameloft.com/en/privacy-notice
[2026-03-06T07:03:44.136Z]   UNCATEGORIZED: https://www.gamera.ai/policies/privacy.html
[2026-03-06T07:03:44.136Z]   UNCATEGORIZED: https://www.gamned.com/privacy-policy
[2026-03-06T07:03:44.137Z]   UNCATEGORIZED: https://www.gamoshi.com/privacy-policy
[2026-03-06T07:03:44.137Z]   UNCATEGORIZED: https://www.geemee.ai/privacy
[2026-03-06T07:03:44.137Z]   UNCATEGORIZED: https://www.geminidirect.de/datenschutz
[2026-03-06T07:03:44.137Z]   UNCATEGORIZED: https://www.gemius.com/privacy-policy.html
[2026-03-06T07:03:44.137Z]   UNCATEGORIZED: https://www.geniussports.com/policies/media-buying-services-and-tcf-privacy-notice
[2026-03-06T07:03:44.137Z]   UNCATEGORIZED: https://www.geoedge.com/privacy-policy
[2026-03-06T07:03:44.137Z]   UNCATEGORIZED: https://www.getblue.io/privacy/en
[2026-03-06T07:03:44.137Z]   UNCATEGORIZED: https://www.giftaddigital.com/en/privacy-policy
[2026-03-06T07:03:44.137Z]   UNCATEGORIZED: https://www.glami.cz/info/privacy
[2026-03-06T07:03:44.137Z]   UNCATEGORIZED: https://www.glomex.com/en/privacy-policy/privacy-notice-for-the-glomex-player
[2026-03-06T07:03:44.137Z]   UNCATEGORIZED: https://www.goal.com/en-gb/legal/privacy-policy
[2026-03-06T07:03:44.137Z]   UNCATEGORIZED: https://www.goseetv.media/privacy
[2026-03-06T07:03:44.138Z]   UNCATEGORIZED: https://www.gravite.net/data-privacy
[2026-03-06T07:03:44.138Z]   UNCATEGORIZED: https://www.gravito.net/privacy-notice
[2026-03-06T07:03:44.138Z]   UNCATEGORIZED: https://www.gsi-one.org/en/privacy-policy.html
[2026-03-06T07:03:44.138Z]   UNCATEGORIZED: https://www.gumgum.com/terms-and-policies/privacy-policy
[2026-03-06T07:03:44.138Z]   UNCATEGORIZED: https://www.havas.com/cookie-policy
[2026-03-06T07:03:44.138Z]   UNCATEGORIZED: https://www.hbagency.ai/privacy
[2026-03-06T07:03:44.138Z]   UNCATEGORIZED: https://www.humansecurity.com/privacy
[2026-03-06T07:03:44.138Z]   UNCATEGORIZED: https://www.hurstmediacompany.co.uk/terms-conditions
[2026-03-06T07:03:44.138Z]   UNCATEGORIZED: https://www.ibm.com/customer-engagement/digital-marketing/gdpr
[2026-03-06T07:03:44.138Z]   UNCATEGORIZED: https://www.ignitemediatech.com/#/lic
[2026-03-06T07:03:44.138Z]   UNCATEGORIZED: https://www.ignitemediatech.com/Policy
[2026-03-06T07:03:44.139Z]   UNCATEGORIZED: https://www.iion.io/privacy-policy
[2026-03-06T07:03:44.139Z]   UNCATEGORIZED: https://www.improvedigital.com/platform-privacy-policy
[2026-03-06T07:03:44.139Z]   UNCATEGORIZED: https://www.indexexchange.com/privacy
[2026-03-06T07:03:44.139Z]   UNCATEGORIZED: https://www.indexexchange.com/privacy/exchange-platform-privacy-policy/#section-3
[2026-03-06T07:03:44.139Z]   UNCATEGORIZED: https://www.infiniamobile.com/avisopolitica-us.html#pri
[2026-03-06T07:03:44.139Z]   UNCATEGORIZED: https://www.infolinks.com/privacy-policy
[2026-03-06T07:03:44.139Z]   UNCATEGORIZED: https://www.infonline.de/en/datenschutzerklaerung
[2026-03-06T07:03:44.139Z]   UNCATEGORIZED: https://www.ingenioustechnologies.com/privacy-policy
[2026-03-06T07:03:44.139Z]   UNCATEGORIZED: https://www.inmobi.com/privacy-policy-for-eea
[2026-03-06T07:03:44.139Z]   UNCATEGORIZED: https://www.innervate.com/privacy
[2026-03-06T07:03:44.139Z]   UNCATEGORIZED: https://www.innovid.com/privacy-policy
[2026-03-06T07:03:44.140Z]   UNCATEGORIZED: https://www.innovid.com/privacy-policy#additional-information-europe-residents
[2026-03-06T07:03:44.140Z]   UNCATEGORIZED: https://www.innovid.com/privacy-policy/#additional-information-europe-residents
[2026-03-06T07:03:44.140Z]   UNCATEGORIZED: https://www.insticator.com/privacy
[2026-03-06T07:03:44.140Z]   UNCATEGORIZED: https://www.insurads.com/privacy.html
[2026-03-06T07:03:44.140Z]   UNCATEGORIZED: https://www.intelliad.de/datenschutz
[2026-03-06T07:03:44.140Z]   UNCATEGORIZED: https://www.intentiq.com/technology-privacy-policy
[2026-03-06T07:03:44.140Z]   UNCATEGORIZED: https://www.invibes.com/terms.html
[2026-03-06T07:03:44.140Z]   UNCATEGORIZED: https://www.invidi.com/privacy-policy-ad-tech-services
[2026-03-06T07:03:44.140Z]   UNCATEGORIZED: https://www.invidi.com/privacy-policy-ad-tech-services/#legal-basis
[2026-03-06T07:03:44.140Z]   UNCATEGORIZED: https://www.iponweb.com/policies-legal/iponweb-privacy-policy
[2026-03-06T07:03:44.140Z]   UNCATEGORIZED: https://www.iponweb.com/policies-legal/themediagrid-privacy-policy
[2026-03-06T07:03:44.141Z]   UNCATEGORIZED: https://www.ipromote.com/privacy-policy
[2026-03-06T07:03:44.141Z]   UNCATEGORIZED: https://www.italiaonline.it/corporate/informativa-privacy
[2026-03-06T07:03:44.141Z]   UNCATEGORIZED: https://www.iubenda.com/privacy-policy/30563919
[2026-03-06T07:03:44.141Z]   UNCATEGORIZED: https://www.iubenda.com/privacy-policy/30563919/legal
[2026-03-06T07:03:44.141Z]   UNCATEGORIZED: https://www.ivo.io/privacy
[2026-03-06T07:03:44.141Z]   UNCATEGORIZED: https://www.jampp.com/privacy-policy-terms-and-conditions
[2026-03-06T07:03:44.141Z]   UNCATEGORIZED: https://www.jetpack.net/privacy
[2026-03-06T07:03:44.141Z]   UNCATEGORIZED: https://www.jmmobi.com/privacy.html
[2026-03-06T07:03:44.141Z]   UNCATEGORIZED: https://www.jobster.com/privacy-statement
[2026-03-06T07:03:44.141Z]   UNCATEGORIZED: https://www.kameleoon.com/en/privacy-policy
[2026-03-06T07:03:44.141Z]   UNCATEGORIZED: https://www.kaminoretail.com/privacy-policy
[2026-03-06T07:03:44.141Z]   UNCATEGORIZED: https://www.kantar.com/cookies-policies
[2026-03-06T07:03:44.142Z]   UNCATEGORIZED: https://www.kiosked.com/data-processing-policy
[2026-03-06T07:03:44.142Z]   UNCATEGORIZED: https://www.kliken.com/privacy-policy.html
[2026-03-06T07:03:44.142Z]   UNCATEGORIZED: https://www.knorex.com/privacy
[2026-03-06T07:03:44.142Z]   UNCATEGORIZED: https://www.kontext.so/privacy
[2026-03-06T07:03:44.142Z]   UNCATEGORIZED: https://www.kupona.de/dsgvo/#datenschutzerklaerung
[2026-03-06T07:03:44.142Z]   UNCATEGORIZED: https://www.kwanko.com/gdpr/privacy-policy
[2026-03-06T07:03:44.142Z]   UNCATEGORIZED: https://www.lead-alliance.net/dataprotection2
[2026-03-06T07:03:44.142Z]   UNCATEGORIZED: https://www.leanrads.com/.well-known/legitimate-interest.html
[2026-03-06T07:03:44.142Z]   UNCATEGORIZED: https://www.leanrads.com/privacy-policy
[2026-03-06T07:03:44.142Z]   UNCATEGORIZED: https://www.liftdsp.com/privacy-policy
[2026-03-06T07:03:44.142Z]   REGEX: li <- https://www.linkedin.com/company/materials-zone
[2026-03-06T07:03:44.143Z]   UNCATEGORIZED: https://www.livedata-solutions.com/politique-de-confidentialite
[2026-03-06T07:03:44.143Z]   UNCATEGORIZED: https://www.localsensor.com/privacy.html
[2026-03-06T07:03:44.143Z]   UNCATEGORIZED: https://www.lotame.com/privacy/services-privacy-notice
[2026-03-06T07:03:44.143Z]   UNCATEGORIZED: https://www.lotame.com/wp-content/uploads/2024/07/TC_String_Legitimate_Interests_Assessment_Lotame.pdf
[2026-03-06T07:03:44.143Z]   UNCATEGORIZED: https://www.loudecho.ai/legitimate-interest.html
[2026-03-06T07:03:44.143Z]   UNCATEGORIZED: https://www.loudecho.ai/privacy.html
[2026-03-06T07:03:44.143Z]   UNCATEGORIZED: https://www.lugh.studio/legal-information
[2026-03-06T07:03:44.143Z]   UNCATEGORIZED: https://www.lugh.studio/privacy-policy
[2026-03-06T07:03:44.143Z]   UNCATEGORIZED: https://www.lutkan.com/privacy-notice.html
[2026-03-06T07:03:44.143Z]   UNCATEGORIZED: https://www.madisonlogic.com/privacy
[2026-03-06T07:03:44.143Z]   UNCATEGORIZED: https://www.magnite.com/legal/advertising-platform-privacy-policy
[2026-03-06T07:03:44.143Z]   UNCATEGORIZED: https://www.magnite.com/legal/advertising-technology-privacy-policy
[2026-03-06T07:03:44.144Z]   UNCATEGORIZED: https://www.manage.com/privacy-policy
[2026-03-06T07:03:44.144Z]   UNCATEGORIZED: https://www.marketperf.com/assets/images/app/marketperf/pdf/privacy-policy.pdf
[2026-03-06T07:03:44.144Z]   UNCATEGORIZED: https://www.maximiles.fr/privacy-policy
[2026-03-06T07:03:44.144Z]   UNCATEGORIZED: https://www.media.net/privacy-policy
[2026-03-06T07:03:44.144Z]   UNCATEGORIZED: https://www.media.net/privacy-policy/#legitimate-interest
[2026-03-06T07:03:44.144Z]   UNCATEGORIZED: https://www.mediafuse.com/legitimateinterest
[2026-03-06T07:03:44.144Z]   UNCATEGORIZED: https://www.mediafuse.com/privacypolicy
[2026-03-06T07:03:44.144Z]   UNCATEGORIZED: https://www.mediago.io/policy
[2026-03-06T07:03:44.144Z]   UNCATEGORIZED: https://www.mediametrie.fr/en/management-cookies
[2026-03-06T07:03:44.144Z]   UNCATEGORIZED: https://www.mediamonks.com/privacy-notice
[2026-03-06T07:03:44.145Z]   UNCATEGORIZED: https://www.mediarithmics.io/legal/data-policy
[2026-03-06T07:03:44.145Z]   UNCATEGORIZED: https://www.mediarithmics.io/legal/data-policy-connect-id
[2026-03-06T07:03:44.145Z]   UNCATEGORIZED: https://www.mediasquare.fr/e-privacy
[2026-03-06T07:03:44.145Z]   UNCATEGORIZED: https://www.mediavine.com/privacy-policy
[2026-03-06T07:03:44.145Z]   UNCATEGORIZED: https://www.metrixlab.com/privacy-notice
[2026-03-06T07:03:44.145Z]   UNCATEGORIZED: https://www.mgid.com/privacy-policy
[2026-03-06T07:03:44.145Z]   UNCATEGORIZED: https://www.mindtos.com/privacy-policy
[2026-03-06T07:03:44.145Z]   UNCATEGORIZED: https://www.mintegral.com/en/privacy
[2026-03-06T07:03:44.145Z]   UNCATEGORIZED: https://www.minutemedia.com/policies/privacy-policy
[2026-03-06T07:03:44.145Z]   UNCATEGORIZED: https://www.mistplay.com/legal/privacy
[2026-03-06T07:03:44.145Z]   UNCATEGORIZED: https://www.mobfox.com/privacy-policy
[2026-03-06T07:03:44.146Z]   UNCATEGORIZED: https://www.mobilewalla.com/business-services-privacy-notice-2023
[2026-03-06T07:03:44.146Z]   UNCATEGORIZED: https://www.mobkoi.com/advertising-platform-privacy-policy
[2026-03-06T07:03:44.146Z]   UNCATEGORIZED: https://www.mobsuccess.com/en/legitimate-interest-documentation
[2026-03-06T07:03:44.146Z]   UNCATEGORIZED: https://www.mobsuccess.com/en/privacy
[2026-03-06T07:03:44.146Z]   UNCATEGORIZED: https://www.moloco.com/advertising-policy
[2026-03-06T07:03:44.146Z]   UNCATEGORIZED: https://www.moloco.com/privacy-policy
[2026-03-06T07:03:44.146Z]   UNCATEGORIZED: https://www.movingup.it/informativa-trattamento-dati-personali
[2026-03-06T07:03:44.146Z]   UNCATEGORIZED: https://www.multibrain.tech/privacy
[2026-03-06T07:03:44.146Z]   UNCATEGORIZED: https://www.my-cast.tv/privacy-policy
[2026-03-06T07:03:44.146Z]   UNCATEGORIZED: https://www.mytraffic.io/en/privacy
[2026-03-06T07:03:44.147Z]   UNCATEGORIZED: https://www.nanointeractive.com/privacy-statement
[2026-03-06T07:03:44.147Z]   UNCATEGORIZED: https://www.nativery.com/privacy-en/?
[2026-03-06T07:03:44.147Z]   UNCATEGORIZED: https://www.nativo.com/interest-based-ads
[2026-03-06T07:03:44.147Z]   UNCATEGORIZED: https://www.nativo.com/interest-based-ads#how-we-use-your-personal-data-and-why
[2026-03-06T07:03:44.147Z]   UNCATEGORIZED: https://www.navegg.com/en/privacy-policy
[2026-03-06T07:03:44.147Z]   UNCATEGORIZED: https://www.ncaudienceexchange.com/privacy
[2026-03-06T07:03:44.147Z]   UNCATEGORIZED: https://www.neory.com/privacy.html
[2026-03-06T07:03:44.147Z]   UNCATEGORIZED: https://www.netpoint-media.de/inside/datenschutz
[2026-03-06T07:03:44.147Z]   UNCATEGORIZED: https://www.netpoint-media.de/technik/datenschutz
[2026-03-06T07:03:44.147Z]   UNCATEGORIZED: https://www.nexd.com/legitimate-interest-claim
[2026-03-06T07:03:44.147Z]   UNCATEGORIZED: https://www.nextroll.com/lia
[2026-03-06T07:03:44.148Z]   UNCATEGORIZED: https://www.nextroll.com/privacy
[2026-03-06T07:03:44.148Z]   UNCATEGORIZED: https://www.nicequest.com/gb/cookies
[2026-03-06T07:03:44.148Z]   UNCATEGORIZED: https://www.nicequest.com/gb/privacy
[2026-03-06T07:03:44.148Z]   UNCATEGORIZED: https://www.nicequest.com/us/privacy
[2026-03-06T07:03:44.148Z]   UNCATEGORIZED: https://www.nielsen.com/legal/privacy-principles/digital-measurement-privacy-statement
[2026-03-06T07:03:44.148Z]   UNCATEGORIZED: https://www.nielsen.com/legal/privacy-principles/digital-measurement-privacy-statement/#legal-basis
[2026-03-06T07:03:44.148Z]   UNCATEGORIZED: https://www.nielsen.com/us/en/legal/privacy-statement/nielsen-marketing-cloud-privacy-notice
[2026-03-06T07:03:44.148Z]   UNCATEGORIZED: https://www.nobid.io/privacy-policy
[2026-03-06T07:03:44.148Z]   UNCATEGORIZED: https://www.nobid.io/privacy-policy/#legal_grounds
[2026-03-06T07:03:44.148Z]   UNCATEGORIZED: https://www.nonstoppartner.net
[2026-03-06T07:03:44.148Z]   UNCATEGORIZED: https://www.nordicdataresources.com/contact
[2026-03-06T07:03:44.148Z]   UNCATEGORIZED: https://www.nordicdataresources.com/terms-of-service
[2026-03-06T07:03:44.149Z]   UNCATEGORIZED: https://www.nowtilus.tv/end-users-privacy-policy
[2026-03-06T07:03:44.149Z]   UNCATEGORIZED: https://www.octopads.io/politique-de-confidentialit%C3%A9
[2026-03-06T07:03:44.149Z]   UNCATEGORIZED: https://www.omni-dex.io/publisherterms/privacy-policy
[2026-03-06T07:03:44.149Z]   UNCATEGORIZED: https://www.onaudience.com/internet-advertising-privacy-policy
[2026-03-06T07:03:44.149Z]   UNCATEGORIZED: https://www.oneid.digital/en/privacy-policy
[2026-03-06T07:03:44.149Z]   UNCATEGORIZED: https://www.onetag.com/privacy
[2026-03-06T07:03:44.149Z]   UNCATEGORIZED: https://www.onlineumfragen.com/3index_2010_agb.cfm
[2026-03-06T07:03:44.149Z]   UNCATEGORIZED: https://www.onprospects.com/privacy-policy
[2026-03-06T07:03:44.149Z]   UNCATEGORIZED: https://www.openweb.com/legal-and-privacy/privacy
[2026-03-06T07:03:44.149Z]   UNCATEGORIZED: https://www.openx.com/legal/privacy-policy
[2026-03-06T07:03:44.149Z]   UNCATEGORIZED: https://www.opera.com/privacy
[2026-03-06T07:03:44.150Z]   UNCATEGORIZED: https://www.optidigital.com/en/privacy-policy
[2026-03-06T07:03:44.150Z]   UNCATEGORIZED: https://www.otto.de/shoppages/service/datenschutz
[2026-03-06T07:03:44.150Z]   UNCATEGORIZED: https://www.outbrain.com/privacy
[2026-03-06T07:03:44.150Z]   UNCATEGORIZED: https://www.outbrain.com/privacy/privacy-policy-outbrain-dsp
[2026-03-06T07:03:44.150Z]   UNCATEGORIZED: https://www.ozoneproject.com/legitimate-interest-test
[2026-03-06T07:03:44.150Z]   UNCATEGORIZED: https://www.ozoneproject.com/website-privacy-cookie
[2026-03-06T07:03:44.150Z]   UNCATEGORIZED: https://www.paypal.com/uk/legalhub/paypal/privacy-full
[2026-03-06T07:03:44.150Z]   UNCATEGORIZED: https://www.peer39.com/cookie-notice
[2026-03-06T07:03:44.150Z]   UNCATEGORIZED: https://www.peer39.com/privacy-policy
[2026-03-06T07:03:44.150Z]   UNCATEGORIZED: https://www.performax.cz/en/privacy-policy
[2026-03-06T07:03:44.150Z]   UNCATEGORIZED: https://www.performax.cz/en/processed-purposes
[2026-03-06T07:03:44.151Z]   UNCATEGORIZED: https://www.piano.io/privacy-policy
[2026-03-06T07:03:44.151Z]   UNCATEGORIZED: https://www.pickwell.co/privacy-policy
[2026-03-06T07:03:44.151Z]   UNCATEGORIZED: https://www.pinpoll.com/pdf/data-protection-declaration.pdf
[2026-03-06T07:03:44.151Z]   UNCATEGORIZED: https://www.pixalate.com/privacypolicy
[2026-03-06T07:03:44.151Z]   UNCATEGORIZED: https://www.pixfuture.com/terms-and-conditions#dpa-terms
[2026-03-06T07:03:44.151Z]   UNCATEGORIZED: https://www.pixfuture.com/terms-and-conditions#privacy-policy
[2026-03-06T07:03:44.151Z]   UNCATEGORIZED: https://www.playwire.com/privacy-policy
[2026-03-06T07:03:44.151Z]   UNCATEGORIZED: https://www.pmlatam.com/privacy-policy
[2026-03-06T07:03:44.151Z]   UNCATEGORIZED: https://www.prado.co/privacy
[2026-03-06T07:03:44.151Z]   UNCATEGORIZED: https://www.pressboardmedia.com/privacy-policy
[2026-03-06T07:03:44.151Z]   UNCATEGORIZED: https://www.primis.tech/privacy-policy
[2026-03-06T07:03:44.151Z]   UNCATEGORIZED: https://www.prismamedia.com/espace-confidentialite
[2026-03-06T07:03:44.152Z]   UNCATEGORIZED: https://www.programmaticx.ai/privacypolicy
[2026-03-06T07:03:44.152Z]   UNCATEGORIZED: https://www.protected.media/privacy-policy
[2026-03-06T07:03:44.152Z]   UNCATEGORIZED: https://www.proxistore.com/privacy-policy
[2026-03-06T07:03:44.152Z]   UNCATEGORIZED: https://www.proxistore.com/privacy-policy/#legitimate_interest
[2026-03-06T07:03:44.152Z]   UNCATEGORIZED: https://www.pubeasy.io/privacy-policy.html
[2026-03-06T07:03:44.152Z]   UNCATEGORIZED: https://www.publica4.com/datenschutzerklaerung-2025
[2026-03-06T07:03:44.152Z]   UNCATEGORIZED: https://www.publicismedia.de/datenschutz
[2026-03-06T07:03:44.152Z]   UNCATEGORIZED: https://www.qualitymedianetwork.de/datenschutz
[2026-03-06T07:03:44.152Z]   UNCATEGORIZED: https://www.quantcast.com/privacy
[2026-03-06T07:03:44.152Z]   UNCATEGORIZED: https://www.queryclick.com/privacy-policy
[2026-03-06T07:03:44.152Z]   UNCATEGORIZED: https://www.raaslab.com/legititmate-interest-statement
[2026-03-06T07:03:44.152Z]   UNCATEGORIZED: https://www.raaslab.com/privacy-policy
[2026-03-06T07:03:44.153Z]   UNCATEGORIZED: https://www.rackspace.com/information/legal/privacycenter
[2026-03-06T07:03:44.153Z]   UNCATEGORIZED: https://www.raptorservices.com/privacy-policy
[2026-03-06T07:03:44.153Z]   UNCATEGORIZED: https://www.readpeak.com/terms/legitimate-interest-assessment-lia
[2026-03-06T07:03:44.153Z]   UNCATEGORIZED: https://www.readpeak.com/terms/readpeak-privacy-policy
[2026-03-06T07:03:44.153Z]   UNCATEGORIZED: https://www.realytics.io/platform-privacy-policy
[2026-03-06T07:03:44.153Z]   UNCATEGORIZED: https://www.refine.direct/en/cookie-policy
[2026-03-06T07:03:44.153Z]   UNCATEGORIZED: https://www.refine.direct/en/legitimate-interest-assessment
[2026-03-06T07:03:44.153Z]   UNCATEGORIZED: https://www.relevant-digital.com/privacy-policy
[2026-03-06T07:03:44.153Z]   UNCATEGORIZED: https://www.remerge.io/service-privacy-policy
[2026-03-06T07:03:44.153Z]   UNCATEGORIZED: https://www.reppublika.com/privacy-policy
[2026-03-06T07:03:44.153Z]   UNCATEGORIZED: https://www.reppublikaresearch.com/ratings-privacy-policy
[2026-03-06T07:03:44.154Z]   UNCATEGORIZED: https://www.resonate.com/privacy-policy
[2026-03-06T07:03:44.154Z]   UNCATEGORIZED: https://www.retailads.net/de-de/ueberuns/datenschutz
[2026-03-06T07:03:44.154Z]   UNCATEGORIZED: https://www.retailor.media/privacy-policy
[2026-03-06T07:03:44.154Z]   UNCATEGORIZED: https://www.revcontent.com/privacy-policies
[2026-03-06T07:03:44.154Z]   UNCATEGORIZED: https://www.revolutionad.com/privacy-policy
[2026-03-06T07:03:44.154Z]   UNCATEGORIZED: https://www.rmads.io/en/dataremoval
[2026-03-06T07:03:44.154Z]   UNCATEGORIZED: https://www.rmads.io/privacy-policy
[2026-03-06T07:03:44.154Z]   UNCATEGORIZED: https://www.rmcbfm-ads.com/donnees-personnelles.html
[2026-03-06T07:03:44.154Z]   UNCATEGORIZED: https://www.roam-geo.com/privacy-policy
[2026-03-06T07:03:44.154Z]   UNCATEGORIZED: https://www.rockerbox.com/privacy
[2026-03-06T07:03:44.154Z]   UNCATEGORIZED: https://www.roq.ad/privacy-policy-roqad
[2026-03-06T07:03:44.155Z]   UNCATEGORIZED: https://www.rtbhouse.com/legitimate_interest_assessments_tcf
[2026-03-06T07:03:44.155Z]   UNCATEGORIZED: https://www.rtbhouse.com/privacy-center
[2026-03-06T07:03:44.155Z]   UNCATEGORIZED: https://www.sabioctv.com/privacypolicy
[2026-03-06T07:03:44.155Z]   UNCATEGORIZED: https://www.sarigato.com/polityka_prywatnosci_sarigato_sataku.pdf
[2026-03-06T07:03:44.155Z]   UNCATEGORIZED: https://www.scoota.com/privacy
[2026-03-06T07:03:44.155Z]   UNCATEGORIZED: https://www.scorecardresearch.com/privacy.aspx
[2026-03-06T07:03:44.155Z]   UNCATEGORIZED: https://www.se7en.es/privacy
[2026-03-06T07:03:44.155Z]   UNCATEGORIZED: https://www.selectmedia.asia/terms-and-privacy
[2026-03-06T07:03:44.155Z]   UNCATEGORIZED: https://www.semasio.com/legal/semasio-privacy-policy
[2026-03-06T07:03:44.155Z]   UNCATEGORIZED: https://www.seven.one/datenschutzhinweise/somquery-somtag
[2026-03-06T07:03:44.155Z]   UNCATEGORIZED: https://www.seven.one/datenschutzhinweise/somquery-somtag#legIntClaim
[2026-03-06T07:03:44.156Z]   UNCATEGORIZED: https://www.seznam.cz/ochranaudaju
[2026-03-06T07:03:44.156Z]   UNCATEGORIZED: https://www.sharethrough.com/privacy-center/consumer-privacy-notice
[2026-03-06T07:03:44.156Z]   UNCATEGORIZED: https://www.shemedia.com/ad-services-privacy-policy
[2026-03-06T07:03:44.156Z]   UNCATEGORIZED: https://www.shinystat.com/it/informativa_privacy_generale.html
[2026-03-06T07:03:44.156Z]   UNCATEGORIZED: https://www.sift.co/privacy
[2026-03-06T07:03:44.156Z]   UNCATEGORIZED: https://www.singlespot.com/en/privacy_policy
[2026-03-06T07:03:44.156Z]   UNCATEGORIZED: https://www.sirdata.com/en/Privacy
[2026-03-06T07:03:44.156Z]   UNCATEGORIZED: https://www.sirdata.com/en/Privacy#legitimateinterest
[2026-03-06T07:03:44.156Z]   UNCATEGORIZED: https://www.skaze.com/fr/politique/politique-de-confidentialite
[2026-03-06T07:03:44.156Z]   UNCATEGORIZED: https://www.skoiy.com/en/privacy-policy
[2026-03-06T07:03:44.157Z]   UNCATEGORIZED: https://www.smaato.com/privacy
[2026-03-06T07:03:44.157Z]   UNCATEGORIZED: https://www.smartico.one/legal/privacy-services
[2026-03-06T07:03:44.157Z]   UNCATEGORIZED: https://www.smartmeanalytics.com/static/docs/Politica_privacidad_Smartmeanalytics.pdf
[2026-03-06T07:03:44.157Z]   UNCATEGORIZED: https://www.smartology.net/legitimate-interest-assessments
[2026-03-06T07:03:44.157Z]   UNCATEGORIZED: https://www.smartology.net/privacy-policy
[2026-03-06T07:03:44.157Z]   UNCATEGORIZED: https://www.smartstream.tv/de/produktdatenschutz
[2026-03-06T07:03:44.157Z]   UNCATEGORIZED: https://www.smilewanted.com/privacy.php
[2026-03-06T07:03:44.157Z]   UNCATEGORIZED: https://www.smoot.ai/privacy
[2026-03-06T07:03:44.157Z]   UNCATEGORIZED: https://www.snigel.com/privacy-policy
[2026-03-06T07:03:44.157Z]   UNCATEGORIZED: https://www.socoto.com/datenschutz
[2026-03-06T07:03:44.157Z]   UNCATEGORIZED: https://www.sojern.com/privacy/privacy-policy
[2026-03-06T07:03:44.157Z]   UNCATEGORIZED: https://www.solocal.com/protection-de-la-vie-privee
[2026-03-06T07:03:44.158Z]   UNCATEGORIZED: https://www.sovrn.com/privacy-policy
[2026-03-06T07:03:44.158Z]   UNCATEGORIZED: https://www.spoods.info/#cookie-policy
[2026-03-06T07:03:44.158Z]   UNCATEGORIZED: https://www.sportradar.com/about-us/privacy
[2026-03-06T07:03:44.158Z]   UNCATEGORIZED: https://www.squadata.net/en/private-policy
[2026-03-06T07:03:44.158Z]   UNCATEGORIZED: https://www.stackadapt.com/privacy-policy
[2026-03-06T07:03:44.158Z]   UNCATEGORIZED: https://www.start.io/policy/privacy-policy-site
[2026-03-06T07:03:44.158Z]   UNCATEGORIZED: https://www.streamonkey.de/de/datenschutz
[2026-03-06T07:03:44.158Z]   UNCATEGORIZED: https://www.stroeer.de/ssp-datenschutz
[2026-03-06T07:03:44.158Z]   UNCATEGORIZED: https://www.stroeer.de/werben-mit-stroeer/onlinewerbung/programmatic-data/datenschutz-sdi
[2026-03-06T07:03:44.158Z]   UNCATEGORIZED: https://www.stroeer.de/werben-mit-stroeer/onlinewerbung/programmatic-data/sdi-datenschutz-b2c
[2026-03-06T07:03:44.158Z]   UNCATEGORIZED: https://www.strossle.com/platform-privacy-notice
[2026-03-06T07:03:44.159Z]   UNCATEGORIZED: https://www.suntcontent.com/privacy/#privacy-english
[2026-03-06T07:03:44.159Z]   UNCATEGORIZED: https://www.swipefinder.com/privacy-policy-website
[2026-03-06T07:03:44.159Z]   UNCATEGORIZED: https://www.synamedia.com/iris-privacy-policy
[2026-03-06T07:03:44.159Z]   UNCATEGORIZED: https://www.synoint.com/privacy-policy
[2026-03-06T07:03:44.159Z]   UNCATEGORIZED: https://www.taboola.com/privacy-policy
[2026-03-06T07:03:44.159Z]   UNCATEGORIZED: https://www.tangoomedia.com/services_privacypolicy
[2026-03-06T07:03:44.159Z]   UNCATEGORIZED: https://www.tappx.com/en/privacy-policy
[2026-03-06T07:03:44.159Z]   UNCATEGORIZED: https://www.taptapdigital.com/privacy-policy
[2026-03-06T07:03:44.159Z]   UNCATEGORIZED: https://www.targetbetter.com/privacypolicy
[2026-03-06T07:03:44.159Z]   UNCATEGORIZED: https://www.targetspot.com/privacy-policy-2
[2026-03-06T07:03:44.160Z]   UNCATEGORIZED: https://www.teal.works/privacy
[2026-03-06T07:03:44.160Z]   UNCATEGORIZED: https://www.tec-do.com/en/static/home/Tec-Do%20Privacy%20Policy_24075.pdf
[2026-03-06T07:03:44.160Z]   UNCATEGORIZED: https://www.telecoming.com/privacy-policy
[2026-03-06T07:03:44.160Z]   UNCATEGORIZED: https://www.theadx.com/en/privacy
[2026-03-06T07:03:44.160Z]   UNCATEGORIZED: https://www.thebrave.io/privacy-policy
[2026-03-06T07:03:44.160Z]   UNCATEGORIZED: https://www.thenewco.it/privacy_policy_servizi_prodotti.html
[2026-03-06T07:03:44.160Z]   UNCATEGORIZED: https://www.thetradedesk.com/us/privacy
[2026-03-06T07:03:44.160Z]   UNCATEGORIZED: https://www.thumbad.com/device-storage-disclosure
[2026-03-06T07:03:44.160Z]   UNCATEGORIZED: https://www.thumbad.com/privacy-policy
[2026-03-06T07:03:44.160Z]   UNCATEGORIZED: https://www.titanos.tv/ads-privacy-policy
[2026-03-06T07:03:44.160Z]   UNCATEGORIZED: https://www.tl1mkt.com/privacy.html
[2026-03-06T07:03:44.161Z]   UNCATEGORIZED: https://www.toponad.net/en/privacy-policy
[2026-03-06T07:03:44.161Z]   UNCATEGORIZED: https://www.tradplusad.com/en
[2026-03-06T07:03:44.161Z]   UNCATEGORIZED: https://www.tradplusad.com/en/privacy-policy
[2026-03-06T07:03:44.161Z]   UNCATEGORIZED: https://www.trinityaudio.ai/privacy-policy
[2026-03-06T07:03:44.161Z]   UNCATEGORIZED: https://www.tritondigital.com/privacy-policies
[2026-03-06T07:03:44.161Z]   UNCATEGORIZED: https://www.truedata.co/privacy-policy
[2026-03-06T07:03:44.161Z]   UNCATEGORIZED: https://www.trustarc.com/privacy-policy
[2026-03-06T07:03:44.161Z]   UNCATEGORIZED: https://www.twist.win/privacy
[2026-03-06T07:03:44.161Z]   UNCATEGORIZED: https://www.twist.win/terms
[2026-03-06T07:03:44.161Z]   UNCATEGORIZED: https://www.ucfunnel.com/privacy-policy
[2026-03-06T07:03:44.161Z]   UNCATEGORIZED: https://www.ultimedia.com/default/presentation/cgu
[2026-03-06T07:03:44.162Z]   UNCATEGORIZED: https://www.ultimedia.com/default/presentation/politiqueconfidentialite
[2026-03-06T07:03:44.162Z]   UNCATEGORIZED: https://www.undertone.com/privacy-center
[2026-03-06T07:03:44.162Z]   UNCATEGORIZED: https://www.unicredit.it/it/info/privacy.html
[2026-03-06T07:03:44.162Z]   UNCATEGORIZED: https://www.united-internet-media.de/de/datenschutzhinweis
[2026-03-06T07:03:44.162Z]   UNCATEGORIZED: https://www.usemax.de/?l=privacy
[2026-03-06T07:03:44.162Z]   UNCATEGORIZED: https://www.valiuz.com/politique-de-confidentialite-2
[2026-03-06T07:03:44.162Z]   UNCATEGORIZED: https://www.venatus.com/privacy
[2026-03-06T07:03:44.162Z]   UNCATEGORIZED: https://www.venatus.com/privacy-choices
[2026-03-06T07:03:44.162Z]   UNCATEGORIZED: https://www.viantinc.com/privacy-center
[2026-03-06T07:03:44.162Z]   UNCATEGORIZED: https://www.videobot.com/privacy-policy
[2026-03-06T07:03:44.162Z]   UNCATEGORIZED: https://www.vistarmedia.com/privacy
[2026-03-06T07:03:44.163Z]   UNCATEGORIZED: https://www.vitrado.de/datenschutz
[2026-03-06T07:03:44.163Z]   UNCATEGORIZED: https://www.vlyby.com/product-privacy
[2026-03-06T07:03:44.163Z]   UNCATEGORIZED: https://www.vodafone.de/unternehmen/datenschutz-privatsphaere.html
[2026-03-06T07:03:44.163Z]   UNCATEGORIZED: https://www.voisetech.com/wp-content/uploads/2025/09/Privacy-Policy-1.pdf
[2026-03-06T07:03:44.163Z]   UNCATEGORIZED: https://www.vondos.de/datenschutz
[2026-03-06T07:03:44.163Z]   UNCATEGORIZED: https://www.wayfair.com/customerservice/general_info.php#privacy
[2026-03-06T07:03:44.163Z]   UNCATEGORIZED: https://www.weareilluma.com/end-user-policy
[2026-03-06T07:03:44.163Z]   UNCATEGORIZED: https://www.wearemiq.com/privacy-and-compliance
[2026-03-06T07:03:44.163Z]   UNCATEGORIZED: https://www.wearevyde.com/privacy
[2026-03-06T07:03:44.163Z]   UNCATEGORIZED: https://www.wearevyde.com/privacy#legitimate-interest
[2026-03-06T07:03:44.163Z]   UNCATEGORIZED: https://www.webgains.com/public/en/privacy-2
[2026-03-06T07:03:44.164Z]   UNCATEGORIZED: https://www.wetter.com/internal/news/datenschutzhinweise_aid_607698849b8ecf79e21584fa.html
[2026-03-06T07:03:44.164Z]   UNCATEGORIZED: https://www.wizaly.com/terms-of-use#privacy-policy
[2026-03-06T07:03:44.164Z]   UNCATEGORIZED: https://www.wppmedia.com/pages/privacy-policy
[2026-03-06T07:03:44.164Z]   UNCATEGORIZED: https://www.wunderkind.co/privacy
[2026-03-06T07:03:44.164Z]   UNCATEGORIZED: https://www.wunderkind.co/privacy/data-request-instructions
[2026-03-06T07:03:44.164Z]   UNCATEGORIZED: https://www.wurl.com/wurl-advertising-services-privacy-notice/#15
[2026-03-06T07:03:44.164Z]   UNCATEGORIZED: https://www.xapads.com/gdpr-policy
[2026-03-06T07:03:44.164Z]   UNCATEGORIZED: https://www.xapads.com/privacy-policy
[2026-03-06T07:03:44.164Z]   UNCATEGORIZED: https://www.xr.global/legal/privacy-policy-for-xr-extreme-reach-ad-serving-and-analytics
[2026-03-06T07:03:44.164Z]   UNCATEGORIZED: https://www.xxxlutz.de/c/privacy
[2026-03-06T07:03:44.164Z]   UNCATEGORIZED: https://www.yieldlove.com/de-de/datenschutz
[2026-03-06T07:03:44.165Z]   UNCATEGORIZED: https://www.yieldmo.com/privacy
[2026-03-06T07:03:44.165Z]   UNCATEGORIZED: https://www.yieldr.com/privacy
[2026-03-06T07:03:44.165Z]   UNCATEGORIZED: https://www.ziffdavis.com/privacy-policy
[2026-03-06T07:03:44.165Z]   UNCATEGORIZED: https://www.ziffdavis.com/privacy-policy#lawful
[2026-03-06T07:03:44.165Z]   UNCATEGORIZED: https://www.zmaticoo.com/zmaticoo/privacies.html
[2026-03-06T07:03:44.165Z]   UNCATEGORIZED: https://www.zuuvi.com/privacy-policy
[2026-03-06T07:03:44.165Z]   UNCATEGORIZED: https://www.zuuvi.com/privacy-policy/legitimate-reasons
[2026-03-06T07:03:44.165Z]   UNCATEGORIZED: https://www2.rampanel.com/privacy-policy
[2026-03-06T07:03:44.165Z]   UNCATEGORIZED: https://xadspoteffects.com/en/privacy-policy
[2026-03-06T07:03:44.166Z]   UNCATEGORIZED: https://xe.works/privacy-policy
[2026-03-06T07:03:44.166Z]   UNCATEGORIZED: https://xpln.ai/privacy
[2026-03-06T07:03:44.166Z]   UNCATEGORIZED: https://xroads.b-cdn.net/Leap4-Privacy_Policy.pdf
[2026-03-06T07:03:44.166Z]   UNCATEGORIZED: https://yieldbird.com/privacy-policy
[2026-03-06T07:03:44.166Z]   UNCATEGORIZED: https://yieldbird.com/transparency-policy
[2026-03-06T07:03:44.166Z]   UNCATEGORIZED: https://yoc.com/privacy
[2026-03-06T07:03:44.166Z]   UNCATEGORIZED: https://youappi.com/privacy-policy
[2026-03-06T07:03:44.166Z]   UNCATEGORIZED: https://zeitagency.com/privacy.html
[2026-03-06T07:03:44.166Z]   UNCATEGORIZED: https://zeotap.com/privacy-policy
[2026-03-06T07:03:44.166Z]   UNCATEGORIZED: https://zeotapdata.net/privacy-policy
[2026-03-06T07:03:44.167Z]   UNCATEGORIZED: https://zetaglobal.com/privacy-policy/?_gl=1*1suh83d*_ga*MTM4MDYyOTA5Mi4xNjg5MTgwODAy*_ga_H1DTS3V7ZB*MTY5MDgzMzcxNi4xLjAuMTY5MDgzMzcxOC41OC4wLjA.
[2026-03-06T07:03:44.167Z]   UNCATEGORIZED: https://zms.zalando.com/#
[2026-03-06T07:03:44.167Z] ── Step 1b: Resolving 2 regex-domain URLs via redirect ──
[2026-03-06T07:03:44.167Z]   SKIP (regex domain, no match): https://www.linkedin.com/legal/privacy-policy
[2026-03-06T07:03:44.167Z]   SKIP (regex domain, no match): https://www.tiktok.com/legal/page/global/tiktok-ad-network-privacy-policy/en
[2026-03-06T07:03:44.167Z] Programmatic result: ws:2, fb:2, li:1 | 1193 uncategorized
[2026-03-06T07:03:44.167Z] Sending uncategorized links + HTML sections to AI for analysis...
[2026-03-06T07:03:44.168Z] Saved AI prompt (11069 chars) to ai_prompt.txt
[2026-03-06T07:05:04.284Z] Saved AI response to ai_response.json
[2026-03-06T07:05:04.285Z] ── Parsing AI response (14 lines) ──
[2026-03-06T07:05:04.285Z]   AI LINK: https://materialszone.com/privacy-policy
[2026-03-06T07:05:04.285Z]   AI LINK: https://materialszone.com/terms-of-service
[2026-03-06T07:05:04.285Z]   AI LINK: https://www.linkedin.com/company/materialszone
[2026-03-06T07:05:04.285Z]   AI LINK: https://twitter.com/MaterialsZone
[2026-03-06T07:05:04.285Z]   AI LINK: https://www.facebook.com/MaterialsZone
[2026-03-06T07:05:04.285Z]   AI LINK: https://www.instagram.com/MaterialsZone
[2026-03-06T07:05:04.285Z]   AI LINK: https://github.com/MaterialsZone
[2026-03-06T07:05:04.285Z]   AI LINK: https://www.youtube.com/@MaterialsZone
[2026-03-06T07:05:04.286Z]   AI LINK: https://play.google.com/store/apps/developer?id=MaterialsZone
[2026-03-06T07:05:04.286Z]   AI LINK: https://apps.apple.com/us/developer/materialszone/id1234567890
[2026-03-06T07:05:04.286Z]   AI LINK: https://materialszone.medium.com/
[2026-03-06T07:05:04.286Z]   AI LINK: https://discord.gg/MaterialsZone
[2026-03-06T07:05:04.286Z]   AI LINK: https://www.producthunt.com/@MaterialsZone
[2026-03-06T07:05:04.286Z]   AI LINK: https://crunchbase.com/organization/materialszone
[2026-03-06T07:05:04.286Z] AI returned 14 valid links
[2026-03-06T07:05:04.286Z] ── Categorizing 14 AI-returned links ──
[2026-03-06T07:05:04.286Z]   AI→URLS: https://materialszone.com/privacy-policy
[2026-03-06T07:05:04.286Z]   AI→URLS: https://materialszone.com/terms-of-service
[2026-03-06T07:05:04.286Z]   AI→REGEX: li <- https://www.linkedin.com/company/materialszone
[2026-03-06T07:05:04.287Z]   AI→REGEX: tw <- https://twitter.com/MaterialsZone
[2026-03-06T07:05:04.287Z]   AI→REGEX: fb <- https://www.facebook.com/MaterialsZone (duplicate, skipped)
[2026-03-06T07:05:04.287Z]   AI→REGEX: ig <- https://www.instagram.com/MaterialsZone
[2026-03-06T07:05:04.287Z]   AI→REGEX: gh <- https://github.com/MaterialsZone
[2026-03-06T07:05:04.287Z]   AI→REGEX: ytp <- https://www.youtube.com/@MaterialsZone
[2026-03-06T07:05:04.287Z]   AI→REGEX: android_dev_id <- MaterialsZone
[2026-03-06T07:05:04.287Z]   AI→URLS: https://apps.apple.com/us/developer/materialszone/id1234567890
[2026-03-06T07:05:04.287Z]   AI→URLS: https://materialszone.medium.com (cleaned from https://materialszone.medium.com/)
[2026-03-06T07:05:04.287Z]   AI→URLS: https://discord.gg/MaterialsZone
[2026-03-06T07:05:04.287Z]   AI→URLS: https://www.producthunt.com/@MaterialsZone
[2026-03-06T07:05:04.288Z]   AI→URLS: https://crunchbase.com/organization/materialszone
[2026-03-06T07:05:04.288Z] ── Step 2b: Footer/header uncategorized links ──
[2026-03-06T07:05:04.288Z] Footer/header origins (0):
[2026-03-06T07:05:04.288Z]   SKIP (not in footer/header): http://adelement.com/privacy-policy.html
[2026-03-06T07:05:04.288Z]   SKIP (not in footer/header): http://bidfuse.com/privacy-policy
[2026-03-06T07:05:04.288Z]   SKIP (not in footer/header): http://corp.aarki.com/privacy
[2026-03-06T07:05:04.288Z]   SKIP (not in footer/header): http://cubed.ai/privacy-policy/gdpr
[2026-03-06T07:05:04.288Z]   SKIP (not in footer/header): http://mktsci.com/privacy_policy.htm
[2026-03-06T07:05:04.288Z]   SKIP (not in footer/header): http://podscribe.com/privacy
[2026-03-06T07:05:04.288Z]   SKIP (not in footer/header): http://ten.media/cookie-policy
[2026-03-06T07:05:04.288Z]   SKIP (not in footer/header): http://ten.media/privacy-policy
[2026-03-06T07:05:04.288Z]   SKIP (not in footer/header): http://theadex.com
[2026-03-06T07:05:04.289Z]   SKIP (not in footer/header): http://viewpay.tv/mentions-legales
[2026-03-06T07:05:04.289Z]   SKIP (not in footer/header): http://www.akamai.com/compliance/privacy
[2026-03-06T07:05:04.289Z]   SKIP (not in footer/header): http://www.dentsu.co.jp/terms/data_policy.html
[2026-03-06T07:05:04.289Z]   SKIP (not in footer/header): http://www.mobitrans.net/privacy-policy
[2026-03-06T07:05:04.289Z]   SKIP (not in footer/header): http://www.sfr.fr/securite-confidentialite.html
[2026-03-06T07:05:04.289Z]   SKIP (not in footer/header): http://www.tradedoubler.com/en/privacy-policy
[2026-03-06T07:05:04.289Z]   SKIP (not in footer/header): https://014on.com/politica-privacidad
[2026-03-06T07:05:04.289Z]   SKIP (not in footer/header): https://152media.com/privacy-policy
[2026-03-06T07:05:04.289Z]   SKIP (not in footer/header): https://3q.video/en/help-center/datenschutzhinweise
[2026-03-06T07:05:04.289Z]   SKIP (not in footer/header): https://6sense.com/privacy-policy
[2026-03-06T07:05:04.289Z]   SKIP (not in footer/header): https://a.twiago.com/privacy.php
[2026-03-06T07:05:04.289Z]   SKIP (not in footer/header): https://aaa.artefact.com/privacy-policy.do
[2026-03-06T07:05:04.290Z]   SKIP (not in footer/header): https://about.ads.microsoft.com/en-us/solutions/xandr/platform-privacy-policy
[2026-03-06T07:05:04.290Z]   SKIP (not in footer/header): https://about.ads.microsoft.com/en-us/solutions/xandr/platform-privacy-policy#p_lt_ctl01_pageplaceholder_p_lt_ctl00_pageplaceholder_p_lt_WebPartZone3_zonePageBody_BingAds_PageContentViewer_PageContentViewerAll_ctl18_ctl00_ColumnsContainer
[2026-03-06T07:05:04.290Z]   SKIP (not in footer/header): https://abtshield.com/privacy-policy
[2026-03-06T07:05:04.290Z]   SKIP (not in footer/header): https://account.squadata.net
[2026-03-06T07:05:04.290Z]   SKIP (not in footer/header): https://account.yougov.com/gb-en/account/privacy-policy
[2026-03-06T07:05:04.290Z]   SKIP (not in footer/header): https://aceex.io/legal/platform-privacy-policy
[2026-03-06T07:05:04.290Z]   SKIP (not in footer/header): https://ad360.media/privacy.html
[2026-03-06T07:05:04.290Z]   SKIP (not in footer/header): https://adagio.io/legal/advertising-services-privacy-policy
[2026-03-06T07:05:04.290Z]   SKIP (not in footer/header): https://adalyser.com/en/terms
[2026-03-06T07:05:04.290Z]   SKIP (not in footer/header): https://adaptmx.com/privacy-policy
[2026-03-06T07:05:04.290Z]   SKIP (not in footer/header): https://adara.com/privacy-promise
[2026-03-06T07:05:04.290Z]   SKIP (not in footer/header): https://adelaidemetrics.com/privacy
[2026-03-06T07:05:04.290Z]   SKIP (not in footer/header): https://adelement.com/privacy-policy.html#legal-basis-processing
[2026-03-06T07:05:04.291Z]   SKIP (not in footer/header): https://aderserve.com/privacy_policy.html
[2026-03-06T07:05:04.291Z]   SKIP (not in footer/header): https://adex.com/privacy
[2026-03-06T07:05:04.291Z]   SKIP (not in footer/header): https://adhese.eu/privacy-policy
[2026-03-06T07:05:04.291Z]   SKIP (not in footer/header): https://adipolo.com/lic-claim-en.html
[2026-03-06T07:05:04.291Z]   SKIP (not in footer/header): https://adipolo.com/privacy-policy.html
[2026-03-06T07:05:04.291Z]   SKIP (not in footer/header): https://adjust-digital.com/privacy
[2026-03-06T07:05:04.291Z]   SKIP (not in footer/header): https://adkernel.com/privacy-policy
[2026-03-06T07:05:04.291Z]   SKIP (not in footer/header): https://admagnetix.io/privacy-policy
[2026-03-06T07:05:04.291Z]   SKIP (not in footer/header): https://admanmedia.com/politica.html
[2026-03-06T07:05:04.291Z]   SKIP (not in footer/header): https://admasters.media/en/privacy
[2026-03-06T07:05:04.291Z]   SKIP (not in footer/header): https://admatic.de/opt-out-of-admatic-ads
[2026-03-06T07:05:04.291Z]   SKIP (not in footer/header): https://admatic.de/privacy-policy
[2026-03-06T07:05:04.291Z]   SKIP (not in footer/header): https://admaxmedia.io/privacy-policy
[2026-03-06T07:05:04.292Z]   SKIP (not in footer/header): https://admixer.com/privacy
[2026-03-06T07:05:04.292Z]   SKIP (not in footer/header): https://adnitix.com/privacy-policy
[2026-03-06T07:05:04.292Z]   SKIP (not in footer/header): https://adnow.com/privacy-policy
[2026-03-06T07:05:04.292Z]   SKIP (not in footer/header): https://adnuntius.com/resources/privacy-policy
[2026-03-06T07:05:04.292Z]   SKIP (not in footer/header): https://adrenalead.com/en/data-protection-policy
[2026-03-06T07:05:04.292Z]   SKIP (not in footer/header): https://adrino.pl/Regulaminy/Polityka_prywatnosci.html
[2026-03-06T07:05:04.292Z]   SKIP (not in footer/header): https://ads.qualitymedianetwork.de/privacy.php
[2026-03-06T07:05:04.292Z]   SKIP (not in footer/header): https://adsafety.net/privacy.html
[2026-03-06T07:05:04.292Z]   SKIP (noise): https://adsby.bidtheatre.com/deviceStorage.json
[2026-03-06T07:05:04.292Z]   SKIP (not in footer/header): https://adserve.zone/adserveprivacypolicy
[2026-03-06T07:05:04.292Z]   SKIP (not in footer/header): https://adserve.zone/adserveprivacypolicy#legitimateinterest
[2026-03-06T07:05:04.292Z]   SKIP (not in footer/header): https://adsinflow.com/privacy.html
[2026-03-06T07:05:04.293Z]   SKIP (not in footer/header): https://adsinteractive.com/privacy-policy
[2026-03-06T07:05:04.293Z]   SKIP (not in footer/header): https://adsocy.com/politica-de-privacidad-y-aviso-legal
[2026-03-06T07:05:04.293Z]   SKIP (not in footer/header): https://adsquare.com/privacy
[2026-03-06T07:05:04.293Z]   SKIP (not in footer/header): https://adssets.com/policy
[2026-03-06T07:05:04.293Z]   SKIP (not in footer/header): https://adswag.nl/privacy-policy
[2026-03-06T07:05:04.293Z]   SKIP (noise): https://adtarget.com.tr/adtarget-privacy-policy-2020.pdf
[2026-03-06T07:05:04.293Z]   SKIP (not in footer/header): https://adtelligent.com/privacy-policy
[2026-03-06T07:05:04.293Z]   SKIP (not in footer/header): https://adtelligent.com/tos
[2026-03-06T07:05:04.293Z]   SKIP (not in footer/header): https://adttribution.com/privacy-policy.php
[2026-03-06T07:05:04.293Z]   SKIP (not in footer/header): https://adventive.com/legal/privacy-policy
[2026-03-06T07:05:04.293Z]   SKIP (not in footer/header): https://adventive.com/legal/privacy-policy/#elementor-toc__heading-anchor-7
[2026-03-06T07:05:04.293Z]   SKIP (not in footer/header): https://adverticum.net/english/privacy-and-data-processing-information
[2026-03-06T07:05:04.293Z]   SKIP (not in footer/header): https://advertising.tech/privacy-policy
[2026-03-06T07:05:04.294Z]   SKIP (not in footer/header): https://advertising.tech/privacy-policy/#legal-basis
[2026-03-06T07:05:04.294Z]   SKIP (not in footer/header): https://adverty.com/privacy-policy
[2026-03-06T07:05:04.294Z]   SKIP (not in footer/header): https://advlion.com/en/WebsitePrivacyAndSecurity.html?hsLang=en
[2026-03-06T07:05:04.294Z]   SKIP (not in footer/header): https://advolution.de/privacy.php
[2026-03-06T07:05:04.294Z]   SKIP (not in footer/header): https://advoxel.com/privacy
[2026-03-06T07:05:04.294Z]   SKIP (not in footer/header): https://adwmg.com/privacy-policy
[2026-03-06T07:05:04.294Z]   SKIP (not in footer/header): https://adxperience.com/privacy-policy
[2026-03-06T07:05:04.294Z]   SKIP (not in footer/header): https://afront.io/legal/privacy-policy
[2026-03-06T07:05:04.294Z]   SKIP (not in footer/header): https://allegro.pl/regulaminy/polityka-plikow-cookies-lDzYv9wn8Tn
[2026-03-06T07:05:04.294Z]   SKIP (not in footer/header): https://alphalyr.fr/en/privacy-policy
[2026-03-06T07:05:04.294Z]   SKIP (not in footer/header): https://alphonso.tv/privacy/smart-tvs/smart-tv-privacy-policy-eu
[2026-03-06T07:05:04.294Z]   SKIP (not in footer/header): https://anyclip.com/privacy-policy
[2026-03-06T07:05:04.294Z]   SKIP (not in footer/header): https://apester.com/privacy-policy
[2026-03-06T07:05:04.295Z]   SKIP (not in footer/header): https://apexflowsdk.com/legitimate-interest.txt
[2026-03-06T07:05:04.295Z]   SKIP (not in footer/header): https://apexflowsdk.com/privacy
[2026-03-06T07:05:04.295Z]   SKIP (not in footer/header): https://api.adftech.com.br/legitimate
[2026-03-06T07:05:04.295Z]   SKIP (not in footer/header): https://api.adftech.com.br/privacy
[2026-03-06T07:05:04.295Z]   SKIP (not in footer/header): https://api.recod3suite.com/privacypolicy.php
[2026-03-06T07:05:04.295Z]   SKIP (not in footer/header): https://app-stock.com/privacy-policy
[2026-03-06T07:05:04.295Z]   SKIP (not in footer/header): https://app.alloyads.ai/privacy-policy
[2026-03-06T07:05:04.295Z]   SKIP (noise): https://app.holid.io/assets/documents/PrivacyPolicyHolid.pdf
[2026-03-06T07:05:04.295Z]   SKIP (not in footer/header): https://app.impact.com/content/displaympserviceagreement.ihtml
[2026-03-06T07:05:04.295Z]   SKIP (not in footer/header): https://app.streameye.com/policy/net
[2026-03-06T07:05:04.295Z]   SKIP (not in footer/header): https://appcelerate.ai/privacy-policy
[2026-03-06T07:05:04.295Z]   SKIP (not in footer/header): https://applies.goldenbees.fr/privacyPolicy/fr
[2026-03-06T07:05:04.296Z]   SKIP (not in footer/header): https://appmonsta.ai/privacy
[2026-03-06T07:05:04.296Z]   SKIP (noise): https://appush.com/wp-content/uploads/2022/06/Platform-Privacy-Policy-Appush.pdf
[2026-03-06T07:05:04.296Z]   SKIP (not in footer/header): https://arago.com/fr/politique-de-confidentialite
[2026-03-06T07:05:04.296Z]   SKIP (not in footer/header): https://archonph.com/privacy-policy
[2026-03-06T07:05:04.296Z]   SKIP (noise): https://arcspire.io/privacy.pdf
[2026-03-06T07:05:04.296Z]   SKIP (not in footer/header): https://armis.tech/en/legal-notices
[2026-03-06T07:05:04.296Z]   SKIP (not in footer/header): https://artsai.com/privacy
[2026-03-06T07:05:04.296Z]   SKIP (not in footer/header): https://asklocala.com/advertising-privacy-policy/?_gl=1*145zs89*_up*MQ..*_ga*MjA4NDgxNDYxOC4xNjk2NTEyNTU5*_ga_VRM83PCHBL*MTY5NjUxMjU1OC4xLjEuMTY5NjUxMjU3NS4wLjAuMA..*_ga_5N7836YC9X*MTY5NjUxMjU1OC4xLjEuMTY5NjUxMjU3NS4wLjAuMA..
[2026-03-06T07:05:04.296Z]   SKIP (noise): https://assets.adagio.io/legal/Adagio_LIAs-combined.pdf
[2026-03-06T07:05:04.296Z]   SKIP (not in footer/header): https://audalaxy.com/en
[2026-03-06T07:05:04.296Z]   SKIP (not in footer/header): https://audalaxy.com/en/privacy-policy
[2026-03-06T07:05:04.296Z]   SKIP (noise): https://audience-solutions.com/privacy-policy-en.pdf
[2026-03-06T07:05:04.296Z]   SKIP (not in footer/header): https://audiencefinder.justtag.com/privacy
[2026-03-06T07:05:04.296Z]   SKIP (not in footer/header): https://audiencenetwork.pl/en/internet-advertising-privacy-policy
[2026-03-06T07:05:04.297Z]   SKIP (not in footer/header): https://audigent.com/platform-privacy-policy
[2026-03-06T07:05:04.297Z]   SKIP (not in footer/header): https://audigent.com/privacy-center
[2026-03-06T07:05:04.297Z]   SKIP (not in footer/header): https://audiostack.ai/legal/privacy-policy
[2026-03-06T07:05:04.297Z]   SKIP (not in footer/header): https://automattic.com/privacy
[2026-03-06T07:05:04.297Z]   SKIP (not in footer/header): https://axis-marketplace.com/policy/privacy-policy
[2026-03-06T07:05:04.297Z]   SKIP (not in footer/header): https://ayads.co/privacy.php
[2026-03-06T07:05:04.297Z]   SKIP (not in footer/header): https://azira.com/fr/politique-de-confidentialite#confidentialite
[2026-03-06T07:05:04.297Z]   SKIP (not in footer/header): https://azira.com/fr/privacy-policy/#services-policy
[2026-03-06T07:05:04.297Z]   SKIP (not in footer/header): https://azira.com/privacy-policy
[2026-03-06T07:05:04.297Z]   SKIP (not in footer/header): https://balloonlabs.ai/privacy
[2026-03-06T07:05:04.297Z]   SKIP (not in footer/header): https://bannernow.com/privacy
[2026-03-06T07:05:04.297Z]   SKIP (noise): https://bealion.com/wp-content/uploads/2024/06/politica_privacidad_2024.pdf
[2026-03-06T07:05:04.297Z]   SKIP (not in footer/header): https://beapup.com/privacy-policy
[2026-03-06T07:05:04.297Z]   SKIP (not in footer/header): https://beatgrid.co/privacy-policy
[2026-03-06T07:05:04.298Z]   SKIP (not in footer/header): https://bedrockplatform.com/privacy-policy
[2026-03-06T07:05:04.298Z]   SKIP (not in footer/header): https://belboon.com/en/privacy
[2026-03-06T07:05:04.298Z]   SKIP (not in footer/header): https://beop.collectiveaudience.co/privacy-policy
[2026-03-06T07:05:04.298Z]   SKIP (not in footer/header): https://bepixel.net.br/interesse-legitimo.html
[2026-03-06T07:05:04.298Z]   SKIP (not in footer/header): https://bepixel.net.br/privacidade.html
[2026-03-06T07:05:04.298Z]   SKIP (not in footer/header): https://bettercollective.com/privacy-policy
[2026-03-06T07:05:04.298Z]   SKIP (not in footer/header): https://bidease.com/lic
[2026-03-06T07:05:04.298Z]   SKIP (not in footer/header): https://bidease.com/privacy-policy
[2026-03-06T07:05:04.298Z]   SKIP (not in footer/header): https://bidmachine.io/privacy-policy
[2026-03-06T07:05:04.298Z]   SKIP (not in footer/header): https://bidmatic.io/privacy-policy
[2026-03-06T07:05:04.298Z]   SKIP (not in footer/header): https://bidmatic.io/tos
[2026-03-06T07:05:04.298Z]   SKIP (not in footer/header): https://bidscube.com/data-processing-addendum
[2026-03-06T07:05:04.298Z]   SKIP (not in footer/header): https://bidscube.com/privacy
[2026-03-06T07:05:04.299Z]   SKIP (not in footer/header): https://blasto.ai/policy/privacy-policy
[2026-03-06T07:05:04.299Z]   SKIP (not in footer/header): https://bliink.io/privacy-policy
[2026-03-06T07:05:04.299Z]   SKIP (not in footer/header): https://blis.com/blis-privacy-policy-for-online-advertising-and-related-uses
[2026-03-06T07:05:04.299Z]   SKIP (not in footer/header): https://blis.com/legitimate-interests-statement
[2026-03-06T07:05:04.299Z]   SKIP (not in footer/header): https://blockthrough.com/privacy-policy
[2026-03-06T07:05:04.299Z]   SKIP (not in footer/header): https://blog.ad360.media/uncategorized/iab-tcf-v2-2-and-legitimate-interest-claim
[2026-03-06T07:05:04.299Z]   SKIP (not in footer/header): https://bluems.com/privacy-policy
[2026-03-06T07:05:04.299Z]   SKIP (not in footer/header): https://bluexad.ai/bluex-gdpr
[2026-03-06T07:05:04.299Z]   SKIP (not in footer/header): https://bluexad.ai/privacy
[2026-03-06T07:05:04.299Z]   SKIP (not in footer/header): https://bold-win.com/privacy-policy
[2026-03-06T07:05:04.299Z]   SKIP (not in footer/header): https://bombora.com/privacy
[2026-03-06T07:05:04.299Z]   SKIP (not in footer/header): https://bottalk.io/privacy
[2026-03-06T07:05:04.299Z]   SKIP (not in footer/header): https://bridgeupp.com/PrivacyPolicy.html
[2026-03-06T07:05:04.299Z]   SKIP (not in footer/header): https://broadlab.tv/legitimate-interest-disclosure
[2026-03-06T07:05:04.300Z]   SKIP (not in footer/header): https://broadlab.tv/privacy-policy
[2026-03-06T07:05:04.300Z]   SKIP (not in footer/header): https://browsi.com/privacy-policy-2
[2026-03-06T07:05:04.300Z]   SKIP (not in footer/header): https://business.safety.google/privacy
[2026-03-06T07:05:04.300Z]   SKIP (not in footer/header): https://cablato.com/privacy-policy
[2026-03-06T07:05:04.300Z]   SKIP (not in footer/header): https://cafemedia.com/publisher-advertising-privacy-policy
[2026-03-06T07:05:04.300Z]   SKIP (not in footer/header): https://capaneo.de/datenschutz
[2026-03-06T07:05:04.300Z]   SKIP (not in footer/header): https://carbonatix.com/privacy-policy
[2026-03-06T07:05:04.300Z]   SKIP (not in footer/header): https://carbonatix.com/terms-of-service
[2026-03-06T07:05:04.300Z]   SKIP (not in footer/header): https://cas.ai/privacy-policy-3
[2026-03-06T07:05:04.300Z]   SKIP (noise): https://castoola.com/wp-content/uploads/2022/01/castoola_pp_06.01.2022.pdf
[2026-03-06T07:05:04.300Z]   SKIP (not in footer/header): https://cdn-media.brightline.tv/sdk/tcf/privacy_policy.html
[2026-03-06T07:05:04.300Z]   SKIP (noise): https://cdn.bidtheatre.com/LIA_ferq.pdf
[2026-03-06T07:05:04.300Z]   SKIP (noise): https://cdn.hubvisor.io/assets/policy.pdf
[2026-03-06T07:05:04.300Z]   SKIP (noise): https://cdn.streamwise.it/streamwise/EN-Privacy-e-Cookie-policy-Streamwise-services.pdf
[2026-03-06T07:05:04.301Z]   SKIP (noise): https://cdn.thenewsroom.io/docs/cookies.pdf
[2026-03-06T07:05:04.301Z]   SKIP (not in footer/header): https://chalice.ai/privacy
[2026-03-06T07:05:04.301Z]   SKIP (not in footer/header): https://cheq.ai/privacy-policy
[2026-03-06T07:05:04.301Z]   SKIP (not in footer/header): https://claritas.com/privacy-legal
[2026-03-06T07:05:04.301Z]   SKIP (not in footer/header): https://cleartrust.cc/privacy
[2026-03-06T07:05:04.301Z]   SKIP (not in footer/header): https://cleveradvertising.com/privacy
[2026-03-06T07:05:04.301Z]   SKIP (not in footer/header): https://cleverpush.com/en/privacy
[2026-03-06T07:05:04.301Z]   SKIP (not in footer/header): https://clinch.co/privacy-policy
[2026-03-06T07:05:04.301Z]   SKIP (not in footer/header): https://clipcentric.com/privacy.bhtml
[2026-03-06T07:05:04.301Z]   SKIP (not in footer/header): https://clipcentric.com/privacy.bhtml#adViewersProcessingGrounds
[2026-03-06T07:05:04.301Z]   SKIP (not in footer/header): https://clipcentric.de/datenschutzerklaerung
[2026-03-06T07:05:04.301Z]   SKIP (not in footer/header): https://cloud4wi.ai/cloud4wi-privacy-policy-for-individuals
[2026-03-06T07:05:04.301Z]   SKIP (not in footer/header): https://cluep.com/privacy/notice
[2026-03-06T07:05:04.301Z]   SKIP (not in footer/header): https://codevelop.io/en/privacy
[2026-03-06T07:05:04.302Z]   SKIP (not in footer/header): https://collection.schober.de
[2026-03-06T07:05:04.302Z]   SKIP (noise): https://collector.brandmetrics.com/brandmetrics_privacypolicy.pdf
[2026-03-06T07:05:04.302Z]   SKIP (not in footer/header): https://community.marfeel.com/t/legitimate-interest-assessment-on-tcf-string/64405
[2026-03-06T07:05:04.302Z]   SKIP (not in footer/header): https://community.marfeel.com/t/marfeel-saas-privacy-policy/7500
[2026-03-06T07:05:04.302Z]   SKIP (not in footer/header): https://comparisons.org/privacy.php
[2026-03-06T07:05:04.302Z]   SKIP (not in footer/header): https://connatix.com/privacy-policy
[2026-03-06T07:05:04.302Z]   SKIP (not in footer/header): https://connectad.io/privacy
[2026-03-06T07:05:04.302Z]   SKIP (not in footer/header): https://connectivityassistant.com/privacy
[2026-03-06T07:05:04.302Z]   SKIP (not in footer/header): https://connekt.ai/privacy-policy
[2026-03-06T07:05:04.302Z]   SKIP (not in footer/header): https://console.gamesight.io/privacy-policy
[2026-03-06T07:05:04.302Z]   SKIP (not in footer/header): https://consumable.com/privacy-policy
[2026-03-06T07:05:04.302Z]   SKIP (not in footer/header): https://contactimpact.de/privacy
[2026-03-06T07:05:04.302Z]   SKIP (not in footer/header): https://contactimpact.de/privacy.html#section-3
[2026-03-06T07:05:04.303Z]   SKIP (not in footer/header): https://converge-digital.com/privacy-policy
[2026-03-06T07:05:04.303Z]   SKIP (not in footer/header): https://corp.aarki.com/privacy
[2026-03-06T07:05:04.303Z]   SKIP (not in footer/header): https://corporate.sparteo.com/privacy-policy
[2026-03-06T07:05:04.303Z]   SKIP (not in footer/header): https://covatic.com/privacy-policy
[2026-03-06T07:05:04.303Z]   SKIP (not in footer/header): https://cp.tonefuse.com/privacy-policy
[2026-03-06T07:05:04.303Z]   SKIP (not in footer/header): https://crackle.tech/privacy
[2026-03-06T07:05:04.303Z]   SKIP (not in footer/header): https://createjs.com/legal/privacy.html
[2026-03-06T07:05:04.303Z]   SKIP (not in footer/header): https://creatives.magma-ads.com/aftf/privacy-policy
[2026-03-06T07:05:04.303Z]   SKIP (not in footer/header): https://creatives.no/personvern
[2026-03-06T07:05:04.303Z]   SKIP (not in footer/header): https://dahq.io/privacy-policy
[2026-03-06T07:05:04.303Z]   SKIP (not in footer/header): https://danoler.com/danoler-privacy-policy
[2026-03-06T07:05:04.303Z]   SKIP (not in footer/header): https://datadome.co/privacy-policy
[2026-03-06T07:05:04.303Z]   SKIP (not in footer/header): https://datadome.co/privacy-policy/#claims
[2026-03-06T07:05:04.304Z]   SKIP (not in footer/header): https://datamoire.com/privacy-policy.html
[2026-03-06T07:05:04.304Z]   SKIP (not in footer/header): https://dataseat.com/privacy-policy
[2026-03-06T07:05:04.304Z]   SKIP (not in footer/header): https://dataservices.bertelsmann.de/privacystatement
[2026-03-06T07:05:04.304Z]   SKIP (not in footer/header): https://dataxtrade.com/de/privacy.html
[2026-03-06T07:05:04.304Z]   SKIP (not in footer/header): https://de.f11-ads.com/privacy.php
[2026-03-06T07:05:04.304Z]   SKIP (not in footer/header): https://decentriq.com/legal/privacy-policy
[2026-03-06T07:05:04.304Z]   SKIP (not in footer/header): https://definemedia.de/de/datenschutz-conative
[2026-03-06T07:05:04.304Z]   SKIP (not in footer/header): https://delivered-by-madington.com/dat-privacy-policy/index.html
[2026-03-06T07:05:04.304Z]   SKIP (not in footer/header): https://deltaprojects.com/data-collection-policy
[2026-03-06T07:05:04.304Z]   SKIP (not in footer/header): https://demandscience.com/privacy-policy
[2026-03-06T07:05:04.304Z]   SKIP (not in footer/header): https://developers.bluestack.app/privacy-policy
[2026-03-06T07:05:04.304Z]   SKIP (not in footer/header): https://developers.kameleoon.com/privacy-and-compliance/data-collection-client-side#data-stored-for-all-visitors
[2026-03-06T07:05:04.305Z]   SKIP (not in footer/header): https://digitalaudience.io/legal
[2026-03-06T07:05:04.305Z]   SKIP (not in footer/header): https://digitalmatter.ai/en/privacy-policy
[2026-03-06T07:05:04.305Z]   SKIP (not in footer/header): https://doceree.com/provider/uk-privacy-policy
[2026-03-06T07:05:04.305Z]   SKIP (not in footer/header): https://docs.google.com/document/d/1-KCPkySw3Lum1Tco8WmyEMr5F9sQV9nQ/edit
[2026-03-06T07:05:04.305Z]   SKIP (not in footer/header): https://docs.google.com/document/d/e/2PACX-1vQ2Hz0ETjEy-3B1KAdhFlh8weUp_SrzQ894uiA495OzEx3_zrQdmBijvP_F2UQM0i_NjPAX-b7gZirv/pub
[2026-03-06T07:05:04.305Z]   SKIP (not in footer/header): https://docs.google.com/spreadsheets/d/1HMrCpWucCJOoWtqRi9AD1W_ylyxPuWInECUzuCg4-UI/edit#gid=0
[2026-03-06T07:05:04.305Z]   SKIP (not in footer/header): https://doubleverify.com/privacy-notice?tab=solutions-privacy-notice#solutions-privacy-notice
[2026-03-06T07:05:04.305Z]   SKIP (not in footer/header): https://drive.google.com/drive/u/0/folders/1jU_ut0JtuRoj_a2NhCeEW1EMcI0WS6bu
[2026-03-06T07:05:04.305Z]   SKIP (not in footer/header): https://dstillery.com/privacy-policy
[2026-03-06T07:05:04.305Z]   SKIP (not in footer/header): https://dynamic-tracking.com/Datenschutz.aspx
[2026-03-06T07:05:04.305Z]   SKIP (not in footer/header): https://dynamic-tracking.com/Modules/Common/Kontakt.aspx
[2026-03-06T07:05:04.305Z]   SKIP (not in footer/header): https://e-volution.ai/privacypolicy
[2026-03-06T07:05:04.305Z]   SKIP (not in footer/header): https://edge226.com/privacy-policy
[2026-03-06T07:05:04.306Z]   SKIP (not in footer/header): https://eliteappgrade.com/privacy-policy
[2026-03-06T07:05:04.306Z]   SKIP (not in footer/header): https://emarketingsolutions.es/privacy-policy/?lang=en
[2026-03-06T07:05:04.306Z]   SKIP (not in footer/header): https://emodo.com/privacy-policy
[2026-03-06T07:05:04.306Z]   SKIP (noise): https://en.betweenx.com/pdata.pdf
[2026-03-06T07:05:04.306Z]   SKIP (not in footer/header): https://epom.com/privacy-policy
[2026-03-06T07:05:04.306Z]   SKIP (not in footer/header): https://epsilon.com.pt/politicas-de-privacidade
[2026-03-06T07:05:04.306Z]   SKIP (not in footer/header): https://equativ.com/privacy-policy
[2026-03-06T07:05:04.306Z]   SKIP (not in footer/header): https://eris.id/politica-de-privacidad
[2026-03-06T07:05:04.306Z]   SKIP (not in footer/header): https://escalax.io/legal/privacy-policy
[2026-03-06T07:05:04.306Z]   SKIP (not in footer/header): https://event.kindred.co/privacy-policy
[2026-03-06T07:05:04.306Z]   SKIP (not in footer/header): https://evorra.com/product-privacy-policy
[2026-03-06T07:05:04.307Z]   SKIP (not in footer/header): https://ex.co/privacy-policy
[2026-03-06T07:05:04.307Z]   SKIP (not in footer/header): https://exactag.com/privacy-policy
[2026-03-06T07:05:04.307Z]   SKIP (noise): https://fastad.pro/assets/docx/Legitimate_Interest_Statement_Fastad.docx
[2026-03-06T07:05:04.307Z]   SKIP (noise): https://fastad.pro/assets/docx/Privacy_Policy.docx
[2026-03-06T07:05:04.307Z]   SKIP (not in footer/header): https://feedad.com/privacy
[2026-03-06T07:05:04.307Z]   SKIP (not in footer/header): https://feedad.com/privacy/#legal-basis
[2026-03-06T07:05:04.307Z]   SKIP (not in footer/header): https://fifty.io/privacy-policy
[2026-03-06T07:05:04.307Z]   SKIP (not in footer/header): https://firework.com/legal/privacypolicy
[2026-03-06T07:05:04.307Z]   SKIP (not in footer/header): https://fouanalytics.com/privacy
[2026-03-06T07:05:04.307Z]   SKIP (not in footer/header): https://foundryco.com/privacy-policy
[2026-03-06T07:05:04.307Z]   SKIP (not in footer/header): https://fr.notify-group.com/mentions-legales
[2026-03-06T07:05:04.307Z]   SKIP (not in footer/header): https://fr.notify-group.com/rgpd
[2026-03-06T07:05:04.307Z]   SKIP (not in footer/header): https://freestar.com/privacy-policy
[2026-03-06T07:05:04.307Z]   SKIP (not in footer/header): https://frvr.com/legal#PrivacyPolicy
[2026-03-06T07:05:04.308Z]   SKIP (not in footer/header): https://funkedigital.de/datenschutzerklaerung
[2026-03-06T07:05:04.308Z]   SKIP (not in footer/header): https://gameanalytics.com/trust/privacy/privacy-notice
[2026-03-06T07:05:04.308Z]   SKIP (noise): https://gdpr.m6tech.net/politique-confidentialite-partenaires-groupeM6.pdf
[2026-03-06T07:05:04.308Z]   SKIP (not in footer/header): https://geistm.com/legal/privacy
[2026-03-06T07:05:04.308Z]   SKIP (not in footer/header): https://get.mirando.de/download/gdpr.php
[2026-03-06T07:05:04.308Z]   SKIP (not in footer/header): https://getmediamx.com/privacy-policy
[2026-03-06T07:05:04.308Z]   SKIP (not in footer/header): https://getpublica.com/privacy
[2026-03-06T07:05:04.308Z]   SKIP (not in footer/header): https://global.com/legal/privacy-policy
[2026-03-06T07:05:04.308Z]   SKIP (not in footer/header): https://go.pl/polityka-prywatnosci
[2026-03-06T07:05:04.308Z]   SKIP (noise): https://go.rakutenadvertising.com/hubfs/Services-Privacy-Policy-English.pdf
[2026-03-06T07:05:04.308Z]   SKIP (not in footer/header): https://goldbach.com/ch/en/privacy-policy/goldbach-group
[2026-03-06T07:05:04.308Z]   SKIP (not in footer/header): https://good-loop.com/privacy-policy
[2026-03-06T07:05:04.308Z]   SKIP (noise): https://growone.sg/static/GDPRPrivacyAddendum.pdf
[2026-03-06T07:05:04.309Z]   SKIP (noise): https://growone.sg/static/PrivacyPolicy.pdf
[2026-03-06T07:05:04.309Z]   SKIP (not in footer/header): https://gumgum.com/terms-and-policies/justpremium-privacy-policy
[2026-03-06T07:05:04.309Z]   SKIP (not in footer/header): https://gumgum.com/terms-and-policies/privacy-policy
[2026-03-06T07:05:04.309Z]   SKIP (not in footer/header): https://h5hosting.dbankcdn.com/cch5/PPS/ads/interests/legitimate_interests.htm
[2026-03-06T07:05:04.309Z]   SKIP (not in footer/header): https://happydemics.com/en/terms_and_conditions
[2026-03-06T07:05:04.309Z]   SKIP (not in footer/header): https://hashtag-labs.com/privacy-policy.html
[2026-03-06T07:05:04.309Z]   SKIP (not in footer/header): https://hawk-tech.io/privacy-policy
[2026-03-06T07:05:04.309Z]   SKIP (not in footer/header): https://haxelo.com/legal/privacy-policy
[2026-03-06T07:05:04.309Z]   SKIP (not in footer/header): https://heimspiel.de/legal/privacy-policy-iab-vendor
[2026-03-06T07:05:04.309Z]   SKIP (not in footer/header): https://help.adspirit.de/privacy.php?lang=1
[2026-03-06T07:05:04.309Z]   SKIP (not in footer/header): https://help.disqus.com/en/articles/1717103-disqus-privacy-policy
[2026-03-06T07:05:04.309Z]   SKIP (not in footer/header): https://help.netflix.com/legal/privacy
[2026-03-06T07:05:04.309Z]   SKIP (not in footer/header): https://help.sensic.net/privacypolicy_en.html
[2026-03-06T07:05:04.309Z]   SKIP (not in footer/header): https://highvibes.media/datenschutz
[2026-03-06T07:05:04.310Z]   SKIP (not in footer/header): https://highvibes.media/datenschutz/#legitimate-interest
[2026-03-06T07:05:04.310Z]   SKIP (not in footer/header): https://hivestack.com/privacy-policy
[2026-03-06T07:05:04.310Z]   SKIP (not in footer/header): https://hopprtv.com/legitimateinterests
[2026-03-06T07:05:04.310Z]   SKIP (not in footer/header): https://hopprtv.com/privacy-policy
[2026-03-06T07:05:04.310Z]   SKIP (not in footer/header): https://hybrid.ai/data_protection_policy
[2026-03-06T07:05:04.310Z]   SKIP (not in footer/header): https://hybridtheory.com/privacy-notice
[2026-03-06T07:05:04.310Z]   SKIP (not in footer/header): https://hyscore.io/data-privacy
[2026-03-06T07:05:04.310Z]   SKIP (noise): https://iabdisclosure.terminusplatform.com/Demand_Science_US_LLC_LIA_v3_Jan_2025.pdf
[2026-03-06T07:05:04.310Z]   SKIP (not in footer/header): https://id-x.co.il/WebsitePrivacyNotice
[2026-03-06T07:05:04.310Z]   SKIP (not in footer/header): https://id5.io/platform-privacy-policy
[2026-03-06T07:05:04.310Z]   SKIP (not in footer/header): https://id5.io/privacy
[2026-03-06T07:05:04.310Z]   SKIP (not in footer/header): https://imirsive.com/legitimate-interest-claim
[2026-03-06T07:05:04.310Z]   SKIP (not in footer/header): https://imirsive.com/privacy-policy
[2026-03-06T07:05:04.311Z]   SKIP (not in footer/header): https://impactify.io/privacy-policy
[2026-03-06T07:05:04.311Z]   SKIP (not in footer/header): https://impactify.io/privacy-policy/#legal-basis-and-purposes-for-processing
[2026-03-06T07:05:04.311Z]   SKIP (not in footer/header): https://insights.appsamurai.com/offerwall-privacy-policy
[2026-03-06T07:05:04.311Z]   SKIP (not in footer/header): https://instytut-pollster.pl/privacy-policy/index.html#en
[2026-03-06T07:05:04.311Z]   SKIP (not in footer/header): https://integralads.com/ias-privacy-data-management/policies
[2026-03-06T07:05:04.311Z]   SKIP (not in footer/header): https://integralstream.com/legal/privacy-policy
[2026-03-06T07:05:04.311Z]   SKIP (not in footer/header): https://intenze.co/legal/privacy-policy
[2026-03-06T07:05:04.311Z]   SKIP (not in footer/header): https://interactiveperformance.de/kontakt/datenschutz
[2026-03-06T07:05:04.311Z]   SKIP (not in footer/header): https://iprom.eu/privacy_policy/GDPR
[2026-03-06T07:05:04.311Z]   SKIP (not in footer/header): https://iqm.com/privacy-policy
[2026-03-06T07:05:04.311Z]   SKIP (not in footer/header): https://iris.ipsos.com/site-centric-privacy
[2026-03-06T07:05:04.311Z]   SKIP (not in footer/header): https://iris.ipsos.com/site-centric-privacy/#legitimateInterests
[2026-03-06T07:05:04.312Z]   SKIP (not in footer/header): https://ividence.com/politique-de-confidentialite
[2026-03-06T07:05:04.312Z]   SKIP (not in footer/header): https://jakala.es/politica-privacidad
[2026-03-06T07:05:04.312Z]   SKIP (not in footer/header): https://jivox.com/privacy
[2026-03-06T07:05:04.312Z]   SKIP (not in footer/header): https://jungroup.com/legitimate-interest
[2026-03-06T07:05:04.312Z]   SKIP (not in footer/header): https://jungroup.com/privacy-policy
[2026-03-06T07:05:04.312Z]   SKIP (not in footer/header): https://justtag.com/polityka-prywatnosci
[2026-03-06T07:05:04.312Z]   SKIP (not in footer/header): https://jwplayer.com/legal/privacy
[2026-03-06T07:05:04.312Z]   SKIP (not in footer/header): https://kairosfire.com/privacy-policy
[2026-03-06T07:05:04.312Z]   SKIP (not in footer/header): https://kairosfire.com/term-of-use
[2026-03-06T07:05:04.312Z]   SKIP (not in footer/header): https://kargo.com/privacy
[2026-03-06T07:05:04.312Z]   SKIP (not in footer/header): https://kayzen.io/privacy-notice-product
[2026-03-06T07:05:04.312Z]   SKIP (not in footer/header): https://kerv.ai/privacy-policy
[2026-03-06T07:05:04.312Z]   SKIP (not in footer/header): https://kidoz.net/privacy-policies
[2026-03-06T07:05:04.313Z]   SKIP (not in footer/header): https://kidoz.net/privacy-policies#legitimate-interest-claim
[2026-03-06T07:05:04.313Z]   SKIP (not in footer/header): https://kiosked.com/privacy-policy
[2026-03-06T07:05:04.313Z]   SKIP (not in footer/header): https://kobler.no/privacy-policy
[2026-03-06T07:05:04.313Z]   SKIP (not in footer/header): https://koenigsteiner.digital/en/datenschutz
[2026-03-06T07:05:04.313Z]   SKIP (not in footer/header): https://konodrac.com/privacy-policy
[2026-03-06T07:05:04.313Z]   SKIP (not in footer/header): https://kontext.so/privacy#legitimate-interest-claim
[2026-03-06T07:05:04.313Z]   SKIP (not in footer/header): https://krushmedia.com/privacy-policy
[2026-03-06T07:05:04.313Z]   SKIP (not in footer/header): https://kuantyx.com/privacy-policy
[2026-03-06T07:05:04.313Z]   SKIP (not in footer/header): https://leadoo.com/privacy-policy
[2026-03-06T07:05:04.313Z]   SKIP (not in footer/header): https://legal.adjoe.zone/wave/adjoe-data-privacy-latest.html
[2026-03-06T07:05:04.313Z]   SKIP (not in footer/header): https://legal.adpone.com/privacy-policy
[2026-03-06T07:05:04.313Z]   SKIP (not in footer/header): https://legal.clickio.com/PrivacyPolicyAdvertising
[2026-03-06T07:05:04.313Z]   SKIP (not in footer/header): https://legal.dailymotion.com/en/legitimate-interest
[2026-03-06T07:05:04.314Z]   SKIP (not in footer/header): https://legal.dailymotion.com/en/privacy-policy
[2026-03-06T07:05:04.314Z]   SKIP (not in footer/header): https://legal.hubspot.com/privacy-policy
[2026-03-06T07:05:04.314Z]   SKIP (not in footer/header): https://legal.loopme.com/privacy-center#contract-hyartvn1o
[2026-03-06T07:05:04.314Z]   SKIP (not in footer/header): https://legal.opera.com
[2026-03-06T07:05:04.314Z]   SKIP (not in footer/header): https://legal.overwolf.com/docs/overwolf/platform/platform-privacy-policy
[2026-03-06T07:05:04.314Z]   SKIP (not in footer/header): https://legal.poweredbybranch.com/#disco-privacypolicy
[2026-03-06T07:05:04.314Z]   SKIP (not in footer/header): https://legal.richaudience.com/privacy-policy
[2026-03-06T07:05:04.314Z]   SKIP (not in footer/header): https://legal.sunmedia.tv/privacy-policy
[2026-03-06T07:05:04.314Z]   SKIP (not in footer/header): https://legal.trendstream.net/non-panellist_privacy_policy
[2026-03-06T07:05:04.314Z]   SKIP (not in footer/header): https://legal.yahoo.com/emea/en/yahoo/privacy/index.html
[2026-03-06T07:05:04.314Z]   SKIP (not in footer/header): https://legal.yahoo.com/emea/en/yahoo/privacy/index.html#section3b
[2026-03-06T07:05:04.314Z]   SKIP (not in footer/header): https://legal.yahoo.com/ie/en/yahoo/privacy/index.html
[2026-03-06T07:05:04.314Z]   SKIP (not in footer/header): https://legal.yahoo.com/ie/en/yahoo/privacy/index.html#6-c
[2026-03-06T07:05:04.314Z]   SKIP (not in footer/header): https://lemmamedia.com/privacy-policy
[2026-03-06T07:05:04.315Z]   SKIP (not in footer/header): https://lifestreet.com/privacy
[2026-03-06T07:05:04.315Z]   SKIP (not in footer/header): https://liftoff.ai/privacy-policy
[2026-03-06T07:05:04.315Z]   SKIP (not in footer/header): https://liftoff.io/privacy-policy
[2026-03-06T07:05:04.315Z]   SKIP (not in footer/header): https://lightad.com/lia
[2026-03-06T07:05:04.315Z]   SKIP (not in footer/header): https://lightad.com/privacy-policy
[2026-03-06T07:05:04.315Z]   SKIP (not in footer/header): https://listonic.com/privacy
[2026-03-06T07:05:04.315Z]   SKIP (not in footer/header): https://liveintent.com/services-privacy-policy
[2026-03-06T07:05:04.315Z]   SKIP (not in footer/header): https://liveramp.fr/iab-transparency-consent-framework
[2026-03-06T07:05:04.315Z]   SKIP (not in footer/header): https://liveramp.uk/privacy/service-privacy-policy
[2026-03-06T07:05:04.315Z]   SKIP (not in footer/header): https://livewrapped.com/privacy-policy
[2026-03-06T07:05:04.315Z]   SKIP (not in footer/header): https://logan.ai
[2026-03-06T07:05:04.315Z]   SKIP (not in footer/header): https://login.rtbmarket.com/gdpr
[2026-03-06T07:05:04.315Z]   SKIP (not in footer/header): https://lowlaglabs.com/privacy-policy
[2026-03-06T07:05:04.316Z]   SKIP (not in footer/header): https://luc.id/privacy-policy
[2026-03-06T07:05:04.316Z]   SKIP (not in footer/header): https://lumen-research.com/privacy
[2026-03-06T07:05:04.316Z]   SKIP (not in footer/header): https://lunamedia.io/privacy-policy
[2026-03-06T07:05:04.316Z]   SKIP (not in footer/header): https://luponmedia.com/privacy-policy
[2026-03-06T07:05:04.316Z]   SKIP (not in footer/header): https://m32connect.com/privacy-consent-management/privacy-cookie-policy
[2026-03-06T07:05:04.316Z]   SKIP (not in footer/header): https://magellan.ai/privacy
[2026-03-06T07:05:04.316Z]   SKIP (not in footer/header): https://markappmedia.site/privacy-policy
[2026-03-06T07:05:04.316Z]   SKIP (not in footer/header): https://mars.media/privacy-policy
[2026-03-06T07:05:04.316Z]   SKIP (not in footer/header): https://maxetise.net/privacy-policy.html
[2026-03-06T07:05:04.316Z]   SKIP (not in footer/header): https://media16.tv/privacy-policy
[2026-03-06T07:05:04.316Z]   SKIP (not in footer/header): https://mediaintelligence.de/privacy-policyeng.do
[2026-03-06T07:05:04.316Z]   SKIP (not in footer/header): https://mediasmart.io/privacy
[2026-03-06T07:05:04.316Z]   SKIP (not in footer/header): https://mediatrust.com/privacy-policy-2
[2026-03-06T07:05:04.317Z]   SKIP (not in footer/header): https://mediaverse.ai/privacy-policy
[2026-03-06T07:05:04.317Z]   SKIP (not in footer/header): https://memob.com/privacy-policy
[2026-03-06T07:05:04.317Z]   SKIP (not in footer/header): https://metaxsoft.com/privacy-policy
[2026-03-06T07:05:04.317Z]   SKIP (not in footer/header): https://mile.tech/legitimate-interest-assessment
[2026-03-06T07:05:04.317Z]   SKIP (not in footer/header): https://mile.tech/privacy-policy
[2026-03-06T07:05:04.317Z]   SKIP (not in footer/header): https://mindearth.ai/privacy
[2026-03-06T07:05:04.317Z]   SKIP (not in footer/header): https://mindlytix.com/html/data_information.html
[2026-03-06T07:05:04.317Z]   SKIP (not in footer/header): https://mindlytix.com/privacy
[2026-03-06T07:05:04.317Z]   SKIP (not in footer/header): https://missena.com/privacy
[2026-03-06T07:05:04.317Z]   SKIP (not in footer/header): https://mobility-ads.de/datenschutz
[2026-03-06T07:05:04.317Z]   SKIP (not in footer/header): https://mobitech.io/privacy.html
[2026-03-06T07:05:04.317Z]   SKIP (noise): https://mobupps.com/pdf/Mobupps_Privacy_policy.pdf
[2026-03-06T07:05:04.317Z]   SKIP (not in footer/header): https://motorik.io/privacy-policy.html
[2026-03-06T07:05:04.317Z]   SKIP (not in footer/header): https://mydatawave.com/privacy.html
[2026-03-06T07:05:04.318Z]   SKIP (not in footer/header): https://mygaru.com/privacy-policy
[2026-03-06T07:05:04.318Z]   SKIP (not in footer/header): https://nadex.ae/privacy-policy
[2026-03-06T07:05:04.318Z]   SKIP (not in footer/header): https://nadex.ae/terms-and-conditions
[2026-03-06T07:05:04.318Z]   SKIP (not in footer/header): https://netzwerk.uppr.de/privacy-policy.do
[2026-03-06T07:05:04.318Z]   SKIP (not in footer/header): https://neural.one/privacy-policy
[2026-03-06T07:05:04.318Z]   SKIP (not in footer/header): https://news.vuukle.com/blog/privacy-notice
[2026-03-06T07:05:04.318Z]   SKIP (not in footer/header): https://nexd.com/privacy-policy
[2026-03-06T07:05:04.318Z]   SKIP (not in footer/header): https://nexinsight.com.ua/privacy-policy
[2026-03-06T07:05:04.318Z]   SKIP (not in footer/header): https://next14.com/media/privacy
[2026-03-06T07:05:04.318Z]   SKIP (not in footer/header): https://nextmillennium.io/privacy-policy
[2026-03-06T07:05:04.318Z]   SKIP (not in footer/header): https://nexx360.io/en/privacy-policy-and-cookies
[2026-03-06T07:05:04.318Z]   SKIP (not in footer/header): https://nexxen.com/services-privacy-policy
[2026-03-06T07:05:04.318Z]   SKIP (not in footer/header): https://nhnace.com/privacy-policy
[2026-03-06T07:05:04.319Z]   SKIP (not in footer/header): https://ninadata.io/privacy-policy
[2026-03-06T07:05:04.319Z]   SKIP (not in footer/header): https://nitrouppi.com/privacy-policy
[2026-03-06T07:05:04.319Z]   SKIP (not in footer/header): https://nodals.ai/privacy-policy
[2026-03-06T07:05:04.319Z]   SKIP (not in footer/header): https://novatiq.com/privacy-policy
[2026-03-06T07:05:04.319Z]   SKIP (not in footer/header): https://nrich.io/gdpr-legitimate-interest-assessment-sheet
[2026-03-06T07:05:04.319Z]   SKIP (not in footer/header): https://nrich.io/privacy-notice
[2026-03-06T07:05:04.319Z]   SKIP (not in footer/header): https://numberly.com/en/privacy
[2026-03-06T07:05:04.319Z]   SKIP (not in footer/header): https://o.seznam.cz/personalizace-obsahu-a-reklamy
[2026-03-06T07:05:04.319Z]   SKIP (not in footer/header): https://oan.pl/internet-advertising-privacy-policy
[2026-03-06T07:05:04.319Z]   SKIP (not in footer/header): https://odeeo.io/privacy-policy
[2026-03-06T07:05:04.319Z]   SKIP (not in footer/header): https://okube-attribution.com/en/privacy-policy
[2026-03-06T07:05:04.319Z]   SKIP (not in footer/header): https://okube-attribution.com/en/privacy-policy/privacy-policy-details-of-the-smartbox-data-source
[2026-03-06T07:05:04.319Z]   SKIP (not in footer/header): https://olyzon.notion.site/PRIVACY-POLICY-OLYZON-TV-14b2586b2d5f809c9ddafaa86769029d#14b2586b2d5f8065906efeaf3411da8d
[2026-03-06T07:05:04.319Z]   SKIP (not in footer/header): https://onetech.group/datenschutz-plattform
[2026-03-06T07:05:04.320Z]   SKIP (not in footer/header): https://onlinemediasolutions.com/privacy-policy
[2026-03-06T07:05:04.320Z]   SKIP (not in footer/header): https://onnetwork.tv/pp_service_en.php?lang=en
[2026-03-06T07:05:04.320Z]   SKIP (not in footer/header): https://opinary.com/opt-out
[2026-03-06T07:05:04.320Z]   SKIP (not in footer/header): https://opinary.com/privacy-policy
[2026-03-06T07:05:04.320Z]   SKIP (not in footer/header): https://optimanetwork.com/pages/privacy
[2026-03-06T07:05:04.320Z]   SKIP (not in footer/header): https://option.deepintent.com/userdatarequest
[2026-03-06T07:05:04.320Z]   SKIP (not in footer/header): https://optoutadvertising.com/legitimate-interest-statement
[2026-03-06T07:05:04.320Z]   SKIP (not in footer/header): https://optoutadvertising.com/privacy-policy
[2026-03-06T07:05:04.320Z]   SKIP (not in footer/header): https://orangeclickmedia.com/legitimate-interest-claim
[2026-03-06T07:05:04.320Z]   SKIP (not in footer/header): https://orangeclickmedia.com/privacy-policy
[2026-03-06T07:05:04.320Z]   SKIP (not in footer/header): https://osdatasolutions.de/datenschutz
[2026-03-06T07:05:04.320Z]   SKIP (not in footer/header): https://ouna.ai/privacy
[2026-03-06T07:05:04.320Z]   SKIP (not in footer/header): https://oursblanc.io/legal-mentions
[2026-03-06T07:05:04.321Z]   SKIP (not in footer/header): https://outpush.io/privacy-policy
[2026-03-06T07:05:04.321Z]   SKIP (not in footer/header): https://panxo.ai/legal/legitimate-interest
[2026-03-06T07:05:04.321Z]   SKIP (not in footer/header): https://panxo.ai/privacy
[2026-03-06T07:05:04.321Z]   SKIP (not in footer/header): https://partner.idealmedia.io/pages/privacy/en
[2026-03-06T07:05:04.321Z]   SKIP (not in footer/header): https://pathfinder.viomba.com/privacy-policy
[2026-03-06T07:05:04.321Z]   SKIP (not in footer/header): https://performmedia.com/privacy-policy
[2026-03-06T07:05:04.321Z]   SKIP (not in footer/header): https://performmedia.com/privacy-policy/#legitimate-interest
[2026-03-06T07:05:04.321Z]   SKIP (not in footer/header): https://perion.com/perion-offering-privacy-policy
[2026-03-06T07:05:04.321Z]   SKIP (not in footer/header): https://permodo.com/de/privacy.html
[2026-03-06T07:05:04.321Z]   SKIP (not in footer/header): https://permutive.com/privacy
[2026-03-06T07:05:04.321Z]   SKIP (not in footer/header): https://persona.ly/privacy_dsp
[2026-03-06T07:05:04.322Z]   SKIP (not in footer/header): https://persona.ly/security
[2026-03-06T07:05:04.322Z]   SKIP (not in footer/header): https://pexi.nl/privacy-policy
[2026-03-06T07:05:04.322Z]   SKIP (not in footer/header): https://pgammedia.com/privacy-policy
[2026-03-06T07:05:04.322Z]   SKIP (not in footer/header): https://pia-advertising.com/privacy-policy
[2026-03-06T07:05:04.322Z]   SKIP (not in footer/header): https://pixels.ai/privacy-policy
[2026-03-06T07:05:04.322Z]   SKIP (not in footer/header): https://piximedia.com/privacy/?lang=en
[2026-03-06T07:05:04.322Z]   SKIP (not in footer/header): https://playable.com/privacy-policy-for-playable-aps
[2026-03-06T07:05:04.322Z]   SKIP (not in footer/header): https://playdigo.com/home/privacy-policy
[2026-03-06T07:05:04.322Z]   SKIP (not in footer/header): https://player.pop.co.uk/policy/privacy
[2026-03-06T07:05:04.322Z]   SKIP (not in footer/header): https://player.pop.co.uk/policy/terms
[2026-03-06T07:05:04.322Z]   SKIP (not in footer/header): https://playground.xyz/privacy
[2026-03-06T07:05:04.322Z]   SKIP (not in footer/header): https://playstream.media/gdpr_policy.html
[2026-03-06T07:05:04.323Z]   SKIP (not in footer/header): https://policies.google.com/privacy#europeanrequirements
[2026-03-06T07:05:04.323Z]   SKIP (not in footer/header): https://policy.openmobi.pl
[2026-03-06T07:05:04.323Z]   SKIP (not in footer/header): https://policy.samsungrs.com/consent/eu/nsc/privacy_policy_en.html
[2026-03-06T07:05:04.323Z]   SKIP (not in footer/header): https://policy.samsungrs.com/consent/eu/nsc/privacy_policy_en.html#gdpr-article
[2026-03-06T07:05:04.323Z]   SKIP (not in footer/header): https://pontiac.media/privacy-policy
[2026-03-06T07:05:04.323Z]   SKIP (not in footer/header): https://portal.eu.numbereight.ai/policies-license/#software-privacy-notice
[2026-03-06T07:05:04.323Z]   SKIP (not in footer/header): https://ppc.buzz/privacy-policy
[2026-03-06T07:05:04.323Z]   SKIP (not in footer/header): https://preciso.net/privacy
[2026-03-06T07:05:04.323Z]   SKIP (not in footer/header): https://primo.design/docs/PrivacyPolicyPrimo.html
[2026-03-06T07:05:04.323Z]   SKIP (not in footer/header): https://privacy-center.sharethrough.com/en/consumer-privacy-notice
[2026-03-06T07:05:04.323Z]   SKIP (not in footer/header): https://privacy-policy.ringieraxelspringer.pl
[2026-03-06T07:05:04.323Z]   SKIP (not in footer/header): https://privacy-policy.teads.com
[2026-03-06T07:05:04.323Z]   SKIP (not in footer/header): https://privacy-policy.teads.com/privacy-policy/european-privacy-notice
[2026-03-06T07:05:04.324Z]   SKIP (not in footer/header): https://privacy-portal.smartclip.net/en/privacy-policy
[2026-03-06T07:05:04.324Z]   SKIP (not in footer/header): https://privacy-portal.smartclip.net/tcf/purpose-2-li
[2026-03-06T07:05:04.324Z]   SKIP (not in footer/header): https://privacy.acuityads.com/corporate-privacy-policy.html
[2026-03-06T07:05:04.324Z]   SKIP (not in footer/header): https://privacy.adtriba.com
[2026-03-06T07:05:04.324Z]   SKIP (not in footer/header): https://privacy.audienceproject.com
[2026-03-06T07:05:04.324Z]   SKIP (not in footer/header): https://privacy.audienceproject.com/en-GB/for-users/privacy-policy#transparency-and-consent-framework-tcf
[2026-03-06T07:05:04.324Z]   SKIP (not in footer/header): https://privacy.basis.net
[2026-03-06T07:05:04.324Z]   SKIP (not in footer/header): https://privacy.basis.net/#gdpr
[2026-03-06T07:05:04.324Z]   SKIP (not in footer/header): https://privacy.createwithnova.io
[2026-03-06T07:05:04.324Z]   SKIP (not in footer/header): https://privacy.hurra.com/tcf
[2026-03-06T07:05:04.324Z]   SKIP (not in footer/header): https://privacy.microsoft.com/en-US/privacystatement/#mainpersonaldatawecollect_LongDescription
[2026-03-06T07:05:04.324Z]   SKIP (not in footer/header): https://privacy.microsoft.com/privacystatement
[2026-03-06T07:05:04.324Z]   SKIP (not in footer/header): https://privacy.ogury.com
[2026-03-06T07:05:04.325Z]   SKIP (not in footer/header): https://privacy.opt-me-in.com
[2026-03-06T07:05:04.325Z]   SKIP (not in footer/header): https://privacy.timeonegroup.com
[2026-03-06T07:05:04.325Z]   SKIP (not in footer/header): https://privacy.webads.eu
[2026-03-06T07:05:04.325Z]   SKIP (not in footer/header): https://projectagora.com/privacy-policy
[2026-03-06T07:05:04.325Z]   SKIP (not in footer/header): https://proxi.cloud/polityka-prywatnosci
[2026-03-06T07:05:04.325Z]   SKIP (not in footer/header): https://pubfinity.com/privacy-policy
[2026-03-06T07:05:04.325Z]   SKIP (not in footer/header): https://publicgood.com/privacy-policy
[2026-03-06T07:05:04.325Z]   SKIP (not in footer/header): https://publuence.com/en/privacy-policy
[2026-03-06T07:05:04.325Z]   SKIP (not in footer/header): https://pubmatic.com/legal/privacy
[2026-03-06T07:05:04.325Z]   SKIP (not in footer/header): https://pubnative.net/privacy-notice
[2026-03-06T07:05:04.325Z]   SKIP (not in footer/header): https://pubstack.io/legal-mentions
[2026-03-06T07:05:04.325Z]   SKIP (not in footer/header): https://pubx.ai/privacy
[2026-03-06T07:05:04.325Z]   SKIP (not in footer/header): https://pulsepoint.com/legal/platform-privacy-policy
[2026-03-06T07:05:04.326Z]   SKIP (not in footer/header): https://quantyoo.de/datenschutz
[2026-03-06T07:05:04.326Z]   SKIP (not in footer/header): https://quartermedia.de/daten
[2026-03-06T07:05:04.326Z]   SKIP (not in footer/header): https://questpass.io/en/terms/privacy-policy
[2026-03-06T07:05:04.326Z]   SKIP (not in footer/header): https://r2b2.io/privacy-policy
[2026-03-06T07:05:04.326Z]   SKIP (not in footer/header): https://rakutenadvertising.com/legal-notices/services-privacy-policy
[2026-03-06T07:05:04.326Z]   SKIP (not in footer/header): https://recreativ.com/policy
[2026-03-06T07:05:04.326Z]   SKIP (not in footer/header): https://recreativ.com/policy#consent
[2026-03-06T07:05:04.326Z]   SKIP (not in footer/header): https://redmob.io/privacy-policy
[2026-03-06T07:05:04.326Z]   SKIP (not in footer/header): https://refinery89.com/privacy-policy
[2026-03-06T07:05:04.326Z]   SKIP (not in footer/header): https://related.hu/en/privacy-policy
[2026-03-06T07:05:04.326Z]   SKIP (not in footer/header): https://relay42.com/privacy
[2026-03-06T07:05:04.326Z]   SKIP (not in footer/header): https://remailme.fr/politique-confidentialite
[2026-03-06T07:05:04.326Z]   SKIP (not in footer/header): https://resetdigital.co/policies.html
[2026-03-06T07:05:04.327Z]   SKIP (not in footer/header): https://reso.no/privacy-policy
[2026-03-06T07:05:04.327Z]   SKIP (not in footer/header): https://responsiveads.com/privacy-policy
[2026-03-06T07:05:04.327Z]   SKIP (not in footer/header): https://revx.io/privacy-policy
[2026-03-06T07:05:04.327Z]   SKIP (not in footer/header): https://rgpd-smartclip.com
[2026-03-06T07:05:04.327Z]   SKIP (not in footer/header): https://risecodes.com/video-advertisement-player-privacy-policy
[2026-03-06T07:05:04.327Z]   SKIP (noise): https://risecodes.com/wp-content/uploads/2024/01/Legitimate-Interests-Assessment-Online-Advertising.pdf
[2026-03-06T07:05:04.327Z]   SKIP (not in footer/header): https://rms.de/datenschutz
[2026-03-06T07:05:04.327Z]   SKIP (not in footer/header): https://robust-apps.com/privacy-policy
[2026-03-06T07:05:04.327Z]   SKIP (noise): https://roivenue.com/wp-content/uploads/2024/02/Privacy-Policy-Roivenue.pdf
[2026-03-06T07:05:04.327Z]   SKIP (not in footer/header): https://rtbwise.com/privacy-policy.html
[2026-03-06T07:05:04.327Z]   SKIP (not in footer/header): https://s.on-device.com/privacyPolicy
[2026-03-06T07:05:04.327Z]   SKIP (not in footer/header): https://s3-eu-west-1.amazonaws.com/public-legal-docs.offerista/offerista/en/privacy.html
[2026-03-06T07:05:04.328Z]   SKIP (noise): https://s42464.pcdn.co/wp-content/uploads/2025/09/Viant-Ad-Platform-Privacy-Policy-September-2025.pdf
[2026-03-06T07:05:04.328Z]   SKIP (not in footer/header): https://saharmedia.net/privacy-policy
[2026-03-06T07:05:04.328Z]   SKIP (not in footer/header): https://samba.tv/users/privacy-policy?lang=en
[2026-03-06T07:05:04.328Z]   SKIP (not in footer/header): https://samba.tv/users/privacy-policy?lang=en#sec-11
[2026-03-06T07:05:04.328Z]   SKIP (not in footer/header): https://samhub.io/privacy-center/privacy-policy
[2026-03-06T07:05:04.328Z]   SKIP (not in footer/header): https://score-media.de/datenschutzerklaerung
[2026-03-06T07:05:04.328Z]   SKIP (not in footer/header): https://screencore.io/privacy-policy
[2026-03-06T07:05:04.328Z]   SKIP (not in footer/header): https://screenondemand.de/datenschutz-sod-produkte
[2026-03-06T07:05:04.328Z]   SKIP (not in footer/header): https://screenondemand.de/datenschutzerklaerung
[2026-03-06T07:05:04.328Z]   SKIP (not in footer/header): https://seeding-alliance.de/datenschutz
[2026-03-06T07:05:04.328Z]   SKIP (not in footer/header): https://seenthis.co/privacypolicy
[2026-03-06T07:05:04.328Z]   SKIP (not in footer/header): https://service.dpa-infocom.de/de/support/solutions/articles/202000032830-informationen-zum-datenschutz-f%C3%BCr-die-user-unserer-kunden
[2026-03-06T07:05:04.329Z]   SKIP (not in footer/header): https://service.dpa-infocom.de/de/support/solutions/articles/202000032831-verfahrensbeschreibung-zur-datenverarbeitung-f%C3%BCr-kunden-diverser-content-produkte-der-dpa-infocom-gmb
[2026-03-06T07:05:04.329Z]   SKIP (not in footer/header): https://setupad.com/privacy-policy
[2026-03-06T07:05:04.329Z]   SKIP (not in footer/header): https://sevio.com/privacy-policy
[2026-03-06T07:05:04.329Z]   SKIP (not in footer/header): https://sfbx.io/en/politique-de-confidentialite
[2026-03-06T07:05:04.329Z]   SKIP (not in footer/header): https://sharethis.com/privacy
[2026-03-06T07:05:04.329Z]   SKIP (not in footer/header): https://showheroes.atlassian.net/l/cp/2TD1qus0
[2026-03-06T07:05:04.329Z]   SKIP (not in footer/header): https://showheroes.com/privacy-policy
[2026-03-06T07:05:04.329Z]   SKIP (not in footer/header): https://silvermob.com/privacy
[2026-03-06T07:05:04.329Z]   SKIP (not in footer/header): https://simpli.fi/site-privacy-policy
[2026-03-06T07:05:04.329Z]   SKIP (not in footer/header): https://singularads.com/policy
[2026-03-06T07:05:04.329Z]   SKIP (not in footer/header): https://sipo-inc.com/privacy-policy
[2026-03-06T07:05:04.329Z]   SKIP (not in footer/header): https://site.adform.com/privacy-center/platform-privacy/product-and-services-privacy-policy
[2026-03-06T07:05:04.330Z]   SKIP (not in footer/header): https://site.adform.com/privacy-center/platform-privacy/transparency-and-consent-framework-tcf-compliance/legitimate-interest-at-stake
[2026-03-06T07:05:04.330Z]   SKIP (not in footer/header): https://site.msi-aci.com/Home/Privacy
[2026-03-06T07:05:04.330Z]   SKIP (not in footer/header): https://sk.search.etargetnet.com/legitimate-interest.html
[2026-03-06T07:05:04.330Z]   SKIP (not in footer/header): https://sk.search.etargetnet.com/policy.html
[2026-03-06T07:05:04.330Z]   SKIP (not in footer/header): https://skimlinks.com/privacy-policies
[2026-03-06T07:05:04.330Z]   SKIP (not in footer/header): https://smadex.com/privacy-policy
[2026-03-06T07:05:04.330Z]   SKIP (not in footer/header): https://smartyads.com/privacy-policy
[2026-03-06T07:05:04.330Z]   SKIP (not in footer/header): https://socialperf.com/politique-de-confidentialite
[2026-03-06T07:05:04.330Z]   SKIP (not in footer/header): https://solution.coupons/privacy
[2026-03-06T07:05:04.330Z]   SKIP (not in footer/header): https://somplo.com/privacy-policy
[2026-03-06T07:05:04.330Z]   SKIP (not in footer/header): https://sonares.org/en/datenschutz
[2026-03-06T07:05:04.330Z]   SKIP (not in footer/header): https://sonobi.com/privacy-policy
[2026-03-06T07:05:04.331Z]   SKIP (not in footer/header): https://soundcast.io/data-privacy
[2026-03-06T07:05:04.331Z]   SKIP (not in footer/header): https://soundstack.com/privacy
[2026-03-06T07:05:04.331Z]   SKIP (not in footer/header): https://soundstack.com/tcf/legitimate-interest-claim
[2026-03-06T07:05:04.331Z]   SKIP (not in footer/header): https://spicymobile.pl/polityka-prywatnosci
[2026-03-06T07:05:04.331Z]   SKIP (not in footer/header): https://spinx.io/privacy-policy
[2026-03-06T07:05:04.331Z]   SKIP (not in footer/header): https://splashandroll.com/privacy-policy
[2026-03-06T07:05:04.331Z]   SKIP (not in footer/header): https://splicky.com/en/legitimate-interests
[2026-03-06T07:05:04.331Z]   SKIP (not in footer/header): https://splicky.com/en/privacy-policy
[2026-03-06T07:05:04.331Z]   SKIP (not in footer/header): https://sqreemtech.com/privacy
[2026-03-06T07:05:04.331Z]   SKIP (not in footer/header): https://squidapp.co/privacy-policy-2
[2026-03-06T07:05:04.331Z]   SKIP (not in footer/header): https://ssmas.com/privacy-policy
[2026-03-06T07:05:04.331Z]   SKIP (not in footer/header): https://ssmas.com/privacy-policy#interest
[2026-03-06T07:05:04.332Z]   SKIP (not in footer/header): https://static.gamedistribution.com/policy/privacy-enduser.html
[2026-03-06T07:05:04.332Z]   SKIP (not in footer/header): https://static.onefootball.com/legal/consumer-web-privacy-policy/en
[2026-03-06T07:05:04.332Z]   SKIP (not in footer/header): https://studio.nws.ai/privacy
[2026-03-06T07:05:04.332Z]   SKIP (not in footer/header): https://subserohost.com/privacy_policy.aspx
[2026-03-06T07:05:04.332Z]   SKIP (not in footer/header): https://subserohost.com/privacy_policy.aspx#datacoll_legitimateinterest
[2026-03-06T07:05:04.332Z]   SKIP (not in footer/header): https://sunday.market/privacypolicy.html
[2026-03-06T07:05:04.332Z]   SKIP (not in footer/header): https://support.bluebillywig.com/cookies/legitimate-interest-disclosure-statement
[2026-03-06T07:05:04.332Z]   SKIP (not in footer/header): https://tacticrealtime.com/privacy
[2026-03-06T07:05:04.332Z]   SKIP (not in footer/header): https://tacticrealtime.com/privacy/dsar
[2026-03-06T07:05:04.332Z]   SKIP (not in footer/header): https://tagoras.io/privacy
[2026-03-06T07:05:04.332Z]   SKIP (not in footer/header): https://target-video.com/privacy-policy
[2026-03-06T07:05:04.332Z]   SKIP (not in footer/header): https://targeting360.de/datenschutz
[2026-03-06T07:05:04.333Z]   SKIP (not in footer/header): https://targeting360.de/datenschutz-tcf
[2026-03-06T07:05:04.333Z]   SKIP (not in footer/header): https://taurusx.com/legitimate-interest-claim.html
[2026-03-06T07:05:04.333Z]   SKIP (not in footer/header): https://taurusx.com/privacy-policy.html
[2026-03-06T07:05:04.333Z]   SKIP (not in footer/header): https://telekom.de/datenschutzhinweise
[2026-03-06T07:05:04.333Z]   SKIP (noise): https://terms.podscribe.com/LIAs.pdf
[2026-03-06T07:05:04.333Z]   SKIP (not in footer/header): https://tf1pub.fr/politique-de-protection-des-donnees-partenaires-data
[2026-03-06T07:05:04.333Z]   SKIP (not in footer/header): https://theadex.com/privacy-opt-out
[2026-03-06T07:05:04.333Z]   SKIP (not in footer/header): https://theadgroup.com/privacy-statement
[2026-03-06T07:05:04.333Z]   SKIP (not in footer/header): https://theadgroup.com/terms-of-services
[2026-03-06T07:05:04.333Z]   SKIP (not in footer/header): https://theadwatch.com/iab-and-tcf
[2026-03-06T07:05:04.333Z]   SKIP (not in footer/header): https://theadwatch.com/privacy-policy
[2026-03-06T07:05:04.333Z]   SKIP (not in footer/header): https://themobian.com/privacy
[2026-03-06T07:05:04.333Z]   SKIP (not in footer/header): https://theneuron.com/privacy-policy-2
[2026-03-06T07:05:04.333Z]   SKIP (not in footer/header): https://thenexusengine.io/legitimate-interest-assessment
[2026-03-06T07:05:04.334Z]   SKIP (not in footer/header): https://thenexusengine.io/privacy
[2026-03-06T07:05:04.334Z]   SKIP (not in footer/header): https://threedium.io/privacy
[2026-03-06T07:05:04.334Z]   SKIP (not in footer/header): https://timetogrow.io/legitimate-interest-statement.html
[2026-03-06T07:05:04.334Z]   SKIP (not in footer/header): https://timetogrow.io/privacy-policy.html
[2026-03-06T07:05:04.334Z]   SKIP (not in footer/header): https://trck.easy-m.de/privacy-policy.do
[2026-03-06T07:05:04.334Z]   SKIP (not in footer/header): https://tredio.io/#contact
[2026-03-06T07:05:04.334Z]   SKIP (not in footer/header): https://tredio.io/privacy-policy
[2026-03-06T07:05:04.334Z]   SKIP (not in footer/header): https://trg.de/en/privacy-statement
[2026-03-06T07:05:04.334Z]   SKIP (not in footer/header): https://tri-table.com/polityka-prywatnosci
[2026-03-06T07:05:04.334Z]   SKIP (not in footer/header): https://triplelift.com/platform-privacy-policy#legalbasisofprocessing
[2026-03-06T07:05:04.334Z]   SKIP (not in footer/header): https://triplelift.com/privacy
[2026-03-06T07:05:04.334Z]   SKIP (not in footer/header): https://trueffect.com/privacy-policy
[2026-03-06T07:05:04.334Z]   SKIP (not in footer/header): https://trustedstack.com/privacy-policy
[2026-03-06T07:05:04.334Z]   SKIP (not in footer/header): https://trustedstack.com/privacy-policy/#legitimate-interest
[2026-03-06T07:05:04.335Z]   SKIP (not in footer/header): https://truvid.com/privacy-policy
[2026-03-06T07:05:04.335Z]   SKIP (not in footer/header): https://tunnl.com/legitimate-interest
[2026-03-06T07:05:04.335Z]   SKIP (not in footer/header): https://tunnl.com/privacy-policy
[2026-03-06T07:05:04.335Z]   SKIP (not in footer/header): https://tx.group/data-privacy-policy-information-about-tx-data-offers
[2026-03-06T07:05:04.335Z]   SKIP (not in footer/header): https://tx.group/privacy-policy/#process_personal_data
[2026-03-06T07:05:04.335Z]   SKIP (not in footer/header): https://unboundedsource.com/en/privacy-ad
[2026-03-06T07:05:04.335Z]   SKIP (not in footer/header): https://underdogmedia.com/privacy
[2026-03-06T07:05:04.335Z]   SKIP (not in footer/header): https://uzerly.fr/terms-and-conditions
[2026-03-06T07:05:04.335Z]   SKIP (not in footer/header): https://valuad.io/privacy-policy
[2026-03-06T07:05:04.335Z]   SKIP (not in footer/header): https://vdx.tv/privacy
[2026-03-06T07:05:04.335Z]   SKIP (not in footer/header): https://veepee-ad.com/en/politique-confidentialit%C3%A9-activit%C3%A9-publicitaire
[2026-03-06T07:05:04.335Z]   SKIP (not in footer/header): https://velonium.com/privacy-policy
[2026-03-06T07:05:04.335Z]   SKIP (not in footer/header): https://verasity.io/privacy
[2026-03-06T07:05:04.336Z]   SKIP (not in footer/header): https://veraviews.com/privacy_policy
[2026-03-06T07:05:04.336Z]   SKIP (not in footer/header): https://veraviews.com/privacy_policy#how-we-use-your-personal-data
[2026-03-06T07:05:04.336Z]   SKIP (not in footer/header): https://verve.com/dsp-cookies-privacy
[2026-03-06T07:05:04.336Z]   SKIP (not in footer/header): https://verve.com/product-privacy-policies
[2026-03-06T07:05:04.336Z]   SKIP (not in footer/header): https://verve.com/website-privacy-policy
[2026-03-06T07:05:04.336Z]   SKIP (not in footer/header): https://viads.com/policy
[2026-03-06T07:05:04.336Z]   SKIP (not in footer/header): https://viafoura.com/privacy-policy
[2026-03-06T07:05:04.336Z]   SKIP (not in footer/header): https://videoshakers.tv/privacy-policy
[2026-03-06T07:05:04.336Z]   SKIP (not in footer/header): https://videoshakers.tv/terms-of-service
[2026-03-06T07:05:04.336Z]   SKIP (not in footer/header): https://vidoomy.com/privacy-policy-en.html
[2026-03-06T07:05:04.336Z]   SKIP (not in footer/header): https://vidverto.io/privacy-policy
[2026-03-06T07:05:04.336Z]   SKIP (not in footer/header): https://vidverto.io/privacy-policy/#interest
[2026-03-06T07:05:04.336Z]   SKIP (not in footer/header): https://vimeo.com/cookie_policy
[2026-03-06T07:05:04.337Z]   SKIP (not in footer/header): https://virtualminds.com/platform-privacy-policy
[2026-03-06T07:05:04.337Z]   SKIP (not in footer/header): https://vistars.ai/privacy-policy
[2026-03-06T07:05:04.337Z]   SKIP (not in footer/header): https://viznet.tv/privacy-policy-2
[2026-03-06T07:05:04.337Z]   SKIP (noise): https://vrtcal.com/docs/PrivacyPolicy-Advertising.pdf
[2026-03-06T07:05:04.337Z]   SKIP (not in footer/header): https://vudoo.com/privacy-policy
[2026-03-06T07:05:04.337Z]   SKIP (not in footer/header): https://weare.kueez.com/legal-center/privacy-policy
[2026-03-06T07:05:04.337Z]   SKIP (not in footer/header): https://wearesilverbullet.com/privacy-policy
[2026-03-06T07:05:04.337Z]   SKIP (not in footer/header): https://wearestamp.com/privacy
[2026-03-06T07:05:04.337Z]   SKIP (not in footer/header): https://weborama.com/en/privacy-2
[2026-03-06T07:05:04.337Z]   SKIP (not in footer/header): https://weborama.com/en/privacy-2/#legitimate-interest
[2026-03-06T07:05:04.337Z]   SKIP (not in footer/header): https://wemass.com/en/privacy
[2026-03-06T07:05:04.337Z]   SKIP (not in footer/header): https://www.1plusx.com/privacy-policy
[2026-03-06T07:05:04.338Z]   SKIP (not in footer/header): https://www.33across.co.uk/privacy-policy
[2026-03-06T07:05:04.338Z]   SKIP (not in footer/header): https://www.366.fr/politique-de-confidentialite-de-la-regie
[2026-03-06T07:05:04.338Z]   SKIP (not in footer/header): https://www.7pass.de/psdd/datenschutzbestimmungen-cdb.html
[2026-03-06T07:05:04.338Z]   SKIP (not in footer/header): https://www.8pod.com/privacy-policy
[2026-03-06T07:05:04.338Z]   SKIP (not in footer/header): https://www.9dotsmedia.com/privacy
[2026-03-06T07:05:04.338Z]   SKIP (not in footer/header): https://www.abcsinsights.com/privacy/ad-measurement
[2026-03-06T07:05:04.338Z]   SKIP (not in footer/header): https://www.accenture.com/de-de/support/company-cookies-similar-technology
[2026-03-06T07:05:04.338Z]   SKIP (not in footer/header): https://www.accountinsight.ai/privacy-policy
[2026-03-06T07:05:04.338Z]   SKIP (not in footer/header): https://www.accountinsight.ai/privacy-policy/#IP_Processing
[2026-03-06T07:05:04.338Z]   SKIP (not in footer/header): https://www.accurat.ai/legal/legitimate-interest
[2026-03-06T07:05:04.338Z]   SKIP (not in footer/header): https://www.accurat.ai/legal/privacy-centre
[2026-03-06T07:05:04.338Z]   SKIP (not in footer/header): https://www.acxiom.com/privacy/gdpr
[2026-03-06T07:05:04.338Z]   SKIP (not in footer/header): https://www.ad-alliance.de/datenschutz
[2026-03-06T07:05:04.339Z]   SKIP (not in footer/header): https://www.ad-shield.io/privacy-policy
[2026-03-06T07:05:04.339Z]   SKIP (not in footer/header): https://www.ad6media.fr/privacy
[2026-03-06T07:05:04.339Z]   SKIP (not in footer/header): https://www.adasta.it/en/legitimate-interest-assessment
[2026-03-06T07:05:04.339Z]   SKIP (not in footer/header): https://www.adasta.it/en/publisher-cookie-policy
[2026-03-06T07:05:04.339Z]   SKIP (not in footer/header): https://www.adbility-media.com/datenschutz
[2026-03-06T07:05:04.339Z]   SKIP (not in footer/header): https://www.adbro.com/privacy/advertising-privacy-policy
[2026-03-06T07:05:04.339Z]   SKIP (not in footer/header): https://www.adcell.de/agb#sector_6
[2026-03-06T07:05:04.339Z]   SKIP (not in footer/header): https://www.adcell.de/datenschutz
[2026-03-06T07:05:04.339Z]   SKIP (not in footer/header): https://www.addefend.com/en/privacy-policy
[2026-03-06T07:05:04.339Z]   SKIP (not in footer/header): https://www.adfixus.com/platform-privacy-policy
[2026-03-06T07:05:04.339Z]   SKIP (not in footer/header): https://www.adikteev.com/privacy
[2026-03-06T07:05:04.339Z]   SKIP (not in footer/header): https://www.adikteev.com/privacy-policy-app-users
[2026-03-06T07:05:04.339Z]   SKIP (not in footer/header): https://www.adinmo.com/privacy-policy
[2026-03-06T07:05:04.339Z]   SKIP (not in footer/header): https://www.aditude.com/privacy
[2026-03-06T07:05:04.340Z]   SKIP (not in footer/header): https://www.adlayer.se/cloudprivacy
[2026-03-06T07:05:04.340Z]   SKIP (not in footer/header): https://www.adlayer.se/legitimate-interest
[2026-03-06T07:05:04.340Z]   SKIP (not in footer/header): https://www.adloox.com/legal/privacy-policy
[2026-03-06T07:05:04.340Z]   SKIP (not in footer/header): https://www.adman.gr/privacy
[2026-03-06T07:05:04.340Z]   SKIP (not in footer/header): https://www.admaster.cc/privacy
[2026-03-06T07:05:04.340Z]   SKIP (not in footer/header): https://www.admedo.com/privacy-policy
[2026-03-06T07:05:04.340Z]   SKIP (not in footer/header): https://www.adnami.io/privacy-policy-services
[2026-03-06T07:05:04.340Z]   SKIP (not in footer/header): https://www.adobe.com/privacy/experience-cloud.html
[2026-03-06T07:05:04.340Z]   SKIP (not in footer/header): https://www.adobe.com/privacy/policy.html
[2026-03-06T07:05:04.340Z]   SKIP (not in footer/header): https://www.adprime.com/privacy-policy
[2026-03-06T07:05:04.340Z]   SKIP (not in footer/header): https://www.adrule.net/de/datenschutz
[2026-03-06T07:05:04.340Z]   SKIP (not in footer/header): https://www.adswizz.com/platform-policy
[2026-03-06T07:05:04.341Z]   SKIP (not in footer/header): https://www.adswizz.com/privacy-policy
[2026-03-06T07:05:04.341Z]   SKIP (not in footer/header): https://www.adtiming.com/en/privacypolicy.html
[2026-03-06T07:05:04.341Z]   SKIP (not in footer/header): https://www.adtonos.com/privacy-policy
[2026-03-06T07:05:04.341Z]   SKIP (not in footer/header): https://www.adtron.io/privacy-policy
[2026-03-06T07:05:04.341Z]   SKIP (not in footer/header): https://www.adup-tech.com/en/privacy-policy
[2026-03-06T07:05:04.341Z]   SKIP (not in footer/header): https://www.adup-tech.com/en/privacy-policy/#c4489
[2026-03-06T07:05:04.341Z]   SKIP (not in footer/header): https://www.adux.co/en/personal-data
[2026-03-06T07:05:04.341Z]   SKIP (not in footer/header): https://www.advanced-store.com/en/data-privacy
[2026-03-06T07:05:04.341Z]   SKIP (not in footer/header): https://www.adventori.com/fr/rgpd
[2026-03-06T07:05:04.341Z]   SKIP (not in footer/header): https://www.adview.com/policy/privacy
[2026-03-06T07:05:04.341Z]   SKIP (not in footer/header): https://www.advisible.com/legal/legitimate-interest-assessment
[2026-03-06T07:05:04.341Z]   SKIP (not in footer/header): https://www.advisible.com/privacy
[2026-03-06T07:05:04.341Z]   SKIP (not in footer/header): https://www.advolve.io
[2026-03-06T07:05:04.341Z]   SKIP (not in footer/header): https://www.advolve.io/privacy
[2026-03-06T07:05:04.342Z]   SKIP (not in footer/header): https://www.adyoulike.com/pages/privacy_en.php
[2026-03-06T07:05:04.342Z]   SKIP (not in footer/header): https://www.adzymic.co/privacy
[2026-03-06T07:05:04.342Z]   SKIP (not in footer/header): https://www.agma-mmc.de/datenschutz
[2026-03-06T07:05:04.342Z]   SKIP (not in footer/header): https://www.airtory.com/privacy-policy
[2026-03-06T07:05:04.342Z]   SKIP (not in footer/header): https://www.algorix.co/privacy-policy
[2026-03-06T07:05:04.342Z]   SKIP (not in footer/header): https://www.algorix.co/privacy-policy/#section-3-3
[2026-03-06T07:05:04.342Z]   SKIP (not in footer/header): https://www.alketech.eu/privacy-policy-analytics
[2026-03-06T07:05:04.342Z]   SKIP (not in footer/header): https://www.alkimi.org/privacy-policy
[2026-03-06T07:05:04.342Z]   SKIP (not in footer/header): https://www.alliancegravity.com/politiquedeprotectiondesdonneespersonnelles
[2026-03-06T07:05:04.342Z]   SKIP (not in footer/header): https://www.allmediadesk.com/en/legal-information
[2026-03-06T07:05:04.342Z]   SKIP (not in footer/header): https://www.amadeus-hospitality.com/ta-product-privacy-notice
[2026-03-06T07:05:04.342Z]   SKIP (not in footer/header): https://www.amagi.com/service-privacy-policy
[2026-03-06T07:05:04.342Z]   SKIP (not in footer/header): https://www.amazon.co.uk/gp/help/customer/display.html?nodeId=201909010
[2026-03-06T07:05:04.343Z]   SKIP (not in footer/header): https://www.amazon.co.uk/gp/help/customer/display.html?nodeId=201909010#GUID-A440AA65-7F7E-4134-8FA8-842156F43EEE__SECTION_9E24D5FE5F4041028B4C2F9EDD690457
[2026-03-06T07:05:04.343Z]   SKIP (not in footer/header): https://www.amillionads.com/privacy-policy
[2026-03-06T07:05:04.343Z]   SKIP (not in footer/header): https://www.amplifiedintelligence.com.au/privacy-policy
[2026-03-06T07:05:04.343Z]   SKIP (not in footer/header): https://www.amprev.com/privacy
[2026-03-06T07:05:04.343Z]   SKIP (not in footer/header): https://www.aniview.com/privacy-policy
[2026-03-06T07:05:04.343Z]   SKIP (not in footer/header): https://www.anonymised.io/privacy
[2026-03-06T07:05:04.343Z]   SKIP (not in footer/header): https://www.anteriad.com/privacy-policy
[2026-03-06T07:05:04.343Z]   SKIP (not in footer/header): https://www.antvoice.com/en/privacy-policy
[2026-03-06T07:05:04.343Z]   SKIP (not in footer/header): https://www.anzu.io/privacy-policy
[2026-03-06T07:05:04.343Z]   SKIP (not in footer/header): https://www.appier.com/en/about/privacy-policy
[2026-03-06T07:05:04.343Z]   SKIP (not in footer/header): https://www.applovin.com/privacy
[2026-03-06T07:05:04.343Z]   SKIP (not in footer/header): https://www.arcanor.com/privacy
[2026-03-06T07:05:04.343Z]   SKIP (not in footer/header): https://www.arcspan.com/privacy-policy
[2026-03-06T07:05:04.343Z]   SKIP (not in footer/header): https://www.arpeely.com/privacy
[2026-03-06T07:05:04.344Z]   SKIP (not in footer/header): https://www.arrivalist.com/privacy
[2026-03-06T07:05:04.344Z]   SKIP (not in footer/header): https://www.aryel.io/legitimate-interest-adv
[2026-03-06T07:05:04.344Z]   SKIP (not in footer/header): https://www.aryel.io/privacy-policy-adv
[2026-03-06T07:05:04.344Z]   SKIP (not in footer/header): https://www.aspiegel.com/agreement/scope/huawei/ads/privacy-statement/eu_b0_20240514_6/priweb/privacy-statement.htm
[2026-03-06T07:05:04.344Z]   SKIP (not in footer/header): https://www.audiencerate.com/privacy
[2026-03-06T07:05:04.344Z]   SKIP (not in footer/header): https://www.audiencerun.com/privacy-policy
[2026-03-06T07:05:04.344Z]   SKIP (not in footer/header): https://www.audienzz.ch/datenschutz
[2026-03-06T07:05:04.344Z]   SKIP (not in footer/header): https://www.audiomob.com/privacy
[2026-03-06T07:05:04.344Z]   SKIP (not in footer/header): https://www.audion.fm/privacy-policy
[2026-03-06T07:05:04.344Z]   SKIP (not in footer/header): https://www.awin.com/gb/privacy
[2026-03-06T07:05:04.344Z]   SKIP (not in footer/header): https://www.axate.com/privacy-policy
[2026-03-06T07:05:04.344Z]   SKIP (not in footer/header): https://www.b2bmg.com/en/data-privacy
[2026-03-06T07:05:04.345Z]   SKIP (not in footer/header): https://www.bankaustria.at/rechtliches-datenschutz.jsp
[2026-03-06T07:05:04.345Z]   SKIP (not in footer/header): https://www.bankaustria.at/rechtliches-datenschutz.jsp#tab26059
[2026-03-06T07:05:04.345Z]   SKIP (not in footer/header): https://www.bannerflow.com/privacy
[2026-03-06T07:05:04.345Z]   SKIP (not in footer/header): https://www.bcovery.com/legitimate-interest-claim.html
[2026-03-06T07:05:04.345Z]   SKIP (not in footer/header): https://www.bcovery.com/politique-de-confidentialite.html
[2026-03-06T07:05:04.345Z]   SKIP (not in footer/header): https://www.beeswax.com/privacy
[2026-03-06T07:05:04.345Z]   SKIP (not in footer/header): https://www.beintoo.com/privacy-cookie-policy
[2026-03-06T07:05:04.345Z]   SKIP (not in footer/header): https://www.bet365partners.com/en/privacypolicy
[2026-03-06T07:05:04.345Z]   SKIP (not in footer/header): https://www.bidberrymedia.com/service-privacy-policy
[2026-03-06T07:05:04.345Z]   SKIP (not in footer/header): https://www.bidswitch.com/privacy-policy
[2026-03-06T07:05:04.345Z]   SKIP (not in footer/header): https://www.bidtellect.com/privacy-policy
[2026-03-06T07:05:04.345Z]   SKIP (not in footer/header): https://www.bigossp.com/agreement/privacyPolicy?v=v1.2.0
[2026-03-06T07:05:04.345Z]   SKIP (not in footer/header): https://www.bluebillywig.com/privacy-statement
[2026-03-06T07:05:04.346Z]   SKIP (not in footer/header): https://www.blueseasx.com/policy.html
[2026-03-06T07:05:04.346Z]   SKIP (not in footer/header): https://www.booking.com/content/privacy.en-gb.html
[2026-03-06T07:05:04.346Z]   SKIP (not in footer/header): https://www.brame.io/legitimate-interest
[2026-03-06T07:05:04.346Z]   SKIP (not in footer/header): https://www.brame.io/privacy-policy
[2026-03-06T07:05:04.346Z]   SKIP (not in footer/header): https://www.bsmartdata.com/en/privacy
[2026-03-06T07:05:04.346Z]   SKIP (not in footer/header): https://www.bstage.io/pages/legitimate-interest
[2026-03-06T07:05:04.346Z]   SKIP (not in footer/header): https://www.bstage.io/pages/privacy-policy
[2026-03-06T07:05:04.346Z]   SKIP (not in footer/header): https://www.bucksense.com
[2026-03-06T07:05:04.346Z]   SKIP (not in footer/header): https://www.bucksense.com/platform-privacy-policy
[2026-03-06T07:05:04.346Z]   SKIP (not in footer/header): https://www.bucoup.com/privacy/privacypolicy.html
[2026-03-06T07:05:04.346Z]   SKIP (not in footer/header): https://www.c3metrics.com/privacy-policy
[2026-03-06T07:05:04.347Z]   SKIP (not in footer/header): https://www.captifytechnologies.com/privacy-notice
[2026-03-06T07:05:04.347Z]   SKIP (not in footer/header): https://www.carambola.com/privacypolicy
[2026-03-06T07:05:04.347Z]   SKIP (not in footer/header): https://www.caroda.io/privacy-statement
[2026-03-06T07:05:04.347Z]   SKIP (not in footer/header): https://www.cavai.com/privacy-policy
[2026-03-06T07:05:04.347Z]   SKIP (not in footer/header): https://www.celtra.com/privacy
[2026-03-06T07:05:04.347Z]   SKIP (not in footer/header): https://www.channel99.com/privacy-policy
[2026-03-06T07:05:04.347Z]   SKIP (not in footer/header): https://www.cint.com/participant-privacy-notice
[2026-03-06T07:05:04.347Z]   SKIP (not in footer/header): https://www.citiservimedia.com/politica-de-privacidad-plataforma-citiservimedia
[2026-03-06T07:05:04.347Z]   SKIP (not in footer/header): https://www.citiservimedia.com/politica-de-privacidad-plataforma-citiservimedia/#legitimate-interest
[2026-03-06T07:05:04.347Z]   SKIP (not in footer/header): https://www.cleartrust.cc/legitimate-interest
[2026-03-06T07:05:04.347Z]   SKIP (not in footer/header): https://www.click-performance.com/datenschutz
[2026-03-06T07:05:04.347Z]   SKIP (not in footer/header): https://www.clickagy.com/privacy
[2026-03-06T07:05:04.347Z]   SKIP (not in footer/header): https://www.clickintext.com/about/charte-rgpd.php
[2026-03-06T07:05:04.348Z]   SKIP (not in footer/header): https://www.clickonometrics.com/optout/en.html
[2026-03-06T07:05:04.348Z]   SKIP (not in footer/header): https://www.clipflip.video/data-privacy
[2026-03-06T07:05:04.348Z]   SKIP (not in footer/header): https://www.clipr.co/privacy-terms
[2026-03-06T07:05:04.348Z]   SKIP (not in footer/header): https://www.cloudflare.com/security-policy
[2026-03-06T07:05:04.348Z]   SKIP (not in footer/header): https://www.cloudtechnologies.pl/en/internet-advertising-privacy-policy
[2026-03-06T07:05:04.348Z]   SKIP (not in footer/header): https://www.cloudx.io/privacy-policy
[2026-03-06T07:05:04.348Z]   SKIP (noise): https://www.cnd-motionmedia.de/media/pdf/datenschutz_b2b.pdf
[2026-03-06T07:05:04.348Z]   SKIP (not in footer/header): https://www.commandersact.com/en/privacy
[2026-03-06T07:05:04.348Z]   SKIP (not in footer/header): https://www.communicationads.net/de-de/ueberuns/datenschutz
[2026-03-06T07:05:04.348Z]   SKIP (not in footer/header): https://www.conceptx.com/privacy
[2026-03-06T07:05:04.348Z]   SKIP (not in footer/header): https://www.confiant.com/privacy
[2026-03-06T07:05:04.348Z]   SKIP (not in footer/header): https://www.congstar.de/datenschutz
[2026-03-06T07:05:04.348Z]   SKIP (not in footer/header): https://www.connected-stories.com/legitimate-interest-claim
[2026-03-06T07:05:04.349Z]   SKIP (not in footer/header): https://www.connected-stories.com/privacy-statement
[2026-03-06T07:05:04.349Z]   SKIP (not in footer/header): https://www.contentexchange.me/privacy-policy
[2026-03-06T07:05:04.349Z]   SKIP (not in footer/header): https://www.contentignite.com/privacy-policy
[2026-03-06T07:05:04.349Z]   SKIP (not in footer/header): https://www.contimo.io/privacy-policy
[2026-03-06T07:05:04.349Z]   SKIP (not in footer/header): https://www.cookiebot.com
[2026-03-06T07:05:04.349Z]   SKIP (not in footer/header): https://www.cookiebot.com/en/what-is-behind-powered-by-cookiebot/?utm_source=banner_cb&utm_medium=referral&utm_content=v2
[2026-03-06T07:05:04.349Z]   SKIP (not in footer/header): https://www.cookiebot.com/goto/privacy-policy
[2026-03-06T07:05:04.349Z]   SKIP (not in footer/header): https://www.copegroup.com/datenschutzerklaerung-vermarktung
[2026-03-06T07:05:04.349Z]   SKIP (not in footer/header): https://www.copper6.com/privacy
[2026-03-06T07:05:04.349Z]   SKIP (not in footer/header): https://www.cpex.cz/pro-uzivatele/ochrana-soukromi
[2026-03-06T07:05:04.349Z]   SKIP (not in footer/header): https://www.creatopy.com/legal-information/privacy-policy
[2026-03-06T07:05:04.349Z]   SKIP (not in footer/header): https://www.crimtan.com/privacy-policy
[2026-03-06T07:05:04.349Z]   SKIP (not in footer/header): https://www.criteo.com/privacy
[2026-03-06T07:05:04.350Z]   SKIP (not in footer/header): https://www.criteo.com/privacy/how-we-use-your-data
[2026-03-06T07:05:04.350Z]   SKIP (not in footer/header): https://www.crossvertise.com/rechtliches/datenschutz
[2026-03-06T07:05:04.350Z]   SKIP (not in footer/header): https://www.crossvertise.com/rechtliches/datenschutz/datenschutzbestimmungen-iab-tcf
[2026-03-06T07:05:04.350Z]   SKIP (not in footer/header): https://www.crownpeak.com/privacy
[2026-03-06T07:05:04.350Z]   SKIP (not in footer/header): https://www.cuebiq.com/privacypolicy
[2026-03-06T07:05:04.350Z]   SKIP (not in footer/header): https://www.cwire.com/privacy-policy
[2026-03-06T07:05:04.350Z]   SKIP (not in footer/header): https://www.d3sv.net/privacy
[2026-03-06T07:05:04.350Z]   SKIP (not in footer/header): https://www.data-circle.eu/en/balance-of-interests-assessment
[2026-03-06T07:05:04.350Z]   SKIP (not in footer/header): https://www.data-circle.eu/en/privacy-policy
[2026-03-06T07:05:04.350Z]   SKIP (not in footer/header): https://www.dataexchanger.pl/privacy-policy
[2026-03-06T07:05:04.350Z]   SKIP (not in footer/header): https://www.datonics.com/privacy/privacy-choices
[2026-03-06T07:05:04.350Z]   SKIP (not in footer/header): https://www.datonics.com/privacy/technology-privacy-policy
[2026-03-06T07:05:04.350Z]   SKIP (not in footer/header): https://www.de.welect.de/en/privacy-policy
[2026-03-06T07:05:04.350Z]   SKIP (not in footer/header): https://www.deepintent.com/platform-privacy-policy
[2026-03-06T07:05:04.351Z]   SKIP (not in footer/header): https://www.definemedia.de/datenschutz-conative
[2026-03-06T07:05:04.351Z]   SKIP (not in footer/header): https://www.demandbase.com/privacy
[2026-03-06T07:05:04.351Z]   SKIP (not in footer/header): https://www.dentsu.com/dk/dk/privatlivspolitik
[2026-03-06T07:05:04.351Z]   SKIP (not in footer/header): https://www.dentsu.com/dk/dk/privatlivspolitik%20for%20maalgrupper
[2026-03-06T07:05:04.351Z]   SKIP (not in footer/header): https://www.dentsu.com/it/it/policies/info-cookie
[2026-03-06T07:05:04.351Z]   SKIP (not in footer/header): https://www.dentsu.com/it/it/policies/legittimo-interesse
[2026-03-06T07:05:04.351Z]   SKIP (not in footer/header): https://www.dianomi.com/legal/privacy.epl
[2026-03-06T07:05:04.351Z]   SKIP (not in footer/header): https://www.digitaleast.mobi/privacy-policy
[2026-03-06T07:05:04.351Z]   SKIP (not in footer/header): https://www.digitalturbine.com/privacy-policy
[2026-03-06T07:05:04.351Z]   SKIP (not in footer/header): https://www.discover-tech.io/privacy-policy
[2026-03-06T07:05:04.351Z]   SKIP (not in footer/header): https://www.distroscale.com/privacy-policy
[2026-03-06T07:05:04.351Z]   SKIP (not in footer/header): https://www.drakomediagroup.com/privacy-policy
[2026-03-06T07:05:04.352Z]   SKIP (not in footer/header): https://www.durationmedia.net/privacy-policy
[2026-03-06T07:05:04.352Z]   SKIP (not in footer/header): https://www.dynataprivacy.com
[2026-03-06T07:05:04.352Z]   SKIP (not in footer/header): https://www.e-planning.net/privacy-policy.html
[2026-03-06T07:05:04.352Z]   SKIP (not in footer/header): https://www.effinity.fr/politique-de-confidentialite
[2026-03-06T07:05:04.352Z]   SKIP (not in footer/header): https://www.eltiempo.es/legal/politica-privacidad.html
[2026-03-06T07:05:04.352Z]   SKIP (not in footer/header): https://www.emetriq.com/datenschutz
[2026-03-06T07:05:04.352Z]   SKIP (not in footer/header): https://www.empower.net/privacy
[2026-03-06T07:05:04.352Z]   SKIP (not in footer/header): https://www.empower.net/privacy#legitimate-interest
[2026-03-06T07:05:04.352Z]   SKIP (not in footer/header): https://www.encoredigitalmedia.net/privacy-policy
[2026-03-06T07:05:04.352Z]   SKIP (not in footer/header): https://www.epsilon.com/emea/privacy-policy
[2026-03-06T07:05:04.352Z]   SKIP (not in footer/header): https://www.ermes.ai/politique-de-confidentialite
[2026-03-06T07:05:04.352Z]   SKIP (not in footer/header): https://www.eskimi.com/privacy-policy
[2026-03-06T07:05:04.352Z]   SKIP (not in footer/header): https://www.esome.com/en/data-privacy
[2026-03-06T07:05:04.352Z]   SKIP (not in footer/header): https://www.eulerian.com/en/privacy
[2026-03-06T07:05:04.353Z]   SKIP (not in footer/header): https://www.exads.com/privacy-policy
[2026-03-06T07:05:04.353Z]   SKIP (not in footer/header): https://www.exitbee.com/privacy
[2026-03-06T07:05:04.353Z]   SKIP (not in footer/header): https://www.exoclick.com/privacy-policy
[2026-03-06T07:05:04.353Z]   SKIP (not in footer/header): https://www.expedia.co.uk/p/support/privacy
[2026-03-06T07:05:04.353Z]   SKIP (not in footer/header): https://www.experian.co.uk/privacy/consumer-information-portal
[2026-03-06T07:05:04.353Z]   SKIP (noise): https://www.exponential.com/wp-content/uploads/2018/04/Balancing-Assessment-for-Legitimate-Interest-Publishers-v2.pdf
[2026-03-06T07:05:04.353Z]   SKIP (not in footer/header): https://www.eyeota.com/eyeota-marketplace-privacy-policy#pcc-anchor-2
[2026-03-06T07:05:04.353Z]   SKIP (not in footer/header): https://www.eyeota.com/privacy-center
[2026-03-06T07:05:04.353Z]   SKIP (not in footer/header): https://www.ezoic.com/privacy
[2026-03-06T07:05:04.353Z]   SKIP (not in footer/header): https://www.factori.ai/privacy-policy
[2026-03-06T07:05:04.353Z]   SKIP (not in footer/header): https://www.fast-thinking.co.uk/privacy-policy
[2026-03-06T07:05:04.353Z]   SKIP (not in footer/header): https://www.feeltapmedia.com/privacyPolicy
[2026-03-06T07:05:04.354Z]   SKIP (not in footer/header): https://www.first-id.fr/legale/cookie-policy
[2026-03-06T07:05:04.354Z]   SKIP (not in footer/header): https://www.flexoffers.com/privacy-policy
[2026-03-06T07:05:04.354Z]   SKIP (not in footer/header): https://www.forebase.com/widgets/Zillian_LIA_May_10_2025.htm
[2026-03-06T07:05:04.354Z]   SKIP (not in footer/header): https://www.forebase.com/widgets/Zillian_Privacy_Policy.htm
[2026-03-06T07:05:04.354Z]   SKIP (not in footer/header): https://www.fraud0.com/privacy-policy
[2026-03-06T07:05:04.354Z]   SKIP (not in footer/header): https://www.fraudlogix.com/privacy-policy
[2026-03-06T07:05:04.354Z]   SKIP (not in footer/header): https://www.freewheel.com/privacy-policy
[2026-03-06T07:05:04.354Z]   SKIP (not in footer/header): https://www.freewheel.com/privacy-policy#tab2_section2_4
[2026-03-06T07:05:04.354Z]   SKIP (not in footer/header): https://www.gadsme.com/privacy-policy
[2026-03-06T07:05:04.354Z]   SKIP (not in footer/header): https://www.galaxyx-tech.com/privacy-policy.html#
[2026-03-06T07:05:04.354Z]   SKIP (not in footer/header): https://www.gameloft.com/en/legal/advertising-legitimate-interest
[2026-03-06T07:05:04.354Z]   SKIP (not in footer/header): https://www.gameloft.com/en/privacy-notice
[2026-03-06T07:05:04.355Z]   SKIP (not in footer/header): https://www.gamera.ai/policies/privacy.html
[2026-03-06T07:05:04.355Z]   SKIP (not in footer/header): https://www.gamned.com/privacy-policy
[2026-03-06T07:05:04.355Z]   SKIP (not in footer/header): https://www.gamoshi.com/privacy-policy
[2026-03-06T07:05:04.355Z]   SKIP (not in footer/header): https://www.geemee.ai/privacy
[2026-03-06T07:05:04.355Z]   SKIP (not in footer/header): https://www.geminidirect.de/datenschutz
[2026-03-06T07:05:04.355Z]   SKIP (not in footer/header): https://www.gemius.com/privacy-policy.html
[2026-03-06T07:05:04.355Z]   SKIP (not in footer/header): https://www.geniussports.com/policies/media-buying-services-and-tcf-privacy-notice
[2026-03-06T07:05:04.355Z]   SKIP (not in footer/header): https://www.geoedge.com/privacy-policy
[2026-03-06T07:05:04.355Z]   SKIP (not in footer/header): https://www.getblue.io/privacy/en
[2026-03-06T07:05:04.355Z]   SKIP (not in footer/header): https://www.giftaddigital.com/en/privacy-policy
[2026-03-06T07:05:04.355Z]   SKIP (not in footer/header): https://www.glami.cz/info/privacy
[2026-03-06T07:05:04.355Z]   SKIP (not in footer/header): https://www.glomex.com/en/privacy-policy/privacy-notice-for-the-glomex-player
[2026-03-06T07:05:04.356Z]   SKIP (not in footer/header): https://www.goal.com/en-gb/legal/privacy-policy
[2026-03-06T07:05:04.356Z]   SKIP (not in footer/header): https://www.goseetv.media/privacy
[2026-03-06T07:05:04.356Z]   SKIP (not in footer/header): https://www.gravite.net/data-privacy
[2026-03-06T07:05:04.356Z]   SKIP (not in footer/header): https://www.gravito.net/privacy-notice
[2026-03-06T07:05:04.356Z]   SKIP (not in footer/header): https://www.gsi-one.org/en/privacy-policy.html
[2026-03-06T07:05:04.356Z]   SKIP (not in footer/header): https://www.gumgum.com/terms-and-policies/privacy-policy
[2026-03-06T07:05:04.356Z]   SKIP (not in footer/header): https://www.havas.com/cookie-policy
[2026-03-06T07:05:04.356Z]   SKIP (not in footer/header): https://www.hbagency.ai/privacy
[2026-03-06T07:05:04.356Z]   SKIP (not in footer/header): https://www.humansecurity.com/privacy
[2026-03-06T07:05:04.356Z]   SKIP (not in footer/header): https://www.hurstmediacompany.co.uk/terms-conditions
[2026-03-06T07:05:04.356Z]   SKIP (not in footer/header): https://www.ibm.com/customer-engagement/digital-marketing/gdpr
[2026-03-06T07:05:04.356Z]   SKIP (not in footer/header): https://www.ignitemediatech.com/#/lic
[2026-03-06T07:05:04.356Z]   SKIP (not in footer/header): https://www.ignitemediatech.com/Policy
[2026-03-06T07:05:04.357Z]   SKIP (not in footer/header): https://www.iion.io/privacy-policy
[2026-03-06T07:05:04.357Z]   SKIP (not in footer/header): https://www.improvedigital.com/platform-privacy-policy
[2026-03-06T07:05:04.357Z]   SKIP (not in footer/header): https://www.indexexchange.com/privacy
[2026-03-06T07:05:04.357Z]   SKIP (not in footer/header): https://www.indexexchange.com/privacy/exchange-platform-privacy-policy/#section-3
[2026-03-06T07:05:04.357Z]   SKIP (not in footer/header): https://www.infiniamobile.com/avisopolitica-us.html#pri
[2026-03-06T07:05:04.357Z]   SKIP (not in footer/header): https://www.infolinks.com/privacy-policy
[2026-03-06T07:05:04.357Z]   SKIP (not in footer/header): https://www.infonline.de/en/datenschutzerklaerung
[2026-03-06T07:05:04.357Z]   SKIP (not in footer/header): https://www.ingenioustechnologies.com/privacy-policy
[2026-03-06T07:05:04.357Z]   SKIP (not in footer/header): https://www.inmobi.com/privacy-policy-for-eea
[2026-03-06T07:05:04.357Z]   SKIP (not in footer/header): https://www.innervate.com/privacy
[2026-03-06T07:05:04.357Z]   SKIP (not in footer/header): https://www.innovid.com/privacy-policy
[2026-03-06T07:05:04.357Z]   SKIP (not in footer/header): https://www.innovid.com/privacy-policy#additional-information-europe-residents
[2026-03-06T07:05:04.357Z]   SKIP (not in footer/header): https://www.innovid.com/privacy-policy/#additional-information-europe-residents
[2026-03-06T07:05:04.358Z]   SKIP (not in footer/header): https://www.insticator.com/privacy
[2026-03-06T07:05:04.358Z]   SKIP (not in footer/header): https://www.insurads.com/privacy.html
[2026-03-06T07:05:04.358Z]   SKIP (not in footer/header): https://www.intelliad.de/datenschutz
[2026-03-06T07:05:04.358Z]   SKIP (not in footer/header): https://www.intentiq.com/technology-privacy-policy
[2026-03-06T07:05:04.358Z]   SKIP (not in footer/header): https://www.invibes.com/terms.html
[2026-03-06T07:05:04.358Z]   SKIP (not in footer/header): https://www.invidi.com/privacy-policy-ad-tech-services
[2026-03-06T07:05:04.358Z]   SKIP (not in footer/header): https://www.invidi.com/privacy-policy-ad-tech-services/#legal-basis
[2026-03-06T07:05:04.358Z]   SKIP (not in footer/header): https://www.iponweb.com/policies-legal/iponweb-privacy-policy
[2026-03-06T07:05:04.358Z]   SKIP (not in footer/header): https://www.iponweb.com/policies-legal/themediagrid-privacy-policy
[2026-03-06T07:05:04.358Z]   SKIP (not in footer/header): https://www.ipromote.com/privacy-policy
[2026-03-06T07:05:04.358Z]   SKIP (not in footer/header): https://www.italiaonline.it/corporate/informativa-privacy
[2026-03-06T07:05:04.358Z]   SKIP (not in footer/header): https://www.iubenda.com/privacy-policy/30563919
[2026-03-06T07:05:04.358Z]   SKIP (not in footer/header): https://www.iubenda.com/privacy-policy/30563919/legal
[2026-03-06T07:05:04.358Z]   SKIP (not in footer/header): https://www.ivo.io/privacy
[2026-03-06T07:05:04.359Z]   SKIP (not in footer/header): https://www.jampp.com/privacy-policy-terms-and-conditions
[2026-03-06T07:05:04.359Z]   SKIP (not in footer/header): https://www.jetpack.net/privacy
[2026-03-06T07:05:04.359Z]   SKIP (not in footer/header): https://www.jmmobi.com/privacy.html
[2026-03-06T07:05:04.359Z]   SKIP (not in footer/header): https://www.jobster.com/privacy-statement
[2026-03-06T07:05:04.359Z]   SKIP (not in footer/header): https://www.kameleoon.com/en/privacy-policy
[2026-03-06T07:05:04.359Z]   SKIP (not in footer/header): https://www.kaminoretail.com/privacy-policy
[2026-03-06T07:05:04.359Z]   SKIP (not in footer/header): https://www.kantar.com/cookies-policies
[2026-03-06T07:05:04.359Z]   SKIP (not in footer/header): https://www.kiosked.com/data-processing-policy
[2026-03-06T07:05:04.359Z]   SKIP (not in footer/header): https://www.kliken.com/privacy-policy.html
[2026-03-06T07:05:04.359Z]   SKIP (not in footer/header): https://www.knorex.com/privacy
[2026-03-06T07:05:04.359Z]   SKIP (not in footer/header): https://www.kontext.so/privacy
[2026-03-06T07:05:04.359Z]   SKIP (not in footer/header): https://www.kupona.de/dsgvo/#datenschutzerklaerung
[2026-03-06T07:05:04.359Z]   SKIP (not in footer/header): https://www.kwanko.com/gdpr/privacy-policy
[2026-03-06T07:05:04.360Z]   SKIP (not in footer/header): https://www.lead-alliance.net/dataprotection2
[2026-03-06T07:05:04.360Z]   SKIP (not in footer/header): https://www.leanrads.com/.well-known/legitimate-interest.html
[2026-03-06T07:05:04.360Z]   SKIP (not in footer/header): https://www.leanrads.com/privacy-policy
[2026-03-06T07:05:04.360Z]   SKIP (not in footer/header): https://www.liftdsp.com/privacy-policy
[2026-03-06T07:05:04.360Z]   SKIP (not in footer/header): https://www.livedata-solutions.com/politique-de-confidentialite
[2026-03-06T07:05:04.360Z]   SKIP (not in footer/header): https://www.localsensor.com/privacy.html
[2026-03-06T07:05:04.360Z]   SKIP (not in footer/header): https://www.lotame.com/privacy/services-privacy-notice
[2026-03-06T07:05:04.360Z]   SKIP (noise): https://www.lotame.com/wp-content/uploads/2024/07/TC_String_Legitimate_Interests_Assessment_Lotame.pdf
[2026-03-06T07:05:04.360Z]   SKIP (not in footer/header): https://www.loudecho.ai/legitimate-interest.html
[2026-03-06T07:05:04.360Z]   SKIP (not in footer/header): https://www.loudecho.ai/privacy.html
[2026-03-06T07:05:04.360Z]   SKIP (not in footer/header): https://www.lugh.studio/legal-information
[2026-03-06T07:05:04.360Z]   SKIP (not in footer/header): https://www.lugh.studio/privacy-policy
[2026-03-06T07:05:04.360Z]   SKIP (not in footer/header): https://www.lutkan.com/privacy-notice.html
[2026-03-06T07:05:04.361Z]   SKIP (not in footer/header): https://www.madisonlogic.com/privacy
[2026-03-06T07:05:04.361Z]   SKIP (not in footer/header): https://www.magnite.com/legal/advertising-platform-privacy-policy
[2026-03-06T07:05:04.361Z]   SKIP (not in footer/header): https://www.magnite.com/legal/advertising-technology-privacy-policy
[2026-03-06T07:05:04.361Z]   SKIP (not in footer/header): https://www.manage.com/privacy-policy
[2026-03-06T07:05:04.361Z]   SKIP (noise): https://www.marketperf.com/assets/images/app/marketperf/pdf/privacy-policy.pdf
[2026-03-06T07:05:04.361Z]   SKIP (not in footer/header): https://www.maximiles.fr/privacy-policy
[2026-03-06T07:05:04.361Z]   SKIP (not in footer/header): https://www.media.net/privacy-policy
[2026-03-06T07:05:04.361Z]   SKIP (not in footer/header): https://www.media.net/privacy-policy/#legitimate-interest
[2026-03-06T07:05:04.361Z]   SKIP (not in footer/header): https://www.mediafuse.com/legitimateinterest
[2026-03-06T07:05:04.361Z]   SKIP (not in footer/header): https://www.mediafuse.com/privacypolicy
[2026-03-06T07:05:04.361Z]   SKIP (not in footer/header): https://www.mediago.io/policy
[2026-03-06T07:05:04.361Z]   SKIP (not in footer/header): https://www.mediametrie.fr/en/management-cookies
[2026-03-06T07:05:04.361Z]   SKIP (not in footer/header): https://www.mediamonks.com/privacy-notice
[2026-03-06T07:05:04.362Z]   SKIP (not in footer/header): https://www.mediarithmics.io/legal/data-policy
[2026-03-06T07:05:04.362Z]   SKIP (not in footer/header): https://www.mediarithmics.io/legal/data-policy-connect-id
[2026-03-06T07:05:04.362Z]   SKIP (not in footer/header): https://www.mediasquare.fr/e-privacy
[2026-03-06T07:05:04.362Z]   SKIP (not in footer/header): https://www.mediavine.com/privacy-policy
[2026-03-06T07:05:04.362Z]   SKIP (not in footer/header): https://www.metrixlab.com/privacy-notice
[2026-03-06T07:05:04.362Z]   SKIP (not in footer/header): https://www.mgid.com/privacy-policy
[2026-03-06T07:05:04.362Z]   SKIP (not in footer/header): https://www.mindtos.com/privacy-policy
[2026-03-06T07:05:04.362Z]   SKIP (not in footer/header): https://www.mintegral.com/en/privacy
[2026-03-06T07:05:04.362Z]   SKIP (not in footer/header): https://www.minutemedia.com/policies/privacy-policy
[2026-03-06T07:05:04.362Z]   SKIP (not in footer/header): https://www.mistplay.com/legal/privacy
[2026-03-06T07:05:04.362Z]   SKIP (not in footer/header): https://www.mobfox.com/privacy-policy
[2026-03-06T07:05:04.362Z]   SKIP (not in footer/header): https://www.mobilewalla.com/business-services-privacy-notice-2023
[2026-03-06T07:05:04.363Z]   SKIP (not in footer/header): https://www.mobkoi.com/advertising-platform-privacy-policy
[2026-03-06T07:05:04.363Z]   SKIP (not in footer/header): https://www.mobsuccess.com/en/legitimate-interest-documentation
[2026-03-06T07:05:04.363Z]   SKIP (not in footer/header): https://www.mobsuccess.com/en/privacy
[2026-03-06T07:05:04.363Z]   SKIP (not in footer/header): https://www.moloco.com/advertising-policy
[2026-03-06T07:05:04.363Z]   SKIP (not in footer/header): https://www.moloco.com/privacy-policy
[2026-03-06T07:05:04.363Z]   SKIP (not in footer/header): https://www.movingup.it/informativa-trattamento-dati-personali
[2026-03-06T07:05:04.363Z]   SKIP (not in footer/header): https://www.multibrain.tech/privacy
[2026-03-06T07:05:04.363Z]   SKIP (not in footer/header): https://www.my-cast.tv/privacy-policy
[2026-03-06T07:05:04.363Z]   SKIP (not in footer/header): https://www.mytraffic.io/en/privacy
[2026-03-06T07:05:04.363Z]   SKIP (not in footer/header): https://www.nanointeractive.com/privacy-statement
[2026-03-06T07:05:04.363Z]   SKIP (not in footer/header): https://www.nativery.com/privacy-en/?
[2026-03-06T07:05:04.363Z]   SKIP (not in footer/header): https://www.nativo.com/interest-based-ads
[2026-03-06T07:05:04.364Z]   SKIP (not in footer/header): https://www.nativo.com/interest-based-ads#how-we-use-your-personal-data-and-why
[2026-03-06T07:05:04.364Z]   SKIP (not in footer/header): https://www.navegg.com/en/privacy-policy
[2026-03-06T07:05:04.364Z]   SKIP (not in footer/header): https://www.ncaudienceexchange.com/privacy
[2026-03-06T07:05:04.364Z]   SKIP (not in footer/header): https://www.neory.com/privacy.html
[2026-03-06T07:05:04.364Z]   SKIP (not in footer/header): https://www.netpoint-media.de/inside/datenschutz
[2026-03-06T07:05:04.364Z]   SKIP (not in footer/header): https://www.netpoint-media.de/technik/datenschutz
[2026-03-06T07:05:04.364Z]   SKIP (not in footer/header): https://www.nexd.com/legitimate-interest-claim
[2026-03-06T07:05:04.364Z]   SKIP (not in footer/header): https://www.nextroll.com/lia
[2026-03-06T07:05:04.364Z]   SKIP (not in footer/header): https://www.nextroll.com/privacy
[2026-03-06T07:05:04.364Z]   SKIP (not in footer/header): https://www.nicequest.com/gb/cookies
[2026-03-06T07:05:04.364Z]   SKIP (not in footer/header): https://www.nicequest.com/gb/privacy
[2026-03-06T07:05:04.364Z]   SKIP (not in footer/header): https://www.nicequest.com/us/privacy
[2026-03-06T07:05:04.364Z]   SKIP (not in footer/header): https://www.nielsen.com/legal/privacy-principles/digital-measurement-privacy-statement
[2026-03-06T07:05:04.365Z]   SKIP (not in footer/header): https://www.nielsen.com/legal/privacy-principles/digital-measurement-privacy-statement/#legal-basis
[2026-03-06T07:05:04.365Z]   SKIP (not in footer/header): https://www.nielsen.com/us/en/legal/privacy-statement/nielsen-marketing-cloud-privacy-notice
[2026-03-06T07:05:04.365Z]   SKIP (not in footer/header): https://www.nobid.io/privacy-policy
[2026-03-06T07:05:04.365Z]   SKIP (not in footer/header): https://www.nobid.io/privacy-policy/#legal_grounds
[2026-03-06T07:05:04.365Z]   SKIP (not in footer/header): https://www.nonstoppartner.net
[2026-03-06T07:05:04.365Z]   SKIP (not in footer/header): https://www.nordicdataresources.com/contact
[2026-03-06T07:05:04.365Z]   SKIP (not in footer/header): https://www.nordicdataresources.com/terms-of-service
[2026-03-06T07:05:04.365Z]   SKIP (not in footer/header): https://www.nowtilus.tv/end-users-privacy-policy
[2026-03-06T07:05:04.365Z]   SKIP (not in footer/header): https://www.octopads.io/politique-de-confidentialit%C3%A9
[2026-03-06T07:05:04.365Z]   SKIP (not in footer/header): https://www.omni-dex.io/publisherterms/privacy-policy
[2026-03-06T07:05:04.365Z]   SKIP (not in footer/header): https://www.onaudience.com/internet-advertising-privacy-policy
[2026-03-06T07:05:04.365Z]   SKIP (not in footer/header): https://www.oneid.digital/en/privacy-policy
[2026-03-06T07:05:04.366Z]   SKIP (not in footer/header): https://www.onetag.com/privacy
[2026-03-06T07:05:04.366Z]   SKIP (not in footer/header): https://www.onlineumfragen.com/3index_2010_agb.cfm
[2026-03-06T07:05:04.366Z]   SKIP (not in footer/header): https://www.onprospects.com/privacy-policy
[2026-03-06T07:05:04.366Z]   SKIP (not in footer/header): https://www.openweb.com/legal-and-privacy/privacy
[2026-03-06T07:05:04.366Z]   SKIP (not in footer/header): https://www.openx.com/legal/privacy-policy
[2026-03-06T07:05:04.366Z]   SKIP (not in footer/header): https://www.opera.com/privacy
[2026-03-06T07:05:04.366Z]   SKIP (not in footer/header): https://www.optidigital.com/en/privacy-policy
[2026-03-06T07:05:04.366Z]   SKIP (not in footer/header): https://www.otto.de/shoppages/service/datenschutz
[2026-03-06T07:05:04.366Z]   SKIP (not in footer/header): https://www.outbrain.com/privacy
[2026-03-06T07:05:04.366Z]   SKIP (not in footer/header): https://www.outbrain.com/privacy/privacy-policy-outbrain-dsp
[2026-03-06T07:05:04.366Z]   SKIP (not in footer/header): https://www.ozoneproject.com/legitimate-interest-test
[2026-03-06T07:05:04.366Z]   SKIP (not in footer/header): https://www.ozoneproject.com/website-privacy-cookie
[2026-03-06T07:05:04.366Z]   SKIP (not in footer/header): https://www.paypal.com/uk/legalhub/paypal/privacy-full
[2026-03-06T07:05:04.366Z]   SKIP (not in footer/header): https://www.peer39.com/cookie-notice
[2026-03-06T07:05:04.367Z]   SKIP (not in footer/header): https://www.peer39.com/privacy-policy
[2026-03-06T07:05:04.367Z]   SKIP (not in footer/header): https://www.performax.cz/en/privacy-policy
[2026-03-06T07:05:04.367Z]   SKIP (not in footer/header): https://www.performax.cz/en/processed-purposes
[2026-03-06T07:05:04.367Z]   SKIP (not in footer/header): https://www.piano.io/privacy-policy
[2026-03-06T07:05:04.367Z]   SKIP (not in footer/header): https://www.pickwell.co/privacy-policy
[2026-03-06T07:05:04.367Z]   SKIP (noise): https://www.pinpoll.com/pdf/data-protection-declaration.pdf
[2026-03-06T07:05:04.367Z]   SKIP (not in footer/header): https://www.pixalate.com/privacypolicy
[2026-03-06T07:05:04.367Z]   SKIP (not in footer/header): https://www.pixfuture.com/terms-and-conditions#dpa-terms
[2026-03-06T07:05:04.367Z]   SKIP (not in footer/header): https://www.pixfuture.com/terms-and-conditions#privacy-policy
[2026-03-06T07:05:04.367Z]   SKIP (not in footer/header): https://www.playwire.com/privacy-policy
[2026-03-06T07:05:04.367Z]   SKIP (not in footer/header): https://www.pmlatam.com/privacy-policy
[2026-03-06T07:05:04.368Z]   SKIP (not in footer/header): https://www.prado.co/privacy
[2026-03-06T07:05:04.368Z]   SKIP (not in footer/header): https://www.pressboardmedia.com/privacy-policy
[2026-03-06T07:05:04.368Z]   SKIP (not in footer/header): https://www.primis.tech/privacy-policy
[2026-03-06T07:05:04.368Z]   SKIP (not in footer/header): https://www.prismamedia.com/espace-confidentialite
[2026-03-06T07:05:04.368Z]   SKIP (not in footer/header): https://www.programmaticx.ai/privacypolicy
[2026-03-06T07:05:04.368Z]   SKIP (not in footer/header): https://www.protected.media/privacy-policy
[2026-03-06T07:05:04.368Z]   SKIP (not in footer/header): https://www.proxistore.com/privacy-policy
[2026-03-06T07:05:04.368Z]   SKIP (not in footer/header): https://www.proxistore.com/privacy-policy/#legitimate_interest
[2026-03-06T07:05:04.368Z]   SKIP (not in footer/header): https://www.pubeasy.io/privacy-policy.html
[2026-03-06T07:05:04.368Z]   SKIP (not in footer/header): https://www.publica4.com/datenschutzerklaerung-2025
[2026-03-06T07:05:04.368Z]   SKIP (not in footer/header): https://www.publicismedia.de/datenschutz
[2026-03-06T07:05:04.368Z]   SKIP (not in footer/header): https://www.qualitymedianetwork.de/datenschutz
[2026-03-06T07:05:04.368Z]   SKIP (not in footer/header): https://www.quantcast.com/privacy
[2026-03-06T07:05:04.369Z]   SKIP (not in footer/header): https://www.queryclick.com/privacy-policy
[2026-03-06T07:05:04.369Z]   SKIP (not in footer/header): https://www.raaslab.com/legititmate-interest-statement
[2026-03-06T07:05:04.369Z]   SKIP (not in footer/header): https://www.raaslab.com/privacy-policy
[2026-03-06T07:05:04.369Z]   SKIP (not in footer/header): https://www.rackspace.com/information/legal/privacycenter
[2026-03-06T07:05:04.369Z]   SKIP (not in footer/header): https://www.raptorservices.com/privacy-policy
[2026-03-06T07:05:04.369Z]   SKIP (not in footer/header): https://www.readpeak.com/terms/legitimate-interest-assessment-lia
[2026-03-06T07:05:04.369Z]   SKIP (not in footer/header): https://www.readpeak.com/terms/readpeak-privacy-policy
[2026-03-06T07:05:04.369Z]   SKIP (not in footer/header): https://www.realytics.io/platform-privacy-policy
[2026-03-06T07:05:04.369Z]   SKIP (not in footer/header): https://www.refine.direct/en/cookie-policy
[2026-03-06T07:05:04.369Z]   SKIP (not in footer/header): https://www.refine.direct/en/legitimate-interest-assessment
[2026-03-06T07:05:04.369Z]   SKIP (not in footer/header): https://www.relevant-digital.com/privacy-policy
[2026-03-06T07:05:04.369Z]   SKIP (not in footer/header): https://www.remerge.io/service-privacy-policy
[2026-03-06T07:05:04.370Z]   SKIP (not in footer/header): https://www.reppublika.com/privacy-policy
[2026-03-06T07:05:04.370Z]   SKIP (not in footer/header): https://www.reppublikaresearch.com/ratings-privacy-policy
[2026-03-06T07:05:04.370Z]   SKIP (not in footer/header): https://www.resonate.com/privacy-policy
[2026-03-06T07:05:04.370Z]   SKIP (not in footer/header): https://www.retailads.net/de-de/ueberuns/datenschutz
[2026-03-06T07:05:04.370Z]   SKIP (not in footer/header): https://www.retailor.media/privacy-policy
[2026-03-06T07:05:04.370Z]   SKIP (not in footer/header): https://www.revcontent.com/privacy-policies
[2026-03-06T07:05:04.370Z]   SKIP (not in footer/header): https://www.revolutionad.com/privacy-policy
[2026-03-06T07:05:04.370Z]   SKIP (not in footer/header): https://www.rmads.io/en/dataremoval
[2026-03-06T07:05:04.370Z]   SKIP (not in footer/header): https://www.rmads.io/privacy-policy
[2026-03-06T07:05:04.370Z]   SKIP (not in footer/header): https://www.rmcbfm-ads.com/donnees-personnelles.html
[2026-03-06T07:05:04.370Z]   SKIP (not in footer/header): https://www.roam-geo.com/privacy-policy
[2026-03-06T07:05:04.370Z]   SKIP (not in footer/header): https://www.rockerbox.com/privacy
[2026-03-06T07:05:04.371Z]   SKIP (not in footer/header): https://www.roq.ad/privacy-policy-roqad
[2026-03-06T07:05:04.371Z]   SKIP (not in footer/header): https://www.rtbhouse.com/legitimate_interest_assessments_tcf
[2026-03-06T07:05:04.371Z]   SKIP (not in footer/header): https://www.rtbhouse.com/privacy-center
[2026-03-06T07:05:04.371Z]   SKIP (not in footer/header): https://www.sabioctv.com/privacypolicy
[2026-03-06T07:05:04.371Z]   SKIP (noise): https://www.sarigato.com/polityka_prywatnosci_sarigato_sataku.pdf
[2026-03-06T07:05:04.371Z]   SKIP (not in footer/header): https://www.scoota.com/privacy
[2026-03-06T07:05:04.371Z]   SKIP (not in footer/header): https://www.scorecardresearch.com/privacy.aspx
[2026-03-06T07:05:04.371Z]   SKIP (not in footer/header): https://www.se7en.es/privacy
[2026-03-06T07:05:04.371Z]   SKIP (not in footer/header): https://www.selectmedia.asia/terms-and-privacy
[2026-03-06T07:05:04.371Z]   SKIP (not in footer/header): https://www.semasio.com/legal/semasio-privacy-policy
[2026-03-06T07:05:04.371Z]   SKIP (not in footer/header): https://www.seven.one/datenschutzhinweise/somquery-somtag
[2026-03-06T07:05:04.371Z]   SKIP (not in footer/header): https://www.seven.one/datenschutzhinweise/somquery-somtag#legIntClaim
[2026-03-06T07:05:04.371Z]   SKIP (not in footer/header): https://www.seznam.cz/ochranaudaju
[2026-03-06T07:05:04.371Z]   SKIP (not in footer/header): https://www.sharethrough.com/privacy-center/consumer-privacy-notice
[2026-03-06T07:05:04.372Z]   SKIP (not in footer/header): https://www.shemedia.com/ad-services-privacy-policy
[2026-03-06T07:05:04.372Z]   SKIP (not in footer/header): https://www.shinystat.com/it/informativa_privacy_generale.html
[2026-03-06T07:05:04.372Z]   SKIP (not in footer/header): https://www.sift.co/privacy
[2026-03-06T07:05:04.372Z]   SKIP (not in footer/header): https://www.singlespot.com/en/privacy_policy
[2026-03-06T07:05:04.372Z]   SKIP (not in footer/header): https://www.sirdata.com/en/Privacy
[2026-03-06T07:05:04.372Z]   SKIP (not in footer/header): https://www.sirdata.com/en/Privacy#legitimateinterest
[2026-03-06T07:05:04.372Z]   SKIP (not in footer/header): https://www.skaze.com/fr/politique/politique-de-confidentialite
[2026-03-06T07:05:04.372Z]   SKIP (not in footer/header): https://www.skoiy.com/en/privacy-policy
[2026-03-06T07:05:04.372Z]   SKIP (not in footer/header): https://www.smaato.com/privacy
[2026-03-06T07:05:04.372Z]   SKIP (not in footer/header): https://www.smartico.one/legal/privacy-services
[2026-03-06T07:05:04.372Z]   SKIP (noise): https://www.smartmeanalytics.com/static/docs/Politica_privacidad_Smartmeanalytics.pdf
[2026-03-06T07:05:04.372Z]   SKIP (not in footer/header): https://www.smartology.net/legitimate-interest-assessments
[2026-03-06T07:05:04.372Z]   SKIP (not in footer/header): https://www.smartology.net/privacy-policy
[2026-03-06T07:05:04.372Z]   SKIP (not in footer/header): https://www.smartstream.tv/de/produktdatenschutz
[2026-03-06T07:05:04.373Z]   SKIP (not in footer/header): https://www.smilewanted.com/privacy.php
[2026-03-06T07:05:04.373Z]   SKIP (not in footer/header): https://www.smoot.ai/privacy
[2026-03-06T07:05:04.373Z]   SKIP (not in footer/header): https://www.snigel.com/privacy-policy
[2026-03-06T07:05:04.373Z]   SKIP (not in footer/header): https://www.socoto.com/datenschutz
[2026-03-06T07:05:04.373Z]   SKIP (not in footer/header): https://www.sojern.com/privacy/privacy-policy
[2026-03-06T07:05:04.373Z]   SKIP (not in footer/header): https://www.solocal.com/protection-de-la-vie-privee
[2026-03-06T07:05:04.373Z]   SKIP (not in footer/header): https://www.sovrn.com/privacy-policy
[2026-03-06T07:05:04.373Z]   SKIP (not in footer/header): https://www.spoods.info/#cookie-policy
[2026-03-06T07:05:04.373Z]   SKIP (not in footer/header): https://www.sportradar.com/about-us/privacy
[2026-03-06T07:05:04.373Z]   SKIP (not in footer/header): https://www.squadata.net/en/private-policy
[2026-03-06T07:05:04.373Z]   SKIP (not in footer/header): https://www.stackadapt.com/privacy-policy
[2026-03-06T07:05:04.373Z]   SKIP (not in footer/header): https://www.start.io/policy/privacy-policy-site
[2026-03-06T07:05:04.373Z]   SKIP (not in footer/header): https://www.streamonkey.de/de/datenschutz
[2026-03-06T07:05:04.373Z]   SKIP (not in footer/header): https://www.stroeer.de/ssp-datenschutz
[2026-03-06T07:05:04.374Z]   SKIP (not in footer/header): https://www.stroeer.de/werben-mit-stroeer/onlinewerbung/programmatic-data/datenschutz-sdi
[2026-03-06T07:05:04.374Z]   SKIP (not in footer/header): https://www.stroeer.de/werben-mit-stroeer/onlinewerbung/programmatic-data/sdi-datenschutz-b2c
[2026-03-06T07:05:04.374Z]   SKIP (not in footer/header): https://www.strossle.com/platform-privacy-notice
[2026-03-06T07:05:04.374Z]   SKIP (not in footer/header): https://www.suntcontent.com/privacy/#privacy-english
[2026-03-06T07:05:04.374Z]   SKIP (not in footer/header): https://www.swipefinder.com/privacy-policy-website
[2026-03-06T07:05:04.374Z]   SKIP (not in footer/header): https://www.synamedia.com/iris-privacy-policy
[2026-03-06T07:05:04.374Z]   SKIP (not in footer/header): https://www.synoint.com/privacy-policy
[2026-03-06T07:05:04.374Z]   SKIP (not in footer/header): https://www.taboola.com/privacy-policy
[2026-03-06T07:05:04.374Z]   SKIP (not in footer/header): https://www.tangoomedia.com/services_privacypolicy
[2026-03-06T07:05:04.374Z]   SKIP (not in footer/header): https://www.tappx.com/en/privacy-policy
[2026-03-06T07:05:04.374Z]   SKIP (not in footer/header): https://www.taptapdigital.com/privacy-policy
[2026-03-06T07:05:04.374Z]   SKIP (not in footer/header): https://www.targetbetter.com/privacypolicy
[2026-03-06T07:05:04.374Z]   SKIP (not in footer/header): https://www.targetspot.com/privacy-policy-2
[2026-03-06T07:05:04.374Z]   SKIP (not in footer/header): https://www.teal.works/privacy
[2026-03-06T07:05:04.375Z]   SKIP (noise): https://www.tec-do.com/en/static/home/Tec-Do%20Privacy%20Policy_24075.pdf
[2026-03-06T07:05:04.375Z]   SKIP (not in footer/header): https://www.telecoming.com/privacy-policy
[2026-03-06T07:05:04.375Z]   SKIP (not in footer/header): https://www.theadx.com/en/privacy
[2026-03-06T07:05:04.375Z]   SKIP (not in footer/header): https://www.thebrave.io/privacy-policy
[2026-03-06T07:05:04.375Z]   SKIP (not in footer/header): https://www.thenewco.it/privacy_policy_servizi_prodotti.html
[2026-03-06T07:05:04.375Z]   SKIP (not in footer/header): https://www.thetradedesk.com/us/privacy
[2026-03-06T07:05:04.375Z]   SKIP (not in footer/header): https://www.thumbad.com/device-storage-disclosure
[2026-03-06T07:05:04.375Z]   SKIP (not in footer/header): https://www.thumbad.com/privacy-policy
[2026-03-06T07:05:04.375Z]   SKIP (not in footer/header): https://www.titanos.tv/ads-privacy-policy
[2026-03-06T07:05:04.375Z]   SKIP (not in footer/header): https://www.tl1mkt.com/privacy.html
[2026-03-06T07:05:04.375Z]   SKIP (not in footer/header): https://www.toponad.net/en/privacy-policy
[2026-03-06T07:05:04.375Z]   SKIP (not in footer/header): https://www.tradplusad.com/en
[2026-03-06T07:05:04.375Z]   SKIP (not in footer/header): https://www.tradplusad.com/en/privacy-policy
[2026-03-06T07:05:04.376Z]   SKIP (not in footer/header): https://www.trinityaudio.ai/privacy-policy
[2026-03-06T07:05:04.376Z]   SKIP (not in footer/header): https://www.tritondigital.com/privacy-policies
[2026-03-06T07:05:04.376Z]   SKIP (not in footer/header): https://www.truedata.co/privacy-policy
[2026-03-06T07:05:04.376Z]   SKIP (not in footer/header): https://www.trustarc.com/privacy-policy
[2026-03-06T07:05:04.376Z]   SKIP (not in footer/header): https://www.twist.win/privacy
[2026-03-06T07:05:04.376Z]   SKIP (not in footer/header): https://www.twist.win/terms
[2026-03-06T07:05:04.376Z]   SKIP (not in footer/header): https://www.ucfunnel.com/privacy-policy
[2026-03-06T07:05:04.376Z]   SKIP (not in footer/header): https://www.ultimedia.com/default/presentation/cgu
[2026-03-06T07:05:04.376Z]   SKIP (not in footer/header): https://www.ultimedia.com/default/presentation/politiqueconfidentialite
[2026-03-06T07:05:04.376Z]   SKIP (not in footer/header): https://www.undertone.com/privacy-center
[2026-03-06T07:05:04.376Z]   SKIP (not in footer/header): https://www.unicredit.it/it/info/privacy.html
[2026-03-06T07:05:04.376Z]   SKIP (not in footer/header): https://www.united-internet-media.de/de/datenschutzhinweis
[2026-03-06T07:05:04.376Z]   SKIP (not in footer/header): https://www.usemax.de/?l=privacy
[2026-03-06T07:05:04.377Z]   SKIP (not in footer/header): https://www.valiuz.com/politique-de-confidentialite-2
[2026-03-06T07:05:04.377Z]   SKIP (not in footer/header): https://www.venatus.com/privacy
[2026-03-06T07:05:04.377Z]   SKIP (not in footer/header): https://www.venatus.com/privacy-choices
[2026-03-06T07:05:04.377Z]   SKIP (not in footer/header): https://www.viantinc.com/privacy-center
[2026-03-06T07:05:04.377Z]   SKIP (not in footer/header): https://www.videobot.com/privacy-policy
[2026-03-06T07:05:04.377Z]   SKIP (not in footer/header): https://www.vistarmedia.com/privacy
[2026-03-06T07:05:04.377Z]   SKIP (not in footer/header): https://www.vitrado.de/datenschutz
[2026-03-06T07:05:04.377Z]   SKIP (not in footer/header): https://www.vlyby.com/product-privacy
[2026-03-06T07:05:04.377Z]   SKIP (not in footer/header): https://www.vodafone.de/unternehmen/datenschutz-privatsphaere.html
[2026-03-06T07:05:04.377Z]   SKIP (noise): https://www.voisetech.com/wp-content/uploads/2025/09/Privacy-Policy-1.pdf
[2026-03-06T07:05:04.377Z]   SKIP (not in footer/header): https://www.vondos.de/datenschutz
[2026-03-06T07:05:04.377Z]   SKIP (not in footer/header): https://www.wayfair.com/customerservice/general_info.php#privacy
[2026-03-06T07:05:04.377Z]   SKIP (not in footer/header): https://www.weareilluma.com/end-user-policy
[2026-03-06T07:05:04.378Z]   SKIP (not in footer/header): https://www.wearemiq.com/privacy-and-compliance
[2026-03-06T07:05:04.378Z]   SKIP (not in footer/header): https://www.wearevyde.com/privacy
[2026-03-06T07:05:04.378Z]   SKIP (not in footer/header): https://www.wearevyde.com/privacy#legitimate-interest
[2026-03-06T07:05:04.378Z]   SKIP (not in footer/header): https://www.webgains.com/public/en/privacy-2
[2026-03-06T07:05:04.378Z]   SKIP (not in footer/header): https://www.wetter.com/internal/news/datenschutzhinweise_aid_607698849b8ecf79e21584fa.html
[2026-03-06T07:05:04.378Z]   SKIP (not in footer/header): https://www.wizaly.com/terms-of-use#privacy-policy
[2026-03-06T07:05:04.378Z]   SKIP (not in footer/header): https://www.wppmedia.com/pages/privacy-policy
[2026-03-06T07:05:04.378Z]   SKIP (not in footer/header): https://www.wunderkind.co/privacy
[2026-03-06T07:05:04.378Z]   SKIP (not in footer/header): https://www.wunderkind.co/privacy/data-request-instructions
[2026-03-06T07:05:04.378Z]   SKIP (not in footer/header): https://www.wurl.com/wurl-advertising-services-privacy-notice/#15
[2026-03-06T07:05:04.378Z]   SKIP (not in footer/header): https://www.xapads.com/gdpr-policy
[2026-03-06T07:05:04.378Z]   SKIP (not in footer/header): https://www.xapads.com/privacy-policy
[2026-03-06T07:05:04.378Z]   SKIP (not in footer/header): https://www.xr.global/legal/privacy-policy-for-xr-extreme-reach-ad-serving-and-analytics
[2026-03-06T07:05:04.378Z]   SKIP (not in footer/header): https://www.xxxlutz.de/c/privacy
[2026-03-06T07:05:04.379Z]   SKIP (not in footer/header): https://www.yieldlove.com/de-de/datenschutz
[2026-03-06T07:05:04.379Z]   SKIP (not in footer/header): https://www.yieldmo.com/privacy
[2026-03-06T07:05:04.379Z]   SKIP (not in footer/header): https://www.yieldr.com/privacy
[2026-03-06T07:05:04.379Z]   SKIP (not in footer/header): https://www.ziffdavis.com/privacy-policy
[2026-03-06T07:05:04.379Z]   SKIP (not in footer/header): https://www.ziffdavis.com/privacy-policy#lawful
[2026-03-06T07:05:04.379Z]   SKIP (not in footer/header): https://www.zmaticoo.com/zmaticoo/privacies.html
[2026-03-06T07:05:04.379Z]   SKIP (not in footer/header): https://www.zuuvi.com/privacy-policy
[2026-03-06T07:05:04.379Z]   SKIP (not in footer/header): https://www.zuuvi.com/privacy-policy/legitimate-reasons
[2026-03-06T07:05:04.379Z]   SKIP (not in footer/header): https://www2.rampanel.com/privacy-policy
[2026-03-06T07:05:04.379Z]   SKIP (not in footer/header): https://xadspoteffects.com/en/privacy-policy
[2026-03-06T07:05:04.379Z]   SKIP (not in footer/header): https://xe.works/privacy-policy
[2026-03-06T07:05:04.379Z]   SKIP (not in footer/header): https://xpln.ai/privacy
[2026-03-06T07:05:04.379Z]   SKIP (noise): https://xroads.b-cdn.net/Leap4-Privacy_Policy.pdf
[2026-03-06T07:05:04.379Z]   SKIP (not in footer/header): https://yieldbird.com/privacy-policy
[2026-03-06T07:05:04.380Z]   SKIP (not in footer/header): https://yieldbird.com/transparency-policy
[2026-03-06T07:05:04.380Z]   SKIP (not in footer/header): https://yoc.com/privacy
[2026-03-06T07:05:04.380Z]   SKIP (not in footer/header): https://youappi.com/privacy-policy
[2026-03-06T07:05:04.380Z]   SKIP (not in footer/header): https://zeitagency.com/privacy.html
[2026-03-06T07:05:04.380Z]   SKIP (not in footer/header): https://zeotap.com/privacy-policy
[2026-03-06T07:05:04.380Z]   SKIP (not in footer/header): https://zeotapdata.net/privacy-policy
[2026-03-06T07:05:04.380Z]   SKIP (not in footer/header): https://zetaglobal.com/privacy-policy/?_gl=1*1suh83d*_ga*MTM4MDYyOTA5Mi4xNjg5MTgwODAy*_ga_H1DTS3V7ZB*MTY5MDgzMzcxNi4xLjAuMTY5MDgzMzcxOC41OC4wLjA.
[2026-03-06T07:05:04.380Z]   SKIP (not in footer/header): https://zms.zalando.com/#
[2026-03-06T07:05:04.380Z] Step 2b result: added 0 uncategorized domains from footer/header
[2026-03-06T07:05:04.380Z] ── Step 3: Final dedup ──
[2026-03-06T07:05:04.380Z] Dedup: removed 0 of 7 URLs already in specialized fields
[2026-03-06T07:05:04.380Z] ── FINAL RESULT ──
[2026-03-06T07:05:04.380Z]   ws (2):
[2026-03-06T07:05:04.381Z]     - https://app.materials.zone
[2026-03-06T07:05:04.381Z]     - https://www.materials.zone
[2026-03-06T07:05:04.381Z]   li (2):
[2026-03-06T07:05:04.381Z]     - https://www.linkedin.com/company/materials-zone
[2026-03-06T07:05:04.381Z]     - https://www.linkedin.com/company/materialszone
[2026-03-06T07:05:04.381Z]   fb (2):
[2026-03-06T07:05:04.381Z]     - https://www.facebook.com/about
[2026-03-06T07:05:04.381Z]     - https://www.facebook.com/materialszone
[2026-03-06T07:05:04.381Z]   tw (1):
[2026-03-06T07:05:04.381Z]     - https://x.com/materialszone
[2026-03-06T07:05:04.381Z]   ig (1):
[2026-03-06T07:05:04.381Z]     - https://www.instagram.com/materialszone
[2026-03-06T07:05:04.381Z]   gh (1):
[2026-03-06T07:05:04.381Z]     - https://github.com/materialszone
[2026-03-06T07:05:04.382Z]   ytp (1):
[2026-03-06T07:05:04.382Z]     - https://www.youtube.com/@materialszone
[2026-03-06T07:05:04.382Z]   urls (7):
[2026-03-06T07:05:04.382Z]     - https://apps.apple.com/us/developer/materialszone/id1234567890
[2026-03-06T07:05:04.382Z]     - https://crunchbase.com/organization/materialszone
[2026-03-06T07:05:04.382Z]     - https://discord.gg/MaterialsZone
[2026-03-06T07:05:04.382Z]     - https://materialszone.com/privacy-policy
[2026-03-06T07:05:04.382Z]     - https://materialszone.com/terms-of-service
[2026-03-06T07:05:04.382Z]     - https://materialszone.medium.com
[2026-03-06T07:05:04.382Z]     - https://www.producthunt.com/@MaterialsZone
[2026-03-06T07:05:04.382Z]   android_dev_id: MaterialsZone
[2026-03-06T07:05:04.382Z] Summary: ws:2, fb:2, li:2, urls:7, tw:1, ig:1, gh:1, ytp:1, android_dev_id:1
[2026-03-06T07:05:04.383Z] Saved final result to result.json
[2026-03-06T07:05:04.383Z] Override fields: ws, li, fb, tw, ig, gh, ytp, urls, android_dev_id
[2026-03-06T07:05:04.384Z] Finished at: 2026-03-06T07:05:04.383Z
