[2026-03-24T00:55:49.435Z] === Homepage AI Extractor: Chosen Healthcare ===
[2026-03-24T00:55:49.435Z] Started at: 2026-03-24T00:55:49.435Z
[2026-03-24T00:55:49.435Z] Log directory: C:\Users\ahmed\code\mono\packages\scrapper\logs\homepage_ai_extractor\1774313749434_Chosen_Healthcare
[2026-03-24T00:55:49.435Z] Company: Chosen Healthcare
[2026-03-24T00:55:49.435Z] Website: chosenhealthcare.com
[2026-03-24T00:55:49.435Z] cbRank: 71908
[2026-03-24T00:55:49.435Z] Reasons: i
[2026-03-24T00:55:49.435Z] Fetching: https://chosenhealthcare.com
[2026-03-24T00:56:00.764Z] Network idle timeout — continuing with current state
[2026-03-24T00:56:01.056Z] Redirected: https://chosenhealthcare.com -> https://chosenhealthcare.com/
[2026-03-24T00:56:01.062Z] Saved HTML (86463 bytes) to page.html
[2026-03-24T00:56:01.071Z] Extracted 607 unique links from page
[2026-03-24T00:56:01.072Z] Saved 607 links to links.json
[2026-03-24T00:56:01.077Z] Extracted footer HTML (2656 chars)
[2026-03-24T00:56:01.077Z] Extracted header HTML (4333 chars)
[2026-03-24T00:56:01.081Z] Website (post-redirect): https://chosenhealthcare.com/ → origin: https://chosenhealthcare.com
[2026-03-24T00:56:01.083Z] External links: 573 (of 607 total)
[2026-03-24T00:56:01.083Z] ── All external links ──
[2026-03-24T00:56:01.083Z]   EXT: http://bookmarkingbase.com/category/14/Internet-Business
[2026-03-24T00:56:01.084Z]   EXT: http://images.google.ac/url?q=http://www.rajhansiti.com
[2026-03-24T00:56:01.084Z]   EXT: http://images.google.ad/url?q=http://www.rajhansiti.com
[2026-03-24T00:56:01.084Z]   EXT: http://images.google.ae/url?q=http://www.rajhansiti.com
[2026-03-24T00:56:01.084Z]   EXT: http://images.google.al/url?q=http://www.rajhansiti.com
[2026-03-24T00:56:01.084Z]   EXT: http://images.google.as/url?q=http://www.rajhansiti.com
[2026-03-24T00:56:01.084Z]   EXT: http://images.google.az/url?q=http://www.rajhansiti.com
[2026-03-24T00:56:01.084Z]   EXT: http://images.google.bf/url?q=http://www.rajhansiti.com
[2026-03-24T00:56:01.084Z]   EXT: http://images.google.bg/url?q=http://www.rajhansiti.com
[2026-03-24T00:56:01.084Z]   EXT: http://images.google.bj/url?q=http://www.rajhansiti.com
[2026-03-24T00:56:01.084Z]   EXT: http://images.google.bt/url?q=http://www.rajhansiti.com
[2026-03-24T00:56:01.084Z]   EXT: http://images.google.by/url?q=http://www.rajhansiti.com
[2026-03-24T00:56:01.084Z]   EXT: http://images.google.cat/url?q=http://www.rajhansiti.com
[2026-03-24T00:56:01.084Z]   EXT: http://images.google.cg/url?q=http://www.rajhansiti.com
[2026-03-24T00:56:01.084Z]   EXT: http://images.google.ch/url?q=http://www.rajhansiti.com
[2026-03-24T00:56:01.084Z]   EXT: http://images.google.co.bw/url?q=http://www.rajhansiti.com
[2026-03-24T00:56:01.084Z]   EXT: http://images.google.co.ck/url?q=http://www.rajhansiti.com
[2026-03-24T00:56:01.084Z]   EXT: http://images.google.co.jp/url?q=http://www.rajhansiti.com
[2026-03-24T00:56:01.084Z]   EXT: http://images.google.co.ls/url?q=http://www.rajhansiti.com
[2026-03-24T00:56:01.084Z]   EXT: http://images.google.co.th/url?q=http://www.rajhansiti.com
[2026-03-24T00:56:01.084Z]   EXT: http://images.google.co.tz/url?q=http://www.rajhansiti.com
[2026-03-24T00:56:01.084Z]   EXT: http://images.google.co.ug/url?q=http://www.rajhansiti.com
[2026-03-24T00:56:01.084Z]   EXT: http://images.google.co.uz/url?q=http://www.rajhansiti.com
[2026-03-24T00:56:01.084Z]   EXT: http://images.google.co.za/url?q=http://www.rajhansiti.com
[2026-03-24T00:56:01.084Z]   EXT: http://images.google.co.zm/url?q=http://www.rajhansiti.com
[2026-03-24T00:56:01.084Z]   EXT: http://images.google.com.ag/url?q=http://www.rajhansiti.com
[2026-03-24T00:56:01.084Z]   EXT: http://images.google.com.ai/url?q=http://www.rajhansiti.com
[2026-03-24T00:56:01.084Z]   EXT: http://images.google.com.au/url?q=http://www.rajhansiti.com
[2026-03-24T00:56:01.084Z]   EXT: http://images.google.com.bd/url?q=http://www.rajhansiti.com
[2026-03-24T00:56:01.084Z]   EXT: http://images.google.com.bh/url?q=http://www.rajhansiti.com
[2026-03-24T00:56:01.084Z]   EXT: http://images.google.com.bn/url?q=http://www.rajhansiti.com
[2026-03-24T00:56:01.084Z]   EXT: http://images.google.com.br/url?q=http://www.rajhansiti.com
[2026-03-24T00:56:01.084Z]   EXT: http://images.google.com.bz/url?q=http://www.rajhansiti.com
[2026-03-24T00:56:01.084Z]   EXT: http://images.google.com.co/url?q=http://www.rajhansiti.com
[2026-03-24T00:56:01.084Z]   EXT: http://images.google.com.cu/url?q=http://www.rajhansiti.com
[2026-03-24T00:56:01.084Z]   EXT: http://images.google.com.cy/url?q=http://www.rajhansiti.com
[2026-03-24T00:56:01.084Z]   EXT: http://images.google.com.ec/url?q=http://www.rajhansiti.com
[2026-03-24T00:56:01.085Z]   EXT: http://images.google.com.fj/url?q=http://www.rajhansiti.com
[2026-03-24T00:56:01.085Z]   EXT: http://images.google.com.gi/url?q=http://www.rajhansiti.com
[2026-03-24T00:56:01.085Z]   EXT: http://images.google.com.gt/url?q=http://www.rajhansiti.com
[2026-03-24T00:56:01.085Z]   EXT: http://images.google.com.jm/url?q=http://www.rajhansiti.com
[2026-03-24T00:56:01.085Z]   EXT: http://images.google.com.lb/url?q=http://www.rajhansiti.com
[2026-03-24T00:56:01.085Z]   EXT: http://images.google.com.mm/url?q=http://www.rajhansiti.com
[2026-03-24T00:56:01.085Z]   EXT: http://images.google.com.na/url?q=http://www.rajhansiti.com
[2026-03-24T00:56:01.085Z]   EXT: http://images.google.com.om/url?q=http://www.rajhansiti.com
[2026-03-24T00:56:01.085Z]   EXT: http://images.google.com.pa/url?q=http://www.rajhansiti.com
[2026-03-24T00:56:01.085Z]   EXT: http://images.google.com.pg/url?q=http://www.rajhansiti.com
[2026-03-24T00:56:01.085Z]   EXT: http://images.google.com.ph/url?q=http://www.rajhansiti.com
[2026-03-24T00:56:01.085Z]   EXT: http://images.google.com.sb/url?q=http://www.rajhansiti.com
[2026-03-24T00:56:01.085Z]   EXT: http://images.google.com.sl/url?q=http://www.rajhansiti.com
[2026-03-24T00:56:01.085Z]   EXT: http://images.google.com.sv/url?q=http://www.rajhansiti.com
[2026-03-24T00:56:01.085Z]   EXT: http://images.google.cv/url?q=http://www.rajhansiti.com
[2026-03-24T00:56:01.085Z]   EXT: http://images.google.dj/url?q=http://www.rajhansiti.com
[2026-03-24T00:56:01.085Z]   EXT: http://images.google.dk/url?q=http://www.rajhansiti.com
[2026-03-24T00:56:01.085Z]   EXT: http://images.google.dm/url?q=http://www.rajhansiti.com
[2026-03-24T00:56:01.085Z]   EXT: http://images.google.ee/url?q=http://www.rajhansiti.com
[2026-03-24T00:56:01.085Z]   EXT: http://images.google.fm/url?q=http://www.rajhansiti.com
[2026-03-24T00:56:01.085Z]   EXT: http://images.google.ga/url?q=http://www.rajhansiti.com
[2026-03-24T00:56:01.085Z]   EXT: http://images.google.ge/url?q=http://www.rajhansiti.com
[2026-03-24T00:56:01.085Z]   EXT: http://images.google.gg/url?q=http://www.rajhansiti.com
[2026-03-24T00:56:01.085Z]   EXT: http://images.google.gl/url?q=http://www.rajhansiti.com
[2026-03-24T00:56:01.085Z]   EXT: http://images.google.gm/url?q=http://www.rajhansiti.com
[2026-03-24T00:56:01.085Z]   EXT: http://images.google.gp/url?q=http://www.rajhansiti.com
[2026-03-24T00:56:01.085Z]   EXT: http://images.google.gr/url?q=http://www.rajhansiti.com
[2026-03-24T00:56:01.085Z]   EXT: http://images.google.hr/url?q=http://www.rajhansiti.com
[2026-03-24T00:56:01.085Z]   EXT: http://images.google.ht/url?q=http://www.rajhansiti.com
[2026-03-24T00:56:01.085Z]   EXT: http://images.google.im/url?q=http://www.rajhansiti.com
[2026-03-24T00:56:01.085Z]   EXT: http://images.google.je/url?q=http://www.rajhansiti.com
[2026-03-24T00:56:01.085Z]   EXT: http://images.google.ki/url?q=http://www.rajhansiti.com
[2026-03-24T00:56:01.085Z]   EXT: http://images.google.kz/url?q=http://www.rajhansiti.com
[2026-03-24T00:56:01.085Z]   EXT: http://images.google.la/url?q=http://www.rajhansiti.com
[2026-03-24T00:56:01.085Z]   EXT: http://images.google.li/url?q=http://www.rajhansiti.com
[2026-03-24T00:56:01.085Z]   EXT: http://images.google.lk/url?q=http://www.rajhansiti.com
[2026-03-24T00:56:01.086Z]   EXT: http://images.google.lt/url?q=http://www.rajhansiti.com
[2026-03-24T00:56:01.086Z]   EXT: http://images.google.ml/url?q=http://www.rajhansiti.com
[2026-03-24T00:56:01.086Z]   EXT: http://images.google.mn/url?q=http://www.rajhansiti.com
[2026-03-24T00:56:01.086Z]   EXT: http://images.google.ms/url?q=http://www.rajhansiti.com
[2026-03-24T00:56:01.086Z]   EXT: http://images.google.mu/url?q=http://www.rajhansiti.com
[2026-03-24T00:56:01.086Z]   EXT: http://images.google.mv/url?q=http://www.rajhansiti.com
[2026-03-24T00:56:01.086Z]   EXT: http://images.google.ne/url?q=http://www.rajhansiti.com
[2026-03-24T00:56:01.086Z]   EXT: http://images.google.nl/url?q=http://www.rajhansiti.com
[2026-03-24T00:56:01.086Z]   EXT: http://images.google.rw/url?q=http://www.rajhansiti.com
[2026-03-24T00:56:01.086Z]   EXT: http://images.google.sc/url?q=http://www.rajhansiti.com
[2026-03-24T00:56:01.086Z]   EXT: http://images.google.si/url?q=http://www.rajhansiti.com
[2026-03-24T00:56:01.086Z]   EXT: http://images.google.sm/url?q=http://www.rajhansiti.com
[2026-03-24T00:56:01.086Z]   EXT: http://images.google.sr/url?q=http://www.rajhansiti.com
[2026-03-24T00:56:01.086Z]   EXT: http://images.google.td/url?q=http://www.rajhansiti.com
[2026-03-24T00:56:01.086Z]   EXT: http://images.google.tg/url?q=http://www.rajhansiti.com
[2026-03-24T00:56:01.086Z]   EXT: http://images.google.tl/url?q=http://www.rajhansiti.com
[2026-03-24T00:56:01.086Z]   EXT: http://images.google.tm/url?q=http://www.rajhansiti.com
[2026-03-24T00:56:01.086Z]   EXT: http://images.google.tn/url?q=http://www.rajhansiti.com
[2026-03-24T00:56:01.086Z]   EXT: http://images.google.to/url?q=http://www.rajhansiti.com
[2026-03-24T00:56:01.086Z]   EXT: http://images.google.vg/url?q=http://www.rajhansiti.com
[2026-03-24T00:56:01.086Z]   EXT: http://images.google.vu/url?q=http://www.rajhansiti.com
[2026-03-24T00:56:01.086Z]   EXT: http://images.google.ws/url?q=http://www.rajhansiti.com
[2026-03-24T00:56:01.086Z]   EXT: http://maps.google.ad/url?q=http://www.rajhansiti.com
[2026-03-24T00:56:01.086Z]   EXT: http://maps.google.ae/url?q=http://www.rajhansiti.com
[2026-03-24T00:56:01.086Z]   EXT: http://maps.google.as/url?q=http://www.rajhansiti.com
[2026-03-24T00:56:01.086Z]   EXT: http://maps.google.at/url?q=http://www.rajhansiti.com
[2026-03-24T00:56:01.086Z]   EXT: http://maps.google.ba/url?q=http://www.rajhansiti.com
[2026-03-24T00:56:01.086Z]   EXT: http://maps.google.bg/url?q=http://www.rajhansiti.com
[2026-03-24T00:56:01.086Z]   EXT: http://maps.google.bs/url?q=http://www.rajhansiti.com
[2026-03-24T00:56:01.086Z]   EXT: http://maps.google.cd/url?q=http://www.rajhansiti.com
[2026-03-24T00:56:01.086Z]   EXT: http://maps.google.ci/url?q=http://www.rajhansiti.com
[2026-03-24T00:56:01.086Z]   EXT: http://maps.google.cl/url?q=http://www.rajhansiti.com
[2026-03-24T00:56:01.086Z]   EXT: http://maps.google.cm/url?q=http://www.rajhansiti.com
[2026-03-24T00:56:01.086Z]   EXT: http://maps.google.co.bw/url?q=http://www.rajhansiti.com
[2026-03-24T00:56:01.086Z]   EXT: http://maps.google.co.ck/url?q=http://www.rajhansiti.com
[2026-03-24T00:56:01.086Z]   EXT: http://maps.google.co.cr/url?q=http://www.rajhansiti.com
[2026-03-24T00:56:01.086Z]   EXT: http://maps.google.co.in/url?q=http://www.rajhansiti.com
[2026-03-24T00:56:01.086Z]   EXT: http://maps.google.co.jp/url?q=http://www.rajhansiti.com
[2026-03-24T00:56:01.086Z]   EXT: http://maps.google.co.ke/url?q=http://www.rajhansiti.com
[2026-03-24T00:56:01.086Z]   EXT: http://maps.google.co.ls/url?q=http://www.rajhansiti.com
[2026-03-24T00:56:01.086Z]   EXT: http://maps.google.co.ug/url?q=http://www.rajhansiti.com
[2026-03-24T00:56:01.087Z]   EXT: http://maps.google.co.vi/url?q=http://www.rajhansiti.com
[2026-03-24T00:56:01.087Z]   EXT: http://maps.google.co.zm/url?q=http://www.rajhansiti.com
[2026-03-24T00:56:01.087Z]   EXT: http://maps.google.com.ag/url?q=http://www.rajhansiti.com
[2026-03-24T00:56:01.087Z]   EXT: http://maps.google.com.bd/url?q=http://www.rajhansiti.com
[2026-03-24T00:56:01.087Z]   EXT: http://maps.google.com.bh/url?q=http://www.rajhansiti.com
[2026-03-24T00:56:01.087Z]   EXT: http://maps.google.com.bo/url?q=http://www.rajhansiti.com
[2026-03-24T00:56:01.087Z]   EXT: http://maps.google.com.bz/url?q=http://www.rajhansiti.com
[2026-03-24T00:56:01.087Z]   EXT: http://maps.google.com.cu/url?q=http://www.rajhansiti.com
[2026-03-24T00:56:01.087Z]   EXT: http://maps.google.com.ec/url?q=http://www.rajhansiti.com
[2026-03-24T00:56:01.087Z]   EXT: http://maps.google.com.fj/url?q=http://www.rajhansiti.com
[2026-03-24T00:56:01.087Z]   EXT: http://maps.google.com.gi/url?q=http://www.rajhansiti.com
[2026-03-24T00:56:01.087Z]   EXT: http://maps.google.com.gt/url?q=http://www.rajhansiti.com
[2026-03-24T00:56:01.087Z]   EXT: http://maps.google.com.jm/url?q=http://www.rajhansiti.com
[2026-03-24T00:56:01.087Z]   EXT: http://maps.google.com.kw/url?q=http://www.rajhansiti.com
[2026-03-24T00:56:01.087Z]   EXT: http://maps.google.com.lb/url?q=http://www.rajhansiti.com
[2026-03-24T00:56:01.087Z]   EXT: http://maps.google.com.ly/url?q=http://www.rajhansiti.com
[2026-03-24T00:56:01.087Z]   EXT: http://maps.google.com.mm/url?q=http://www.rajhansiti.com
[2026-03-24T00:56:01.087Z]   EXT: http://maps.google.com.na/url?q=http://www.rajhansiti.com
[2026-03-24T00:56:01.087Z]   EXT: http://maps.google.com.ng/url?q=http://www.rajhansiti.com
[2026-03-24T00:56:01.087Z]   EXT: http://maps.google.com.pg/url?q=http://www.rajhansiti.com
[2026-03-24T00:56:01.087Z]   EXT: http://maps.google.com.py/url?q=http://www.rajhansiti.com
[2026-03-24T00:56:01.087Z]   EXT: http://maps.google.com.qa/url?q=http://www.rajhansiti.com
[2026-03-24T00:56:01.087Z]   EXT: http://maps.google.com.sb/url?q=http://www.rajhansiti.com
[2026-03-24T00:56:01.087Z]   EXT: http://maps.google.com.sg/url?q=http://www.rajhansiti.com
[2026-03-24T00:56:01.087Z]   EXT: http://maps.google.com.sl/url?q=http://www.rajhansiti.com
[2026-03-24T00:56:01.087Z]   EXT: http://maps.google.com.tw/url?q=http://www.rajhansiti.com
[2026-03-24T00:56:01.087Z]   EXT: http://maps.google.com.vc/url?q=http://www.rajhansiti.com
[2026-03-24T00:56:01.087Z]   EXT: http://maps.google.cv/url?q=http://www.rajhansiti.com
[2026-03-24T00:56:01.087Z]   EXT: http://maps.google.dz/url?q=http://www.rajhansiti.com
[2026-03-24T00:56:01.087Z]   EXT: http://maps.google.fm/url?q=http://www.rajhansiti.com
[2026-03-24T00:56:01.087Z]   EXT: http://maps.google.ga/url?q=http://www.rajhansiti.com
[2026-03-24T00:56:01.087Z]   EXT: http://maps.google.ge/url?q=http://www.rajhansiti.com
[2026-03-24T00:56:01.087Z]   EXT: http://maps.google.gg/url?q=http://www.rajhansiti.com
[2026-03-24T00:56:01.087Z]   EXT: http://maps.google.gm/url?q=http://www.rajhansiti.com
[2026-03-24T00:56:01.087Z]   EXT: http://maps.google.gy/url?q=http://www.rajhansiti.com
[2026-03-24T00:56:01.087Z]   EXT: http://maps.google.hn/url?q=http://www.rajhansiti.com
[2026-03-24T00:56:01.087Z]   EXT: http://maps.google.hr/url?q=http://www.rajhansiti.com
[2026-03-24T00:56:01.087Z]   EXT: http://maps.google.im/url?q=http://www.rajhansiti.com
[2026-03-24T00:56:01.087Z]   EXT: http://maps.google.kg/url?q=http://www.rajhansiti.com
[2026-03-24T00:56:01.088Z]   EXT: http://maps.google.ki/url?q=http://www.rajhansiti.com
[2026-03-24T00:56:01.088Z]   EXT: http://maps.google.kz/url?q=http://www.rajhansiti.com
[2026-03-24T00:56:01.088Z]   EXT: http://maps.google.li/url?q=http://www.rajhansiti.com
[2026-03-24T00:56:01.088Z]   EXT: http://maps.google.lu/url?q=http://www.rajhansiti.com
[2026-03-24T00:56:01.088Z]   EXT: http://maps.google.mg/url?q=http://www.rajhansiti.com
[2026-03-24T00:56:01.088Z]   EXT: http://maps.google.ml/url?q=http://www.rajhansiti.com
[2026-03-24T00:56:01.088Z]   EXT: http://maps.google.mu/url?q=http://www.rajhansiti.com
[2026-03-24T00:56:01.088Z]   EXT: http://maps.google.mw/url?q=http://www.rajhansiti.com
[2026-03-24T00:56:01.088Z]   EXT: http://maps.google.ne/url?q=http://www.rajhansiti.com
[2026-03-24T00:56:01.088Z]   EXT: http://maps.google.nl/url?q=http://www.rajhansiti.com
[2026-03-24T00:56:01.088Z]   EXT: http://maps.google.no/url?q=http://www.rajhansiti.com
[2026-03-24T00:56:01.088Z]   EXT: http://maps.google.nr/url?q=http://www.rajhansiti.com
[2026-03-24T00:56:01.088Z]   EXT: http://maps.google.pl/url?q=http://www.rajhansiti.com
[2026-03-24T00:56:01.088Z]   EXT: http://maps.google.pn/url?q=http://www.rajhansiti.com
[2026-03-24T00:56:01.088Z]   EXT: http://maps.google.pt/url?q=http://www.rajhansiti.com
[2026-03-24T00:56:01.088Z]   EXT: http://maps.google.rs/url?q=http://www.rajhansiti.com
[2026-03-24T00:56:01.088Z]   EXT: http://maps.google.rw/url?q=http://www.rajhansiti.com
[2026-03-24T00:56:01.088Z]   EXT: http://maps.google.sc/url?q=http://www.rajhansiti.com
[2026-03-24T00:56:01.088Z]   EXT: http://maps.google.se/url?q=http://www.rajhansiti.com
[2026-03-24T00:56:01.088Z]   EXT: http://maps.google.sk/url?q=http://www.rajhansiti.com
[2026-03-24T00:56:01.088Z]   EXT: http://maps.google.so/url?q=http://www.rajhansiti.com
[2026-03-24T00:56:01.088Z]   EXT: http://maps.google.st/url?q=http://www.rajhansiti.com
[2026-03-24T00:56:01.088Z]   EXT: http://maps.google.td/url?q=http://www.rajhansiti.com
[2026-03-24T00:56:01.088Z]   EXT: http://maps.google.tg/url?q=http://www.rajhansiti.com
[2026-03-24T00:56:01.088Z]   EXT: http://maps.google.tl/url?q=http://www.rajhansiti.com
[2026-03-24T00:56:01.088Z]   EXT: http://maps.google.to/url?q=http://www.rajhansiti.com
[2026-03-24T00:56:01.088Z]   EXT: http://maps.google.tt/url?q=http://www.rajhansiti.com
[2026-03-24T00:56:01.088Z]   EXT: http://maps.google.vg/url?q=http://www.rajhansiti.com
[2026-03-24T00:56:01.088Z]   EXT: http://maps.google.ws/url?q=http://www.rajhansiti.com
[2026-03-24T00:56:01.088Z]   EXT: http://portal.hud.gov/hudportal/HUD?src=/program_offices/fair_housing_equal_opp/progdesc/title8
[2026-03-24T00:56:01.088Z]   EXT: http://www.google.ad/url?q=http://www.rajhansiti.com
[2026-03-24T00:56:01.088Z]   EXT: http://www.google.ae/url?q=http://www.rajhansiti.com
[2026-03-24T00:56:01.088Z]   EXT: http://www.google.al/url?q=http://www.rajhansiti.com
[2026-03-24T00:56:01.088Z]   EXT: http://www.google.am/url?q=http://www.rajhansiti.com
[2026-03-24T00:56:01.088Z]   EXT: http://www.google.at/url?q=http://www.rajhansiti.com
[2026-03-24T00:56:01.088Z]   EXT: http://www.google.az/url?q=http://www.rajhansiti.com
[2026-03-24T00:56:01.088Z]   EXT: http://www.google.ba/url?q=http://www.rajhansiti.com
[2026-03-24T00:56:01.088Z]   EXT: http://www.google.be/url?q=http://www.rajhansiti.com
[2026-03-24T00:56:01.088Z]   EXT: http://www.google.bg/url?q=http://www.rajhansiti.com
[2026-03-24T00:56:01.088Z]   EXT: http://www.google.bj/url?q=http://www.rajhansiti.com
[2026-03-24T00:56:01.088Z]   EXT: http://www.google.by/url?q=http://www.rajhansiti.com
[2026-03-24T00:56:01.088Z]   EXT: http://www.google.ch/url?q=http://www.rajhansiti.com
[2026-03-24T00:56:01.089Z]   EXT: http://www.google.cl/url?q=http://www.rajhansiti.com
[2026-03-24T00:56:01.089Z]   EXT: http://www.google.co.il/url?q=http://www.rajhansiti.com
[2026-03-24T00:56:01.089Z]   EXT: http://www.google.co.in/url?q=http://www.rajhansiti.com
[2026-03-24T00:56:01.089Z]   EXT: http://www.google.co.th/url?q=http://www.rajhansiti.com
[2026-03-24T00:56:01.089Z]   EXT: http://www.google.co.uk/url?q=http://www.rajhansiti.com
[2026-03-24T00:56:01.089Z]   EXT: http://www.google.com.af/url?q=http://www.rajhansiti.com
[2026-03-24T00:56:01.089Z]   EXT: http://www.google.com.ar/url?q=http://www.rajhansiti.com
[2026-03-24T00:56:01.089Z]   EXT: http://www.google.com.au/url?q=http://www.rajhansiti.com
[2026-03-24T00:56:01.089Z]   EXT: http://www.google.com.bh/url?q=http://www.rajhansiti.com
[2026-03-24T00:56:01.089Z]   EXT: http://www.google.com.bn/url?q=http://www.rajhansiti.com
[2026-03-24T00:56:01.089Z]   EXT: http://www.google.com.bo/url?q=http://www.rajhansiti.com
[2026-03-24T00:56:01.089Z]   EXT: http://www.google.com.br/url?q=http://www.rajhansiti.com
[2026-03-24T00:56:01.089Z]   EXT: http://www.google.com.co/url?q=http://www.rajhansiti.com
[2026-03-24T00:56:01.089Z]   EXT: http://www.google.com.ec/url?q=http://www.rajhansiti.com
[2026-03-24T00:56:01.089Z]   EXT: http://www.google.com.eg/url?q=http://www.rajhansiti.com
[2026-03-24T00:56:01.089Z]   EXT: http://www.google.com.mx/url?q=http://www.rajhansiti.com
[2026-03-24T00:56:01.089Z]   EXT: http://www.google.com.my/url?q=http://www.rajhansiti.com
[2026-03-24T00:56:01.089Z]   EXT: http://www.google.com.ng/url?q=http://www.rajhansiti.com
[2026-03-24T00:56:01.089Z]   EXT: http://www.google.com.sa/url?q=http://www.rajhansiti.com
[2026-03-24T00:56:01.089Z]   EXT: http://www.google.com.sg/url?q=http://www.rajhansiti.com
[2026-03-24T00:56:01.089Z]   EXT: http://www.google.com.tw/url?q=http://www.rajhansiti.com
[2026-03-24T00:56:01.089Z]   EXT: http://www.google.com.ua/url?q=http://www.rajhansiti.com
[2026-03-24T00:56:01.089Z]   EXT: http://www.google.com.uy/url?q=http://www.rajhansiti.com
[2026-03-24T00:56:01.089Z]   EXT: http://www.google.com.vn/url?q=http://www.rajhansiti.com
[2026-03-24T00:56:01.089Z]   EXT: http://www.google.dk/url?q=http://www.rajhansiti.com
[2026-03-24T00:56:01.089Z]   EXT: http://www.google.ee/url?q=http://www.rajhansiti.com
[2026-03-24T00:56:01.089Z]   EXT: http://www.google.es/url?q=http://www.rajhansiti.com
[2026-03-24T00:56:01.089Z]   EXT: http://www.google.es/url?sa=t&url=http://www.rajhansiti.com
[2026-03-24T00:56:01.089Z]   EXT: http://www.google.fi/url?q=http://www.rajhansiti.com
[2026-03-24T00:56:01.089Z]   EXT: http://www.google.fr/url?q=http://www.rajhansiti.com
[2026-03-24T00:56:01.089Z]   EXT: http://www.google.gr/url?q=http://www.rajhansiti.com
[2026-03-24T00:56:01.089Z]   EXT: http://www.google.hr/url?q=http://www.rajhansiti.com
[2026-03-24T00:56:01.089Z]   EXT: http://www.google.hu/url?q=http://www.rajhansiti.com
[2026-03-24T00:56:01.089Z]   EXT: http://www.google.it/url?q=http://www.rajhansiti.com
[2026-03-24T00:56:01.089Z]   EXT: http://www.google.lt/url?q=http://www.rajhansiti.com
[2026-03-24T00:56:01.089Z]   EXT: http://www.google.lv/url?q=http://www.rajhansiti.com
[2026-03-24T00:56:01.089Z]   EXT: http://www.google.nl/url?q=http://www.rajhansiti.com
[2026-03-24T00:56:01.089Z]   EXT: http://www.google.no/url?q=http://www.rajhansiti.com
[2026-03-24T00:56:01.089Z]   EXT: http://www.google.pl/url?q=http://www.rajhansiti.com
[2026-03-24T00:56:01.089Z]   EXT: http://www.google.pt/url?q=http://www.rajhansiti.com
[2026-03-24T00:56:01.089Z]   EXT: http://www.google.ro/url?q=http://www.rajhansiti.com
[2026-03-24T00:56:01.089Z]   EXT: http://www.google.rs/url?q=http://www.rajhansiti.com
[2026-03-24T00:56:01.090Z]   EXT: http://www.google.ru/url?q=http://www.rajhansiti.com
[2026-03-24T00:56:01.090Z]   EXT: http://www.google.se/url?q=http://www.rajhansiti.com
[2026-03-24T00:56:01.090Z]   EXT: http://www.google.si/url?q=http://www.rajhansiti.com
[2026-03-24T00:56:01.090Z]   EXT: http://www.redfriday.hu/redirect/redirect.php?url=http://www.rajhansiti.com/twitter/index.php/anyairvin/all
[2026-03-24T00:56:01.090Z]   EXT: https://bloomington.seniormessages.com
[2026-03-24T00:56:01.090Z]   EXT: https://cse.google.com/url?q=http://www.rajhansiti.com
[2026-03-24T00:56:01.090Z]   EXT: https://cse.google.com/url?sa=t&url=http://www.rajhansiti.com
[2026-03-24T00:56:01.090Z]   EXT: https://ditu.google.cn/url?q=http://www.rajhansiti.com
[2026-03-24T00:56:01.090Z]   EXT: https://images.google.ac/url?q=http://www.rajhansiti.com
[2026-03-24T00:56:01.090Z]   EXT: https://images.google.ad/url?q=http://www.rajhansiti.com
[2026-03-24T00:56:01.090Z]   EXT: https://images.google.ae/url?q=http://www.rajhansiti.com
[2026-03-24T00:56:01.090Z]   EXT: https://images.google.am/url?q=http://www.rajhansiti.com
[2026-03-24T00:56:01.090Z]   EXT: https://images.google.am/url?sa=t&url=http://www.rajhansiti.com
[2026-03-24T00:56:01.090Z]   EXT: https://images.google.az/url?q=http://www.rajhansiti.com
[2026-03-24T00:56:01.090Z]   EXT: https://images.google.az/url?sa=t&url=http://www.rajhansiti.com
[2026-03-24T00:56:01.090Z]   EXT: https://images.google.bi/url?q=http://www.rajhansiti.com
[2026-03-24T00:56:01.090Z]   EXT: https://images.google.bj/url?q=http://www.rajhansiti.com
[2026-03-24T00:56:01.090Z]   EXT: https://images.google.bs/url?q=http://www.rajhansiti.com
[2026-03-24T00:56:01.090Z]   EXT: https://images.google.by/url?q=http://www.rajhansiti.com
[2026-03-24T00:56:01.090Z]   EXT: https://images.google.cd/url?q=http://www.rajhansiti.com
[2026-03-24T00:56:01.090Z]   EXT: https://images.google.cg/url?q=http://www.rajhansiti.com
[2026-03-24T00:56:01.090Z]   EXT: https://images.google.cl/url?q=http://www.rajhansiti.com
[2026-03-24T00:56:01.090Z]   EXT: https://images.google.co.ao/url?q=http://www.rajhansiti.com
[2026-03-24T00:56:01.090Z]   EXT: https://images.google.co.ck/url?q=http://www.rajhansiti.com
[2026-03-24T00:56:01.090Z]   EXT: https://images.google.co.cr/url?q=http://www.rajhansiti.com
[2026-03-24T00:56:01.090Z]   EXT: https://images.google.co.il/url?q=http://www.rajhansiti.com
[2026-03-24T00:56:01.090Z]   EXT: https://images.google.co.ke/url?q=http://www.rajhansiti.com
[2026-03-24T00:56:01.090Z]   EXT: https://images.google.co.ls/url?q=http://www.rajhansiti.com
[2026-03-24T00:56:01.090Z]   EXT: https://images.google.co.th/url?q=http://www.rajhansiti.com
[2026-03-24T00:56:01.090Z]   EXT: https://images.google.co.ug/url?q=http://www.rajhansiti.com
[2026-03-24T00:56:01.090Z]   EXT: https://images.google.co.vi/url?q=http://www.rajhansiti.com
[2026-03-24T00:56:01.090Z]   EXT: https://images.google.co.zm/url?q=http://www.rajhansiti.com
[2026-03-24T00:56:01.090Z]   EXT: https://images.google.co.zw/url?q=http://www.rajhansiti.com
[2026-03-24T00:56:01.090Z]   EXT: https://images.google.com.ag/url?q=http://www.rajhansiti.com
[2026-03-24T00:56:01.090Z]   EXT: https://images.google.com.ar/url?q=http://www.rajhansiti.com
[2026-03-24T00:56:01.090Z]   EXT: https://images.google.com.bd/url?q=http://www.rajhansiti.com
[2026-03-24T00:56:01.090Z]   EXT: https://images.google.com.bo/url?q=http://www.rajhansiti.com
[2026-03-24T00:56:01.090Z]   EXT: https://images.google.com.bz/url?q=http://www.rajhansiti.com
[2026-03-24T00:56:01.090Z]   EXT: https://images.google.com.do/url?q=http://www.rajhansiti.com
[2026-03-24T00:56:01.090Z]   EXT: https://images.google.com.ec/url?q=http://www.rajhansiti.com
[2026-03-24T00:56:01.090Z]   EXT: https://images.google.com.ec/url?sa=t&url=http://www.rajhansiti.com
[2026-03-24T00:56:01.090Z]   EXT: https://images.google.com.eg/url?q=http://www.rajhansiti.com
[2026-03-24T00:56:01.091Z]   EXT: https://images.google.com.eg/url?sa=t&url=http://www.rajhansiti.com
[2026-03-24T00:56:01.091Z]   EXT: https://images.google.com.fj/url?q=http://www.rajhansiti.com
[2026-03-24T00:56:01.091Z]   EXT: https://images.google.com.gi/url?q=http://www.rajhansiti.com
[2026-03-24T00:56:01.091Z]   EXT: https://images.google.com.gt/url?q=http://www.rajhansiti.com
[2026-03-24T00:56:01.091Z]   EXT: https://images.google.com.kw/url?q=http://www.rajhansiti.com
[2026-03-24T00:56:01.091Z]   EXT: https://images.google.com.ly/url?q=http://www.rajhansiti.com
[2026-03-24T00:56:01.091Z]   EXT: https://images.google.com.mt/url?q=http://www.rajhansiti.com
[2026-03-24T00:56:01.091Z]   EXT: https://images.google.com.my/url?sa=t&url=http://www.rajhansiti.com
[2026-03-24T00:56:01.091Z]   EXT: https://images.google.com.ng/url?q=http://www.rajhansiti.com
[2026-03-24T00:56:01.091Z]   EXT: https://images.google.com.np/url?q=http://www.rajhansiti.com
[2026-03-24T00:56:01.091Z]   EXT: https://images.google.com.pe/url?q=http://www.rajhansiti.com
[2026-03-24T00:56:01.091Z]   EXT: https://images.google.com.ph/url?q=http://www.rajhansiti.com
[2026-03-24T00:56:01.091Z]   EXT: https://images.google.com.ph/url?sa=t&url=http://www.rajhansiti.com
[2026-03-24T00:56:01.091Z]   EXT: https://images.google.com.pk/url?q=http://www.rajhansiti.com
[2026-03-24T00:56:01.091Z]   EXT: https://images.google.com.pk/url?sa=t&url=http://www.rajhansiti.com
[2026-03-24T00:56:01.091Z]   EXT: https://images.google.com.sl/url?q=http://www.rajhansiti.com
[2026-03-24T00:56:01.091Z]   EXT: https://images.google.com.tj/url?q=http://www.rajhansiti.com
[2026-03-24T00:56:01.091Z]   EXT: https://images.google.com.tj/url?sa=t&url=http://www.rajhansiti.com
[2026-03-24T00:56:01.091Z]   EXT: https://images.google.com.tw/url?q=http://www.rajhansiti.com
[2026-03-24T00:56:01.091Z]   EXT: https://images.google.com.tw/url?sa=t&url=http://www.rajhansiti.com
[2026-03-24T00:56:01.091Z]   EXT: https://images.google.com.uy/url?q=http://www.rajhansiti.com
[2026-03-24T00:56:01.091Z]   EXT: https://images.google.com.vc/url?q=http://www.rajhansiti.com
[2026-03-24T00:56:01.091Z]   EXT: https://images.google.com.vn/url?q=http://www.rajhansiti.com
[2026-03-24T00:56:01.091Z]   EXT: https://images.google.com/url?q=http://www.rajhansiti.com
[2026-03-24T00:56:01.091Z]   EXT: https://images.google.com/url?sa=t&url=http://www.rajhansiti.com
[2026-03-24T00:56:01.091Z]   EXT: https://images.google.dm/url?q=http://www.rajhansiti.com
[2026-03-24T00:56:01.091Z]   EXT: https://images.google.dz/url?q=http://www.rajhansiti.com
[2026-03-24T00:56:01.091Z]   EXT: https://images.google.fm/url?q=http://www.rajhansiti.com
[2026-03-24T00:56:01.091Z]   EXT: https://images.google.ga/url?q=http://www.rajhansiti.com
[2026-03-24T00:56:01.091Z]   EXT: https://images.google.ge/url?q=http://www.rajhansiti.com
[2026-03-24T00:56:01.091Z]   EXT: https://images.google.gl/url?q=http://www.rajhansiti.com
[2026-03-24T00:56:01.091Z]   EXT: https://images.google.gr/url?q=http://www.rajhansiti.com
[2026-03-24T00:56:01.091Z]   EXT: https://images.google.gy/url?q=http://www.rajhansiti.com
[2026-03-24T00:56:01.091Z]   EXT: https://images.google.ie/url?q=http://www.rajhansiti.com
[2026-03-24T00:56:01.091Z]   EXT: https://images.google.it/url?sa=t&url=http://www.rajhansiti.com
[2026-03-24T00:56:01.091Z]   EXT: https://images.google.je/url?q=http://www.rajhansiti.com
[2026-03-24T00:56:01.091Z]   EXT: https://images.google.jo/url?q=http://www.rajhansiti.com
[2026-03-24T00:56:01.091Z]   EXT: https://images.google.li/url?q=http://www.rajhansiti.com
[2026-03-24T00:56:01.091Z]   EXT: https://images.google.md/url?q=http://www.rajhansiti.com
[2026-03-24T00:56:01.091Z]   EXT: https://images.google.me/url?q=http://www.rajhansiti.com
[2026-03-24T00:56:01.091Z]   EXT: https://images.google.me/url?sa=t&url=http://www.rajhansiti.com
[2026-03-24T00:56:01.091Z]   EXT: https://images.google.mk/url?q=http://www.rajhansiti.com
[2026-03-24T00:56:01.091Z]   EXT: https://images.google.mv/url?q=http://www.rajhansiti.com
[2026-03-24T00:56:01.092Z]   EXT: https://images.google.mw/url?q=http://www.rajhansiti.com
[2026-03-24T00:56:01.092Z]   EXT: https://images.google.ne/url?q=http://www.rajhansiti.com
[2026-03-24T00:56:01.092Z]   EXT: https://images.google.nu/url?q=http://www.rajhansiti.com
[2026-03-24T00:56:01.092Z]   EXT: https://images.google.ps/url?q=http://www.rajhansiti.com
[2026-03-24T00:56:01.092Z]   EXT: https://images.google.pt/url?q=http://www.rajhansiti.com
[2026-03-24T00:56:01.092Z]   EXT: https://images.google.rs/url?q=http://www.rajhansiti.com
[2026-03-24T00:56:01.092Z]   EXT: https://images.google.rw/url?q=http://www.rajhansiti.com
[2026-03-24T00:56:01.092Z]   EXT: https://images.google.si/url?q=http://www.rajhansiti.com
[2026-03-24T00:56:01.092Z]   EXT: https://images.google.sk/url?q=http://www.rajhansiti.com
[2026-03-24T00:56:01.092Z]   EXT: https://images.google.sm/url?q=http://www.rajhansiti.com
[2026-03-24T00:56:01.092Z]   EXT: https://images.google.so/url?q=http://www.rajhansiti.com
[2026-03-24T00:56:01.092Z]   EXT: https://images.google.sr/url?q=http://www.rajhansiti.com
[2026-03-24T00:56:01.092Z]   EXT: https://images.google.st/url?q=http://www.rajhansiti.com
[2026-03-24T00:56:01.092Z]   EXT: https://images.google.tg/url?q=http://www.rajhansiti.com
[2026-03-24T00:56:01.092Z]   EXT: https://images.google.tl/url?q=http://www.rajhansiti.com
[2026-03-24T00:56:01.092Z]   EXT: https://images.google.tm/url?q=http://www.rajhansiti.com
[2026-03-24T00:56:01.092Z]   EXT: https://images.google.tt/url?q=http://www.rajhansiti.com
[2026-03-24T00:56:01.092Z]   EXT: https://images.google.vu/url?q=http://www.rajhansiti.com
[2026-03-24T00:56:01.092Z]   EXT: https://ipv4.google.com/url?q=http://www.rajhansiti.com
[2026-03-24T00:56:01.092Z]   EXT: https://ipv4.google.com/url?sa=t&url=http://www.rajhansiti.com
[2026-03-24T00:56:01.092Z]   EXT: https://maps.google.ae/url?sa=t&url=http://www.rajhansiti.com
[2026-03-24T00:56:01.092Z]   EXT: https://maps.google.as/url?q=http://www.rajhansiti.com
[2026-03-24T00:56:01.092Z]   EXT: https://maps.google.at/url?q=http://www.rajhansiti.com
[2026-03-24T00:56:01.092Z]   EXT: https://maps.google.at/url?sa=t&url=http://www.rajhansiti.com
[2026-03-24T00:56:01.092Z]   EXT: https://maps.google.ba/url?q=http://www.rajhansiti.com
[2026-03-24T00:56:01.092Z]   EXT: https://maps.google.bf/url?q=http://www.rajhansiti.com
[2026-03-24T00:56:01.092Z]   EXT: https://maps.google.bi/url?q=http://www.rajhansiti.com
[2026-03-24T00:56:01.092Z]   EXT: https://maps.google.by/url?q=http://www.rajhansiti.com
[2026-03-24T00:56:01.092Z]   EXT: https://maps.google.by/url?sa=t&url=http://www.rajhansiti.com
[2026-03-24T00:56:01.092Z]   EXT: https://maps.google.cat/url?q=http://www.rajhansiti.com
[2026-03-24T00:56:01.092Z]   EXT: https://maps.google.cg/url?q=http://www.rajhansiti.com
[2026-03-24T00:56:01.092Z]   EXT: https://maps.google.cl/url?q=http://www.rajhansiti.com
[2026-03-24T00:56:01.092Z]   EXT: https://maps.google.co.in/url?q=http://www.rajhansiti.com
[2026-03-24T00:56:01.092Z]   EXT: https://maps.google.co.in/url?sa=t&url=http://www.rajhansiti.com
[2026-03-24T00:56:01.092Z]   EXT: https://maps.google.co.ke/url?q=http://www.rajhansiti.com
[2026-03-24T00:56:01.092Z]   EXT: https://maps.google.co.mz/url?q=http://www.rajhansiti.com
[2026-03-24T00:56:01.092Z]   EXT: https://maps.google.co.mz/url?sa=t&url=http://www.rajhansiti.com
[2026-03-24T00:56:01.092Z]   EXT: https://maps.google.co.th/url?q=http://www.rajhansiti.com
[2026-03-24T00:56:01.093Z]   EXT: https://maps.google.co.tz/url?q=http://www.rajhansiti.com
[2026-03-24T00:56:01.093Z]   EXT: https://maps.google.co.ug/url?q=http://www.rajhansiti.com
[2026-03-24T00:56:01.093Z]   EXT: https://maps.google.co.ve/url?q=http://www.rajhansiti.com
[2026-03-24T00:56:01.093Z]   EXT: https://maps.google.co.vi/url?q=http://www.rajhansiti.com
[2026-03-24T00:56:01.093Z]   EXT: https://maps.google.com.ag/url?q=http://www.rajhansiti.com
[2026-03-24T00:56:01.093Z]   EXT: https://maps.google.com.ai/url?q=http://www.rajhansiti.com
[2026-03-24T00:56:01.093Z]   EXT: https://maps.google.com.ar/url?sa=t&url=http://www.rajhansiti.com
[2026-03-24T00:56:01.093Z]   EXT: https://maps.google.com.bn/url?q=http://www.rajhansiti.com
[2026-03-24T00:56:01.093Z]   EXT: https://maps.google.com.bo/url?q=http://www.rajhansiti.com
[2026-03-24T00:56:01.093Z]   EXT: https://maps.google.com.bo/url?sa=t&url=http://www.rajhansiti.com
[2026-03-24T00:56:01.093Z]   EXT: https://maps.google.com.ec/url?q=http://www.rajhansiti.com
[2026-03-24T00:56:01.093Z]   EXT: https://maps.google.com.eg/url?q=http://www.rajhansiti.com
[2026-03-24T00:56:01.093Z]   EXT: https://maps.google.com.et/url?q=http://www.rajhansiti.com
[2026-03-24T00:56:01.093Z]   EXT: https://maps.google.com.gi/url?q=http://www.rajhansiti.com
[2026-03-24T00:56:01.093Z]   EXT: https://maps.google.com.gt/url?q=http://www.rajhansiti.com
[2026-03-24T00:56:01.093Z]   EXT: https://maps.google.com.lb/url?q=http://www.rajhansiti.com
[2026-03-24T00:56:01.093Z]   EXT: https://maps.google.com.ly/url?q=http://www.rajhansiti.com
[2026-03-24T00:56:01.093Z]   EXT: https://maps.google.com.ly/url?sa=t&url=http://www.rajhansiti.com
[2026-03-24T00:56:01.093Z]   EXT: https://maps.google.com.mt/url?sa=t&url=http://www.rajhansiti.com
[2026-03-24T00:56:01.093Z]   EXT: https://maps.google.com.na/url?q=http://www.rajhansiti.com
[2026-03-24T00:56:01.093Z]   EXT: https://maps.google.com.ng/url?q=http://www.rajhansiti.com
[2026-03-24T00:56:01.093Z]   EXT: https://maps.google.com.ni/url?q=http://www.rajhansiti.com
[2026-03-24T00:56:01.093Z]   EXT: https://maps.google.com.np/url?q=http://www.rajhansiti.com
[2026-03-24T00:56:01.093Z]   EXT: https://maps.google.com.np/url?sa=t&url=http://www.rajhansiti.com
[2026-03-24T00:56:01.093Z]   EXT: https://maps.google.com.pe/url?q=http://www.rajhansiti.com
[2026-03-24T00:56:01.093Z]   EXT: https://maps.google.com.pe/url?sa=t&url=http://www.rajhansiti.com
[2026-03-24T00:56:01.093Z]   EXT: https://maps.google.com.pg/url?q=http://www.rajhansiti.com
[2026-03-24T00:56:01.093Z]   EXT: https://maps.google.com.qa/url?q=http://www.rajhansiti.com
[2026-03-24T00:56:01.093Z]   EXT: https://maps.google.com.sb/url?q=http://www.rajhansiti.com
[2026-03-24T00:56:01.093Z]   EXT: https://maps.google.com.sg/url?q=http://www.rajhansiti.com
[2026-03-24T00:56:01.093Z]   EXT: https://maps.google.com.sl/url?q=http://www.rajhansiti.com
[2026-03-24T00:56:01.093Z]   EXT: https://maps.google.com.sv/url?q=http://www.rajhansiti.com
[2026-03-24T00:56:01.093Z]   EXT: https://maps.google.com.tw/url?q=http://www.rajhansiti.com
[2026-03-24T00:56:01.093Z]   EXT: https://maps.google.com.ua/url?q=http://www.rajhansiti.com
[2026-03-24T00:56:01.093Z]   EXT: https://maps.google.com.uy/url?q=http://www.rajhansiti.com
[2026-03-24T00:56:01.093Z]   EXT: https://maps.google.com.uy/url?sa=t&url=http://www.rajhansiti.com
[2026-03-24T00:56:01.093Z]   EXT: https://maps.google.com.vc/url?q=http://www.rajhansiti.com
[2026-03-24T00:56:01.093Z]   EXT: https://maps.google.com/url?q=http://www.rajhansiti.com
[2026-03-24T00:56:01.093Z]   EXT: https://maps.google.dm/url?q=http://www.rajhansiti.com
[2026-03-24T00:56:01.093Z]   EXT: https://maps.google.dz/url?q=http://www.rajhansiti.com
[2026-03-24T00:56:01.093Z]   EXT: https://maps.google.es/url?q=http://www.rajhansiti.com
[2026-03-24T00:56:01.093Z]   EXT: https://maps.google.fi/url?q=http://www.rajhansiti.com
[2026-03-24T00:56:01.094Z]   EXT: https://maps.google.ga/url?q=http://www.rajhansiti.com
[2026-03-24T00:56:01.094Z]   EXT: https://maps.google.ge/url?q=http://www.rajhansiti.com
[2026-03-24T00:56:01.094Z]   EXT: https://maps.google.gg/url?q=http://www.rajhansiti.com
[2026-03-24T00:56:01.094Z]   EXT: https://maps.google.gl/url?q=http://www.rajhansiti.com
[2026-03-24T00:56:01.094Z]   EXT: https://maps.google.gp/url?q=http://www.rajhansiti.com
[2026-03-24T00:56:01.094Z]   EXT: https://maps.google.gy/url?q=http://www.rajhansiti.com
[2026-03-24T00:56:01.094Z]   EXT: https://maps.google.ht/url?q=http://www.rajhansiti.com
[2026-03-24T00:56:01.094Z]   EXT: https://maps.google.ie/url?q=http://www.rajhansiti.com
[2026-03-24T00:56:01.094Z]   EXT: https://maps.google.im/url?q=http://www.rajhansiti.com
[2026-03-24T00:56:01.094Z]   EXT: https://maps.google.iq/url?q=http://www.rajhansiti.com
[2026-03-24T00:56:01.094Z]   EXT: https://maps.google.it/url?q=http://www.rajhansiti.com
[2026-03-24T00:56:01.094Z]   EXT: https://maps.google.je/url?q=http://www.rajhansiti.com
[2026-03-24T00:56:01.094Z]   EXT: https://maps.google.jo/url?sa=t&url=http://www.rajhansiti.com
[2026-03-24T00:56:01.094Z]   EXT: https://maps.google.kg/url?q=http://www.rajhansiti.com
[2026-03-24T00:56:01.094Z]   EXT: https://maps.google.ki/url?q=http://www.rajhansiti.com
[2026-03-24T00:56:01.094Z]   EXT: https://maps.google.kz/url?q=http://www.rajhansiti.com
[2026-03-24T00:56:01.094Z]   EXT: https://maps.google.la/url?q=http://www.rajhansiti.com
[2026-03-24T00:56:01.094Z]   EXT: https://maps.google.lk/url?q=http://www.rajhansiti.com
[2026-03-24T00:56:01.094Z]   EXT: https://maps.google.lk/url?sa=t&url=http://www.rajhansiti.com
[2026-03-24T00:56:01.094Z]   EXT: https://maps.google.lt/url?q=http://www.rajhansiti.com
[2026-03-24T00:56:01.094Z]   EXT: https://maps.google.mg/url?q=http://www.rajhansiti.com
[2026-03-24T00:56:01.094Z]   EXT: https://maps.google.mk/url?q=http://www.rajhansiti.com
[2026-03-24T00:56:01.094Z]   EXT: https://maps.google.ml/url?q=http://www.rajhansiti.com
[2026-03-24T00:56:01.094Z]   EXT: https://maps.google.ms/url?q=http://www.rajhansiti.com
[2026-03-24T00:56:01.094Z]   EXT: https://maps.google.mv/url?q=http://www.rajhansiti.com
[2026-03-24T00:56:01.094Z]   EXT: https://maps.google.mw/url?q=http://www.rajhansiti.com
[2026-03-24T00:56:01.094Z]   EXT: https://maps.google.ne/url?q=http://www.rajhansiti.com
[2026-03-24T00:56:01.094Z]   EXT: https://maps.google.pt/url?q=http://www.rajhansiti.com
[2026-03-24T00:56:01.094Z]   EXT: https://maps.google.ro/url?q=http://www.rajhansiti.com
[2026-03-24T00:56:01.094Z]   EXT: https://maps.google.rs/url?q=http://www.rajhansiti.com
[2026-03-24T00:56:01.094Z]   EXT: https://maps.google.rw/url?q=http://www.rajhansiti.com
[2026-03-24T00:56:01.094Z]   EXT: https://maps.google.sc/url?q=http://www.rajhansiti.com
[2026-03-24T00:56:01.094Z]   EXT: https://maps.google.sh/url?q=http://www.rajhansiti.com
[2026-03-24T00:56:01.094Z]   EXT: https://maps.google.si/url?q=http://www.rajhansiti.com
[2026-03-24T00:56:01.094Z]   EXT: https://maps.google.sm/url?q=http://www.rajhansiti.com
[2026-03-24T00:56:01.094Z]   EXT: https://maps.google.sn/url?q=http://www.rajhansiti.com
[2026-03-24T00:56:01.094Z]   EXT: https://maps.google.st/url?q=http://www.rajhansiti.com
[2026-03-24T00:56:01.094Z]   EXT: https://maps.google.td/url?q=http://www.rajhansiti.com
[2026-03-24T00:56:01.094Z]   EXT: https://maps.google.tl/url?q=http://www.rajhansiti.com
[2026-03-24T00:56:01.094Z]   EXT: https://maps.google.tn/url?q=http://www.rajhansiti.com
[2026-03-24T00:56:01.094Z]   EXT: https://maps.google.tt/url?q=http://www.rajhansiti.com
[2026-03-24T00:56:01.094Z]   EXT: https://maps.google.vg/url?q=http://www.rajhansiti.com
[2026-03-24T00:56:01.095Z]   EXT: https://maps.google.ws/url?q=http://www.rajhansiti.com
[2026-03-24T00:56:01.095Z]   EXT: https://plus.google.com/url?q=http://www.rajhansiti.com
[2026-03-24T00:56:01.095Z]   EXT: https://www.google.ac/url?q=http://www.rajhansiti.com
[2026-03-24T00:56:01.095Z]   EXT: https://www.google.ad/url?q=http://www.rajhansiti.com
[2026-03-24T00:56:01.095Z]   EXT: https://www.google.al/url?q=http://www.rajhansiti.com
[2026-03-24T00:56:01.095Z]   EXT: https://www.google.am/url?q=http://www.rajhansiti.com
[2026-03-24T00:56:01.095Z]   EXT: https://www.google.as/url?q=http://www.rajhansiti.com
[2026-03-24T00:56:01.095Z]   EXT: https://www.google.ba/url?q=http://www.rajhansiti.com
[2026-03-24T00:56:01.095Z]   EXT: https://www.google.be/url?q=http://www.rajhansiti.com
[2026-03-24T00:56:01.095Z]   EXT: https://www.google.bf/url?q=http://www.rajhansiti.com
[2026-03-24T00:56:01.095Z]   EXT: https://www.google.bi/url?q=http://www.rajhansiti.com
[2026-03-24T00:56:01.095Z]   EXT: https://www.google.bi/url?sa=t&url=http://www.rajhansiti.com
[2026-03-24T00:56:01.095Z]   EXT: https://www.google.bj/url?q=http://www.rajhansiti.com
[2026-03-24T00:56:01.095Z]   EXT: https://www.google.bs/url?q=http://www.rajhansiti.com
[2026-03-24T00:56:01.095Z]   EXT: https://www.google.bt/url?q=http://www.rajhansiti.com
[2026-03-24T00:56:01.095Z]   EXT: https://www.google.ca/url?q=http://www.rajhansiti.com
[2026-03-24T00:56:01.095Z]   EXT: https://www.google.cat/url?q=http://www.rajhansiti.com
[2026-03-24T00:56:01.095Z]   EXT: https://www.google.cd/url?q=http://www.rajhansiti.com
[2026-03-24T00:56:01.095Z]   EXT: https://www.google.cf/url?q=http://www.rajhansiti.com
[2026-03-24T00:56:01.095Z]   EXT: https://www.google.cg/url?q=http://www.rajhansiti.com
[2026-03-24T00:56:01.095Z]   EXT: https://www.google.cl/url?q=http://www.rajhansiti.com
[2026-03-24T00:56:01.095Z]   EXT: https://www.google.cm/url?q=http://www.rajhansiti.com
[2026-03-24T00:56:01.095Z]   EXT: https://www.google.co.ao/url?q=http://www.rajhansiti.com
[2026-03-24T00:56:01.095Z]   EXT: https://www.google.co.ck/url?q=http://www.rajhansiti.com
[2026-03-24T00:56:01.095Z]   EXT: https://www.google.co.cr/url?q=http://www.rajhansiti.com
[2026-03-24T00:56:01.095Z]   EXT: https://www.google.co.id/url?q=http://www.rajhansiti.com
[2026-03-24T00:56:01.095Z]   EXT: https://www.google.co.in/url?q=http://www.rajhansiti.com
[2026-03-24T00:56:01.095Z]   EXT: https://www.google.co.jp/url?q=http://www.rajhansiti.com
[2026-03-24T00:56:01.095Z]   EXT: https://www.google.co.ls/url?q=http://www.rajhansiti.com
[2026-03-24T00:56:01.095Z]   EXT: https://www.google.co.ma/url?q=http://www.rajhansiti.com
[2026-03-24T00:56:01.095Z]   EXT: https://www.google.co.nz/url?q=http://www.rajhansiti.com
[2026-03-24T00:56:01.095Z]   EXT: https://www.google.co.th/url?q=http://www.rajhansiti.com
[2026-03-24T00:56:01.095Z]   EXT: https://www.google.co.ug/url?q=http://www.rajhansiti.com
[2026-03-24T00:56:01.095Z]   EXT: https://www.google.co.uz/url?q=http://www.rajhansiti.com
[2026-03-24T00:56:01.095Z]   EXT: https://www.google.co.vi/url?q=http://www.rajhansiti.com
[2026-03-24T00:56:01.095Z]   EXT: https://www.google.co.za/url?q=http://www.rajhansiti.com
[2026-03-24T00:56:01.095Z]   EXT: https://www.google.co.zm/url?q=http://www.rajhansiti.com
[2026-03-24T00:56:01.096Z]   EXT: https://www.google.com.af/url?q=http://www.rajhansiti.com
[2026-03-24T00:56:01.096Z]   EXT: https://www.google.com.ag/url?q=http://www.rajhansiti.com
[2026-03-24T00:56:01.096Z]   EXT: https://www.google.com.ai/url?q=http://www.rajhansiti.com
[2026-03-24T00:56:01.096Z]   EXT: https://www.google.com.au/url?q=http://www.rajhansiti.com
[2026-03-24T00:56:01.096Z]   EXT: https://www.google.com.bn/url?q=http://www.rajhansiti.com
[2026-03-24T00:56:01.096Z]   EXT: https://www.google.com.bz/url?q=http://www.rajhansiti.com
[2026-03-24T00:56:01.096Z]   EXT: https://www.google.com.cu/url?q=http://www.rajhansiti.com
[2026-03-24T00:56:01.096Z]   EXT: https://www.google.com.do/url?q=http://www.rajhansiti.com
[2026-03-24T00:56:01.096Z]   EXT: https://www.google.com.et/url?q=http://www.rajhansiti.com
[2026-03-24T00:56:01.096Z]   EXT: https://www.google.com.fj/url?q=http://www.rajhansiti.com
[2026-03-24T00:56:01.096Z]   EXT: https://www.google.com.gi/url?q=http://www.rajhansiti.com
[2026-03-24T00:56:01.096Z]   EXT: https://www.google.com.gt/url?q=http://www.rajhansiti.com
[2026-03-24T00:56:01.096Z]   EXT: https://www.google.com.jm/url?q=http://www.rajhansiti.com
[2026-03-24T00:56:01.096Z]   EXT: https://www.google.com.kw/url?q=http://www.rajhansiti.com
[2026-03-24T00:56:01.096Z]   EXT: https://www.google.com.mm/url?q=http://www.rajhansiti.com
[2026-03-24T00:56:01.096Z]   EXT: https://www.google.com.na/url?q=http://www.rajhansiti.com
[2026-03-24T00:56:01.096Z]   EXT: https://www.google.com.ni/url?q=http://www.rajhansiti.com
[2026-03-24T00:56:01.096Z]   EXT: https://www.google.com.om/url?q=http://www.rajhansiti.com
[2026-03-24T00:56:01.096Z]   EXT: https://www.google.com.pa/url?q=http://www.rajhansiti.com
[2026-03-24T00:56:01.096Z]   EXT: https://www.google.com.pg/url?q=http://www.rajhansiti.com
[2026-03-24T00:56:01.096Z]   EXT: https://www.google.com.sb/url?q=http://www.rajhansiti.com
[2026-03-24T00:56:01.097Z]   EXT: https://www.google.com.sg/url?q=http://www.rajhansiti.com
[2026-03-24T00:56:01.097Z]   EXT: https://www.google.com.sl/url?q=http://www.rajhansiti.com
[2026-03-24T00:56:01.097Z]   EXT: https://www.google.com.tj/url?q=http://www.rajhansiti.com
[2026-03-24T00:56:01.097Z]   EXT: https://www.google.com.tw/url?q=http://www.rajhansiti.com
[2026-03-24T00:56:01.097Z]   EXT: https://www.google.com.ua/url?q=http://www.rajhansiti.com
[2026-03-24T00:56:01.097Z]   EXT: https://www.google.com.uy/url?q=http://www.rajhansiti.com
[2026-03-24T00:56:01.097Z]   EXT: https://www.google.com.vc/url?q=http://www.rajhansiti.com
[2026-03-24T00:56:01.097Z]   EXT: https://www.google.com.vn/url?sa=t&source=web&url=http://www.rajhansiti.com
[2026-03-24T00:56:01.097Z]   EXT: https://www.google.cv/url?q=http://www.rajhansiti.com
[2026-03-24T00:56:01.097Z]   EXT: https://www.google.cz/url?q=http://www.rajhansiti.com
[2026-03-24T00:56:01.097Z]   EXT: https://www.google.de/url?q=http://www.rajhansiti.com
[2026-03-24T00:56:01.097Z]   EXT: https://www.google.de/url?q=https://rajhansiti.com.com
[2026-03-24T00:56:01.097Z]   EXT: https://www.google.dj/url?q=http://www.rajhansiti.com
[2026-03-24T00:56:01.097Z]   EXT: https://www.google.dm/url?q=http://www.rajhansiti.com
[2026-03-24T00:56:01.097Z]   EXT: https://www.google.dz/url?q=http://www.rajhansiti.com
[2026-03-24T00:56:01.097Z]   EXT: https://www.google.es/url?q=http://www.rajhansiti.com
[2026-03-24T00:56:01.097Z]   EXT: https://www.google.fm/url?q=http://www.rajhansiti.com
[2026-03-24T00:56:01.097Z]   EXT: https://www.google.ga/url?q=http://www.rajhansiti.com
[2026-03-24T00:56:01.097Z]   EXT: https://www.google.ge/url?q=http://www.rajhansiti.com
[2026-03-24T00:56:01.097Z]   EXT: https://www.google.gg/url?q=http://www.rajhansiti.com
[2026-03-24T00:56:01.097Z]   EXT: https://www.google.gl/url?q=http://www.rajhansiti.com
[2026-03-24T00:56:01.097Z]   EXT: https://www.google.gm/url?q=http://www.rajhansiti.com
[2026-03-24T00:56:01.097Z]   EXT: https://www.google.gp/url?q=http://www.rajhansiti.com
[2026-03-24T00:56:01.097Z]   EXT: https://www.google.gy/url?q=http://www.rajhansiti.com
[2026-03-24T00:56:01.097Z]   EXT: https://www.google.hr/url?q=http://www.rajhansiti.com
[2026-03-24T00:56:01.097Z]   EXT: https://www.google.ht/url?q=http://www.rajhansiti.com
[2026-03-24T00:56:01.097Z]   EXT: https://www.google.im/url?q=http://www.rajhansiti.com
[2026-03-24T00:56:01.097Z]   EXT: https://www.google.it/url?q=http://www.rajhansiti.com
[2026-03-24T00:56:01.097Z]   EXT: https://www.google.kg/url?q=http://www.rajhansiti.com
[2026-03-24T00:56:01.097Z]   EXT: https://www.google.ki/url?q=http://www.rajhansiti.com
[2026-03-24T00:56:01.097Z]   EXT: https://www.google.kz/url?q=http://www.rajhansiti.com
[2026-03-24T00:56:01.097Z]   EXT: https://www.google.la/url?q=http://www.rajhansiti.com
[2026-03-24T00:56:01.097Z]   EXT: https://www.google.li/url?q=http://www.rajhansiti.com
[2026-03-24T00:56:01.097Z]   EXT: https://www.google.lk/url?q=http://www.rajhansiti.com
[2026-03-24T00:56:01.097Z]   EXT: https://www.google.lu/url?q=http://www.rajhansiti.com
[2026-03-24T00:56:01.097Z]   EXT: https://www.google.lv/url?q=http://www.rajhansiti.com
[2026-03-24T00:56:01.097Z]   EXT: https://www.google.mg/url?q=http://www.rajhansiti.com
[2026-03-24T00:56:01.097Z]   EXT: https://www.google.ml/url?q=http://www.rajhansiti.com
[2026-03-24T00:56:01.097Z]   EXT: https://www.google.mn/url?q=http://www.rajhansiti.com
[2026-03-24T00:56:01.097Z]   EXT: https://www.google.ms/url?q=http://www.rajhansiti.com
[2026-03-24T00:56:01.098Z]   EXT: https://www.google.mu/url?q=http://www.rajhansiti.com
[2026-03-24T00:56:01.098Z]   EXT: https://www.google.mv/url?q=http://www.rajhansiti.com
[2026-03-24T00:56:01.098Z]   EXT: https://www.google.mw/url?q=http://www.rajhansiti.com
[2026-03-24T00:56:01.098Z]   EXT: https://www.google.ne/url?q=http://www.rajhansiti.com
[2026-03-24T00:56:01.098Z]   EXT: https://www.google.nl/url?q=http://www.rajhansiti.com
[2026-03-24T00:56:01.098Z]   EXT: https://www.google.no/url?q=http://www.rajhansiti.com
[2026-03-24T00:56:01.098Z]   EXT: https://www.google.nr/url?q=http://www.rajhansiti.com
[2026-03-24T00:56:01.098Z]   EXT: https://www.google.pl/url?q=http://www.rajhansiti.com
[2026-03-24T00:56:01.098Z]   EXT: https://www.google.pn/url?q=http://www.rajhansiti.com
[2026-03-24T00:56:01.098Z]   EXT: https://www.google.ru/url?q=http://www.rajhansiti.com
[2026-03-24T00:56:01.098Z]   EXT: https://www.google.rw/url?q=http://www.rajhansiti.com
[2026-03-24T00:56:01.098Z]   EXT: https://www.google.sc/url?q=http://www.rajhansiti.com
[2026-03-24T00:56:01.098Z]   EXT: https://www.google.sk/url?q=http://www.rajhansiti.com
[2026-03-24T00:56:01.098Z]   EXT: https://www.google.sm/url?q=http://www.rajhansiti.com
[2026-03-24T00:56:01.098Z]   EXT: https://www.google.so/url?q=http://www.rajhansiti.com
[2026-03-24T00:56:01.098Z]   EXT: https://www.google.sr/url?q=http://www.rajhansiti.com
[2026-03-24T00:56:01.098Z]   EXT: https://www.google.st/url?q=http://www.rajhansiti.com
[2026-03-24T00:56:01.098Z]   EXT: https://www.google.td/url?q=http://www.rajhansiti.com
[2026-03-24T00:56:01.098Z]   EXT: https://www.google.tg/url?q=http://www.rajhansiti.com
[2026-03-24T00:56:01.098Z]   EXT: https://www.google.tk/url?q=http://www.rajhansiti.com
[2026-03-24T00:56:01.098Z]   EXT: https://www.google.tl/url?q=http://www.rajhansiti.com
[2026-03-24T00:56:01.098Z]   EXT: https://www.google.tm/url?q=http://www.rajhansiti.com
[2026-03-24T00:56:01.098Z]   EXT: https://www.google.tn/url?q=http://www.rajhansiti.com
[2026-03-24T00:56:01.098Z]   EXT: https://www.google.to/url?q=http://www.rajhansiti.com
[2026-03-24T00:56:01.098Z]   EXT: https://www.google.tt/url?q=http://www.rajhansiti.com
[2026-03-24T00:56:01.098Z]   EXT: https://www.google.vg/url?q=http://www.rajhansiti.com
[2026-03-24T00:56:01.098Z]   EXT: https://www.google.vu/url?q=http://www.rajhansiti.com
[2026-03-24T00:56:01.098Z]   EXT: https://www.google.ws/url?q=http://www.rajhansiti.com
[2026-03-24T00:56:01.098Z]   EXT: https://www.miradorliving.com/assisted-living/indiana/indianapolis
[2026-03-24T00:56:01.098Z]   EXT: https://www.pennergame.de/redirect/?site=http://www.rajhansiti.com
[2026-03-24T00:56:01.098Z]   EXT: https://www.youtube.com/redirect?q=http://www.rajhansiti.com
[2026-03-24T00:56:01.098Z] ── Step 1: Programmatic categorization ──
[2026-03-24T00:56:01.098Z]   UNCATEGORIZED: http://bookmarkingbase.com/category/14/Internet-Business
[2026-03-24T00:56:01.099Z]   UNCATEGORIZED: http://images.google.ac/url?q=http://www.rajhansiti.com
[2026-03-24T00:56:01.099Z]   UNCATEGORIZED: http://images.google.ad/url?q=http://www.rajhansiti.com
[2026-03-24T00:56:01.099Z]   UNCATEGORIZED: http://images.google.ae/url?q=http://www.rajhansiti.com
[2026-03-24T00:56:01.099Z]   UNCATEGORIZED: http://images.google.al/url?q=http://www.rajhansiti.com
[2026-03-24T00:56:01.099Z]   UNCATEGORIZED: http://images.google.as/url?q=http://www.rajhansiti.com
[2026-03-24T00:56:01.099Z]   UNCATEGORIZED: http://images.google.az/url?q=http://www.rajhansiti.com
[2026-03-24T00:56:01.099Z]   UNCATEGORIZED: http://images.google.bf/url?q=http://www.rajhansiti.com
[2026-03-24T00:56:01.099Z]   UNCATEGORIZED: http://images.google.bg/url?q=http://www.rajhansiti.com
[2026-03-24T00:56:01.099Z]   UNCATEGORIZED: http://images.google.bj/url?q=http://www.rajhansiti.com
[2026-03-24T00:56:01.099Z]   UNCATEGORIZED: http://images.google.bt/url?q=http://www.rajhansiti.com
[2026-03-24T00:56:01.099Z]   UNCATEGORIZED: http://images.google.by/url?q=http://www.rajhansiti.com
[2026-03-24T00:56:01.099Z]   UNCATEGORIZED: http://images.google.cat/url?q=http://www.rajhansiti.com
[2026-03-24T00:56:01.099Z]   UNCATEGORIZED: http://images.google.cg/url?q=http://www.rajhansiti.com
[2026-03-24T00:56:01.099Z]   UNCATEGORIZED: http://images.google.ch/url?q=http://www.rajhansiti.com
[2026-03-24T00:56:01.099Z]   UNCATEGORIZED: http://images.google.co.bw/url?q=http://www.rajhansiti.com
[2026-03-24T00:56:01.099Z]   UNCATEGORIZED: http://images.google.co.ck/url?q=http://www.rajhansiti.com
[2026-03-24T00:56:01.099Z]   UNCATEGORIZED: http://images.google.co.jp/url?q=http://www.rajhansiti.com
[2026-03-24T00:56:01.099Z]   UNCATEGORIZED: http://images.google.co.ls/url?q=http://www.rajhansiti.com
[2026-03-24T00:56:01.099Z]   UNCATEGORIZED: http://images.google.co.th/url?q=http://www.rajhansiti.com
[2026-03-24T00:56:01.099Z]   UNCATEGORIZED: http://images.google.co.tz/url?q=http://www.rajhansiti.com
[2026-03-24T00:56:01.099Z]   UNCATEGORIZED: http://images.google.co.ug/url?q=http://www.rajhansiti.com
[2026-03-24T00:56:01.099Z]   UNCATEGORIZED: http://images.google.co.uz/url?q=http://www.rajhansiti.com
[2026-03-24T00:56:01.099Z]   UNCATEGORIZED: http://images.google.co.za/url?q=http://www.rajhansiti.com
[2026-03-24T00:56:01.099Z]   UNCATEGORIZED: http://images.google.co.zm/url?q=http://www.rajhansiti.com
[2026-03-24T00:56:01.099Z]   UNCATEGORIZED: http://images.google.com.ag/url?q=http://www.rajhansiti.com
[2026-03-24T00:56:01.099Z]   UNCATEGORIZED: http://images.google.com.ai/url?q=http://www.rajhansiti.com
[2026-03-24T00:56:01.099Z]   UNCATEGORIZED: http://images.google.com.au/url?q=http://www.rajhansiti.com
[2026-03-24T00:56:01.099Z]   UNCATEGORIZED: http://images.google.com.bd/url?q=http://www.rajhansiti.com
[2026-03-24T00:56:01.099Z]   UNCATEGORIZED: http://images.google.com.bh/url?q=http://www.rajhansiti.com
[2026-03-24T00:56:01.099Z]   UNCATEGORIZED: http://images.google.com.bn/url?q=http://www.rajhansiti.com
[2026-03-24T00:56:01.099Z]   UNCATEGORIZED: http://images.google.com.br/url?q=http://www.rajhansiti.com
[2026-03-24T00:56:01.099Z]   UNCATEGORIZED: http://images.google.com.bz/url?q=http://www.rajhansiti.com
[2026-03-24T00:56:01.099Z]   UNCATEGORIZED: http://images.google.com.co/url?q=http://www.rajhansiti.com
[2026-03-24T00:56:01.099Z]   UNCATEGORIZED: http://images.google.com.cu/url?q=http://www.rajhansiti.com
[2026-03-24T00:56:01.099Z]   UNCATEGORIZED: http://images.google.com.cy/url?q=http://www.rajhansiti.com
[2026-03-24T00:56:01.100Z]   UNCATEGORIZED: http://images.google.com.ec/url?q=http://www.rajhansiti.com
[2026-03-24T00:56:01.100Z]   UNCATEGORIZED: http://images.google.com.fj/url?q=http://www.rajhansiti.com
[2026-03-24T00:56:01.100Z]   UNCATEGORIZED: http://images.google.com.gi/url?q=http://www.rajhansiti.com
[2026-03-24T00:56:01.100Z]   UNCATEGORIZED: http://images.google.com.gt/url?q=http://www.rajhansiti.com
[2026-03-24T00:56:01.100Z]   UNCATEGORIZED: http://images.google.com.jm/url?q=http://www.rajhansiti.com
[2026-03-24T00:56:01.100Z]   UNCATEGORIZED: http://images.google.com.lb/url?q=http://www.rajhansiti.com
[2026-03-24T00:56:01.100Z]   UNCATEGORIZED: http://images.google.com.mm/url?q=http://www.rajhansiti.com
[2026-03-24T00:56:01.100Z]   UNCATEGORIZED: http://images.google.com.na/url?q=http://www.rajhansiti.com
[2026-03-24T00:56:01.100Z]   UNCATEGORIZED: http://images.google.com.om/url?q=http://www.rajhansiti.com
[2026-03-24T00:56:01.100Z]   UNCATEGORIZED: http://images.google.com.pa/url?q=http://www.rajhansiti.com
[2026-03-24T00:56:01.100Z]   UNCATEGORIZED: http://images.google.com.pg/url?q=http://www.rajhansiti.com
[2026-03-24T00:56:01.100Z]   UNCATEGORIZED: http://images.google.com.ph/url?q=http://www.rajhansiti.com
[2026-03-24T00:56:01.100Z]   UNCATEGORIZED: http://images.google.com.sb/url?q=http://www.rajhansiti.com
[2026-03-24T00:56:01.100Z]   UNCATEGORIZED: http://images.google.com.sl/url?q=http://www.rajhansiti.com
[2026-03-24T00:56:01.100Z]   UNCATEGORIZED: http://images.google.com.sv/url?q=http://www.rajhansiti.com
[2026-03-24T00:56:01.100Z]   UNCATEGORIZED: http://images.google.cv/url?q=http://www.rajhansiti.com
[2026-03-24T00:56:01.100Z]   UNCATEGORIZED: http://images.google.dj/url?q=http://www.rajhansiti.com
[2026-03-24T00:56:01.100Z]   UNCATEGORIZED: http://images.google.dk/url?q=http://www.rajhansiti.com
[2026-03-24T00:56:01.100Z]   UNCATEGORIZED: http://images.google.dm/url?q=http://www.rajhansiti.com
[2026-03-24T00:56:01.100Z]   UNCATEGORIZED: http://images.google.ee/url?q=http://www.rajhansiti.com
[2026-03-24T00:56:01.100Z]   UNCATEGORIZED: http://images.google.fm/url?q=http://www.rajhansiti.com
[2026-03-24T00:56:01.100Z]   UNCATEGORIZED: http://images.google.ga/url?q=http://www.rajhansiti.com
[2026-03-24T00:56:01.100Z]   UNCATEGORIZED: http://images.google.ge/url?q=http://www.rajhansiti.com
[2026-03-24T00:56:01.100Z]   UNCATEGORIZED: http://images.google.gg/url?q=http://www.rajhansiti.com
[2026-03-24T00:56:01.100Z]   UNCATEGORIZED: http://images.google.gl/url?q=http://www.rajhansiti.com
[2026-03-24T00:56:01.100Z]   UNCATEGORIZED: http://images.google.gm/url?q=http://www.rajhansiti.com
[2026-03-24T00:56:01.100Z]   UNCATEGORIZED: http://images.google.gp/url?q=http://www.rajhansiti.com
[2026-03-24T00:56:01.100Z]   UNCATEGORIZED: http://images.google.gr/url?q=http://www.rajhansiti.com
[2026-03-24T00:56:01.100Z]   UNCATEGORIZED: http://images.google.hr/url?q=http://www.rajhansiti.com
[2026-03-24T00:56:01.100Z]   UNCATEGORIZED: http://images.google.ht/url?q=http://www.rajhansiti.com
[2026-03-24T00:56:01.100Z]   UNCATEGORIZED: http://images.google.im/url?q=http://www.rajhansiti.com
[2026-03-24T00:56:01.100Z]   UNCATEGORIZED: http://images.google.je/url?q=http://www.rajhansiti.com
[2026-03-24T00:56:01.100Z]   UNCATEGORIZED: http://images.google.ki/url?q=http://www.rajhansiti.com
[2026-03-24T00:56:01.100Z]   UNCATEGORIZED: http://images.google.kz/url?q=http://www.rajhansiti.com
[2026-03-24T00:56:01.101Z]   UNCATEGORIZED: http://images.google.la/url?q=http://www.rajhansiti.com
[2026-03-24T00:56:01.101Z]   UNCATEGORIZED: http://images.google.li/url?q=http://www.rajhansiti.com
[2026-03-24T00:56:01.101Z]   UNCATEGORIZED: http://images.google.lk/url?q=http://www.rajhansiti.com
[2026-03-24T00:56:01.101Z]   UNCATEGORIZED: http://images.google.lt/url?q=http://www.rajhansiti.com
[2026-03-24T00:56:01.101Z]   UNCATEGORIZED: http://images.google.ml/url?q=http://www.rajhansiti.com
[2026-03-24T00:56:01.101Z]   UNCATEGORIZED: http://images.google.mn/url?q=http://www.rajhansiti.com
[2026-03-24T00:56:01.101Z]   UNCATEGORIZED: http://images.google.ms/url?q=http://www.rajhansiti.com
[2026-03-24T00:56:01.101Z]   UNCATEGORIZED: http://images.google.mu/url?q=http://www.rajhansiti.com
[2026-03-24T00:56:01.101Z]   UNCATEGORIZED: http://images.google.mv/url?q=http://www.rajhansiti.com
[2026-03-24T00:56:01.101Z]   UNCATEGORIZED: http://images.google.ne/url?q=http://www.rajhansiti.com
[2026-03-24T00:56:01.101Z]   UNCATEGORIZED: http://images.google.nl/url?q=http://www.rajhansiti.com
[2026-03-24T00:56:01.101Z]   UNCATEGORIZED: http://images.google.rw/url?q=http://www.rajhansiti.com
[2026-03-24T00:56:01.101Z]   UNCATEGORIZED: http://images.google.sc/url?q=http://www.rajhansiti.com
[2026-03-24T00:56:01.101Z]   UNCATEGORIZED: http://images.google.si/url?q=http://www.rajhansiti.com
[2026-03-24T00:56:01.101Z]   UNCATEGORIZED: http://images.google.sm/url?q=http://www.rajhansiti.com
[2026-03-24T00:56:01.101Z]   UNCATEGORIZED: http://images.google.sr/url?q=http://www.rajhansiti.com
[2026-03-24T00:56:01.101Z]   UNCATEGORIZED: http://images.google.td/url?q=http://www.rajhansiti.com
[2026-03-24T00:56:01.101Z]   UNCATEGORIZED: http://images.google.tg/url?q=http://www.rajhansiti.com
[2026-03-24T00:56:01.101Z]   UNCATEGORIZED: http://images.google.tl/url?q=http://www.rajhansiti.com
[2026-03-24T00:56:01.101Z]   UNCATEGORIZED: http://images.google.tm/url?q=http://www.rajhansiti.com
[2026-03-24T00:56:01.101Z]   UNCATEGORIZED: http://images.google.tn/url?q=http://www.rajhansiti.com
[2026-03-24T00:56:01.101Z]   UNCATEGORIZED: http://images.google.to/url?q=http://www.rajhansiti.com
[2026-03-24T00:56:01.101Z]   UNCATEGORIZED: http://images.google.vg/url?q=http://www.rajhansiti.com
[2026-03-24T00:56:01.101Z]   UNCATEGORIZED: http://images.google.vu/url?q=http://www.rajhansiti.com
[2026-03-24T00:56:01.101Z]   UNCATEGORIZED: http://images.google.ws/url?q=http://www.rajhansiti.com
[2026-03-24T00:56:01.101Z]   UNCATEGORIZED: http://maps.google.ad/url?q=http://www.rajhansiti.com
[2026-03-24T00:56:01.101Z]   UNCATEGORIZED: http://maps.google.ae/url?q=http://www.rajhansiti.com
[2026-03-24T00:56:01.101Z]   UNCATEGORIZED: http://maps.google.as/url?q=http://www.rajhansiti.com
[2026-03-24T00:56:01.102Z]   UNCATEGORIZED: http://maps.google.at/url?q=http://www.rajhansiti.com
[2026-03-24T00:56:01.102Z]   UNCATEGORIZED: http://maps.google.ba/url?q=http://www.rajhansiti.com
[2026-03-24T00:56:01.102Z]   UNCATEGORIZED: http://maps.google.bg/url?q=http://www.rajhansiti.com
[2026-03-24T00:56:01.102Z]   UNCATEGORIZED: http://maps.google.bs/url?q=http://www.rajhansiti.com
[2026-03-24T00:56:01.102Z]   UNCATEGORIZED: http://maps.google.cd/url?q=http://www.rajhansiti.com
[2026-03-24T00:56:01.102Z]   UNCATEGORIZED: http://maps.google.ci/url?q=http://www.rajhansiti.com
[2026-03-24T00:56:01.102Z]   UNCATEGORIZED: http://maps.google.cl/url?q=http://www.rajhansiti.com
[2026-03-24T00:56:01.102Z]   UNCATEGORIZED: http://maps.google.cm/url?q=http://www.rajhansiti.com
[2026-03-24T00:56:01.102Z]   UNCATEGORIZED: http://maps.google.co.bw/url?q=http://www.rajhansiti.com
[2026-03-24T00:56:01.102Z]   UNCATEGORIZED: http://maps.google.co.ck/url?q=http://www.rajhansiti.com
[2026-03-24T00:56:01.102Z]   UNCATEGORIZED: http://maps.google.co.cr/url?q=http://www.rajhansiti.com
[2026-03-24T00:56:01.102Z]   UNCATEGORIZED: http://maps.google.co.in/url?q=http://www.rajhansiti.com
[2026-03-24T00:56:01.102Z]   UNCATEGORIZED: http://maps.google.co.jp/url?q=http://www.rajhansiti.com
[2026-03-24T00:56:01.102Z]   UNCATEGORIZED: http://maps.google.co.ke/url?q=http://www.rajhansiti.com
[2026-03-24T00:56:01.102Z]   UNCATEGORIZED: http://maps.google.co.ls/url?q=http://www.rajhansiti.com
[2026-03-24T00:56:01.102Z]   UNCATEGORIZED: http://maps.google.co.ug/url?q=http://www.rajhansiti.com
[2026-03-24T00:56:01.102Z]   UNCATEGORIZED: http://maps.google.co.vi/url?q=http://www.rajhansiti.com
[2026-03-24T00:56:01.102Z]   UNCATEGORIZED: http://maps.google.co.zm/url?q=http://www.rajhansiti.com
[2026-03-24T00:56:01.102Z]   UNCATEGORIZED: http://maps.google.com.ag/url?q=http://www.rajhansiti.com
[2026-03-24T00:56:01.102Z]   UNCATEGORIZED: http://maps.google.com.bd/url?q=http://www.rajhansiti.com
[2026-03-24T00:56:01.102Z]   UNCATEGORIZED: http://maps.google.com.bh/url?q=http://www.rajhansiti.com
[2026-03-24T00:56:01.102Z]   UNCATEGORIZED: http://maps.google.com.bo/url?q=http://www.rajhansiti.com
[2026-03-24T00:56:01.102Z]   UNCATEGORIZED: http://maps.google.com.bz/url?q=http://www.rajhansiti.com
[2026-03-24T00:56:01.102Z]   UNCATEGORIZED: http://maps.google.com.cu/url?q=http://www.rajhansiti.com
[2026-03-24T00:56:01.102Z]   UNCATEGORIZED: http://maps.google.com.ec/url?q=http://www.rajhansiti.com
[2026-03-24T00:56:01.102Z]   UNCATEGORIZED: http://maps.google.com.fj/url?q=http://www.rajhansiti.com
[2026-03-24T00:56:01.102Z]   UNCATEGORIZED: http://maps.google.com.gi/url?q=http://www.rajhansiti.com
[2026-03-24T00:56:01.102Z]   UNCATEGORIZED: http://maps.google.com.gt/url?q=http://www.rajhansiti.com
[2026-03-24T00:56:01.102Z]   UNCATEGORIZED: http://maps.google.com.jm/url?q=http://www.rajhansiti.com
[2026-03-24T00:56:01.102Z]   UNCATEGORIZED: http://maps.google.com.kw/url?q=http://www.rajhansiti.com
[2026-03-24T00:56:01.102Z]   UNCATEGORIZED: http://maps.google.com.lb/url?q=http://www.rajhansiti.com
[2026-03-24T00:56:01.102Z]   UNCATEGORIZED: http://maps.google.com.ly/url?q=http://www.rajhansiti.com
[2026-03-24T00:56:01.103Z]   UNCATEGORIZED: http://maps.google.com.mm/url?q=http://www.rajhansiti.com
[2026-03-24T00:56:01.103Z]   UNCATEGORIZED: http://maps.google.com.na/url?q=http://www.rajhansiti.com
[2026-03-24T00:56:01.103Z]   UNCATEGORIZED: http://maps.google.com.ng/url?q=http://www.rajhansiti.com
[2026-03-24T00:56:01.103Z]   UNCATEGORIZED: http://maps.google.com.pg/url?q=http://www.rajhansiti.com
[2026-03-24T00:56:01.103Z]   UNCATEGORIZED: http://maps.google.com.py/url?q=http://www.rajhansiti.com
[2026-03-24T00:56:01.103Z]   UNCATEGORIZED: http://maps.google.com.qa/url?q=http://www.rajhansiti.com
[2026-03-24T00:56:01.103Z]   UNCATEGORIZED: http://maps.google.com.sb/url?q=http://www.rajhansiti.com
[2026-03-24T00:56:01.103Z]   UNCATEGORIZED: http://maps.google.com.sg/url?q=http://www.rajhansiti.com
[2026-03-24T00:56:01.103Z]   UNCATEGORIZED: http://maps.google.com.sl/url?q=http://www.rajhansiti.com
[2026-03-24T00:56:01.103Z]   UNCATEGORIZED: http://maps.google.com.tw/url?q=http://www.rajhansiti.com
[2026-03-24T00:56:01.103Z]   UNCATEGORIZED: http://maps.google.com.vc/url?q=http://www.rajhansiti.com
[2026-03-24T00:56:01.103Z]   UNCATEGORIZED: http://maps.google.cv/url?q=http://www.rajhansiti.com
[2026-03-24T00:56:01.103Z]   UNCATEGORIZED: http://maps.google.dz/url?q=http://www.rajhansiti.com
[2026-03-24T00:56:01.103Z]   UNCATEGORIZED: http://maps.google.fm/url?q=http://www.rajhansiti.com
[2026-03-24T00:56:01.103Z]   UNCATEGORIZED: http://maps.google.ga/url?q=http://www.rajhansiti.com
[2026-03-24T00:56:01.103Z]   UNCATEGORIZED: http://maps.google.ge/url?q=http://www.rajhansiti.com
[2026-03-24T00:56:01.103Z]   UNCATEGORIZED: http://maps.google.gg/url?q=http://www.rajhansiti.com
[2026-03-24T00:56:01.103Z]   UNCATEGORIZED: http://maps.google.gm/url?q=http://www.rajhansiti.com
[2026-03-24T00:56:01.103Z]   UNCATEGORIZED: http://maps.google.gy/url?q=http://www.rajhansiti.com
[2026-03-24T00:56:01.103Z]   UNCATEGORIZED: http://maps.google.hn/url?q=http://www.rajhansiti.com
[2026-03-24T00:56:01.103Z]   UNCATEGORIZED: http://maps.google.hr/url?q=http://www.rajhansiti.com
[2026-03-24T00:56:01.103Z]   UNCATEGORIZED: http://maps.google.im/url?q=http://www.rajhansiti.com
[2026-03-24T00:56:01.103Z]   UNCATEGORIZED: http://maps.google.kg/url?q=http://www.rajhansiti.com
[2026-03-24T00:56:01.103Z]   UNCATEGORIZED: http://maps.google.ki/url?q=http://www.rajhansiti.com
[2026-03-24T00:56:01.103Z]   UNCATEGORIZED: http://maps.google.kz/url?q=http://www.rajhansiti.com
[2026-03-24T00:56:01.103Z]   UNCATEGORIZED: http://maps.google.li/url?q=http://www.rajhansiti.com
[2026-03-24T00:56:01.103Z]   UNCATEGORIZED: http://maps.google.lu/url?q=http://www.rajhansiti.com
[2026-03-24T00:56:01.103Z]   UNCATEGORIZED: http://maps.google.mg/url?q=http://www.rajhansiti.com
[2026-03-24T00:56:01.103Z]   UNCATEGORIZED: http://maps.google.ml/url?q=http://www.rajhansiti.com
[2026-03-24T00:56:01.103Z]   UNCATEGORIZED: http://maps.google.mu/url?q=http://www.rajhansiti.com
[2026-03-24T00:56:01.103Z]   UNCATEGORIZED: http://maps.google.mw/url?q=http://www.rajhansiti.com
[2026-03-24T00:56:01.103Z]   UNCATEGORIZED: http://maps.google.ne/url?q=http://www.rajhansiti.com
[2026-03-24T00:56:01.103Z]   UNCATEGORIZED: http://maps.google.nl/url?q=http://www.rajhansiti.com
[2026-03-24T00:56:01.103Z]   UNCATEGORIZED: http://maps.google.no/url?q=http://www.rajhansiti.com
[2026-03-24T00:56:01.104Z]   UNCATEGORIZED: http://maps.google.nr/url?q=http://www.rajhansiti.com
[2026-03-24T00:56:01.104Z]   UNCATEGORIZED: http://maps.google.pl/url?q=http://www.rajhansiti.com
[2026-03-24T00:56:01.104Z]   UNCATEGORIZED: http://maps.google.pn/url?q=http://www.rajhansiti.com
[2026-03-24T00:56:01.104Z]   UNCATEGORIZED: http://maps.google.pt/url?q=http://www.rajhansiti.com
[2026-03-24T00:56:01.104Z]   UNCATEGORIZED: http://maps.google.rs/url?q=http://www.rajhansiti.com
[2026-03-24T00:56:01.104Z]   UNCATEGORIZED: http://maps.google.rw/url?q=http://www.rajhansiti.com
[2026-03-24T00:56:01.104Z]   UNCATEGORIZED: http://maps.google.sc/url?q=http://www.rajhansiti.com
[2026-03-24T00:56:01.104Z]   UNCATEGORIZED: http://maps.google.se/url?q=http://www.rajhansiti.com
[2026-03-24T00:56:01.104Z]   UNCATEGORIZED: http://maps.google.sk/url?q=http://www.rajhansiti.com
[2026-03-24T00:56:01.104Z]   UNCATEGORIZED: http://maps.google.so/url?q=http://www.rajhansiti.com
[2026-03-24T00:56:01.104Z]   UNCATEGORIZED: http://maps.google.st/url?q=http://www.rajhansiti.com
[2026-03-24T00:56:01.104Z]   UNCATEGORIZED: http://maps.google.td/url?q=http://www.rajhansiti.com
[2026-03-24T00:56:01.104Z]   UNCATEGORIZED: http://maps.google.tg/url?q=http://www.rajhansiti.com
[2026-03-24T00:56:01.104Z]   UNCATEGORIZED: http://maps.google.tl/url?q=http://www.rajhansiti.com
[2026-03-24T00:56:01.104Z]   UNCATEGORIZED: http://maps.google.to/url?q=http://www.rajhansiti.com
[2026-03-24T00:56:01.104Z]   UNCATEGORIZED: http://maps.google.tt/url?q=http://www.rajhansiti.com
[2026-03-24T00:56:01.104Z]   UNCATEGORIZED: http://maps.google.vg/url?q=http://www.rajhansiti.com
[2026-03-24T00:56:01.104Z]   UNCATEGORIZED: http://maps.google.ws/url?q=http://www.rajhansiti.com
[2026-03-24T00:56:01.104Z]   UNCATEGORIZED: http://portal.hud.gov/hudportal/HUD?src=/program_offices/fair_housing_equal_opp/progdesc/title8
[2026-03-24T00:56:01.104Z]   UNCATEGORIZED: http://www.google.ad/url?q=http://www.rajhansiti.com
[2026-03-24T00:56:01.104Z]   UNCATEGORIZED: http://www.google.ae/url?q=http://www.rajhansiti.com
[2026-03-24T00:56:01.104Z]   UNCATEGORIZED: http://www.google.al/url?q=http://www.rajhansiti.com
[2026-03-24T00:56:01.104Z]   UNCATEGORIZED: http://www.google.am/url?q=http://www.rajhansiti.com
[2026-03-24T00:56:01.104Z]   UNCATEGORIZED: http://www.google.at/url?q=http://www.rajhansiti.com
[2026-03-24T00:56:01.104Z]   UNCATEGORIZED: http://www.google.az/url?q=http://www.rajhansiti.com
[2026-03-24T00:56:01.104Z]   UNCATEGORIZED: http://www.google.ba/url?q=http://www.rajhansiti.com
[2026-03-24T00:56:01.104Z]   UNCATEGORIZED: http://www.google.be/url?q=http://www.rajhansiti.com
[2026-03-24T00:56:01.104Z]   UNCATEGORIZED: http://www.google.bg/url?q=http://www.rajhansiti.com
[2026-03-24T00:56:01.104Z]   UNCATEGORIZED: http://www.google.bj/url?q=http://www.rajhansiti.com
[2026-03-24T00:56:01.104Z]   UNCATEGORIZED: http://www.google.by/url?q=http://www.rajhansiti.com
[2026-03-24T00:56:01.104Z]   UNCATEGORIZED: http://www.google.ch/url?q=http://www.rajhansiti.com
[2026-03-24T00:56:01.104Z]   UNCATEGORIZED: http://www.google.cl/url?q=http://www.rajhansiti.com
[2026-03-24T00:56:01.104Z]   UNCATEGORIZED: http://www.google.co.il/url?q=http://www.rajhansiti.com
[2026-03-24T00:56:01.104Z]   UNCATEGORIZED: http://www.google.co.in/url?q=http://www.rajhansiti.com
[2026-03-24T00:56:01.104Z]   UNCATEGORIZED: http://www.google.co.th/url?q=http://www.rajhansiti.com
[2026-03-24T00:56:01.105Z]   UNCATEGORIZED: http://www.google.co.uk/url?q=http://www.rajhansiti.com
[2026-03-24T00:56:01.105Z]   UNCATEGORIZED: http://www.google.com.af/url?q=http://www.rajhansiti.com
[2026-03-24T00:56:01.105Z]   UNCATEGORIZED: http://www.google.com.ar/url?q=http://www.rajhansiti.com
[2026-03-24T00:56:01.105Z]   UNCATEGORIZED: http://www.google.com.au/url?q=http://www.rajhansiti.com
[2026-03-24T00:56:01.105Z]   UNCATEGORIZED: http://www.google.com.bh/url?q=http://www.rajhansiti.com
[2026-03-24T00:56:01.105Z]   UNCATEGORIZED: http://www.google.com.bn/url?q=http://www.rajhansiti.com
[2026-03-24T00:56:01.105Z]   UNCATEGORIZED: http://www.google.com.bo/url?q=http://www.rajhansiti.com
[2026-03-24T00:56:01.105Z]   UNCATEGORIZED: http://www.google.com.br/url?q=http://www.rajhansiti.com
[2026-03-24T00:56:01.105Z]   UNCATEGORIZED: http://www.google.com.co/url?q=http://www.rajhansiti.com
[2026-03-24T00:56:01.105Z]   UNCATEGORIZED: http://www.google.com.ec/url?q=http://www.rajhansiti.com
[2026-03-24T00:56:01.105Z]   UNCATEGORIZED: http://www.google.com.eg/url?q=http://www.rajhansiti.com
[2026-03-24T00:56:01.105Z]   UNCATEGORIZED: http://www.google.com.mx/url?q=http://www.rajhansiti.com
[2026-03-24T00:56:01.105Z]   UNCATEGORIZED: http://www.google.com.my/url?q=http://www.rajhansiti.com
[2026-03-24T00:56:01.105Z]   UNCATEGORIZED: http://www.google.com.ng/url?q=http://www.rajhansiti.com
[2026-03-24T00:56:01.105Z]   UNCATEGORIZED: http://www.google.com.sa/url?q=http://www.rajhansiti.com
[2026-03-24T00:56:01.105Z]   UNCATEGORIZED: http://www.google.com.sg/url?q=http://www.rajhansiti.com
[2026-03-24T00:56:01.105Z]   UNCATEGORIZED: http://www.google.com.tw/url?q=http://www.rajhansiti.com
[2026-03-24T00:56:01.105Z]   UNCATEGORIZED: http://www.google.com.ua/url?q=http://www.rajhansiti.com
[2026-03-24T00:56:01.105Z]   UNCATEGORIZED: http://www.google.com.uy/url?q=http://www.rajhansiti.com
[2026-03-24T00:56:01.105Z]   UNCATEGORIZED: http://www.google.com.vn/url?q=http://www.rajhansiti.com
[2026-03-24T00:56:01.105Z]   UNCATEGORIZED: http://www.google.dk/url?q=http://www.rajhansiti.com
[2026-03-24T00:56:01.105Z]   UNCATEGORIZED: http://www.google.ee/url?q=http://www.rajhansiti.com
[2026-03-24T00:56:01.105Z]   UNCATEGORIZED: http://www.google.es/url?q=http://www.rajhansiti.com
[2026-03-24T00:56:01.105Z]   UNCATEGORIZED: http://www.google.es/url?sa=t&url=http://www.rajhansiti.com
[2026-03-24T00:56:01.105Z]   UNCATEGORIZED: http://www.google.fi/url?q=http://www.rajhansiti.com
[2026-03-24T00:56:01.105Z]   UNCATEGORIZED: http://www.google.fr/url?q=http://www.rajhansiti.com
[2026-03-24T00:56:01.105Z]   UNCATEGORIZED: http://www.google.gr/url?q=http://www.rajhansiti.com
[2026-03-24T00:56:01.105Z]   UNCATEGORIZED: http://www.google.hr/url?q=http://www.rajhansiti.com
[2026-03-24T00:56:01.105Z]   UNCATEGORIZED: http://www.google.hu/url?q=http://www.rajhansiti.com
[2026-03-24T00:56:01.105Z]   UNCATEGORIZED: http://www.google.it/url?q=http://www.rajhansiti.com
[2026-03-24T00:56:01.105Z]   UNCATEGORIZED: http://www.google.lt/url?q=http://www.rajhansiti.com
[2026-03-24T00:56:01.105Z]   UNCATEGORIZED: http://www.google.lv/url?q=http://www.rajhansiti.com
[2026-03-24T00:56:01.106Z]   UNCATEGORIZED: http://www.google.nl/url?q=http://www.rajhansiti.com
[2026-03-24T00:56:01.106Z]   UNCATEGORIZED: http://www.google.no/url?q=http://www.rajhansiti.com
[2026-03-24T00:56:01.106Z]   UNCATEGORIZED: http://www.google.pl/url?q=http://www.rajhansiti.com
[2026-03-24T00:56:01.106Z]   UNCATEGORIZED: http://www.google.pt/url?q=http://www.rajhansiti.com
[2026-03-24T00:56:01.106Z]   UNCATEGORIZED: http://www.google.ro/url?q=http://www.rajhansiti.com
[2026-03-24T00:56:01.106Z]   UNCATEGORIZED: http://www.google.rs/url?q=http://www.rajhansiti.com
[2026-03-24T00:56:01.106Z]   UNCATEGORIZED: http://www.google.ru/url?q=http://www.rajhansiti.com
[2026-03-24T00:56:01.106Z]   UNCATEGORIZED: http://www.google.se/url?q=http://www.rajhansiti.com
[2026-03-24T00:56:01.106Z]   UNCATEGORIZED: http://www.google.si/url?q=http://www.rajhansiti.com
[2026-03-24T00:56:01.106Z]   UNCATEGORIZED: http://www.redfriday.hu/redirect/redirect.php?url=http://www.rajhansiti.com/twitter/index.php/anyairvin/all
[2026-03-24T00:56:01.106Z]   UNCATEGORIZED: https://bloomington.seniormessages.com
[2026-03-24T00:56:01.106Z]   UNCATEGORIZED: https://cse.google.com/url?q=http://www.rajhansiti.com
[2026-03-24T00:56:01.106Z]   UNCATEGORIZED: https://cse.google.com/url?sa=t&url=http://www.rajhansiti.com
[2026-03-24T00:56:01.106Z]   UNCATEGORIZED: https://ditu.google.cn/url?q=http://www.rajhansiti.com
[2026-03-24T00:56:01.106Z]   UNCATEGORIZED: https://images.google.ac/url?q=http://www.rajhansiti.com
[2026-03-24T00:56:01.106Z]   UNCATEGORIZED: https://images.google.ad/url?q=http://www.rajhansiti.com
[2026-03-24T00:56:01.106Z]   UNCATEGORIZED: https://images.google.ae/url?q=http://www.rajhansiti.com
[2026-03-24T00:56:01.106Z]   UNCATEGORIZED: https://images.google.am/url?q=http://www.rajhansiti.com
[2026-03-24T00:56:01.106Z]   UNCATEGORIZED: https://images.google.am/url?sa=t&url=http://www.rajhansiti.com
[2026-03-24T00:56:01.106Z]   UNCATEGORIZED: https://images.google.az/url?q=http://www.rajhansiti.com
[2026-03-24T00:56:01.106Z]   UNCATEGORIZED: https://images.google.az/url?sa=t&url=http://www.rajhansiti.com
[2026-03-24T00:56:01.106Z]   UNCATEGORIZED: https://images.google.bi/url?q=http://www.rajhansiti.com
[2026-03-24T00:56:01.106Z]   UNCATEGORIZED: https://images.google.bj/url?q=http://www.rajhansiti.com
[2026-03-24T00:56:01.106Z]   UNCATEGORIZED: https://images.google.bs/url?q=http://www.rajhansiti.com
[2026-03-24T00:56:01.106Z]   UNCATEGORIZED: https://images.google.by/url?q=http://www.rajhansiti.com
[2026-03-24T00:56:01.106Z]   UNCATEGORIZED: https://images.google.cd/url?q=http://www.rajhansiti.com
[2026-03-24T00:56:01.106Z]   UNCATEGORIZED: https://images.google.cg/url?q=http://www.rajhansiti.com
[2026-03-24T00:56:01.106Z]   UNCATEGORIZED: https://images.google.cl/url?q=http://www.rajhansiti.com
[2026-03-24T00:56:01.106Z]   UNCATEGORIZED: https://images.google.co.ao/url?q=http://www.rajhansiti.com
[2026-03-24T00:56:01.106Z]   UNCATEGORIZED: https://images.google.co.ck/url?q=http://www.rajhansiti.com
[2026-03-24T00:56:01.106Z]   UNCATEGORIZED: https://images.google.co.cr/url?q=http://www.rajhansiti.com
[2026-03-24T00:56:01.106Z]   UNCATEGORIZED: https://images.google.co.il/url?q=http://www.rajhansiti.com
[2026-03-24T00:56:01.106Z]   UNCATEGORIZED: https://images.google.co.ke/url?q=http://www.rajhansiti.com
[2026-03-24T00:56:01.106Z]   UNCATEGORIZED: https://images.google.co.ls/url?q=http://www.rajhansiti.com
[2026-03-24T00:56:01.106Z]   UNCATEGORIZED: https://images.google.co.th/url?q=http://www.rajhansiti.com
[2026-03-24T00:56:01.107Z]   UNCATEGORIZED: https://images.google.co.ug/url?q=http://www.rajhansiti.com
[2026-03-24T00:56:01.107Z]   UNCATEGORIZED: https://images.google.co.vi/url?q=http://www.rajhansiti.com
[2026-03-24T00:56:01.107Z]   UNCATEGORIZED: https://images.google.co.zm/url?q=http://www.rajhansiti.com
[2026-03-24T00:56:01.107Z]   UNCATEGORIZED: https://images.google.co.zw/url?q=http://www.rajhansiti.com
[2026-03-24T00:56:01.107Z]   UNCATEGORIZED: https://images.google.com.ag/url?q=http://www.rajhansiti.com
[2026-03-24T00:56:01.107Z]   UNCATEGORIZED: https://images.google.com.ar/url?q=http://www.rajhansiti.com
[2026-03-24T00:56:01.107Z]   UNCATEGORIZED: https://images.google.com.bd/url?q=http://www.rajhansiti.com
[2026-03-24T00:56:01.107Z]   UNCATEGORIZED: https://images.google.com.bo/url?q=http://www.rajhansiti.com
[2026-03-24T00:56:01.107Z]   UNCATEGORIZED: https://images.google.com.bz/url?q=http://www.rajhansiti.com
[2026-03-24T00:56:01.107Z]   UNCATEGORIZED: https://images.google.com.do/url?q=http://www.rajhansiti.com
[2026-03-24T00:56:01.107Z]   UNCATEGORIZED: https://images.google.com.ec/url?q=http://www.rajhansiti.com
[2026-03-24T00:56:01.107Z]   UNCATEGORIZED: https://images.google.com.ec/url?sa=t&url=http://www.rajhansiti.com
[2026-03-24T00:56:01.107Z]   UNCATEGORIZED: https://images.google.com.eg/url?q=http://www.rajhansiti.com
[2026-03-24T00:56:01.107Z]   UNCATEGORIZED: https://images.google.com.eg/url?sa=t&url=http://www.rajhansiti.com
[2026-03-24T00:56:01.107Z]   UNCATEGORIZED: https://images.google.com.fj/url?q=http://www.rajhansiti.com
[2026-03-24T00:56:01.107Z]   UNCATEGORIZED: https://images.google.com.gi/url?q=http://www.rajhansiti.com
[2026-03-24T00:56:01.107Z]   UNCATEGORIZED: https://images.google.com.gt/url?q=http://www.rajhansiti.com
[2026-03-24T00:56:01.107Z]   UNCATEGORIZED: https://images.google.com.kw/url?q=http://www.rajhansiti.com
[2026-03-24T00:56:01.107Z]   UNCATEGORIZED: https://images.google.com.ly/url?q=http://www.rajhansiti.com
[2026-03-24T00:56:01.107Z]   UNCATEGORIZED: https://images.google.com.mt/url?q=http://www.rajhansiti.com
[2026-03-24T00:56:01.107Z]   UNCATEGORIZED: https://images.google.com.my/url?sa=t&url=http://www.rajhansiti.com
[2026-03-24T00:56:01.107Z]   UNCATEGORIZED: https://images.google.com.ng/url?q=http://www.rajhansiti.com
[2026-03-24T00:56:01.107Z]   UNCATEGORIZED: https://images.google.com.np/url?q=http://www.rajhansiti.com
[2026-03-24T00:56:01.107Z]   UNCATEGORIZED: https://images.google.com.pe/url?q=http://www.rajhansiti.com
[2026-03-24T00:56:01.107Z]   UNCATEGORIZED: https://images.google.com.ph/url?q=http://www.rajhansiti.com
[2026-03-24T00:56:01.107Z]   UNCATEGORIZED: https://images.google.com.ph/url?sa=t&url=http://www.rajhansiti.com
[2026-03-24T00:56:01.107Z]   UNCATEGORIZED: https://images.google.com.pk/url?q=http://www.rajhansiti.com
[2026-03-24T00:56:01.107Z]   UNCATEGORIZED: https://images.google.com.pk/url?sa=t&url=http://www.rajhansiti.com
[2026-03-24T00:56:01.108Z]   UNCATEGORIZED: https://images.google.com.sl/url?q=http://www.rajhansiti.com
[2026-03-24T00:56:01.108Z]   UNCATEGORIZED: https://images.google.com.tj/url?q=http://www.rajhansiti.com
[2026-03-24T00:56:01.108Z]   UNCATEGORIZED: https://images.google.com.tj/url?sa=t&url=http://www.rajhansiti.com
[2026-03-24T00:56:01.108Z]   UNCATEGORIZED: https://images.google.com.tw/url?q=http://www.rajhansiti.com
[2026-03-24T00:56:01.108Z]   UNCATEGORIZED: https://images.google.com.tw/url?sa=t&url=http://www.rajhansiti.com
[2026-03-24T00:56:01.108Z]   UNCATEGORIZED: https://images.google.com.uy/url?q=http://www.rajhansiti.com
[2026-03-24T00:56:01.108Z]   UNCATEGORIZED: https://images.google.com.vc/url?q=http://www.rajhansiti.com
[2026-03-24T00:56:01.108Z]   UNCATEGORIZED: https://images.google.com.vn/url?q=http://www.rajhansiti.com
[2026-03-24T00:56:01.108Z]   UNCATEGORIZED: https://images.google.com/url?q=http://www.rajhansiti.com
[2026-03-24T00:56:01.108Z]   UNCATEGORIZED: https://images.google.com/url?sa=t&url=http://www.rajhansiti.com
[2026-03-24T00:56:01.108Z]   UNCATEGORIZED: https://images.google.dm/url?q=http://www.rajhansiti.com
[2026-03-24T00:56:01.108Z]   UNCATEGORIZED: https://images.google.dz/url?q=http://www.rajhansiti.com
[2026-03-24T00:56:01.108Z]   UNCATEGORIZED: https://images.google.fm/url?q=http://www.rajhansiti.com
[2026-03-24T00:56:01.108Z]   UNCATEGORIZED: https://images.google.ga/url?q=http://www.rajhansiti.com
[2026-03-24T00:56:01.108Z]   UNCATEGORIZED: https://images.google.ge/url?q=http://www.rajhansiti.com
[2026-03-24T00:56:01.108Z]   UNCATEGORIZED: https://images.google.gl/url?q=http://www.rajhansiti.com
[2026-03-24T00:56:01.108Z]   UNCATEGORIZED: https://images.google.gr/url?q=http://www.rajhansiti.com
[2026-03-24T00:56:01.108Z]   UNCATEGORIZED: https://images.google.gy/url?q=http://www.rajhansiti.com
[2026-03-24T00:56:01.108Z]   UNCATEGORIZED: https://images.google.ie/url?q=http://www.rajhansiti.com
[2026-03-24T00:56:01.108Z]   UNCATEGORIZED: https://images.google.it/url?sa=t&url=http://www.rajhansiti.com
[2026-03-24T00:56:01.108Z]   UNCATEGORIZED: https://images.google.je/url?q=http://www.rajhansiti.com
[2026-03-24T00:56:01.108Z]   UNCATEGORIZED: https://images.google.jo/url?q=http://www.rajhansiti.com
[2026-03-24T00:56:01.108Z]   UNCATEGORIZED: https://images.google.li/url?q=http://www.rajhansiti.com
[2026-03-24T00:56:01.108Z]   UNCATEGORIZED: https://images.google.md/url?q=http://www.rajhansiti.com
[2026-03-24T00:56:01.108Z]   UNCATEGORIZED: https://images.google.me/url?q=http://www.rajhansiti.com
[2026-03-24T00:56:01.109Z]   UNCATEGORIZED: https://images.google.me/url?sa=t&url=http://www.rajhansiti.com
[2026-03-24T00:56:01.109Z]   UNCATEGORIZED: https://images.google.mk/url?q=http://www.rajhansiti.com
[2026-03-24T00:56:01.109Z]   UNCATEGORIZED: https://images.google.mv/url?q=http://www.rajhansiti.com
[2026-03-24T00:56:01.109Z]   UNCATEGORIZED: https://images.google.mw/url?q=http://www.rajhansiti.com
[2026-03-24T00:56:01.109Z]   UNCATEGORIZED: https://images.google.ne/url?q=http://www.rajhansiti.com
[2026-03-24T00:56:01.109Z]   UNCATEGORIZED: https://images.google.nu/url?q=http://www.rajhansiti.com
[2026-03-24T00:56:01.109Z]   UNCATEGORIZED: https://images.google.ps/url?q=http://www.rajhansiti.com
[2026-03-24T00:56:01.109Z]   UNCATEGORIZED: https://images.google.pt/url?q=http://www.rajhansiti.com
[2026-03-24T00:56:01.109Z]   UNCATEGORIZED: https://images.google.rs/url?q=http://www.rajhansiti.com
[2026-03-24T00:56:01.109Z]   UNCATEGORIZED: https://images.google.rw/url?q=http://www.rajhansiti.com
[2026-03-24T00:56:01.109Z]   UNCATEGORIZED: https://images.google.si/url?q=http://www.rajhansiti.com
[2026-03-24T00:56:01.109Z]   UNCATEGORIZED: https://images.google.sk/url?q=http://www.rajhansiti.com
[2026-03-24T00:56:01.109Z]   UNCATEGORIZED: https://images.google.sm/url?q=http://www.rajhansiti.com
[2026-03-24T00:56:01.109Z]   UNCATEGORIZED: https://images.google.so/url?q=http://www.rajhansiti.com
[2026-03-24T00:56:01.109Z]   UNCATEGORIZED: https://images.google.sr/url?q=http://www.rajhansiti.com
[2026-03-24T00:56:01.109Z]   UNCATEGORIZED: https://images.google.st/url?q=http://www.rajhansiti.com
[2026-03-24T00:56:01.109Z]   UNCATEGORIZED: https://images.google.tg/url?q=http://www.rajhansiti.com
[2026-03-24T00:56:01.109Z]   UNCATEGORIZED: https://images.google.tl/url?q=http://www.rajhansiti.com
[2026-03-24T00:56:01.109Z]   UNCATEGORIZED: https://images.google.tm/url?q=http://www.rajhansiti.com
[2026-03-24T00:56:01.109Z]   UNCATEGORIZED: https://images.google.tt/url?q=http://www.rajhansiti.com
[2026-03-24T00:56:01.109Z]   UNCATEGORIZED: https://images.google.vu/url?q=http://www.rajhansiti.com
[2026-03-24T00:56:01.109Z]   UNCATEGORIZED: https://ipv4.google.com/url?q=http://www.rajhansiti.com
[2026-03-24T00:56:01.109Z]   UNCATEGORIZED: https://ipv4.google.com/url?sa=t&url=http://www.rajhansiti.com
[2026-03-24T00:56:01.109Z]   UNCATEGORIZED: https://maps.google.ae/url?sa=t&url=http://www.rajhansiti.com
[2026-03-24T00:56:01.109Z]   UNCATEGORIZED: https://maps.google.as/url?q=http://www.rajhansiti.com
[2026-03-24T00:56:01.109Z]   UNCATEGORIZED: https://maps.google.at/url?q=http://www.rajhansiti.com
[2026-03-24T00:56:01.109Z]   UNCATEGORIZED: https://maps.google.at/url?sa=t&url=http://www.rajhansiti.com
[2026-03-24T00:56:01.109Z]   UNCATEGORIZED: https://maps.google.ba/url?q=http://www.rajhansiti.com
[2026-03-24T00:56:01.109Z]   UNCATEGORIZED: https://maps.google.bf/url?q=http://www.rajhansiti.com
[2026-03-24T00:56:01.109Z]   UNCATEGORIZED: https://maps.google.bi/url?q=http://www.rajhansiti.com
[2026-03-24T00:56:01.109Z]   UNCATEGORIZED: https://maps.google.by/url?q=http://www.rajhansiti.com
[2026-03-24T00:56:01.109Z]   UNCATEGORIZED: https://maps.google.by/url?sa=t&url=http://www.rajhansiti.com
[2026-03-24T00:56:01.109Z]   UNCATEGORIZED: https://maps.google.cat/url?q=http://www.rajhansiti.com
[2026-03-24T00:56:01.109Z]   UNCATEGORIZED: https://maps.google.cg/url?q=http://www.rajhansiti.com
[2026-03-24T00:56:01.109Z]   UNCATEGORIZED: https://maps.google.cl/url?q=http://www.rajhansiti.com
[2026-03-24T00:56:01.109Z]   UNCATEGORIZED: https://maps.google.co.in/url?q=http://www.rajhansiti.com
[2026-03-24T00:56:01.110Z]   UNCATEGORIZED: https://maps.google.co.in/url?sa=t&url=http://www.rajhansiti.com
[2026-03-24T00:56:01.110Z]   UNCATEGORIZED: https://maps.google.co.ke/url?q=http://www.rajhansiti.com
[2026-03-24T00:56:01.110Z]   UNCATEGORIZED: https://maps.google.co.mz/url?q=http://www.rajhansiti.com
[2026-03-24T00:56:01.110Z]   UNCATEGORIZED: https://maps.google.co.mz/url?sa=t&url=http://www.rajhansiti.com
[2026-03-24T00:56:01.110Z]   UNCATEGORIZED: https://maps.google.co.th/url?q=http://www.rajhansiti.com
[2026-03-24T00:56:01.110Z]   UNCATEGORIZED: https://maps.google.co.tz/url?q=http://www.rajhansiti.com
[2026-03-24T00:56:01.110Z]   UNCATEGORIZED: https://maps.google.co.ug/url?q=http://www.rajhansiti.com
[2026-03-24T00:56:01.110Z]   UNCATEGORIZED: https://maps.google.co.ve/url?q=http://www.rajhansiti.com
[2026-03-24T00:56:01.110Z]   UNCATEGORIZED: https://maps.google.co.vi/url?q=http://www.rajhansiti.com
[2026-03-24T00:56:01.110Z]   UNCATEGORIZED: https://maps.google.com.ag/url?q=http://www.rajhansiti.com
[2026-03-24T00:56:01.110Z]   UNCATEGORIZED: https://maps.google.com.ai/url?q=http://www.rajhansiti.com
[2026-03-24T00:56:01.110Z]   UNCATEGORIZED: https://maps.google.com.ar/url?sa=t&url=http://www.rajhansiti.com
[2026-03-24T00:56:01.110Z]   UNCATEGORIZED: https://maps.google.com.bn/url?q=http://www.rajhansiti.com
[2026-03-24T00:56:01.110Z]   UNCATEGORIZED: https://maps.google.com.bo/url?q=http://www.rajhansiti.com
[2026-03-24T00:56:01.110Z]   UNCATEGORIZED: https://maps.google.com.bo/url?sa=t&url=http://www.rajhansiti.com
[2026-03-24T00:56:01.110Z]   UNCATEGORIZED: https://maps.google.com.ec/url?q=http://www.rajhansiti.com
[2026-03-24T00:56:01.110Z]   UNCATEGORIZED: https://maps.google.com.eg/url?q=http://www.rajhansiti.com
[2026-03-24T00:56:01.110Z]   UNCATEGORIZED: https://maps.google.com.et/url?q=http://www.rajhansiti.com
[2026-03-24T00:56:01.110Z]   UNCATEGORIZED: https://maps.google.com.gi/url?q=http://www.rajhansiti.com
[2026-03-24T00:56:01.110Z]   UNCATEGORIZED: https://maps.google.com.gt/url?q=http://www.rajhansiti.com
[2026-03-24T00:56:01.110Z]   UNCATEGORIZED: https://maps.google.com.lb/url?q=http://www.rajhansiti.com
[2026-03-24T00:56:01.110Z]   UNCATEGORIZED: https://maps.google.com.ly/url?q=http://www.rajhansiti.com
[2026-03-24T00:56:01.110Z]   UNCATEGORIZED: https://maps.google.com.ly/url?sa=t&url=http://www.rajhansiti.com
[2026-03-24T00:56:01.110Z]   UNCATEGORIZED: https://maps.google.com.mt/url?sa=t&url=http://www.rajhansiti.com
[2026-03-24T00:56:01.110Z]   UNCATEGORIZED: https://maps.google.com.na/url?q=http://www.rajhansiti.com
[2026-03-24T00:56:01.110Z]   UNCATEGORIZED: https://maps.google.com.ng/url?q=http://www.rajhansiti.com
[2026-03-24T00:56:01.110Z]   UNCATEGORIZED: https://maps.google.com.ni/url?q=http://www.rajhansiti.com
[2026-03-24T00:56:01.110Z]   UNCATEGORIZED: https://maps.google.com.np/url?q=http://www.rajhansiti.com
[2026-03-24T00:56:01.110Z]   UNCATEGORIZED: https://maps.google.com.np/url?sa=t&url=http://www.rajhansiti.com
[2026-03-24T00:56:01.110Z]   UNCATEGORIZED: https://maps.google.com.pe/url?q=http://www.rajhansiti.com
[2026-03-24T00:56:01.110Z]   UNCATEGORIZED: https://maps.google.com.pe/url?sa=t&url=http://www.rajhansiti.com
[2026-03-24T00:56:01.110Z]   UNCATEGORIZED: https://maps.google.com.pg/url?q=http://www.rajhansiti.com
[2026-03-24T00:56:01.110Z]   UNCATEGORIZED: https://maps.google.com.qa/url?q=http://www.rajhansiti.com
[2026-03-24T00:56:01.110Z]   UNCATEGORIZED: https://maps.google.com.sb/url?q=http://www.rajhansiti.com
[2026-03-24T00:56:01.110Z]   UNCATEGORIZED: https://maps.google.com.sg/url?q=http://www.rajhansiti.com
[2026-03-24T00:56:01.111Z]   UNCATEGORIZED: https://maps.google.com.sl/url?q=http://www.rajhansiti.com
[2026-03-24T00:56:01.111Z]   UNCATEGORIZED: https://maps.google.com.sv/url?q=http://www.rajhansiti.com
[2026-03-24T00:56:01.111Z]   UNCATEGORIZED: https://maps.google.com.tw/url?q=http://www.rajhansiti.com
[2026-03-24T00:56:01.111Z]   UNCATEGORIZED: https://maps.google.com.ua/url?q=http://www.rajhansiti.com
[2026-03-24T00:56:01.111Z]   UNCATEGORIZED: https://maps.google.com.uy/url?q=http://www.rajhansiti.com
[2026-03-24T00:56:01.111Z]   UNCATEGORIZED: https://maps.google.com.uy/url?sa=t&url=http://www.rajhansiti.com
[2026-03-24T00:56:01.111Z]   UNCATEGORIZED: https://maps.google.com.vc/url?q=http://www.rajhansiti.com
[2026-03-24T00:56:01.111Z]   UNCATEGORIZED: https://maps.google.com/url?q=http://www.rajhansiti.com
[2026-03-24T00:56:01.111Z]   UNCATEGORIZED: https://maps.google.dm/url?q=http://www.rajhansiti.com
[2026-03-24T00:56:01.111Z]   UNCATEGORIZED: https://maps.google.dz/url?q=http://www.rajhansiti.com
[2026-03-24T00:56:01.111Z]   UNCATEGORIZED: https://maps.google.es/url?q=http://www.rajhansiti.com
[2026-03-24T00:56:01.111Z]   UNCATEGORIZED: https://maps.google.fi/url?q=http://www.rajhansiti.com
[2026-03-24T00:56:01.111Z]   UNCATEGORIZED: https://maps.google.ga/url?q=http://www.rajhansiti.com
[2026-03-24T00:56:01.111Z]   UNCATEGORIZED: https://maps.google.ge/url?q=http://www.rajhansiti.com
[2026-03-24T00:56:01.111Z]   UNCATEGORIZED: https://maps.google.gg/url?q=http://www.rajhansiti.com
[2026-03-24T00:56:01.111Z]   UNCATEGORIZED: https://maps.google.gl/url?q=http://www.rajhansiti.com
[2026-03-24T00:56:01.111Z]   UNCATEGORIZED: https://maps.google.gp/url?q=http://www.rajhansiti.com
[2026-03-24T00:56:01.111Z]   UNCATEGORIZED: https://maps.google.gy/url?q=http://www.rajhansiti.com
[2026-03-24T00:56:01.111Z]   UNCATEGORIZED: https://maps.google.ht/url?q=http://www.rajhansiti.com
[2026-03-24T00:56:01.111Z]   UNCATEGORIZED: https://maps.google.ie/url?q=http://www.rajhansiti.com
[2026-03-24T00:56:01.111Z]   UNCATEGORIZED: https://maps.google.im/url?q=http://www.rajhansiti.com
[2026-03-24T00:56:01.111Z]   UNCATEGORIZED: https://maps.google.iq/url?q=http://www.rajhansiti.com
[2026-03-24T00:56:01.111Z]   UNCATEGORIZED: https://maps.google.it/url?q=http://www.rajhansiti.com
[2026-03-24T00:56:01.111Z]   UNCATEGORIZED: https://maps.google.je/url?q=http://www.rajhansiti.com
[2026-03-24T00:56:01.111Z]   UNCATEGORIZED: https://maps.google.jo/url?sa=t&url=http://www.rajhansiti.com
[2026-03-24T00:56:01.111Z]   UNCATEGORIZED: https://maps.google.kg/url?q=http://www.rajhansiti.com
[2026-03-24T00:56:01.111Z]   UNCATEGORIZED: https://maps.google.ki/url?q=http://www.rajhansiti.com
[2026-03-24T00:56:01.111Z]   UNCATEGORIZED: https://maps.google.kz/url?q=http://www.rajhansiti.com
[2026-03-24T00:56:01.111Z]   UNCATEGORIZED: https://maps.google.la/url?q=http://www.rajhansiti.com
[2026-03-24T00:56:01.111Z]   UNCATEGORIZED: https://maps.google.lk/url?q=http://www.rajhansiti.com
[2026-03-24T00:56:01.111Z]   UNCATEGORIZED: https://maps.google.lk/url?sa=t&url=http://www.rajhansiti.com
[2026-03-24T00:56:01.111Z]   UNCATEGORIZED: https://maps.google.lt/url?q=http://www.rajhansiti.com
[2026-03-24T00:56:01.111Z]   UNCATEGORIZED: https://maps.google.mg/url?q=http://www.rajhansiti.com
[2026-03-24T00:56:01.111Z]   UNCATEGORIZED: https://maps.google.mk/url?q=http://www.rajhansiti.com
[2026-03-24T00:56:01.111Z]   UNCATEGORIZED: https://maps.google.ml/url?q=http://www.rajhansiti.com
[2026-03-24T00:56:01.111Z]   UNCATEGORIZED: https://maps.google.ms/url?q=http://www.rajhansiti.com
[2026-03-24T00:56:01.112Z]   UNCATEGORIZED: https://maps.google.mv/url?q=http://www.rajhansiti.com
[2026-03-24T00:56:01.112Z]   UNCATEGORIZED: https://maps.google.mw/url?q=http://www.rajhansiti.com
[2026-03-24T00:56:01.112Z]   UNCATEGORIZED: https://maps.google.ne/url?q=http://www.rajhansiti.com
[2026-03-24T00:56:01.112Z]   UNCATEGORIZED: https://maps.google.pt/url?q=http://www.rajhansiti.com
[2026-03-24T00:56:01.112Z]   UNCATEGORIZED: https://maps.google.ro/url?q=http://www.rajhansiti.com
[2026-03-24T00:56:01.112Z]   UNCATEGORIZED: https://maps.google.rs/url?q=http://www.rajhansiti.com
[2026-03-24T00:56:01.112Z]   UNCATEGORIZED: https://maps.google.rw/url?q=http://www.rajhansiti.com
[2026-03-24T00:56:01.112Z]   UNCATEGORIZED: https://maps.google.sc/url?q=http://www.rajhansiti.com
[2026-03-24T00:56:01.112Z]   UNCATEGORIZED: https://maps.google.sh/url?q=http://www.rajhansiti.com
[2026-03-24T00:56:01.112Z]   UNCATEGORIZED: https://maps.google.si/url?q=http://www.rajhansiti.com
[2026-03-24T00:56:01.112Z]   UNCATEGORIZED: https://maps.google.sm/url?q=http://www.rajhansiti.com
[2026-03-24T00:56:01.112Z]   UNCATEGORIZED: https://maps.google.sn/url?q=http://www.rajhansiti.com
[2026-03-24T00:56:01.112Z]   UNCATEGORIZED: https://maps.google.st/url?q=http://www.rajhansiti.com
[2026-03-24T00:56:01.112Z]   UNCATEGORIZED: https://maps.google.td/url?q=http://www.rajhansiti.com
[2026-03-24T00:56:01.112Z]   UNCATEGORIZED: https://maps.google.tl/url?q=http://www.rajhansiti.com
[2026-03-24T00:56:01.112Z]   UNCATEGORIZED: https://maps.google.tn/url?q=http://www.rajhansiti.com
[2026-03-24T00:56:01.112Z]   UNCATEGORIZED: https://maps.google.tt/url?q=http://www.rajhansiti.com
[2026-03-24T00:56:01.112Z]   UNCATEGORIZED: https://maps.google.vg/url?q=http://www.rajhansiti.com
[2026-03-24T00:56:01.112Z]   UNCATEGORIZED: https://maps.google.ws/url?q=http://www.rajhansiti.com
[2026-03-24T00:56:01.113Z]   UNCATEGORIZED: https://plus.google.com/url?q=http://www.rajhansiti.com
[2026-03-24T00:56:01.113Z]   UNCATEGORIZED: https://www.google.ac/url?q=http://www.rajhansiti.com
[2026-03-24T00:56:01.113Z]   UNCATEGORIZED: https://www.google.ad/url?q=http://www.rajhansiti.com
[2026-03-24T00:56:01.113Z]   UNCATEGORIZED: https://www.google.al/url?q=http://www.rajhansiti.com
[2026-03-24T00:56:01.113Z]   UNCATEGORIZED: https://www.google.am/url?q=http://www.rajhansiti.com
[2026-03-24T00:56:01.113Z]   UNCATEGORIZED: https://www.google.as/url?q=http://www.rajhansiti.com
[2026-03-24T00:56:01.113Z]   UNCATEGORIZED: https://www.google.ba/url?q=http://www.rajhansiti.com
[2026-03-24T00:56:01.113Z]   UNCATEGORIZED: https://www.google.be/url?q=http://www.rajhansiti.com
[2026-03-24T00:56:01.113Z]   UNCATEGORIZED: https://www.google.bf/url?q=http://www.rajhansiti.com
[2026-03-24T00:56:01.113Z]   UNCATEGORIZED: https://www.google.bi/url?q=http://www.rajhansiti.com
[2026-03-24T00:56:01.113Z]   UNCATEGORIZED: https://www.google.bi/url?sa=t&url=http://www.rajhansiti.com
[2026-03-24T00:56:01.113Z]   UNCATEGORIZED: https://www.google.bj/url?q=http://www.rajhansiti.com
[2026-03-24T00:56:01.113Z]   UNCATEGORIZED: https://www.google.bs/url?q=http://www.rajhansiti.com
[2026-03-24T00:56:01.113Z]   UNCATEGORIZED: https://www.google.bt/url?q=http://www.rajhansiti.com
[2026-03-24T00:56:01.113Z]   UNCATEGORIZED: https://www.google.ca/url?q=http://www.rajhansiti.com
[2026-03-24T00:56:01.113Z]   UNCATEGORIZED: https://www.google.cat/url?q=http://www.rajhansiti.com
[2026-03-24T00:56:01.113Z]   UNCATEGORIZED: https://www.google.cd/url?q=http://www.rajhansiti.com
[2026-03-24T00:56:01.113Z]   UNCATEGORIZED: https://www.google.cf/url?q=http://www.rajhansiti.com
[2026-03-24T00:56:01.113Z]   UNCATEGORIZED: https://www.google.cg/url?q=http://www.rajhansiti.com
[2026-03-24T00:56:01.113Z]   UNCATEGORIZED: https://www.google.cl/url?q=http://www.rajhansiti.com
[2026-03-24T00:56:01.113Z]   UNCATEGORIZED: https://www.google.cm/url?q=http://www.rajhansiti.com
[2026-03-24T00:56:01.113Z]   UNCATEGORIZED: https://www.google.co.ao/url?q=http://www.rajhansiti.com
[2026-03-24T00:56:01.113Z]   UNCATEGORIZED: https://www.google.co.ck/url?q=http://www.rajhansiti.com
[2026-03-24T00:56:01.113Z]   UNCATEGORIZED: https://www.google.co.cr/url?q=http://www.rajhansiti.com
[2026-03-24T00:56:01.113Z]   UNCATEGORIZED: https://www.google.co.id/url?q=http://www.rajhansiti.com
[2026-03-24T00:56:01.113Z]   UNCATEGORIZED: https://www.google.co.in/url?q=http://www.rajhansiti.com
[2026-03-24T00:56:01.113Z]   UNCATEGORIZED: https://www.google.co.jp/url?q=http://www.rajhansiti.com
[2026-03-24T00:56:01.113Z]   UNCATEGORIZED: https://www.google.co.ls/url?q=http://www.rajhansiti.com
[2026-03-24T00:56:01.113Z]   UNCATEGORIZED: https://www.google.co.ma/url?q=http://www.rajhansiti.com
[2026-03-24T00:56:01.113Z]   UNCATEGORIZED: https://www.google.co.nz/url?q=http://www.rajhansiti.com
[2026-03-24T00:56:01.113Z]   UNCATEGORIZED: https://www.google.co.th/url?q=http://www.rajhansiti.com
[2026-03-24T00:56:01.113Z]   UNCATEGORIZED: https://www.google.co.ug/url?q=http://www.rajhansiti.com
[2026-03-24T00:56:01.113Z]   UNCATEGORIZED: https://www.google.co.uz/url?q=http://www.rajhansiti.com
[2026-03-24T00:56:01.113Z]   UNCATEGORIZED: https://www.google.co.vi/url?q=http://www.rajhansiti.com
[2026-03-24T00:56:01.113Z]   UNCATEGORIZED: https://www.google.co.za/url?q=http://www.rajhansiti.com
[2026-03-24T00:56:01.114Z]   UNCATEGORIZED: https://www.google.co.zm/url?q=http://www.rajhansiti.com
[2026-03-24T00:56:01.114Z]   UNCATEGORIZED: https://www.google.com.af/url?q=http://www.rajhansiti.com
[2026-03-24T00:56:01.114Z]   UNCATEGORIZED: https://www.google.com.ag/url?q=http://www.rajhansiti.com
[2026-03-24T00:56:01.114Z]   UNCATEGORIZED: https://www.google.com.ai/url?q=http://www.rajhansiti.com
[2026-03-24T00:56:01.114Z]   UNCATEGORIZED: https://www.google.com.au/url?q=http://www.rajhansiti.com
[2026-03-24T00:56:01.114Z]   UNCATEGORIZED: https://www.google.com.bn/url?q=http://www.rajhansiti.com
[2026-03-24T00:56:01.114Z]   UNCATEGORIZED: https://www.google.com.bz/url?q=http://www.rajhansiti.com
[2026-03-24T00:56:01.114Z]   UNCATEGORIZED: https://www.google.com.cu/url?q=http://www.rajhansiti.com
[2026-03-24T00:56:01.114Z]   UNCATEGORIZED: https://www.google.com.do/url?q=http://www.rajhansiti.com
[2026-03-24T00:56:01.114Z]   UNCATEGORIZED: https://www.google.com.et/url?q=http://www.rajhansiti.com
[2026-03-24T00:56:01.114Z]   UNCATEGORIZED: https://www.google.com.fj/url?q=http://www.rajhansiti.com
[2026-03-24T00:56:01.114Z]   UNCATEGORIZED: https://www.google.com.gi/url?q=http://www.rajhansiti.com
[2026-03-24T00:56:01.114Z]   UNCATEGORIZED: https://www.google.com.gt/url?q=http://www.rajhansiti.com
[2026-03-24T00:56:01.114Z]   UNCATEGORIZED: https://www.google.com.jm/url?q=http://www.rajhansiti.com
[2026-03-24T00:56:01.114Z]   UNCATEGORIZED: https://www.google.com.kw/url?q=http://www.rajhansiti.com
[2026-03-24T00:56:01.114Z]   UNCATEGORIZED: https://www.google.com.mm/url?q=http://www.rajhansiti.com
[2026-03-24T00:56:01.114Z]   UNCATEGORIZED: https://www.google.com.na/url?q=http://www.rajhansiti.com
[2026-03-24T00:56:01.114Z]   UNCATEGORIZED: https://www.google.com.ni/url?q=http://www.rajhansiti.com
[2026-03-24T00:56:01.114Z]   UNCATEGORIZED: https://www.google.com.om/url?q=http://www.rajhansiti.com
[2026-03-24T00:56:01.114Z]   UNCATEGORIZED: https://www.google.com.pa/url?q=http://www.rajhansiti.com
[2026-03-24T00:56:01.114Z]   UNCATEGORIZED: https://www.google.com.pg/url?q=http://www.rajhansiti.com
[2026-03-24T00:56:01.114Z]   UNCATEGORIZED: https://www.google.com.sb/url?q=http://www.rajhansiti.com
[2026-03-24T00:56:01.114Z]   UNCATEGORIZED: https://www.google.com.sg/url?q=http://www.rajhansiti.com
[2026-03-24T00:56:01.114Z]   UNCATEGORIZED: https://www.google.com.sl/url?q=http://www.rajhansiti.com
[2026-03-24T00:56:01.114Z]   UNCATEGORIZED: https://www.google.com.tj/url?q=http://www.rajhansiti.com
[2026-03-24T00:56:01.114Z]   UNCATEGORIZED: https://www.google.com.tw/url?q=http://www.rajhansiti.com
[2026-03-24T00:56:01.114Z]   UNCATEGORIZED: https://www.google.com.ua/url?q=http://www.rajhansiti.com
[2026-03-24T00:56:01.114Z]   UNCATEGORIZED: https://www.google.com.uy/url?q=http://www.rajhansiti.com
[2026-03-24T00:56:01.114Z]   UNCATEGORIZED: https://www.google.com.vc/url?q=http://www.rajhansiti.com
[2026-03-24T00:56:01.114Z]   UNCATEGORIZED: https://www.google.com.vn/url?sa=t&source=web&url=http://www.rajhansiti.com
[2026-03-24T00:56:01.114Z]   UNCATEGORIZED: https://www.google.cv/url?q=http://www.rajhansiti.com
[2026-03-24T00:56:01.114Z]   UNCATEGORIZED: https://www.google.cz/url?q=http://www.rajhansiti.com
[2026-03-24T00:56:01.114Z]   UNCATEGORIZED: https://www.google.de/url?q=http://www.rajhansiti.com
[2026-03-24T00:56:01.114Z]   UNCATEGORIZED: https://www.google.de/url?q=https://rajhansiti.com.com
[2026-03-24T00:56:01.114Z]   UNCATEGORIZED: https://www.google.dj/url?q=http://www.rajhansiti.com
[2026-03-24T00:56:01.115Z]   UNCATEGORIZED: https://www.google.dm/url?q=http://www.rajhansiti.com
[2026-03-24T00:56:01.115Z]   UNCATEGORIZED: https://www.google.dz/url?q=http://www.rajhansiti.com
[2026-03-24T00:56:01.115Z]   UNCATEGORIZED: https://www.google.es/url?q=http://www.rajhansiti.com
[2026-03-24T00:56:01.115Z]   UNCATEGORIZED: https://www.google.fm/url?q=http://www.rajhansiti.com
[2026-03-24T00:56:01.115Z]   UNCATEGORIZED: https://www.google.ga/url?q=http://www.rajhansiti.com
[2026-03-24T00:56:01.115Z]   UNCATEGORIZED: https://www.google.ge/url?q=http://www.rajhansiti.com
[2026-03-24T00:56:01.115Z]   UNCATEGORIZED: https://www.google.gg/url?q=http://www.rajhansiti.com
[2026-03-24T00:56:01.115Z]   UNCATEGORIZED: https://www.google.gl/url?q=http://www.rajhansiti.com
[2026-03-24T00:56:01.115Z]   UNCATEGORIZED: https://www.google.gm/url?q=http://www.rajhansiti.com
[2026-03-24T00:56:01.115Z]   UNCATEGORIZED: https://www.google.gp/url?q=http://www.rajhansiti.com
[2026-03-24T00:56:01.115Z]   UNCATEGORIZED: https://www.google.gy/url?q=http://www.rajhansiti.com
[2026-03-24T00:56:01.115Z]   UNCATEGORIZED: https://www.google.hr/url?q=http://www.rajhansiti.com
[2026-03-24T00:56:01.115Z]   UNCATEGORIZED: https://www.google.ht/url?q=http://www.rajhansiti.com
[2026-03-24T00:56:01.115Z]   UNCATEGORIZED: https://www.google.im/url?q=http://www.rajhansiti.com
[2026-03-24T00:56:01.115Z]   UNCATEGORIZED: https://www.google.it/url?q=http://www.rajhansiti.com
[2026-03-24T00:56:01.115Z]   UNCATEGORIZED: https://www.google.kg/url?q=http://www.rajhansiti.com
[2026-03-24T00:56:01.115Z]   UNCATEGORIZED: https://www.google.ki/url?q=http://www.rajhansiti.com
[2026-03-24T00:56:01.115Z]   UNCATEGORIZED: https://www.google.kz/url?q=http://www.rajhansiti.com
[2026-03-24T00:56:01.115Z]   UNCATEGORIZED: https://www.google.la/url?q=http://www.rajhansiti.com
[2026-03-24T00:56:01.115Z]   UNCATEGORIZED: https://www.google.li/url?q=http://www.rajhansiti.com
[2026-03-24T00:56:01.115Z]   UNCATEGORIZED: https://www.google.lk/url?q=http://www.rajhansiti.com
[2026-03-24T00:56:01.115Z]   UNCATEGORIZED: https://www.google.lu/url?q=http://www.rajhansiti.com
[2026-03-24T00:56:01.115Z]   UNCATEGORIZED: https://www.google.lv/url?q=http://www.rajhansiti.com
[2026-03-24T00:56:01.115Z]   UNCATEGORIZED: https://www.google.mg/url?q=http://www.rajhansiti.com
[2026-03-24T00:56:01.115Z]   UNCATEGORIZED: https://www.google.ml/url?q=http://www.rajhansiti.com
[2026-03-24T00:56:01.115Z]   UNCATEGORIZED: https://www.google.mn/url?q=http://www.rajhansiti.com
[2026-03-24T00:56:01.115Z]   UNCATEGORIZED: https://www.google.ms/url?q=http://www.rajhansiti.com
[2026-03-24T00:56:01.115Z]   UNCATEGORIZED: https://www.google.mu/url?q=http://www.rajhansiti.com
[2026-03-24T00:56:01.115Z]   UNCATEGORIZED: https://www.google.mv/url?q=http://www.rajhansiti.com
[2026-03-24T00:56:01.115Z]   UNCATEGORIZED: https://www.google.mw/url?q=http://www.rajhansiti.com
[2026-03-24T00:56:01.115Z]   UNCATEGORIZED: https://www.google.ne/url?q=http://www.rajhansiti.com
[2026-03-24T00:56:01.115Z]   UNCATEGORIZED: https://www.google.nl/url?q=http://www.rajhansiti.com
[2026-03-24T00:56:01.115Z]   UNCATEGORIZED: https://www.google.no/url?q=http://www.rajhansiti.com
[2026-03-24T00:56:01.115Z]   UNCATEGORIZED: https://www.google.nr/url?q=http://www.rajhansiti.com
[2026-03-24T00:56:01.115Z]   UNCATEGORIZED: https://www.google.pl/url?q=http://www.rajhansiti.com
[2026-03-24T00:56:01.115Z]   UNCATEGORIZED: https://www.google.pn/url?q=http://www.rajhansiti.com
[2026-03-24T00:56:01.116Z]   UNCATEGORIZED: https://www.google.ru/url?q=http://www.rajhansiti.com
[2026-03-24T00:56:01.116Z]   UNCATEGORIZED: https://www.google.rw/url?q=http://www.rajhansiti.com
[2026-03-24T00:56:01.116Z]   UNCATEGORIZED: https://www.google.sc/url?q=http://www.rajhansiti.com
[2026-03-24T00:56:01.116Z]   UNCATEGORIZED: https://www.google.sk/url?q=http://www.rajhansiti.com
[2026-03-24T00:56:01.116Z]   UNCATEGORIZED: https://www.google.sm/url?q=http://www.rajhansiti.com
[2026-03-24T00:56:01.116Z]   UNCATEGORIZED: https://www.google.so/url?q=http://www.rajhansiti.com
[2026-03-24T00:56:01.116Z]   UNCATEGORIZED: https://www.google.sr/url?q=http://www.rajhansiti.com
[2026-03-24T00:56:01.116Z]   UNCATEGORIZED: https://www.google.st/url?q=http://www.rajhansiti.com
[2026-03-24T00:56:01.116Z]   UNCATEGORIZED: https://www.google.td/url?q=http://www.rajhansiti.com
[2026-03-24T00:56:01.116Z]   UNCATEGORIZED: https://www.google.tg/url?q=http://www.rajhansiti.com
[2026-03-24T00:56:01.116Z]   UNCATEGORIZED: https://www.google.tk/url?q=http://www.rajhansiti.com
[2026-03-24T00:56:01.116Z]   UNCATEGORIZED: https://www.google.tl/url?q=http://www.rajhansiti.com
[2026-03-24T00:56:01.116Z]   UNCATEGORIZED: https://www.google.tm/url?q=http://www.rajhansiti.com
[2026-03-24T00:56:01.116Z]   UNCATEGORIZED: https://www.google.tn/url?q=http://www.rajhansiti.com
[2026-03-24T00:56:01.116Z]   UNCATEGORIZED: https://www.google.to/url?q=http://www.rajhansiti.com
[2026-03-24T00:56:01.116Z]   UNCATEGORIZED: https://www.google.tt/url?q=http://www.rajhansiti.com
[2026-03-24T00:56:01.116Z]   UNCATEGORIZED: https://www.google.vg/url?q=http://www.rajhansiti.com
[2026-03-24T00:56:01.116Z]   UNCATEGORIZED: https://www.google.vu/url?q=http://www.rajhansiti.com
[2026-03-24T00:56:01.116Z]   UNCATEGORIZED: https://www.google.ws/url?q=http://www.rajhansiti.com
[2026-03-24T00:56:01.116Z]   UNCATEGORIZED: https://www.miradorliving.com/assisted-living/indiana/indianapolis
[2026-03-24T00:56:01.116Z]   UNCATEGORIZED: https://www.pennergame.de/redirect/?site=http://www.rajhansiti.com
[2026-03-24T00:56:01.116Z]   REGEX: ytp <- https://www.youtube.com/redirect?q=http://www.rajhansiti.com
[2026-03-24T00:56:01.116Z] Programmatic result: ws:1, ytp:1 | 572 uncategorized
[2026-03-24T00:56:01.116Z] Sending uncategorized links + HTML sections to AI for analysis...
[2026-03-24T00:56:01.120Z] Saved AI prompt (15171 chars) to ai_prompt.txt
[2026-03-24T00:56:01.120Z]   AI: Connecting to LM Studio at http://localhost:1234 (model: Qwen2.5-72B-Instruct-GGUF)...
[2026-03-24T00:56:01.124Z]   AI: Connected — HTTP 200, waiting for first token...
[2026-03-24T00:57:07.377Z]   AI: First token received, streaming...
[2026-03-24T00:57:22.355Z]   AI streaming: 201 chars received (81.2s elapsed)
[2026-03-24T00:57:37.546Z]   AI streaming: 402 chars received (96.4s elapsed)
[2026-03-24T00:57:53.074Z]   AI streaming: 604 chars received (112.0s elapsed)
[2026-03-24T00:58:07.858Z]   AI streaming: 805 chars received (126.7s elapsed)
[2026-03-24T00:58:22.438Z]   AI streaming: 1008 chars received (141.3s elapsed)
[2026-03-24T00:58:22.439Z] AI response complete: 1008 chars in 141.3s
[2026-03-24T00:58:22.440Z] Saved AI response to ai_response.json
[2026-03-24T00:58:22.440Z] ── Parsing AI response (18 lines) ──
[2026-03-24T00:58:22.440Z]   AI LINK: http://portal.hud.gov/hudportal/HUD?src=/program_offices/fair_housing_equal_opp/progdesc/title8
[2026-03-24T00:58:22.440Z]   AI LINK: http://www.google.ad/url?q=http://www.rajhansiti.com
[2026-03-24T00:58:22.441Z]   AI LINK: http://www.google.ae/url?q=http://www.rajhansiti.com
[2026-03-24T00:58:22.441Z]   AI LINK: http://www.google.al/url?q=http://www.rajhansiti.com
[2026-03-24T00:58:22.441Z]   AI LINK: http://www.google.am/url?q=http://www.rajhansiti.com
[2026-03-24T00:58:22.441Z]   AI LINK: http://www.google.at/url?q=http://www.rajhansiti.com
[2026-03-24T00:58:22.441Z]   AI LINK: http://www.google.az/url?q=http://www.rajhansiti.com
[2026-03-24T00:58:22.441Z]   AI LINK: http://www.google.ba/url?q=http://www.rajhansiti.com
[2026-03-24T00:58:22.441Z]   AI LINK: http://www.google.be/url?q=http://www.rajhansiti.com
[2026-03-24T00:58:22.441Z]   AI LINK: http://www.google.bg/url?q=http://www.rajhansiti.com
[2026-03-24T00:58:22.441Z]   AI LINK: http://www.google.bj/url?q=http://www.rajhansiti.com
[2026-03-24T00:58:22.441Z]   AI LINK: http://www.google.by/url?q=http://www.rajhansiti.com
[2026-03-24T00:58:22.441Z]   AI LINK: http://www.google.ch/url?q=http://www.rajhansiti.com
[2026-03-24T00:58:22.441Z]   AI LINK: http://www.google.cl/url?q=http://www.rajhansiti.com
[2026-03-24T00:58:22.442Z]   AI LINK: http://www.google.co.il/url?q=http://www.rajhansiti.com
[2026-03-24T00:58:22.442Z]   AI LINK: http://www.google.co.in/url?q=http://www.rajhansiti.com
[2026-03-24T00:58:22.442Z]   AI LINK: http://www.google.co.th/url?q=http://www.rajhansiti.com
[2026-03-24T00:58:22.442Z]   AI LINK: http://www.google.co.uk/url?q=http://www.rajhansiti.com
[2026-03-24T00:58:22.442Z] AI returned 18 valid links
[2026-03-24T00:58:22.442Z] ── Categorizing 18 AI-returned links ──
[2026-03-24T00:58:22.442Z]   AI→URLS: http://portal.hud.gov/hudportal/HUD (cleaned from http://portal.hud.gov/hudportal/HUD?src=/program_offices/fair_housing_equal_opp/progdesc/title8)
[2026-03-24T00:58:22.442Z]   AI→URLS: http://www.google.ad/url (cleaned from http://www.google.ad/url?q=http://www.rajhansiti.com)
[2026-03-24T00:58:22.443Z]   AI→URLS: http://www.google.ae/url (cleaned from http://www.google.ae/url?q=http://www.rajhansiti.com)
[2026-03-24T00:58:22.443Z]   AI→URLS: http://www.google.al/url (cleaned from http://www.google.al/url?q=http://www.rajhansiti.com)
[2026-03-24T00:58:22.443Z]   AI→URLS: http://www.google.am/url (cleaned from http://www.google.am/url?q=http://www.rajhansiti.com)
[2026-03-24T00:58:22.443Z]   AI→URLS: http://www.google.at/url (cleaned from http://www.google.at/url?q=http://www.rajhansiti.com)
[2026-03-24T00:58:22.443Z]   AI→URLS: http://www.google.az/url (cleaned from http://www.google.az/url?q=http://www.rajhansiti.com)
[2026-03-24T00:58:22.443Z]   AI→URLS: http://www.google.ba/url (cleaned from http://www.google.ba/url?q=http://www.rajhansiti.com)
[2026-03-24T00:58:22.443Z]   AI→URLS: http://www.google.be/url (cleaned from http://www.google.be/url?q=http://www.rajhansiti.com)
[2026-03-24T00:58:22.443Z]   AI→URLS: http://www.google.bg/url (cleaned from http://www.google.bg/url?q=http://www.rajhansiti.com)
[2026-03-24T00:58:22.443Z]   AI→URLS: http://www.google.bj/url (cleaned from http://www.google.bj/url?q=http://www.rajhansiti.com)
[2026-03-24T00:58:22.443Z]   AI→URLS: http://www.google.by/url (cleaned from http://www.google.by/url?q=http://www.rajhansiti.com)
[2026-03-24T00:58:22.444Z]   AI→URLS: http://www.google.ch/url (cleaned from http://www.google.ch/url?q=http://www.rajhansiti.com)
[2026-03-24T00:58:22.444Z]   AI→URLS: http://www.google.cl/url (cleaned from http://www.google.cl/url?q=http://www.rajhansiti.com)
[2026-03-24T00:58:22.444Z]   AI→URLS: http://www.google.co.il/url (cleaned from http://www.google.co.il/url?q=http://www.rajhansiti.com)
[2026-03-24T00:58:22.444Z]   AI→URLS: http://www.google.co.in/url (cleaned from http://www.google.co.in/url?q=http://www.rajhansiti.com)
[2026-03-24T00:58:22.444Z]   AI→URLS: http://www.google.co.th/url (cleaned from http://www.google.co.th/url?q=http://www.rajhansiti.com)
[2026-03-24T00:58:22.444Z]   AI→URLS: http://www.google.co.uk/url (cleaned from http://www.google.co.uk/url?q=http://www.rajhansiti.com)
[2026-03-24T00:58:22.445Z] ── Step 2b: Footer/header uncategorized links ──
[2026-03-24T00:58:22.446Z] Footer/header origins (1):
[2026-03-24T00:58:22.446Z]   FOOTER/HEADER ORIGIN: http://portal.hud.gov
[2026-03-24T00:58:22.446Z]   SKIP (not in footer/header): http://bookmarkingbase.com/category/14/Internet-Business
[2026-03-24T00:58:22.446Z]   SKIP (not in footer/header): http://images.google.ac/url?q=http://www.rajhansiti.com
[2026-03-24T00:58:22.446Z]   SKIP (not in footer/header): http://images.google.ad/url?q=http://www.rajhansiti.com
[2026-03-24T00:58:22.446Z]   SKIP (not in footer/header): http://images.google.ae/url?q=http://www.rajhansiti.com
[2026-03-24T00:58:22.447Z]   SKIP (not in footer/header): http://images.google.al/url?q=http://www.rajhansiti.com
[2026-03-24T00:58:22.447Z]   SKIP (not in footer/header): http://images.google.as/url?q=http://www.rajhansiti.com
[2026-03-24T00:58:22.447Z]   SKIP (not in footer/header): http://images.google.az/url?q=http://www.rajhansiti.com
[2026-03-24T00:58:22.447Z]   SKIP (not in footer/header): http://images.google.bf/url?q=http://www.rajhansiti.com
[2026-03-24T00:58:22.447Z]   SKIP (not in footer/header): http://images.google.bg/url?q=http://www.rajhansiti.com
[2026-03-24T00:58:22.447Z]   SKIP (not in footer/header): http://images.google.bj/url?q=http://www.rajhansiti.com
[2026-03-24T00:58:22.448Z]   SKIP (not in footer/header): http://images.google.bt/url?q=http://www.rajhansiti.com
[2026-03-24T00:58:22.448Z]   SKIP (not in footer/header): http://images.google.by/url?q=http://www.rajhansiti.com
[2026-03-24T00:58:22.448Z]   SKIP (not in footer/header): http://images.google.cat/url?q=http://www.rajhansiti.com
[2026-03-24T00:58:22.448Z]   SKIP (not in footer/header): http://images.google.cg/url?q=http://www.rajhansiti.com
[2026-03-24T00:58:22.448Z]   SKIP (not in footer/header): http://images.google.ch/url?q=http://www.rajhansiti.com
[2026-03-24T00:58:22.448Z]   SKIP (not in footer/header): http://images.google.co.bw/url?q=http://www.rajhansiti.com
[2026-03-24T00:58:22.448Z]   SKIP (not in footer/header): http://images.google.co.ck/url?q=http://www.rajhansiti.com
[2026-03-24T00:58:22.448Z]   SKIP (not in footer/header): http://images.google.co.jp/url?q=http://www.rajhansiti.com
[2026-03-24T00:58:22.448Z]   SKIP (not in footer/header): http://images.google.co.ls/url?q=http://www.rajhansiti.com
[2026-03-24T00:58:22.448Z]   SKIP (not in footer/header): http://images.google.co.th/url?q=http://www.rajhansiti.com
[2026-03-24T00:58:22.448Z]   SKIP (not in footer/header): http://images.google.co.tz/url?q=http://www.rajhansiti.com
[2026-03-24T00:58:22.448Z]   SKIP (not in footer/header): http://images.google.co.ug/url?q=http://www.rajhansiti.com
[2026-03-24T00:58:22.449Z]   SKIP (not in footer/header): http://images.google.co.uz/url?q=http://www.rajhansiti.com
[2026-03-24T00:58:22.449Z]   SKIP (not in footer/header): http://images.google.co.za/url?q=http://www.rajhansiti.com
[2026-03-24T00:58:22.449Z]   SKIP (not in footer/header): http://images.google.co.zm/url?q=http://www.rajhansiti.com
[2026-03-24T00:58:22.449Z]   SKIP (not in footer/header): http://images.google.com.ag/url?q=http://www.rajhansiti.com
[2026-03-24T00:58:22.449Z]   SKIP (not in footer/header): http://images.google.com.ai/url?q=http://www.rajhansiti.com
[2026-03-24T00:58:22.449Z]   SKIP (not in footer/header): http://images.google.com.au/url?q=http://www.rajhansiti.com
[2026-03-24T00:58:22.449Z]   SKIP (not in footer/header): http://images.google.com.bd/url?q=http://www.rajhansiti.com
[2026-03-24T00:58:22.449Z]   SKIP (not in footer/header): http://images.google.com.bh/url?q=http://www.rajhansiti.com
[2026-03-24T00:58:22.449Z]   SKIP (not in footer/header): http://images.google.com.bn/url?q=http://www.rajhansiti.com
[2026-03-24T00:58:22.449Z]   SKIP (not in footer/header): http://images.google.com.br/url?q=http://www.rajhansiti.com
[2026-03-24T00:58:22.449Z]   SKIP (not in footer/header): http://images.google.com.bz/url?q=http://www.rajhansiti.com
[2026-03-24T00:58:22.450Z]   SKIP (not in footer/header): http://images.google.com.co/url?q=http://www.rajhansiti.com
[2026-03-24T00:58:22.450Z]   SKIP (not in footer/header): http://images.google.com.cu/url?q=http://www.rajhansiti.com
[2026-03-24T00:58:22.450Z]   SKIP (not in footer/header): http://images.google.com.cy/url?q=http://www.rajhansiti.com
[2026-03-24T00:58:22.450Z]   SKIP (not in footer/header): http://images.google.com.ec/url?q=http://www.rajhansiti.com
[2026-03-24T00:58:22.450Z]   SKIP (not in footer/header): http://images.google.com.fj/url?q=http://www.rajhansiti.com
[2026-03-24T00:58:22.450Z]   SKIP (not in footer/header): http://images.google.com.gi/url?q=http://www.rajhansiti.com
[2026-03-24T00:58:22.450Z]   SKIP (not in footer/header): http://images.google.com.gt/url?q=http://www.rajhansiti.com
[2026-03-24T00:58:22.450Z]   SKIP (not in footer/header): http://images.google.com.jm/url?q=http://www.rajhansiti.com
[2026-03-24T00:58:22.450Z]   SKIP (not in footer/header): http://images.google.com.lb/url?q=http://www.rajhansiti.com
[2026-03-24T00:58:22.450Z]   SKIP (not in footer/header): http://images.google.com.mm/url?q=http://www.rajhansiti.com
[2026-03-24T00:58:22.450Z]   SKIP (not in footer/header): http://images.google.com.na/url?q=http://www.rajhansiti.com
[2026-03-24T00:58:22.450Z]   SKIP (not in footer/header): http://images.google.com.om/url?q=http://www.rajhansiti.com
[2026-03-24T00:58:22.451Z]   SKIP (not in footer/header): http://images.google.com.pa/url?q=http://www.rajhansiti.com
[2026-03-24T00:58:22.451Z]   SKIP (not in footer/header): http://images.google.com.pg/url?q=http://www.rajhansiti.com
[2026-03-24T00:58:22.451Z]   SKIP (not in footer/header): http://images.google.com.ph/url?q=http://www.rajhansiti.com
[2026-03-24T00:58:22.451Z]   SKIP (not in footer/header): http://images.google.com.sb/url?q=http://www.rajhansiti.com
[2026-03-24T00:58:22.451Z]   SKIP (not in footer/header): http://images.google.com.sl/url?q=http://www.rajhansiti.com
[2026-03-24T00:58:22.451Z]   SKIP (not in footer/header): http://images.google.com.sv/url?q=http://www.rajhansiti.com
[2026-03-24T00:58:22.451Z]   SKIP (not in footer/header): http://images.google.cv/url?q=http://www.rajhansiti.com
[2026-03-24T00:58:22.451Z]   SKIP (not in footer/header): http://images.google.dj/url?q=http://www.rajhansiti.com
[2026-03-24T00:58:22.451Z]   SKIP (not in footer/header): http://images.google.dk/url?q=http://www.rajhansiti.com
[2026-03-24T00:58:22.451Z]   SKIP (not in footer/header): http://images.google.dm/url?q=http://www.rajhansiti.com
[2026-03-24T00:58:22.451Z]   SKIP (not in footer/header): http://images.google.ee/url?q=http://www.rajhansiti.com
[2026-03-24T00:58:22.451Z]   SKIP (not in footer/header): http://images.google.fm/url?q=http://www.rajhansiti.com
[2026-03-24T00:58:22.451Z]   SKIP (not in footer/header): http://images.google.ga/url?q=http://www.rajhansiti.com
[2026-03-24T00:58:22.452Z]   SKIP (not in footer/header): http://images.google.ge/url?q=http://www.rajhansiti.com
[2026-03-24T00:58:22.452Z]   SKIP (not in footer/header): http://images.google.gg/url?q=http://www.rajhansiti.com
[2026-03-24T00:58:22.452Z]   SKIP (not in footer/header): http://images.google.gl/url?q=http://www.rajhansiti.com
[2026-03-24T00:58:22.452Z]   SKIP (not in footer/header): http://images.google.gm/url?q=http://www.rajhansiti.com
[2026-03-24T00:58:22.452Z]   SKIP (not in footer/header): http://images.google.gp/url?q=http://www.rajhansiti.com
[2026-03-24T00:58:22.452Z]   SKIP (not in footer/header): http://images.google.gr/url?q=http://www.rajhansiti.com
[2026-03-24T00:58:22.452Z]   SKIP (not in footer/header): http://images.google.hr/url?q=http://www.rajhansiti.com
[2026-03-24T00:58:22.452Z]   SKIP (not in footer/header): http://images.google.ht/url?q=http://www.rajhansiti.com
[2026-03-24T00:58:22.452Z]   SKIP (not in footer/header): http://images.google.im/url?q=http://www.rajhansiti.com
[2026-03-24T00:58:22.452Z]   SKIP (not in footer/header): http://images.google.je/url?q=http://www.rajhansiti.com
[2026-03-24T00:58:22.452Z]   SKIP (not in footer/header): http://images.google.ki/url?q=http://www.rajhansiti.com
[2026-03-24T00:58:22.452Z]   SKIP (not in footer/header): http://images.google.kz/url?q=http://www.rajhansiti.com
[2026-03-24T00:58:22.452Z]   SKIP (not in footer/header): http://images.google.la/url?q=http://www.rajhansiti.com
[2026-03-24T00:58:22.453Z]   SKIP (not in footer/header): http://images.google.li/url?q=http://www.rajhansiti.com
[2026-03-24T00:58:22.453Z]   SKIP (not in footer/header): http://images.google.lk/url?q=http://www.rajhansiti.com
[2026-03-24T00:58:22.453Z]   SKIP (not in footer/header): http://images.google.lt/url?q=http://www.rajhansiti.com
[2026-03-24T00:58:22.453Z]   SKIP (not in footer/header): http://images.google.ml/url?q=http://www.rajhansiti.com
[2026-03-24T00:58:22.453Z]   SKIP (not in footer/header): http://images.google.mn/url?q=http://www.rajhansiti.com
[2026-03-24T00:58:22.453Z]   SKIP (not in footer/header): http://images.google.ms/url?q=http://www.rajhansiti.com
[2026-03-24T00:58:22.453Z]   SKIP (not in footer/header): http://images.google.mu/url?q=http://www.rajhansiti.com
[2026-03-24T00:58:22.453Z]   SKIP (not in footer/header): http://images.google.mv/url?q=http://www.rajhansiti.com
[2026-03-24T00:58:22.453Z]   SKIP (not in footer/header): http://images.google.ne/url?q=http://www.rajhansiti.com
[2026-03-24T00:58:22.453Z]   SKIP (not in footer/header): http://images.google.nl/url?q=http://www.rajhansiti.com
[2026-03-24T00:58:22.453Z]   SKIP (not in footer/header): http://images.google.rw/url?q=http://www.rajhansiti.com
[2026-03-24T00:58:22.453Z]   SKIP (not in footer/header): http://images.google.sc/url?q=http://www.rajhansiti.com
[2026-03-24T00:58:22.453Z]   SKIP (not in footer/header): http://images.google.si/url?q=http://www.rajhansiti.com
[2026-03-24T00:58:22.454Z]   SKIP (not in footer/header): http://images.google.sm/url?q=http://www.rajhansiti.com
[2026-03-24T00:58:22.454Z]   SKIP (not in footer/header): http://images.google.sr/url?q=http://www.rajhansiti.com
[2026-03-24T00:58:22.454Z]   SKIP (not in footer/header): http://images.google.td/url?q=http://www.rajhansiti.com
[2026-03-24T00:58:22.454Z]   SKIP (not in footer/header): http://images.google.tg/url?q=http://www.rajhansiti.com
[2026-03-24T00:58:22.454Z]   SKIP (not in footer/header): http://images.google.tl/url?q=http://www.rajhansiti.com
[2026-03-24T00:58:22.454Z]   SKIP (not in footer/header): http://images.google.tm/url?q=http://www.rajhansiti.com
[2026-03-24T00:58:22.454Z]   SKIP (not in footer/header): http://images.google.tn/url?q=http://www.rajhansiti.com
[2026-03-24T00:58:22.454Z]   SKIP (not in footer/header): http://images.google.to/url?q=http://www.rajhansiti.com
[2026-03-24T00:58:22.454Z]   SKIP (not in footer/header): http://images.google.vg/url?q=http://www.rajhansiti.com
[2026-03-24T00:58:22.454Z]   SKIP (not in footer/header): http://images.google.vu/url?q=http://www.rajhansiti.com
[2026-03-24T00:58:22.454Z]   SKIP (not in footer/header): http://images.google.ws/url?q=http://www.rajhansiti.com
[2026-03-24T00:58:22.454Z]   SKIP (not in footer/header): http://maps.google.ad/url?q=http://www.rajhansiti.com
[2026-03-24T00:58:22.454Z]   SKIP (not in footer/header): http://maps.google.ae/url?q=http://www.rajhansiti.com
[2026-03-24T00:58:22.455Z]   SKIP (not in footer/header): http://maps.google.as/url?q=http://www.rajhansiti.com
[2026-03-24T00:58:22.455Z]   SKIP (not in footer/header): http://maps.google.at/url?q=http://www.rajhansiti.com
[2026-03-24T00:58:22.455Z]   SKIP (not in footer/header): http://maps.google.ba/url?q=http://www.rajhansiti.com
[2026-03-24T00:58:22.455Z]   SKIP (not in footer/header): http://maps.google.bg/url?q=http://www.rajhansiti.com
[2026-03-24T00:58:22.455Z]   SKIP (not in footer/header): http://maps.google.bs/url?q=http://www.rajhansiti.com
[2026-03-24T00:58:22.455Z]   SKIP (not in footer/header): http://maps.google.cd/url?q=http://www.rajhansiti.com
[2026-03-24T00:58:22.455Z]   SKIP (not in footer/header): http://maps.google.ci/url?q=http://www.rajhansiti.com
[2026-03-24T00:58:22.455Z]   SKIP (not in footer/header): http://maps.google.cl/url?q=http://www.rajhansiti.com
[2026-03-24T00:58:22.455Z]   SKIP (not in footer/header): http://maps.google.cm/url?q=http://www.rajhansiti.com
[2026-03-24T00:58:22.455Z]   SKIP (not in footer/header): http://maps.google.co.bw/url?q=http://www.rajhansiti.com
[2026-03-24T00:58:22.455Z]   SKIP (not in footer/header): http://maps.google.co.ck/url?q=http://www.rajhansiti.com
[2026-03-24T00:58:22.455Z]   SKIP (not in footer/header): http://maps.google.co.cr/url?q=http://www.rajhansiti.com
[2026-03-24T00:58:22.455Z]   SKIP (not in footer/header): http://maps.google.co.in/url?q=http://www.rajhansiti.com
[2026-03-24T00:58:22.455Z]   SKIP (not in footer/header): http://maps.google.co.jp/url?q=http://www.rajhansiti.com
[2026-03-24T00:58:22.456Z]   SKIP (not in footer/header): http://maps.google.co.ke/url?q=http://www.rajhansiti.com
[2026-03-24T00:58:22.456Z]   SKIP (not in footer/header): http://maps.google.co.ls/url?q=http://www.rajhansiti.com
[2026-03-24T00:58:22.456Z]   SKIP (not in footer/header): http://maps.google.co.ug/url?q=http://www.rajhansiti.com
[2026-03-24T00:58:22.456Z]   SKIP (not in footer/header): http://maps.google.co.vi/url?q=http://www.rajhansiti.com
[2026-03-24T00:58:22.456Z]   SKIP (not in footer/header): http://maps.google.co.zm/url?q=http://www.rajhansiti.com
[2026-03-24T00:58:22.456Z]   SKIP (not in footer/header): http://maps.google.com.ag/url?q=http://www.rajhansiti.com
[2026-03-24T00:58:22.456Z]   SKIP (not in footer/header): http://maps.google.com.bd/url?q=http://www.rajhansiti.com
[2026-03-24T00:58:22.456Z]   SKIP (not in footer/header): http://maps.google.com.bh/url?q=http://www.rajhansiti.com
[2026-03-24T00:58:22.456Z]   SKIP (not in footer/header): http://maps.google.com.bo/url?q=http://www.rajhansiti.com
[2026-03-24T00:58:22.456Z]   SKIP (not in footer/header): http://maps.google.com.bz/url?q=http://www.rajhansiti.com
[2026-03-24T00:58:22.456Z]   SKIP (not in footer/header): http://maps.google.com.cu/url?q=http://www.rajhansiti.com
[2026-03-24T00:58:22.456Z]   SKIP (not in footer/header): http://maps.google.com.ec/url?q=http://www.rajhansiti.com
[2026-03-24T00:58:22.456Z]   SKIP (not in footer/header): http://maps.google.com.fj/url?q=http://www.rajhansiti.com
[2026-03-24T00:58:22.457Z]   SKIP (not in footer/header): http://maps.google.com.gi/url?q=http://www.rajhansiti.com
[2026-03-24T00:58:22.457Z]   SKIP (not in footer/header): http://maps.google.com.gt/url?q=http://www.rajhansiti.com
[2026-03-24T00:58:22.457Z]   SKIP (not in footer/header): http://maps.google.com.jm/url?q=http://www.rajhansiti.com
[2026-03-24T00:58:22.457Z]   SKIP (not in footer/header): http://maps.google.com.kw/url?q=http://www.rajhansiti.com
[2026-03-24T00:58:22.457Z]   SKIP (not in footer/header): http://maps.google.com.lb/url?q=http://www.rajhansiti.com
[2026-03-24T00:58:22.457Z]   SKIP (not in footer/header): http://maps.google.com.ly/url?q=http://www.rajhansiti.com
[2026-03-24T00:58:22.457Z]   SKIP (not in footer/header): http://maps.google.com.mm/url?q=http://www.rajhansiti.com
[2026-03-24T00:58:22.457Z]   SKIP (not in footer/header): http://maps.google.com.na/url?q=http://www.rajhansiti.com
[2026-03-24T00:58:22.457Z]   SKIP (not in footer/header): http://maps.google.com.ng/url?q=http://www.rajhansiti.com
[2026-03-24T00:58:22.457Z]   SKIP (not in footer/header): http://maps.google.com.pg/url?q=http://www.rajhansiti.com
[2026-03-24T00:58:22.457Z]   SKIP (not in footer/header): http://maps.google.com.py/url?q=http://www.rajhansiti.com
[2026-03-24T00:58:22.457Z]   SKIP (not in footer/header): http://maps.google.com.qa/url?q=http://www.rajhansiti.com
[2026-03-24T00:58:22.457Z]   SKIP (not in footer/header): http://maps.google.com.sb/url?q=http://www.rajhansiti.com
[2026-03-24T00:58:22.457Z]   SKIP (not in footer/header): http://maps.google.com.sg/url?q=http://www.rajhansiti.com
[2026-03-24T00:58:22.457Z]   SKIP (not in footer/header): http://maps.google.com.sl/url?q=http://www.rajhansiti.com
[2026-03-24T00:58:22.457Z]   SKIP (not in footer/header): http://maps.google.com.tw/url?q=http://www.rajhansiti.com
[2026-03-24T00:58:22.457Z]   SKIP (not in footer/header): http://maps.google.com.vc/url?q=http://www.rajhansiti.com
[2026-03-24T00:58:22.457Z]   SKIP (not in footer/header): http://maps.google.cv/url?q=http://www.rajhansiti.com
[2026-03-24T00:58:22.457Z]   SKIP (not in footer/header): http://maps.google.dz/url?q=http://www.rajhansiti.com
[2026-03-24T00:58:22.457Z]   SKIP (not in footer/header): http://maps.google.fm/url?q=http://www.rajhansiti.com
[2026-03-24T00:58:22.458Z]   SKIP (not in footer/header): http://maps.google.ga/url?q=http://www.rajhansiti.com
[2026-03-24T00:58:22.458Z]   SKIP (not in footer/header): http://maps.google.ge/url?q=http://www.rajhansiti.com
[2026-03-24T00:58:22.458Z]   SKIP (not in footer/header): http://maps.google.gg/url?q=http://www.rajhansiti.com
[2026-03-24T00:58:22.458Z]   SKIP (not in footer/header): http://maps.google.gm/url?q=http://www.rajhansiti.com
[2026-03-24T00:58:22.458Z]   SKIP (not in footer/header): http://maps.google.gy/url?q=http://www.rajhansiti.com
[2026-03-24T00:58:22.458Z]   SKIP (not in footer/header): http://maps.google.hn/url?q=http://www.rajhansiti.com
[2026-03-24T00:58:22.458Z]   SKIP (not in footer/header): http://maps.google.hr/url?q=http://www.rajhansiti.com
[2026-03-24T00:58:22.458Z]   SKIP (not in footer/header): http://maps.google.im/url?q=http://www.rajhansiti.com
[2026-03-24T00:58:22.458Z]   SKIP (not in footer/header): http://maps.google.kg/url?q=http://www.rajhansiti.com
[2026-03-24T00:58:22.458Z]   SKIP (not in footer/header): http://maps.google.ki/url?q=http://www.rajhansiti.com
[2026-03-24T00:58:22.458Z]   SKIP (not in footer/header): http://maps.google.kz/url?q=http://www.rajhansiti.com
[2026-03-24T00:58:22.458Z]   SKIP (not in footer/header): http://maps.google.li/url?q=http://www.rajhansiti.com
[2026-03-24T00:58:22.458Z]   SKIP (not in footer/header): http://maps.google.lu/url?q=http://www.rajhansiti.com
[2026-03-24T00:58:22.458Z]   SKIP (not in footer/header): http://maps.google.mg/url?q=http://www.rajhansiti.com
[2026-03-24T00:58:22.458Z]   SKIP (not in footer/header): http://maps.google.ml/url?q=http://www.rajhansiti.com
[2026-03-24T00:58:22.458Z]   SKIP (not in footer/header): http://maps.google.mu/url?q=http://www.rajhansiti.com
[2026-03-24T00:58:22.458Z]   SKIP (not in footer/header): http://maps.google.mw/url?q=http://www.rajhansiti.com
[2026-03-24T00:58:22.458Z]   SKIP (not in footer/header): http://maps.google.ne/url?q=http://www.rajhansiti.com
[2026-03-24T00:58:22.458Z]   SKIP (not in footer/header): http://maps.google.nl/url?q=http://www.rajhansiti.com
[2026-03-24T00:58:22.458Z]   SKIP (not in footer/header): http://maps.google.no/url?q=http://www.rajhansiti.com
[2026-03-24T00:58:22.458Z]   SKIP (not in footer/header): http://maps.google.nr/url?q=http://www.rajhansiti.com
[2026-03-24T00:58:22.458Z]   SKIP (not in footer/header): http://maps.google.pl/url?q=http://www.rajhansiti.com
[2026-03-24T00:58:22.459Z]   SKIP (not in footer/header): http://maps.google.pn/url?q=http://www.rajhansiti.com
[2026-03-24T00:58:22.459Z]   SKIP (not in footer/header): http://maps.google.pt/url?q=http://www.rajhansiti.com
[2026-03-24T00:58:22.459Z]   SKIP (not in footer/header): http://maps.google.rs/url?q=http://www.rajhansiti.com
[2026-03-24T00:58:22.459Z]   SKIP (not in footer/header): http://maps.google.rw/url?q=http://www.rajhansiti.com
[2026-03-24T00:58:22.459Z]   SKIP (not in footer/header): http://maps.google.sc/url?q=http://www.rajhansiti.com
[2026-03-24T00:58:22.459Z]   SKIP (not in footer/header): http://maps.google.se/url?q=http://www.rajhansiti.com
[2026-03-24T00:58:22.459Z]   SKIP (not in footer/header): http://maps.google.sk/url?q=http://www.rajhansiti.com
[2026-03-24T00:58:22.459Z]   SKIP (not in footer/header): http://maps.google.so/url?q=http://www.rajhansiti.com
[2026-03-24T00:58:22.459Z]   SKIP (not in footer/header): http://maps.google.st/url?q=http://www.rajhansiti.com
[2026-03-24T00:58:22.459Z]   SKIP (not in footer/header): http://maps.google.td/url?q=http://www.rajhansiti.com
[2026-03-24T00:58:22.459Z]   SKIP (not in footer/header): http://maps.google.tg/url?q=http://www.rajhansiti.com
[2026-03-24T00:58:22.459Z]   SKIP (not in footer/header): http://maps.google.tl/url?q=http://www.rajhansiti.com
[2026-03-24T00:58:22.459Z]   SKIP (not in footer/header): http://maps.google.to/url?q=http://www.rajhansiti.com
[2026-03-24T00:58:22.459Z]   SKIP (not in footer/header): http://maps.google.tt/url?q=http://www.rajhansiti.com
[2026-03-24T00:58:22.459Z]   SKIP (not in footer/header): http://maps.google.vg/url?q=http://www.rajhansiti.com
[2026-03-24T00:58:22.459Z]   SKIP (not in footer/header): http://maps.google.ws/url?q=http://www.rajhansiti.com
[2026-03-24T00:58:22.459Z]   SKIP (AI claimed): http://portal.hud.gov/hudportal/HUD?src=/program_offices/fair_housing_equal_opp/progdesc/title8
[2026-03-24T00:58:22.459Z]   SKIP (AI claimed): http://www.google.ad/url?q=http://www.rajhansiti.com
[2026-03-24T00:58:22.459Z]   SKIP (AI claimed): http://www.google.ae/url?q=http://www.rajhansiti.com
[2026-03-24T00:58:22.459Z]   SKIP (AI claimed): http://www.google.al/url?q=http://www.rajhansiti.com
[2026-03-24T00:58:22.459Z]   SKIP (AI claimed): http://www.google.am/url?q=http://www.rajhansiti.com
[2026-03-24T00:58:22.459Z]   SKIP (AI claimed): http://www.google.at/url?q=http://www.rajhansiti.com
[2026-03-24T00:58:22.459Z]   SKIP (AI claimed): http://www.google.az/url?q=http://www.rajhansiti.com
[2026-03-24T00:58:22.459Z]   SKIP (AI claimed): http://www.google.ba/url?q=http://www.rajhansiti.com
[2026-03-24T00:58:22.459Z]   SKIP (AI claimed): http://www.google.be/url?q=http://www.rajhansiti.com
[2026-03-24T00:58:22.459Z]   SKIP (AI claimed): http://www.google.bg/url?q=http://www.rajhansiti.com
[2026-03-24T00:58:22.459Z]   SKIP (AI claimed): http://www.google.bj/url?q=http://www.rajhansiti.com
[2026-03-24T00:58:22.460Z]   SKIP (AI claimed): http://www.google.by/url?q=http://www.rajhansiti.com
[2026-03-24T00:58:22.460Z]   SKIP (AI claimed): http://www.google.ch/url?q=http://www.rajhansiti.com
[2026-03-24T00:58:22.460Z]   SKIP (AI claimed): http://www.google.cl/url?q=http://www.rajhansiti.com
[2026-03-24T00:58:22.460Z]   SKIP (AI claimed): http://www.google.co.il/url?q=http://www.rajhansiti.com
[2026-03-24T00:58:22.460Z]   SKIP (AI claimed): http://www.google.co.in/url?q=http://www.rajhansiti.com
[2026-03-24T00:58:22.460Z]   SKIP (AI claimed): http://www.google.co.th/url?q=http://www.rajhansiti.com
[2026-03-24T00:58:22.460Z]   SKIP (AI claimed): http://www.google.co.uk/url?q=http://www.rajhansiti.com
[2026-03-24T00:58:22.460Z]   SKIP (not in footer/header): http://www.google.com.af/url?q=http://www.rajhansiti.com
[2026-03-24T00:58:22.460Z]   SKIP (not in footer/header): http://www.google.com.ar/url?q=http://www.rajhansiti.com
[2026-03-24T00:58:22.460Z]   SKIP (not in footer/header): http://www.google.com.au/url?q=http://www.rajhansiti.com
[2026-03-24T00:58:22.460Z]   SKIP (not in footer/header): http://www.google.com.bh/url?q=http://www.rajhansiti.com
[2026-03-24T00:58:22.460Z]   SKIP (not in footer/header): http://www.google.com.bn/url?q=http://www.rajhansiti.com
[2026-03-24T00:58:22.460Z]   SKIP (not in footer/header): http://www.google.com.bo/url?q=http://www.rajhansiti.com
[2026-03-24T00:58:22.460Z]   SKIP (not in footer/header): http://www.google.com.br/url?q=http://www.rajhansiti.com
[2026-03-24T00:58:22.460Z]   SKIP (not in footer/header): http://www.google.com.co/url?q=http://www.rajhansiti.com
[2026-03-24T00:58:22.460Z]   SKIP (not in footer/header): http://www.google.com.ec/url?q=http://www.rajhansiti.com
[2026-03-24T00:58:22.460Z]   SKIP (not in footer/header): http://www.google.com.eg/url?q=http://www.rajhansiti.com
[2026-03-24T00:58:22.460Z]   SKIP (not in footer/header): http://www.google.com.mx/url?q=http://www.rajhansiti.com
[2026-03-24T00:58:22.460Z]   SKIP (not in footer/header): http://www.google.com.my/url?q=http://www.rajhansiti.com
[2026-03-24T00:58:22.460Z]   SKIP (not in footer/header): http://www.google.com.ng/url?q=http://www.rajhansiti.com
[2026-03-24T00:58:22.460Z]   SKIP (not in footer/header): http://www.google.com.sa/url?q=http://www.rajhansiti.com
[2026-03-24T00:58:22.460Z]   SKIP (not in footer/header): http://www.google.com.sg/url?q=http://www.rajhansiti.com
[2026-03-24T00:58:22.461Z]   SKIP (not in footer/header): http://www.google.com.tw/url?q=http://www.rajhansiti.com
[2026-03-24T00:58:22.461Z]   SKIP (not in footer/header): http://www.google.com.ua/url?q=http://www.rajhansiti.com
[2026-03-24T00:58:22.461Z]   SKIP (not in footer/header): http://www.google.com.uy/url?q=http://www.rajhansiti.com
[2026-03-24T00:58:22.461Z]   SKIP (not in footer/header): http://www.google.com.vn/url?q=http://www.rajhansiti.com
[2026-03-24T00:58:22.461Z]   SKIP (not in footer/header): http://www.google.dk/url?q=http://www.rajhansiti.com
[2026-03-24T00:58:22.461Z]   SKIP (not in footer/header): http://www.google.ee/url?q=http://www.rajhansiti.com
[2026-03-24T00:58:22.461Z]   SKIP (not in footer/header): http://www.google.es/url?q=http://www.rajhansiti.com
[2026-03-24T00:58:22.461Z]   SKIP (not in footer/header): http://www.google.es/url?sa=t&url=http://www.rajhansiti.com
[2026-03-24T00:58:22.461Z]   SKIP (not in footer/header): http://www.google.fi/url?q=http://www.rajhansiti.com
[2026-03-24T00:58:22.461Z]   SKIP (not in footer/header): http://www.google.fr/url?q=http://www.rajhansiti.com
[2026-03-24T00:58:22.461Z]   SKIP (not in footer/header): http://www.google.gr/url?q=http://www.rajhansiti.com
[2026-03-24T00:58:22.461Z]   SKIP (not in footer/header): http://www.google.hr/url?q=http://www.rajhansiti.com
[2026-03-24T00:58:22.461Z]   SKIP (not in footer/header): http://www.google.hu/url?q=http://www.rajhansiti.com
[2026-03-24T00:58:22.461Z]   SKIP (not in footer/header): http://www.google.it/url?q=http://www.rajhansiti.com
[2026-03-24T00:58:22.461Z]   SKIP (not in footer/header): http://www.google.lt/url?q=http://www.rajhansiti.com
[2026-03-24T00:58:22.461Z]   SKIP (not in footer/header): http://www.google.lv/url?q=http://www.rajhansiti.com
[2026-03-24T00:58:22.461Z]   SKIP (not in footer/header): http://www.google.nl/url?q=http://www.rajhansiti.com
[2026-03-24T00:58:22.461Z]   SKIP (not in footer/header): http://www.google.no/url?q=http://www.rajhansiti.com
[2026-03-24T00:58:22.461Z]   SKIP (not in footer/header): http://www.google.pl/url?q=http://www.rajhansiti.com
[2026-03-24T00:58:22.462Z]   SKIP (not in footer/header): http://www.google.pt/url?q=http://www.rajhansiti.com
[2026-03-24T00:58:22.462Z]   SKIP (not in footer/header): http://www.google.ro/url?q=http://www.rajhansiti.com
[2026-03-24T00:58:22.462Z]   SKIP (not in footer/header): http://www.google.rs/url?q=http://www.rajhansiti.com
[2026-03-24T00:58:22.465Z]   SKIP (not in footer/header): http://www.google.ru/url?q=http://www.rajhansiti.com
[2026-03-24T00:58:22.465Z]   SKIP (not in footer/header): http://www.google.se/url?q=http://www.rajhansiti.com
[2026-03-24T00:58:22.465Z]   SKIP (not in footer/header): http://www.google.si/url?q=http://www.rajhansiti.com
[2026-03-24T00:58:22.465Z]   SKIP (not in footer/header): http://www.redfriday.hu/redirect/redirect.php?url=http://www.rajhansiti.com/twitter/index.php/anyairvin/all
[2026-03-24T00:58:22.465Z]   SKIP (not in footer/header): https://bloomington.seniormessages.com
[2026-03-24T00:58:22.466Z]   SKIP (not in footer/header): https://cse.google.com/url?q=http://www.rajhansiti.com
[2026-03-24T00:58:22.466Z]   SKIP (not in footer/header): https://cse.google.com/url?sa=t&url=http://www.rajhansiti.com
[2026-03-24T00:58:22.466Z]   SKIP (not in footer/header): https://ditu.google.cn/url?q=http://www.rajhansiti.com
[2026-03-24T00:58:22.466Z]   SKIP (not in footer/header): https://images.google.ac/url?q=http://www.rajhansiti.com
[2026-03-24T00:58:22.466Z]   SKIP (not in footer/header): https://images.google.ad/url?q=http://www.rajhansiti.com
[2026-03-24T00:58:22.466Z]   SKIP (not in footer/header): https://images.google.ae/url?q=http://www.rajhansiti.com
[2026-03-24T00:58:22.466Z]   SKIP (not in footer/header): https://images.google.am/url?q=http://www.rajhansiti.com
[2026-03-24T00:58:22.466Z]   SKIP (not in footer/header): https://images.google.am/url?sa=t&url=http://www.rajhansiti.com
[2026-03-24T00:58:22.466Z]   SKIP (not in footer/header): https://images.google.az/url?q=http://www.rajhansiti.com
[2026-03-24T00:58:22.466Z]   SKIP (not in footer/header): https://images.google.az/url?sa=t&url=http://www.rajhansiti.com
[2026-03-24T00:58:22.466Z]   SKIP (not in footer/header): https://images.google.bi/url?q=http://www.rajhansiti.com
[2026-03-24T00:58:22.467Z]   SKIP (not in footer/header): https://images.google.bj/url?q=http://www.rajhansiti.com
[2026-03-24T00:58:22.467Z]   SKIP (not in footer/header): https://images.google.bs/url?q=http://www.rajhansiti.com
[2026-03-24T00:58:22.467Z]   SKIP (not in footer/header): https://images.google.by/url?q=http://www.rajhansiti.com
[2026-03-24T00:58:22.467Z]   SKIP (not in footer/header): https://images.google.cd/url?q=http://www.rajhansiti.com
[2026-03-24T00:58:22.467Z]   SKIP (not in footer/header): https://images.google.cg/url?q=http://www.rajhansiti.com
[2026-03-24T00:58:22.467Z]   SKIP (not in footer/header): https://images.google.cl/url?q=http://www.rajhansiti.com
[2026-03-24T00:58:22.467Z]   SKIP (not in footer/header): https://images.google.co.ao/url?q=http://www.rajhansiti.com
[2026-03-24T00:58:22.467Z]   SKIP (not in footer/header): https://images.google.co.ck/url?q=http://www.rajhansiti.com
[2026-03-24T00:58:22.467Z]   SKIP (not in footer/header): https://images.google.co.cr/url?q=http://www.rajhansiti.com
[2026-03-24T00:58:22.467Z]   SKIP (not in footer/header): https://images.google.co.il/url?q=http://www.rajhansiti.com
[2026-03-24T00:58:22.467Z]   SKIP (not in footer/header): https://images.google.co.ke/url?q=http://www.rajhansiti.com
[2026-03-24T00:58:22.467Z]   SKIP (not in footer/header): https://images.google.co.ls/url?q=http://www.rajhansiti.com
[2026-03-24T00:58:22.467Z]   SKIP (not in footer/header): https://images.google.co.th/url?q=http://www.rajhansiti.com
[2026-03-24T00:58:22.467Z]   SKIP (not in footer/header): https://images.google.co.ug/url?q=http://www.rajhansiti.com
[2026-03-24T00:58:22.467Z]   SKIP (not in footer/header): https://images.google.co.vi/url?q=http://www.rajhansiti.com
[2026-03-24T00:58:22.467Z]   SKIP (not in footer/header): https://images.google.co.zm/url?q=http://www.rajhansiti.com
[2026-03-24T00:58:22.467Z]   SKIP (not in footer/header): https://images.google.co.zw/url?q=http://www.rajhansiti.com
[2026-03-24T00:58:22.467Z]   SKIP (not in footer/header): https://images.google.com.ag/url?q=http://www.rajhansiti.com
[2026-03-24T00:58:22.467Z]   SKIP (not in footer/header): https://images.google.com.ar/url?q=http://www.rajhansiti.com
[2026-03-24T00:58:22.467Z]   SKIP (not in footer/header): https://images.google.com.bd/url?q=http://www.rajhansiti.com
[2026-03-24T00:58:22.467Z]   SKIP (not in footer/header): https://images.google.com.bo/url?q=http://www.rajhansiti.com
[2026-03-24T00:58:22.467Z]   SKIP (not in footer/header): https://images.google.com.bz/url?q=http://www.rajhansiti.com
[2026-03-24T00:58:22.467Z]   SKIP (not in footer/header): https://images.google.com.do/url?q=http://www.rajhansiti.com
[2026-03-24T00:58:22.467Z]   SKIP (not in footer/header): https://images.google.com.ec/url?q=http://www.rajhansiti.com
[2026-03-24T00:58:22.467Z]   SKIP (not in footer/header): https://images.google.com.ec/url?sa=t&url=http://www.rajhansiti.com
[2026-03-24T00:58:22.467Z]   SKIP (not in footer/header): https://images.google.com.eg/url?q=http://www.rajhansiti.com
[2026-03-24T00:58:22.467Z]   SKIP (not in footer/header): https://images.google.com.eg/url?sa=t&url=http://www.rajhansiti.com
[2026-03-24T00:58:22.467Z]   SKIP (not in footer/header): https://images.google.com.fj/url?q=http://www.rajhansiti.com
[2026-03-24T00:58:22.467Z]   SKIP (not in footer/header): https://images.google.com.gi/url?q=http://www.rajhansiti.com
[2026-03-24T00:58:22.467Z]   SKIP (not in footer/header): https://images.google.com.gt/url?q=http://www.rajhansiti.com
[2026-03-24T00:58:22.467Z]   SKIP (not in footer/header): https://images.google.com.kw/url?q=http://www.rajhansiti.com
[2026-03-24T00:58:22.467Z]   SKIP (not in footer/header): https://images.google.com.ly/url?q=http://www.rajhansiti.com
[2026-03-24T00:58:22.467Z]   SKIP (not in footer/header): https://images.google.com.mt/url?q=http://www.rajhansiti.com
[2026-03-24T00:58:22.467Z]   SKIP (not in footer/header): https://images.google.com.my/url?sa=t&url=http://www.rajhansiti.com
[2026-03-24T00:58:22.467Z]   SKIP (not in footer/header): https://images.google.com.ng/url?q=http://www.rajhansiti.com
[2026-03-24T00:58:22.467Z]   SKIP (not in footer/header): https://images.google.com.np/url?q=http://www.rajhansiti.com
[2026-03-24T00:58:22.467Z]   SKIP (not in footer/header): https://images.google.com.pe/url?q=http://www.rajhansiti.com
[2026-03-24T00:58:22.467Z]   SKIP (not in footer/header): https://images.google.com.ph/url?q=http://www.rajhansiti.com
[2026-03-24T00:58:22.467Z]   SKIP (not in footer/header): https://images.google.com.ph/url?sa=t&url=http://www.rajhansiti.com
[2026-03-24T00:58:22.468Z]   SKIP (not in footer/header): https://images.google.com.pk/url?q=http://www.rajhansiti.com
[2026-03-24T00:58:22.468Z]   SKIP (not in footer/header): https://images.google.com.pk/url?sa=t&url=http://www.rajhansiti.com
[2026-03-24T00:58:22.468Z]   SKIP (not in footer/header): https://images.google.com.sl/url?q=http://www.rajhansiti.com
[2026-03-24T00:58:22.468Z]   SKIP (not in footer/header): https://images.google.com.tj/url?q=http://www.rajhansiti.com
[2026-03-24T00:58:22.468Z]   SKIP (not in footer/header): https://images.google.com.tj/url?sa=t&url=http://www.rajhansiti.com
[2026-03-24T00:58:22.468Z]   SKIP (not in footer/header): https://images.google.com.tw/url?q=http://www.rajhansiti.com
[2026-03-24T00:58:22.468Z]   SKIP (not in footer/header): https://images.google.com.tw/url?sa=t&url=http://www.rajhansiti.com
[2026-03-24T00:58:22.468Z]   SKIP (not in footer/header): https://images.google.com.uy/url?q=http://www.rajhansiti.com
[2026-03-24T00:58:22.468Z]   SKIP (not in footer/header): https://images.google.com.vc/url?q=http://www.rajhansiti.com
[2026-03-24T00:58:22.468Z]   SKIP (not in footer/header): https://images.google.com.vn/url?q=http://www.rajhansiti.com
[2026-03-24T00:58:22.468Z]   SKIP (not in footer/header): https://images.google.com/url?q=http://www.rajhansiti.com
[2026-03-24T00:58:22.468Z]   SKIP (not in footer/header): https://images.google.com/url?sa=t&url=http://www.rajhansiti.com
[2026-03-24T00:58:22.468Z]   SKIP (not in footer/header): https://images.google.dm/url?q=http://www.rajhansiti.com
[2026-03-24T00:58:22.468Z]   SKIP (not in footer/header): https://images.google.dz/url?q=http://www.rajhansiti.com
[2026-03-24T00:58:22.468Z]   SKIP (not in footer/header): https://images.google.fm/url?q=http://www.rajhansiti.com
[2026-03-24T00:58:22.468Z]   SKIP (not in footer/header): https://images.google.ga/url?q=http://www.rajhansiti.com
[2026-03-24T00:58:22.468Z]   SKIP (not in footer/header): https://images.google.ge/url?q=http://www.rajhansiti.com
[2026-03-24T00:58:22.468Z]   SKIP (not in footer/header): https://images.google.gl/url?q=http://www.rajhansiti.com
[2026-03-24T00:58:22.468Z]   SKIP (not in footer/header): https://images.google.gr/url?q=http://www.rajhansiti.com
[2026-03-24T00:58:22.468Z]   SKIP (not in footer/header): https://images.google.gy/url?q=http://www.rajhansiti.com
[2026-03-24T00:58:22.468Z]   SKIP (not in footer/header): https://images.google.ie/url?q=http://www.rajhansiti.com
[2026-03-24T00:58:22.468Z]   SKIP (not in footer/header): https://images.google.it/url?sa=t&url=http://www.rajhansiti.com
[2026-03-24T00:58:22.468Z]   SKIP (not in footer/header): https://images.google.je/url?q=http://www.rajhansiti.com
[2026-03-24T00:58:22.468Z]   SKIP (not in footer/header): https://images.google.jo/url?q=http://www.rajhansiti.com
[2026-03-24T00:58:22.468Z]   SKIP (not in footer/header): https://images.google.li/url?q=http://www.rajhansiti.com
[2026-03-24T00:58:22.468Z]   SKIP (not in footer/header): https://images.google.md/url?q=http://www.rajhansiti.com
[2026-03-24T00:58:22.468Z]   SKIP (not in footer/header): https://images.google.me/url?q=http://www.rajhansiti.com
[2026-03-24T00:58:22.468Z]   SKIP (not in footer/header): https://images.google.me/url?sa=t&url=http://www.rajhansiti.com
[2026-03-24T00:58:22.468Z]   SKIP (not in footer/header): https://images.google.mk/url?q=http://www.rajhansiti.com
[2026-03-24T00:58:22.468Z]   SKIP (not in footer/header): https://images.google.mv/url?q=http://www.rajhansiti.com
[2026-03-24T00:58:22.468Z]   SKIP (not in footer/header): https://images.google.mw/url?q=http://www.rajhansiti.com
[2026-03-24T00:58:22.468Z]   SKIP (not in footer/header): https://images.google.ne/url?q=http://www.rajhansiti.com
[2026-03-24T00:58:22.468Z]   SKIP (not in footer/header): https://images.google.nu/url?q=http://www.rajhansiti.com
[2026-03-24T00:58:22.468Z]   SKIP (not in footer/header): https://images.google.ps/url?q=http://www.rajhansiti.com
[2026-03-24T00:58:22.468Z]   SKIP (not in footer/header): https://images.google.pt/url?q=http://www.rajhansiti.com
[2026-03-24T00:58:22.468Z]   SKIP (not in footer/header): https://images.google.rs/url?q=http://www.rajhansiti.com
[2026-03-24T00:58:22.468Z]   SKIP (not in footer/header): https://images.google.rw/url?q=http://www.rajhansiti.com
[2026-03-24T00:58:22.468Z]   SKIP (not in footer/header): https://images.google.si/url?q=http://www.rajhansiti.com
[2026-03-24T00:58:22.468Z]   SKIP (not in footer/header): https://images.google.sk/url?q=http://www.rajhansiti.com
[2026-03-24T00:58:22.468Z]   SKIP (not in footer/header): https://images.google.sm/url?q=http://www.rajhansiti.com
[2026-03-24T00:58:22.469Z]   SKIP (not in footer/header): https://images.google.so/url?q=http://www.rajhansiti.com
[2026-03-24T00:58:22.469Z]   SKIP (not in footer/header): https://images.google.sr/url?q=http://www.rajhansiti.com
[2026-03-24T00:58:22.469Z]   SKIP (not in footer/header): https://images.google.st/url?q=http://www.rajhansiti.com
[2026-03-24T00:58:22.469Z]   SKIP (not in footer/header): https://images.google.tg/url?q=http://www.rajhansiti.com
[2026-03-24T00:58:22.469Z]   SKIP (not in footer/header): https://images.google.tl/url?q=http://www.rajhansiti.com
[2026-03-24T00:58:22.469Z]   SKIP (not in footer/header): https://images.google.tm/url?q=http://www.rajhansiti.com
[2026-03-24T00:58:22.469Z]   SKIP (not in footer/header): https://images.google.tt/url?q=http://www.rajhansiti.com
[2026-03-24T00:58:22.469Z]   SKIP (not in footer/header): https://images.google.vu/url?q=http://www.rajhansiti.com
[2026-03-24T00:58:22.469Z]   SKIP (not in footer/header): https://ipv4.google.com/url?q=http://www.rajhansiti.com
[2026-03-24T00:58:22.469Z]   SKIP (not in footer/header): https://ipv4.google.com/url?sa=t&url=http://www.rajhansiti.com
[2026-03-24T00:58:22.469Z]   SKIP (not in footer/header): https://maps.google.ae/url?sa=t&url=http://www.rajhansiti.com
[2026-03-24T00:58:22.469Z]   SKIP (not in footer/header): https://maps.google.as/url?q=http://www.rajhansiti.com
[2026-03-24T00:58:22.469Z]   SKIP (not in footer/header): https://maps.google.at/url?q=http://www.rajhansiti.com
[2026-03-24T00:58:22.469Z]   SKIP (not in footer/header): https://maps.google.at/url?sa=t&url=http://www.rajhansiti.com
[2026-03-24T00:58:22.469Z]   SKIP (not in footer/header): https://maps.google.ba/url?q=http://www.rajhansiti.com
[2026-03-24T00:58:22.469Z]   SKIP (not in footer/header): https://maps.google.bf/url?q=http://www.rajhansiti.com
[2026-03-24T00:58:22.469Z]   SKIP (not in footer/header): https://maps.google.bi/url?q=http://www.rajhansiti.com
[2026-03-24T00:58:22.469Z]   SKIP (not in footer/header): https://maps.google.by/url?q=http://www.rajhansiti.com
[2026-03-24T00:58:22.469Z]   SKIP (not in footer/header): https://maps.google.by/url?sa=t&url=http://www.rajhansiti.com
[2026-03-24T00:58:22.469Z]   SKIP (not in footer/header): https://maps.google.cat/url?q=http://www.rajhansiti.com
[2026-03-24T00:58:22.469Z]   SKIP (not in footer/header): https://maps.google.cg/url?q=http://www.rajhansiti.com
[2026-03-24T00:58:22.469Z]   SKIP (not in footer/header): https://maps.google.cl/url?q=http://www.rajhansiti.com
[2026-03-24T00:58:22.469Z]   SKIP (not in footer/header): https://maps.google.co.in/url?q=http://www.rajhansiti.com
[2026-03-24T00:58:22.469Z]   SKIP (not in footer/header): https://maps.google.co.in/url?sa=t&url=http://www.rajhansiti.com
[2026-03-24T00:58:22.469Z]   SKIP (not in footer/header): https://maps.google.co.ke/url?q=http://www.rajhansiti.com
[2026-03-24T00:58:22.469Z]   SKIP (not in footer/header): https://maps.google.co.mz/url?q=http://www.rajhansiti.com
[2026-03-24T00:58:22.469Z]   SKIP (not in footer/header): https://maps.google.co.mz/url?sa=t&url=http://www.rajhansiti.com
[2026-03-24T00:58:22.469Z]   SKIP (not in footer/header): https://maps.google.co.th/url?q=http://www.rajhansiti.com
[2026-03-24T00:58:22.469Z]   SKIP (not in footer/header): https://maps.google.co.tz/url?q=http://www.rajhansiti.com
[2026-03-24T00:58:22.469Z]   SKIP (not in footer/header): https://maps.google.co.ug/url?q=http://www.rajhansiti.com
[2026-03-24T00:58:22.469Z]   SKIP (not in footer/header): https://maps.google.co.ve/url?q=http://www.rajhansiti.com
[2026-03-24T00:58:22.469Z]   SKIP (not in footer/header): https://maps.google.co.vi/url?q=http://www.rajhansiti.com
[2026-03-24T00:58:22.469Z]   SKIP (not in footer/header): https://maps.google.com.ag/url?q=http://www.rajhansiti.com
[2026-03-24T00:58:22.469Z]   SKIP (not in footer/header): https://maps.google.com.ai/url?q=http://www.rajhansiti.com
[2026-03-24T00:58:22.469Z]   SKIP (not in footer/header): https://maps.google.com.ar/url?sa=t&url=http://www.rajhansiti.com
[2026-03-24T00:58:22.469Z]   SKIP (not in footer/header): https://maps.google.com.bn/url?q=http://www.rajhansiti.com
[2026-03-24T00:58:22.469Z]   SKIP (not in footer/header): https://maps.google.com.bo/url?q=http://www.rajhansiti.com
[2026-03-24T00:58:22.469Z]   SKIP (not in footer/header): https://maps.google.com.bo/url?sa=t&url=http://www.rajhansiti.com
[2026-03-24T00:58:22.469Z]   SKIP (not in footer/header): https://maps.google.com.ec/url?q=http://www.rajhansiti.com
[2026-03-24T00:58:22.470Z]   SKIP (not in footer/header): https://maps.google.com.eg/url?q=http://www.rajhansiti.com
[2026-03-24T00:58:22.470Z]   SKIP (not in footer/header): https://maps.google.com.et/url?q=http://www.rajhansiti.com
[2026-03-24T00:58:22.470Z]   SKIP (not in footer/header): https://maps.google.com.gi/url?q=http://www.rajhansiti.com
[2026-03-24T00:58:22.470Z]   SKIP (not in footer/header): https://maps.google.com.gt/url?q=http://www.rajhansiti.com
[2026-03-24T00:58:22.470Z]   SKIP (not in footer/header): https://maps.google.com.lb/url?q=http://www.rajhansiti.com
[2026-03-24T00:58:22.470Z]   SKIP (not in footer/header): https://maps.google.com.ly/url?q=http://www.rajhansiti.com
[2026-03-24T00:58:22.470Z]   SKIP (not in footer/header): https://maps.google.com.ly/url?sa=t&url=http://www.rajhansiti.com
[2026-03-24T00:58:22.470Z]   SKIP (not in footer/header): https://maps.google.com.mt/url?sa=t&url=http://www.rajhansiti.com
[2026-03-24T00:58:22.470Z]   SKIP (not in footer/header): https://maps.google.com.na/url?q=http://www.rajhansiti.com
[2026-03-24T00:58:22.470Z]   SKIP (not in footer/header): https://maps.google.com.ng/url?q=http://www.rajhansiti.com
[2026-03-24T00:58:22.470Z]   SKIP (not in footer/header): https://maps.google.com.ni/url?q=http://www.rajhansiti.com
[2026-03-24T00:58:22.470Z]   SKIP (not in footer/header): https://maps.google.com.np/url?q=http://www.rajhansiti.com
[2026-03-24T00:58:22.470Z]   SKIP (not in footer/header): https://maps.google.com.np/url?sa=t&url=http://www.rajhansiti.com
[2026-03-24T00:58:22.470Z]   SKIP (not in footer/header): https://maps.google.com.pe/url?q=http://www.rajhansiti.com
[2026-03-24T00:58:22.470Z]   SKIP (not in footer/header): https://maps.google.com.pe/url?sa=t&url=http://www.rajhansiti.com
[2026-03-24T00:58:22.470Z]   SKIP (not in footer/header): https://maps.google.com.pg/url?q=http://www.rajhansiti.com
[2026-03-24T00:58:22.470Z]   SKIP (not in footer/header): https://maps.google.com.qa/url?q=http://www.rajhansiti.com
[2026-03-24T00:58:22.470Z]   SKIP (not in footer/header): https://maps.google.com.sb/url?q=http://www.rajhansiti.com
[2026-03-24T00:58:22.470Z]   SKIP (not in footer/header): https://maps.google.com.sg/url?q=http://www.rajhansiti.com
[2026-03-24T00:58:22.470Z]   SKIP (not in footer/header): https://maps.google.com.sl/url?q=http://www.rajhansiti.com
[2026-03-24T00:58:22.470Z]   SKIP (not in footer/header): https://maps.google.com.sv/url?q=http://www.rajhansiti.com
[2026-03-24T00:58:22.470Z]   SKIP (not in footer/header): https://maps.google.com.tw/url?q=http://www.rajhansiti.com
[2026-03-24T00:58:22.470Z]   SKIP (not in footer/header): https://maps.google.com.ua/url?q=http://www.rajhansiti.com
[2026-03-24T00:58:22.470Z]   SKIP (not in footer/header): https://maps.google.com.uy/url?q=http://www.rajhansiti.com
[2026-03-24T00:58:22.470Z]   SKIP (not in footer/header): https://maps.google.com.uy/url?sa=t&url=http://www.rajhansiti.com
[2026-03-24T00:58:22.470Z]   SKIP (not in footer/header): https://maps.google.com.vc/url?q=http://www.rajhansiti.com
[2026-03-24T00:58:22.470Z]   SKIP (not in footer/header): https://maps.google.com/url?q=http://www.rajhansiti.com
[2026-03-24T00:58:22.470Z]   SKIP (not in footer/header): https://maps.google.dm/url?q=http://www.rajhansiti.com
[2026-03-24T00:58:22.470Z]   SKIP (not in footer/header): https://maps.google.dz/url?q=http://www.rajhansiti.com
[2026-03-24T00:58:22.470Z]   SKIP (not in footer/header): https://maps.google.es/url?q=http://www.rajhansiti.com
[2026-03-24T00:58:22.470Z]   SKIP (not in footer/header): https://maps.google.fi/url?q=http://www.rajhansiti.com
[2026-03-24T00:58:22.470Z]   SKIP (not in footer/header): https://maps.google.ga/url?q=http://www.rajhansiti.com
[2026-03-24T00:58:22.470Z]   SKIP (not in footer/header): https://maps.google.ge/url?q=http://www.rajhansiti.com
[2026-03-24T00:58:22.470Z]   SKIP (not in footer/header): https://maps.google.gg/url?q=http://www.rajhansiti.com
[2026-03-24T00:58:22.470Z]   SKIP (not in footer/header): https://maps.google.gl/url?q=http://www.rajhansiti.com
[2026-03-24T00:58:22.470Z]   SKIP (not in footer/header): https://maps.google.gp/url?q=http://www.rajhansiti.com
[2026-03-24T00:58:22.470Z]   SKIP (not in footer/header): https://maps.google.gy/url?q=http://www.rajhansiti.com
[2026-03-24T00:58:22.470Z]   SKIP (not in footer/header): https://maps.google.ht/url?q=http://www.rajhansiti.com
[2026-03-24T00:58:22.470Z]   SKIP (not in footer/header): https://maps.google.ie/url?q=http://www.rajhansiti.com
[2026-03-24T00:58:22.471Z]   SKIP (not in footer/header): https://maps.google.im/url?q=http://www.rajhansiti.com
[2026-03-24T00:58:22.471Z]   SKIP (not in footer/header): https://maps.google.iq/url?q=http://www.rajhansiti.com
[2026-03-24T00:58:22.471Z]   SKIP (not in footer/header): https://maps.google.it/url?q=http://www.rajhansiti.com
[2026-03-24T00:58:22.471Z]   SKIP (not in footer/header): https://maps.google.je/url?q=http://www.rajhansiti.com
[2026-03-24T00:58:22.471Z]   SKIP (not in footer/header): https://maps.google.jo/url?sa=t&url=http://www.rajhansiti.com
[2026-03-24T00:58:22.471Z]   SKIP (not in footer/header): https://maps.google.kg/url?q=http://www.rajhansiti.com
[2026-03-24T00:58:22.471Z]   SKIP (not in footer/header): https://maps.google.ki/url?q=http://www.rajhansiti.com
[2026-03-24T00:58:22.471Z]   SKIP (not in footer/header): https://maps.google.kz/url?q=http://www.rajhansiti.com
[2026-03-24T00:58:22.471Z]   SKIP (not in footer/header): https://maps.google.la/url?q=http://www.rajhansiti.com
[2026-03-24T00:58:22.471Z]   SKIP (not in footer/header): https://maps.google.lk/url?q=http://www.rajhansiti.com
[2026-03-24T00:58:22.471Z]   SKIP (not in footer/header): https://maps.google.lk/url?sa=t&url=http://www.rajhansiti.com
[2026-03-24T00:58:22.471Z]   SKIP (not in footer/header): https://maps.google.lt/url?q=http://www.rajhansiti.com
[2026-03-24T00:58:22.471Z]   SKIP (not in footer/header): https://maps.google.mg/url?q=http://www.rajhansiti.com
[2026-03-24T00:58:22.471Z]   SKIP (not in footer/header): https://maps.google.mk/url?q=http://www.rajhansiti.com
[2026-03-24T00:58:22.471Z]   SKIP (not in footer/header): https://maps.google.ml/url?q=http://www.rajhansiti.com
[2026-03-24T00:58:22.471Z]   SKIP (not in footer/header): https://maps.google.ms/url?q=http://www.rajhansiti.com
[2026-03-24T00:58:22.471Z]   SKIP (not in footer/header): https://maps.google.mv/url?q=http://www.rajhansiti.com
[2026-03-24T00:58:22.471Z]   SKIP (not in footer/header): https://maps.google.mw/url?q=http://www.rajhansiti.com
[2026-03-24T00:58:22.471Z]   SKIP (not in footer/header): https://maps.google.ne/url?q=http://www.rajhansiti.com
[2026-03-24T00:58:22.471Z]   SKIP (not in footer/header): https://maps.google.pt/url?q=http://www.rajhansiti.com
[2026-03-24T00:58:22.471Z]   SKIP (not in footer/header): https://maps.google.ro/url?q=http://www.rajhansiti.com
[2026-03-24T00:58:22.471Z]   SKIP (not in footer/header): https://maps.google.rs/url?q=http://www.rajhansiti.com
[2026-03-24T00:58:22.471Z]   SKIP (not in footer/header): https://maps.google.rw/url?q=http://www.rajhansiti.com
[2026-03-24T00:58:22.471Z]   SKIP (not in footer/header): https://maps.google.sc/url?q=http://www.rajhansiti.com
[2026-03-24T00:58:22.471Z]   SKIP (not in footer/header): https://maps.google.sh/url?q=http://www.rajhansiti.com
[2026-03-24T00:58:22.471Z]   SKIP (not in footer/header): https://maps.google.si/url?q=http://www.rajhansiti.com
[2026-03-24T00:58:22.471Z]   SKIP (not in footer/header): https://maps.google.sm/url?q=http://www.rajhansiti.com
[2026-03-24T00:58:22.471Z]   SKIP (not in footer/header): https://maps.google.sn/url?q=http://www.rajhansiti.com
[2026-03-24T00:58:22.471Z]   SKIP (not in footer/header): https://maps.google.st/url?q=http://www.rajhansiti.com
[2026-03-24T00:58:22.471Z]   SKIP (not in footer/header): https://maps.google.td/url?q=http://www.rajhansiti.com
[2026-03-24T00:58:22.471Z]   SKIP (not in footer/header): https://maps.google.tl/url?q=http://www.rajhansiti.com
[2026-03-24T00:58:22.471Z]   SKIP (not in footer/header): https://maps.google.tn/url?q=http://www.rajhansiti.com
[2026-03-24T00:58:22.471Z]   SKIP (not in footer/header): https://maps.google.tt/url?q=http://www.rajhansiti.com
[2026-03-24T00:58:22.471Z]   SKIP (not in footer/header): https://maps.google.vg/url?q=http://www.rajhansiti.com
[2026-03-24T00:58:22.471Z]   SKIP (not in footer/header): https://maps.google.ws/url?q=http://www.rajhansiti.com
[2026-03-24T00:58:22.471Z]   SKIP (not in footer/header): https://plus.google.com/url?q=http://www.rajhansiti.com
[2026-03-24T00:58:22.471Z]   SKIP (not in footer/header): https://www.google.ac/url?q=http://www.rajhansiti.com
[2026-03-24T00:58:22.471Z]   SKIP (not in footer/header): https://www.google.ad/url?q=http://www.rajhansiti.com
[2026-03-24T00:58:22.471Z]   SKIP (not in footer/header): https://www.google.al/url?q=http://www.rajhansiti.com
[2026-03-24T00:58:22.471Z]   SKIP (not in footer/header): https://www.google.am/url?q=http://www.rajhansiti.com
[2026-03-24T00:58:22.472Z]   SKIP (not in footer/header): https://www.google.as/url?q=http://www.rajhansiti.com
[2026-03-24T00:58:22.472Z]   SKIP (not in footer/header): https://www.google.ba/url?q=http://www.rajhansiti.com
[2026-03-24T00:58:22.472Z]   SKIP (not in footer/header): https://www.google.be/url?q=http://www.rajhansiti.com
[2026-03-24T00:58:22.472Z]   SKIP (not in footer/header): https://www.google.bf/url?q=http://www.rajhansiti.com
[2026-03-24T00:58:22.472Z]   SKIP (not in footer/header): https://www.google.bi/url?q=http://www.rajhansiti.com
[2026-03-24T00:58:22.472Z]   SKIP (not in footer/header): https://www.google.bi/url?sa=t&url=http://www.rajhansiti.com
[2026-03-24T00:58:22.472Z]   SKIP (not in footer/header): https://www.google.bj/url?q=http://www.rajhansiti.com
[2026-03-24T00:58:22.472Z]   SKIP (not in footer/header): https://www.google.bs/url?q=http://www.rajhansiti.com
[2026-03-24T00:58:22.472Z]   SKIP (not in footer/header): https://www.google.bt/url?q=http://www.rajhansiti.com
[2026-03-24T00:58:22.472Z]   SKIP (not in footer/header): https://www.google.ca/url?q=http://www.rajhansiti.com
[2026-03-24T00:58:22.472Z]   SKIP (not in footer/header): https://www.google.cat/url?q=http://www.rajhansiti.com
[2026-03-24T00:58:22.472Z]   SKIP (not in footer/header): https://www.google.cd/url?q=http://www.rajhansiti.com
[2026-03-24T00:58:22.472Z]   SKIP (not in footer/header): https://www.google.cf/url?q=http://www.rajhansiti.com
[2026-03-24T00:58:22.472Z]   SKIP (not in footer/header): https://www.google.cg/url?q=http://www.rajhansiti.com
[2026-03-24T00:58:22.472Z]   SKIP (not in footer/header): https://www.google.cl/url?q=http://www.rajhansiti.com
[2026-03-24T00:58:22.472Z]   SKIP (not in footer/header): https://www.google.cm/url?q=http://www.rajhansiti.com
[2026-03-24T00:58:22.472Z]   SKIP (not in footer/header): https://www.google.co.ao/url?q=http://www.rajhansiti.com
[2026-03-24T00:58:22.472Z]   SKIP (not in footer/header): https://www.google.co.ck/url?q=http://www.rajhansiti.com
[2026-03-24T00:58:22.472Z]   SKIP (not in footer/header): https://www.google.co.cr/url?q=http://www.rajhansiti.com
[2026-03-24T00:58:22.472Z]   SKIP (not in footer/header): https://www.google.co.id/url?q=http://www.rajhansiti.com
[2026-03-24T00:58:22.472Z]   SKIP (not in footer/header): https://www.google.co.in/url?q=http://www.rajhansiti.com
[2026-03-24T00:58:22.472Z]   SKIP (not in footer/header): https://www.google.co.jp/url?q=http://www.rajhansiti.com
[2026-03-24T00:58:22.472Z]   SKIP (not in footer/header): https://www.google.co.ls/url?q=http://www.rajhansiti.com
[2026-03-24T00:58:22.472Z]   SKIP (not in footer/header): https://www.google.co.ma/url?q=http://www.rajhansiti.com
[2026-03-24T00:58:22.472Z]   SKIP (not in footer/header): https://www.google.co.nz/url?q=http://www.rajhansiti.com
[2026-03-24T00:58:22.472Z]   SKIP (not in footer/header): https://www.google.co.th/url?q=http://www.rajhansiti.com
[2026-03-24T00:58:22.472Z]   SKIP (not in footer/header): https://www.google.co.ug/url?q=http://www.rajhansiti.com
[2026-03-24T00:58:22.472Z]   SKIP (not in footer/header): https://www.google.co.uz/url?q=http://www.rajhansiti.com
[2026-03-24T00:58:22.472Z]   SKIP (not in footer/header): https://www.google.co.vi/url?q=http://www.rajhansiti.com
[2026-03-24T00:58:22.472Z]   SKIP (not in footer/header): https://www.google.co.za/url?q=http://www.rajhansiti.com
[2026-03-24T00:58:22.472Z]   SKIP (not in footer/header): https://www.google.co.zm/url?q=http://www.rajhansiti.com
[2026-03-24T00:58:22.472Z]   SKIP (not in footer/header): https://www.google.com.af/url?q=http://www.rajhansiti.com
[2026-03-24T00:58:22.472Z]   SKIP (not in footer/header): https://www.google.com.ag/url?q=http://www.rajhansiti.com
[2026-03-24T00:58:22.472Z]   SKIP (not in footer/header): https://www.google.com.ai/url?q=http://www.rajhansiti.com
[2026-03-24T00:58:22.472Z]   SKIP (not in footer/header): https://www.google.com.au/url?q=http://www.rajhansiti.com
[2026-03-24T00:58:22.472Z]   SKIP (not in footer/header): https://www.google.com.bn/url?q=http://www.rajhansiti.com
[2026-03-24T00:58:22.472Z]   SKIP (not in footer/header): https://www.google.com.bz/url?q=http://www.rajhansiti.com
[2026-03-24T00:58:22.472Z]   SKIP (not in footer/header): https://www.google.com.cu/url?q=http://www.rajhansiti.com
[2026-03-24T00:58:22.472Z]   SKIP (not in footer/header): https://www.google.com.do/url?q=http://www.rajhansiti.com
[2026-03-24T00:58:22.472Z]   SKIP (not in footer/header): https://www.google.com.et/url?q=http://www.rajhansiti.com
[2026-03-24T00:58:22.473Z]   SKIP (not in footer/header): https://www.google.com.fj/url?q=http://www.rajhansiti.com
[2026-03-24T00:58:22.473Z]   SKIP (not in footer/header): https://www.google.com.gi/url?q=http://www.rajhansiti.com
[2026-03-24T00:58:22.473Z]   SKIP (not in footer/header): https://www.google.com.gt/url?q=http://www.rajhansiti.com
[2026-03-24T00:58:22.473Z]   SKIP (not in footer/header): https://www.google.com.jm/url?q=http://www.rajhansiti.com
[2026-03-24T00:58:22.473Z]   SKIP (not in footer/header): https://www.google.com.kw/url?q=http://www.rajhansiti.com
[2026-03-24T00:58:22.473Z]   SKIP (not in footer/header): https://www.google.com.mm/url?q=http://www.rajhansiti.com
[2026-03-24T00:58:22.473Z]   SKIP (not in footer/header): https://www.google.com.na/url?q=http://www.rajhansiti.com
[2026-03-24T00:58:22.473Z]   SKIP (not in footer/header): https://www.google.com.ni/url?q=http://www.rajhansiti.com
[2026-03-24T00:58:22.473Z]   SKIP (not in footer/header): https://www.google.com.om/url?q=http://www.rajhansiti.com
[2026-03-24T00:58:22.473Z]   SKIP (not in footer/header): https://www.google.com.pa/url?q=http://www.rajhansiti.com
[2026-03-24T00:58:22.473Z]   SKIP (not in footer/header): https://www.google.com.pg/url?q=http://www.rajhansiti.com
[2026-03-24T00:58:22.473Z]   SKIP (not in footer/header): https://www.google.com.sb/url?q=http://www.rajhansiti.com
[2026-03-24T00:58:22.473Z]   SKIP (not in footer/header): https://www.google.com.sg/url?q=http://www.rajhansiti.com
[2026-03-24T00:58:22.473Z]   SKIP (not in footer/header): https://www.google.com.sl/url?q=http://www.rajhansiti.com
[2026-03-24T00:58:22.473Z]   SKIP (not in footer/header): https://www.google.com.tj/url?q=http://www.rajhansiti.com
[2026-03-24T00:58:22.473Z]   SKIP (not in footer/header): https://www.google.com.tw/url?q=http://www.rajhansiti.com
[2026-03-24T00:58:22.473Z]   SKIP (not in footer/header): https://www.google.com.ua/url?q=http://www.rajhansiti.com
[2026-03-24T00:58:22.473Z]   SKIP (not in footer/header): https://www.google.com.uy/url?q=http://www.rajhansiti.com
[2026-03-24T00:58:22.473Z]   SKIP (not in footer/header): https://www.google.com.vc/url?q=http://www.rajhansiti.com
[2026-03-24T00:58:22.473Z]   SKIP (not in footer/header): https://www.google.com.vn/url?sa=t&source=web&url=http://www.rajhansiti.com
[2026-03-24T00:58:22.473Z]   SKIP (not in footer/header): https://www.google.cv/url?q=http://www.rajhansiti.com
[2026-03-24T00:58:22.473Z]   SKIP (not in footer/header): https://www.google.cz/url?q=http://www.rajhansiti.com
[2026-03-24T00:58:22.473Z]   SKIP (not in footer/header): https://www.google.de/url?q=http://www.rajhansiti.com
[2026-03-24T00:58:22.473Z]   SKIP (not in footer/header): https://www.google.de/url?q=https://rajhansiti.com.com
[2026-03-24T00:58:22.473Z]   SKIP (not in footer/header): https://www.google.dj/url?q=http://www.rajhansiti.com
[2026-03-24T00:58:22.473Z]   SKIP (not in footer/header): https://www.google.dm/url?q=http://www.rajhansiti.com
[2026-03-24T00:58:22.473Z]   SKIP (not in footer/header): https://www.google.dz/url?q=http://www.rajhansiti.com
[2026-03-24T00:58:22.473Z]   SKIP (not in footer/header): https://www.google.es/url?q=http://www.rajhansiti.com
[2026-03-24T00:58:22.473Z]   SKIP (not in footer/header): https://www.google.fm/url?q=http://www.rajhansiti.com
[2026-03-24T00:58:22.473Z]   SKIP (not in footer/header): https://www.google.ga/url?q=http://www.rajhansiti.com
[2026-03-24T00:58:22.473Z]   SKIP (not in footer/header): https://www.google.ge/url?q=http://www.rajhansiti.com
[2026-03-24T00:58:22.473Z]   SKIP (not in footer/header): https://www.google.gg/url?q=http://www.rajhansiti.com
[2026-03-24T00:58:22.473Z]   SKIP (not in footer/header): https://www.google.gl/url?q=http://www.rajhansiti.com
[2026-03-24T00:58:22.473Z]   SKIP (not in footer/header): https://www.google.gm/url?q=http://www.rajhansiti.com
[2026-03-24T00:58:22.473Z]   SKIP (not in footer/header): https://www.google.gp/url?q=http://www.rajhansiti.com
[2026-03-24T00:58:22.473Z]   SKIP (not in footer/header): https://www.google.gy/url?q=http://www.rajhansiti.com
[2026-03-24T00:58:22.473Z]   SKIP (not in footer/header): https://www.google.hr/url?q=http://www.rajhansiti.com
[2026-03-24T00:58:22.473Z]   SKIP (not in footer/header): https://www.google.ht/url?q=http://www.rajhansiti.com
[2026-03-24T00:58:22.473Z]   SKIP (not in footer/header): https://www.google.im/url?q=http://www.rajhansiti.com
[2026-03-24T00:58:22.474Z]   SKIP (not in footer/header): https://www.google.it/url?q=http://www.rajhansiti.com
[2026-03-24T00:58:22.474Z]   SKIP (not in footer/header): https://www.google.kg/url?q=http://www.rajhansiti.com
[2026-03-24T00:58:22.474Z]   SKIP (not in footer/header): https://www.google.ki/url?q=http://www.rajhansiti.com
[2026-03-24T00:58:22.474Z]   SKIP (not in footer/header): https://www.google.kz/url?q=http://www.rajhansiti.com
[2026-03-24T00:58:22.474Z]   SKIP (not in footer/header): https://www.google.la/url?q=http://www.rajhansiti.com
[2026-03-24T00:58:22.474Z]   SKIP (not in footer/header): https://www.google.li/url?q=http://www.rajhansiti.com
[2026-03-24T00:58:22.474Z]   SKIP (not in footer/header): https://www.google.lk/url?q=http://www.rajhansiti.com
[2026-03-24T00:58:22.474Z]   SKIP (not in footer/header): https://www.google.lu/url?q=http://www.rajhansiti.com
[2026-03-24T00:58:22.474Z]   SKIP (not in footer/header): https://www.google.lv/url?q=http://www.rajhansiti.com
[2026-03-24T00:58:22.474Z]   SKIP (not in footer/header): https://www.google.mg/url?q=http://www.rajhansiti.com
[2026-03-24T00:58:22.474Z]   SKIP (not in footer/header): https://www.google.ml/url?q=http://www.rajhansiti.com
[2026-03-24T00:58:22.474Z]   SKIP (not in footer/header): https://www.google.mn/url?q=http://www.rajhansiti.com
[2026-03-24T00:58:22.474Z]   SKIP (not in footer/header): https://www.google.ms/url?q=http://www.rajhansiti.com
[2026-03-24T00:58:22.474Z]   SKIP (not in footer/header): https://www.google.mu/url?q=http://www.rajhansiti.com
[2026-03-24T00:58:22.474Z]   SKIP (not in footer/header): https://www.google.mv/url?q=http://www.rajhansiti.com
[2026-03-24T00:58:22.474Z]   SKIP (not in footer/header): https://www.google.mw/url?q=http://www.rajhansiti.com
[2026-03-24T00:58:22.474Z]   SKIP (not in footer/header): https://www.google.ne/url?q=http://www.rajhansiti.com
[2026-03-24T00:58:22.474Z]   SKIP (not in footer/header): https://www.google.nl/url?q=http://www.rajhansiti.com
[2026-03-24T00:58:22.474Z]   SKIP (not in footer/header): https://www.google.no/url?q=http://www.rajhansiti.com
[2026-03-24T00:58:22.474Z]   SKIP (not in footer/header): https://www.google.nr/url?q=http://www.rajhansiti.com
[2026-03-24T00:58:22.474Z]   SKIP (not in footer/header): https://www.google.pl/url?q=http://www.rajhansiti.com
[2026-03-24T00:58:22.474Z]   SKIP (not in footer/header): https://www.google.pn/url?q=http://www.rajhansiti.com
[2026-03-24T00:58:22.474Z]   SKIP (not in footer/header): https://www.google.ru/url?q=http://www.rajhansiti.com
[2026-03-24T00:58:22.474Z]   SKIP (not in footer/header): https://www.google.rw/url?q=http://www.rajhansiti.com
[2026-03-24T00:58:22.474Z]   SKIP (not in footer/header): https://www.google.sc/url?q=http://www.rajhansiti.com
[2026-03-24T00:58:22.474Z]   SKIP (not in footer/header): https://www.google.sk/url?q=http://www.rajhansiti.com
[2026-03-24T00:58:22.474Z]   SKIP (not in footer/header): https://www.google.sm/url?q=http://www.rajhansiti.com
[2026-03-24T00:58:22.474Z]   SKIP (not in footer/header): https://www.google.so/url?q=http://www.rajhansiti.com
[2026-03-24T00:58:22.474Z]   SKIP (not in footer/header): https://www.google.sr/url?q=http://www.rajhansiti.com
[2026-03-24T00:58:22.474Z]   SKIP (not in footer/header): https://www.google.st/url?q=http://www.rajhansiti.com
[2026-03-24T00:58:22.474Z]   SKIP (not in footer/header): https://www.google.td/url?q=http://www.rajhansiti.com
[2026-03-24T00:58:22.474Z]   SKIP (not in footer/header): https://www.google.tg/url?q=http://www.rajhansiti.com
[2026-03-24T00:58:22.474Z]   SKIP (not in footer/header): https://www.google.tk/url?q=http://www.rajhansiti.com
[2026-03-24T00:58:22.474Z]   SKIP (not in footer/header): https://www.google.tl/url?q=http://www.rajhansiti.com
[2026-03-24T00:58:22.474Z]   SKIP (not in footer/header): https://www.google.tm/url?q=http://www.rajhansiti.com
[2026-03-24T00:58:22.474Z]   SKIP (not in footer/header): https://www.google.tn/url?q=http://www.rajhansiti.com
[2026-03-24T00:58:22.474Z]   SKIP (not in footer/header): https://www.google.to/url?q=http://www.rajhansiti.com
[2026-03-24T00:58:22.474Z]   SKIP (not in footer/header): https://www.google.tt/url?q=http://www.rajhansiti.com
[2026-03-24T00:58:22.474Z]   SKIP (not in footer/header): https://www.google.vg/url?q=http://www.rajhansiti.com
[2026-03-24T00:58:22.474Z]   SKIP (not in footer/header): https://www.google.vu/url?q=http://www.rajhansiti.com
[2026-03-24T00:58:22.474Z]   SKIP (not in footer/header): https://www.google.ws/url?q=http://www.rajhansiti.com
[2026-03-24T00:58:22.475Z]   SKIP (not in footer/header): https://www.miradorliving.com/assisted-living/indiana/indianapolis
[2026-03-24T00:58:22.475Z]   SKIP (not in footer/header): https://www.pennergame.de/redirect/?site=http://www.rajhansiti.com
[2026-03-24T00:58:22.475Z] Step 2b result: added 0 uncategorized domains from footer/header
[2026-03-24T00:58:22.475Z] ── Step 2c: YouTube channel handle resolution ──
[2026-03-24T00:58:22.475Z]   YOUTUBE: no ytc entries to resolve
[2026-03-24T00:58:22.475Z] ── Step 3: Final dedup ──
[2026-03-24T00:58:22.475Z] Dedup: removed 0 of 18 URLs already in specialized fields
[2026-03-24T00:58:22.475Z] ── FINAL RESULT ──
[2026-03-24T00:58:22.475Z]   ws (1):
[2026-03-24T00:58:22.475Z]     - https://chosenhealthcare.com
[2026-03-24T00:58:22.475Z]   ytp (1):
[2026-03-24T00:58:22.475Z]     - https://www.youtube.com/@redirect
[2026-03-24T00:58:22.475Z]   urls (18):
[2026-03-24T00:58:22.475Z]     - http://portal.hud.gov/hudportal/HUD
[2026-03-24T00:58:22.475Z]     - http://www.google.ad/url
[2026-03-24T00:58:22.475Z]     - http://www.google.ae/url
[2026-03-24T00:58:22.475Z]     - http://www.google.al/url
[2026-03-24T00:58:22.475Z]     - http://www.google.am/url
[2026-03-24T00:58:22.475Z]     - http://www.google.at/url
[2026-03-24T00:58:22.475Z]     - http://www.google.az/url
[2026-03-24T00:58:22.475Z]     - http://www.google.ba/url
[2026-03-24T00:58:22.475Z]     - http://www.google.be/url
[2026-03-24T00:58:22.475Z]     - http://www.google.bg/url
[2026-03-24T00:58:22.475Z]     - http://www.google.bj/url
[2026-03-24T00:58:22.475Z]     - http://www.google.by/url
[2026-03-24T00:58:22.475Z]     - http://www.google.ch/url
[2026-03-24T00:58:22.475Z]     - http://www.google.cl/url
[2026-03-24T00:58:22.475Z]     - http://www.google.co.il/url
[2026-03-24T00:58:22.475Z]     - http://www.google.co.in/url
[2026-03-24T00:58:22.475Z]     - http://www.google.co.th/url
[2026-03-24T00:58:22.475Z]     - http://www.google.co.uk/url
[2026-03-24T00:58:22.475Z] Summary: ws:1, ytp:1, urls:18
[2026-03-24T00:58:22.476Z] Saved final result to result.json
[2026-03-24T00:58:22.476Z] Override fields: ws, ytp, urls
[2026-03-24T00:58:22.476Z] Finished at: 2026-03-24T00:58:22.476Z
