[2026-03-12T06:13:27.065Z] === Homepage AI Extractor: PowerTags ===
[2026-03-12T06:13:27.065Z] Started at: 2026-03-12T06:13:27.065Z
[2026-03-12T06:13:27.065Z] Log directory: E:\code\The Wall\mono\packages\scrapper\logs\homepage_ai_extractor\1773296007064_PowerTags
[2026-03-12T06:13:27.065Z] Company: PowerTags
[2026-03-12T06:13:27.065Z] Website: power-tags.com
[2026-03-12T06:13:27.065Z] cbRank: 832086
[2026-03-12T06:13:27.065Z] Reasons: h
[2026-03-12T06:13:27.065Z] Fetching: https://power-tags.com
[2026-03-12T06:13:30.801Z] Redirected: https://power-tags.com -> https://power-tags.com/
[2026-03-12T06:13:30.807Z] Saved HTML (89470 bytes) to page.html
[2026-03-12T06:13:30.816Z] Extracted 500 unique links from page
[2026-03-12T06:13:30.817Z] Saved 500 links to links.json
[2026-03-12T06:13:30.821Z] Extracted footer HTML (2448 chars)
[2026-03-12T06:13:30.822Z] Extracted header HTML (3970 chars)
[2026-03-12T06:13:30.826Z] Website (post-redirect): https://power-tags.com/ → origin: https://power-tags.com
[2026-03-12T06:13:30.829Z] External links: 484 (of 500 total)
[2026-03-12T06:13:30.829Z] ── All external links ──
[2026-03-12T06:13:30.829Z]   EXT: https://abortionlaw.org
[2026-03-12T06:13:30.829Z]   EXT: https://actnowinvestments.com
[2026-03-12T06:13:30.829Z]   EXT: https://adicat.net
[2026-03-12T06:13:30.829Z]   EXT: https://advisortravelguide.com
[2026-03-12T06:13:30.829Z]   EXT: https://ajirazetu.net
[2026-03-12T06:13:30.829Z]   EXT: https://akprosports.com
[2026-03-12T06:13:30.829Z]   EXT: https://aliceholtraces.org
[2026-03-12T06:13:30.829Z]   EXT: https://aliceinoxford.net
[2026-03-12T06:13:30.829Z]   EXT: https://allidoislisten.com
[2026-03-12T06:13:30.830Z]   EXT: https://allmybookings.net
[2026-03-12T06:13:30.830Z]   EXT: https://allotments.org
[2026-03-12T06:13:30.830Z]   EXT: https://allsaintsny.net
[2026-03-12T06:13:30.830Z]   EXT: https://allyhunt.com
[2026-03-12T06:13:30.830Z]   EXT: https://ambedkartv.org
[2026-03-12T06:13:30.830Z]   EXT: https://amchai.org
[2026-03-12T06:13:30.830Z]   EXT: https://amigranada.com
[2026-03-12T06:13:30.830Z]   EXT: https://androidgamesreviewed.com
[2026-03-12T06:13:30.830Z]   EXT: https://anoktranungfc.com
[2026-03-12T06:13:30.830Z]   EXT: https://anotherlevelsports.org
[2026-03-12T06:13:30.830Z]   EXT: https://ansarifoundation.org
[2026-03-12T06:13:30.830Z]   EXT: https://antiforums.net
[2026-03-12T06:13:30.830Z]   EXT: https://arashgooran.com
[2026-03-12T06:13:30.830Z]   EXT: https://aridlandscapes.org
[2026-03-12T06:13:30.830Z]   EXT: https://aroundindianapolis.com
[2026-03-12T06:13:30.830Z]   EXT: https://aspirewebtechnologies.com
[2026-03-12T06:13:30.831Z]   EXT: https://atesli.org
[2026-03-12T06:13:30.831Z]   EXT: https://atlntichealth.org
[2026-03-12T06:13:30.831Z]   EXT: https://augustarent.net
[2026-03-12T06:13:30.831Z]   EXT: https://automotive-consulting.org
[2026-03-12T06:13:30.831Z]   EXT: https://avocatenfrance.net
[2026-03-12T06:13:30.831Z]   EXT: https://ayacuchovirtual.com
[2026-03-12T06:13:30.831Z]   EXT: https://bairavafoundation.org
[2026-03-12T06:13:30.831Z]   EXT: https://balipestantirayap.com
[2026-03-12T06:13:30.831Z]   EXT: https://bankcert.org
[2026-03-12T06:13:30.831Z]   EXT: https://bastbellmuseum.com
[2026-03-12T06:13:30.831Z]   EXT: https://batuhanaksu.com
[2026-03-12T06:13:30.831Z]   EXT: https://beasleymusic.com
[2026-03-12T06:13:30.831Z]   EXT: https://beautyj.net
[2026-03-12T06:13:30.832Z]   EXT: https://beercanmuseum.com
[2026-03-12T06:13:30.832Z]   EXT: https://belvederepunk.com
[2026-03-12T06:13:30.832Z]   EXT: https://beritabestprofitfutures.com
[2026-03-12T06:13:30.832Z]   EXT: https://besnepal.org
[2026-03-12T06:13:30.832Z]   EXT: https://bestairriflereviews.net
[2026-03-12T06:13:30.832Z]   EXT: https://besthomerecipes.net
[2026-03-12T06:13:30.832Z]   EXT: https://bidaya.org
[2026-03-12T06:13:30.832Z]   EXT: https://bigbrobigsis.org
[2026-03-12T06:13:30.832Z]   EXT: https://bilingues.org
[2026-03-12T06:13:30.832Z]   EXT: https://bitatebit.com
[2026-03-12T06:13:30.832Z]   EXT: https://blicksecret.net
[2026-03-12T06:13:30.832Z]   EXT: https://blindmusician.net
[2026-03-12T06:13:30.832Z]   EXT: https://bluepinetech.com
[2026-03-12T06:13:30.832Z]   EXT: https://bodyboardpro.net
[2026-03-12T06:13:30.832Z]   EXT: https://bograshop.com
[2026-03-12T06:13:30.832Z]   EXT: https://boholhomeland.com
[2026-03-12T06:13:30.832Z]   EXT: https://bookmark-artikel.net
[2026-03-12T06:13:30.833Z]   EXT: https://boxofficemanagement.com
[2026-03-12T06:13:30.833Z]   EXT: https://bruchmann.net
[2026-03-12T06:13:30.833Z]   EXT: https://budgethost.org
[2026-03-12T06:13:30.833Z]   EXT: https://bulgarie-bulgaria.org
[2026-03-12T06:13:30.833Z]   EXT: https://byrneforcongress.com
[2026-03-12T06:13:30.833Z]   EXT: https://caddybelt.com
[2026-03-12T06:13:30.833Z]   EXT: https://calculateloanpro.com
[2026-03-12T06:13:30.833Z]   EXT: https://camp-palm-springs.com
[2026-03-12T06:13:30.833Z]   EXT: https://caransebes.net
[2026-03-12T06:13:30.833Z]   EXT: https://cbrasil.org
[2026-03-12T06:13:30.833Z]   EXT: https://celebritycruisesproductions.com
[2026-03-12T06:13:30.833Z]   EXT: https://celentanoorgse-x.org
[2026-03-12T06:13:30.833Z]   EXT: https://celibrity.net
[2026-03-12T06:13:30.834Z]   EXT: https://centralyearlymeetingoffriends.org
[2026-03-12T06:13:30.834Z]   EXT: https://cephalexintab.com
[2026-03-12T06:13:30.834Z]   EXT: https://cfr-arma.net
[2026-03-12T06:13:30.834Z]   EXT: https://cgf-placements.com
[2026-03-12T06:13:30.834Z]   EXT: https://chandlerfirstassembly.org
[2026-03-12T06:13:30.834Z]   EXT: https://channerorgnewblackpantherparty.org
[2026-03-12T06:13:30.834Z]   EXT: https://charterpesca.net
[2026-03-12T06:13:30.834Z]   EXT: https://cheraghdaily.org
[2026-03-12T06:13:30.834Z]   EXT: https://chesterfield-co.com
[2026-03-12T06:13:30.834Z]   EXT: https://christmasornamentsdirect.com
[2026-03-12T06:13:30.834Z]   EXT: https://cinema-therapy.com
[2026-03-12T06:13:30.835Z]   EXT: https://citrusspringsgolf.com
[2026-03-12T06:13:30.835Z]   EXT: https://clanandersonsociety.org
[2026-03-12T06:13:30.835Z]   EXT: https://classic-wine-tours.com
[2026-03-12T06:13:30.835Z]   EXT: https://cleanwaterconnections.com
[2026-03-12T06:13:30.835Z]   EXT: https://colorsofthewind.org
[2026-03-12T06:13:30.835Z]   EXT: https://communityfof.org
[2026-03-12T06:13:30.835Z]   EXT: https://computermedics.net
[2026-03-12T06:13:30.835Z]   EXT: https://congtachoivien.com
[2026-03-12T06:13:30.835Z]   EXT: https://copperstallionmedia.com
[2026-03-12T06:13:30.835Z]   EXT: https://cprclassesdetroit.net
[2026-03-12T06:13:30.835Z]   EXT: https://crazweb.com
[2026-03-12T06:13:30.835Z]   EXT: https://cre8ivecommando.com
[2026-03-12T06:13:30.836Z]   EXT: https://creativesavingsnetnusl.net
[2026-03-12T06:13:30.836Z]   EXT: https://crimewatching.com
[2026-03-12T06:13:30.836Z]   EXT: https://critesfield.com
[2026-03-12T06:13:30.836Z]   EXT: https://crownsandtiaras.org
[2026-03-12T06:13:30.836Z]   EXT: https://crucifixionbr.com
[2026-03-12T06:13:30.836Z]   EXT: https://cruise-ship-report.com
[2026-03-12T06:13:30.836Z]   EXT: https://cruisestoparadise.com
[2026-03-12T06:13:30.836Z]   EXT: https://cryptotiger.net
[2026-03-12T06:13:30.836Z]   EXT: https://cuscobienesraices.com
[2026-03-12T06:13:30.836Z]   EXT: https://cyprusmaterials.com
[2026-03-12T06:13:30.836Z]   EXT: https://daehanhapkido.org
[2026-03-12T06:13:30.836Z]   EXT: https://dalesponysocietyofamerica.org
[2026-03-12T06:13:30.836Z]   EXT: https://dankvapesonline.com
[2026-03-12T06:13:30.836Z]   EXT: https://delotrolado.net
[2026-03-12T06:13:30.836Z]   EXT: https://deniscomtois.com
[2026-03-12T06:13:30.837Z]   EXT: https://dentalandhealthusa.com
[2026-03-12T06:13:30.837Z]   EXT: https://dentalhygienistjobs.org
[2026-03-12T06:13:30.837Z]   EXT: https://designing-reports.org
[2026-03-12T06:13:30.837Z]   EXT: https://destinationilemaurice.net
[2026-03-12T06:13:30.837Z]   EXT: https://devinsplace.net
[2026-03-12T06:13:30.837Z]   EXT: https://devotioninternational.org
[2026-03-12T06:13:30.837Z]   EXT: https://diabetescaresymposium.org
[2026-03-12T06:13:30.837Z]   EXT: https://diamond-necklace.net
[2026-03-12T06:13:30.837Z]   EXT: https://diamonds-edge.com
[2026-03-12T06:13:30.837Z]   EXT: https://digital-euphoria.net
[2026-03-12T06:13:30.837Z]   EXT: https://diocesisdenezahualcoyotl.org
[2026-03-12T06:13:30.837Z]   EXT: https://directmessageorgcopperbasin.org
[2026-03-12T06:13:30.837Z]   EXT: https://discigs.com
[2026-03-12T06:13:30.837Z]   EXT: https://dixiebelt.com
[2026-03-12T06:13:30.837Z]   EXT: https://doganaccia.org
[2026-03-12T06:13:30.838Z]   EXT: https://dogmist.com
[2026-03-12T06:13:30.838Z]   EXT: https://donaldsmith.net
[2026-03-12T06:13:30.838Z]   EXT: https://doorwayarts.org
[2026-03-12T06:13:30.838Z]   EXT: https://downbeachfilmfestival.org
[2026-03-12T06:13:30.838Z]   EXT: https://doyouknowthemuffinpan.com
[2026-03-12T06:13:30.838Z]   EXT: https://dragonballforever.com
[2026-03-12T06:13:30.838Z]   EXT: https://drolissimo.com
[2026-03-12T06:13:30.838Z]   EXT: https://dtvfilter.com
[2026-03-12T06:13:30.838Z]   EXT: https://dublinestates.com
[2026-03-12T06:13:30.838Z]   EXT: https://dunamisdunamis.org
[2026-03-12T06:13:30.838Z]   EXT: https://duniatv.net
[2026-03-12T06:13:30.838Z]   EXT: https://eafjd.org
[2026-03-12T06:13:30.838Z]   EXT: https://eastsussexmusic.org
[2026-03-12T06:13:30.839Z]   EXT: https://easybroadway.com
[2026-03-12T06:13:30.839Z]   EXT: https://easyukulele.org
[2026-03-12T06:13:30.839Z]   EXT: https://ecowiseelpaso.org
[2026-03-12T06:13:30.839Z]   EXT: https://efitology.com
[2026-03-12T06:13:30.839Z]   EXT: https://egyptravels.com
[2026-03-12T06:13:30.839Z]   EXT: https://emtag.org
[2026-03-12T06:13:30.839Z]   EXT: https://endzeitzeichen.org
[2026-03-12T06:13:30.839Z]   EXT: https://enumerys.com
[2026-03-12T06:13:30.839Z]   EXT: https://epiphanyhi.org
[2026-03-12T06:13:30.839Z]   EXT: https://ereignisorgobua.org
[2026-03-12T06:13:30.839Z]   EXT: https://erotgphosting.com
[2026-03-12T06:13:30.839Z]   EXT: https://escort-london.net
[2026-03-12T06:13:30.839Z]   EXT: https://etteragreements.org
[2026-03-12T06:13:30.839Z]   EXT: https://europeabroad.org
[2026-03-12T06:13:30.839Z]   EXT: https://evergance.com
[2026-03-12T06:13:30.840Z]   EXT: https://evergreenccs.com
[2026-03-12T06:13:30.840Z]   EXT: https://excalibur-group.com
[2026-03-12T06:13:30.840Z]   EXT: https://excover.net
[2026-03-12T06:13:30.840Z]   EXT: https://exoticlifestyleclub.com
[2026-03-12T06:13:30.840Z]   EXT: https://faithandhopeministries.org
[2026-03-12T06:13:30.840Z]   EXT: https://familyapplication.net
[2026-03-12T06:13:30.840Z]   EXT: https://farmerandfleaindy.com
[2026-03-12T06:13:30.840Z]   EXT: https://fatorestilo.com
[2026-03-12T06:13:30.840Z]   EXT: https://femalepumping.org
[2026-03-12T06:13:30.840Z]   EXT: https://fermedeconrad.net
[2026-03-12T06:13:30.840Z]   EXT: https://fiatmotorclubgb.org
[2026-03-12T06:13:30.840Z]   EXT: https://filmesbrasileiros.net
[2026-03-12T06:13:30.840Z]   EXT: https://fiscalidadinternacional.org
[2026-03-12T06:13:30.840Z]   EXT: https://flightlinkaircharters.com
[2026-03-12T06:13:30.841Z]   EXT: https://foodtruckspirits.com
[2026-03-12T06:13:30.841Z]   EXT: https://forestandtradeasia.org
[2026-03-12T06:13:30.841Z]   EXT: https://foundationforlearning.org
[2026-03-12T06:13:30.841Z]   EXT: https://free-ssl.org
[2026-03-12T06:13:30.841Z]   EXT: https://freetestaccount.com
[2026-03-12T06:13:30.841Z]   EXT: https://friendsofbigfoot.org
[2026-03-12T06:13:30.841Z]   EXT: https://fun4singles.com
[2026-03-12T06:13:30.841Z]   EXT: https://fun4singles.org
[2026-03-12T06:13:30.841Z]   EXT: https://funnyoldplanet.com
[2026-03-12T06:13:30.841Z]   EXT: https://furutoshi.com
[2026-03-12T06:13:30.841Z]   EXT: https://gakublo.com
[2026-03-12T06:13:30.841Z]   EXT: https://gallerialocchio.net
[2026-03-12T06:13:30.841Z]   EXT: https://gameinterlude.com
[2026-03-12T06:13:30.841Z]   EXT: https://gameoffline.org
[2026-03-12T06:13:30.842Z]   EXT: https://gamexperience.net
[2026-03-12T06:13:30.842Z]   EXT: https://garden-wise.net
[2026-03-12T06:13:30.842Z]   EXT: https://garyhughes.org
[2026-03-12T06:13:30.842Z]   EXT: https://gazeta-standard.com
[2026-03-12T06:13:30.842Z]   EXT: https://geektechblogs.com
[2026-03-12T06:13:30.842Z]   EXT: https://geldspielautomaten.org
[2026-03-12T06:13:30.842Z]   EXT: https://gemworks.net
[2026-03-12T06:13:30.842Z]   EXT: https://geogreg.com
[2026-03-12T06:13:30.842Z]   EXT: https://getfreegoods.org
[2026-03-12T06:13:30.842Z]   EXT: https://gfsquad.com
[2026-03-12T06:13:30.842Z]   EXT: https://gina-ann.org
[2026-03-12T06:13:30.842Z]   EXT: https://glasgowscottieband.com
[2026-03-12T06:13:30.842Z]   EXT: https://gldstore.com
[2026-03-12T06:13:30.843Z]   EXT: https://glennhughesitalia.com
[2026-03-12T06:13:30.843Z]   EXT: https://goalsforamericans.org
[2026-03-12T06:13:30.843Z]   EXT: https://goodwillinn.org
[2026-03-12T06:13:30.843Z]   EXT: https://googlenewsbuzz.com
[2026-03-12T06:13:30.843Z]   EXT: https://gordosnetprime-equine.net
[2026-03-12T06:13:30.843Z]   EXT: https://gouldmemorial.org
[2026-03-12T06:13:30.843Z]   EXT: https://graeme-farrer.net
[2026-03-12T06:13:30.843Z]   EXT: https://graphicdesignetc.com
[2026-03-12T06:13:30.843Z]   EXT: https://grazaugenarzt.org
[2026-03-12T06:13:30.843Z]   EXT: https://greenslatestudio.org
[2026-03-12T06:13:30.843Z]   EXT: https://guzelturkiye.org
[2026-03-12T06:13:30.843Z]   EXT: https://gwabands.org
[2026-03-12T06:13:30.843Z]   EXT: https://hackshackersmad.com
[2026-03-12T06:13:30.843Z]   EXT: https://haileydesigns.com
[2026-03-12T06:13:30.844Z]   EXT: https://hallburton.com
[2026-03-12T06:13:30.844Z]   EXT: https://handgunclub.com
[2026-03-12T06:13:30.844Z]   EXT: https://hawkshome.net
[2026-03-12T06:13:30.844Z]   EXT: https://healthshoppearoundthecorner.net
[2026-03-12T06:13:30.844Z]   EXT: https://hearbs.com
[2026-03-12T06:13:30.844Z]   EXT: https://herbal-lifeorgcalgarymodelrailway.org
[2026-03-12T06:13:30.844Z]   EXT: https://hermeneutikafeminisme.com
[2026-03-12T06:13:30.844Z]   EXT: https://hezenparastin.net
[2026-03-12T06:13:30.844Z]   EXT: https://hillierrealestate.com
[2026-03-12T06:13:30.844Z]   EXT: https://hoppening.com
[2026-03-12T06:13:30.844Z]   EXT: https://humanrightsjourneys.com
[2026-03-12T06:13:30.844Z]   EXT: https://ibcrf.org
[2026-03-12T06:13:30.845Z]   EXT: https://ichiganpatriotguard.org
[2026-03-12T06:13:30.845Z]   EXT: https://icisip.org
[2026-03-12T06:13:30.845Z]   EXT: https://icmbrasil.org
[2026-03-12T06:13:30.845Z]   EXT: https://idesti.org
[2026-03-12T06:13:30.845Z]   EXT: https://iglesiagetsemani.org
[2026-03-12T06:13:30.845Z]   EXT: https://immersivelandscape.org
[2026-03-12T06:13:30.845Z]   EXT: https://incomesecurityforall.org
[2026-03-12T06:13:30.845Z]   EXT: https://indekshukum.org
[2026-03-12T06:13:30.845Z]   EXT: https://indyradiofm.org
[2026-03-12T06:13:30.845Z]   EXT: https://infodesarrollo.org
[2026-03-12T06:13:30.845Z]   EXT: https://innocentgirlz.com
[2026-03-12T06:13:30.845Z]   EXT: https://international-art-contest.com
[2026-03-12T06:13:30.845Z]   EXT: https://internet-hub.com
[2026-03-12T06:13:30.845Z]   EXT: https://intersexequality.org
[2026-03-12T06:13:30.846Z]   EXT: https://israelregardiefoundation.net
[2026-03-12T06:13:30.846Z]   EXT: https://itswtvr.com
[2026-03-12T06:13:30.846Z]   EXT: https://jaipurjewel.com
[2026-03-12T06:13:30.846Z]   EXT: https://jamesbarrettfarm.org
[2026-03-12T06:13:30.846Z]   EXT: https://jandjgifts.com
[2026-03-12T06:13:30.846Z]   EXT: https://jeanfrancoisrevel.net
[2026-03-12T06:13:30.846Z]   EXT: https://jolasveinarnir.net
[2026-03-12T06:13:30.846Z]   EXT: https://kalilog-residences.net
[2026-03-12T06:13:30.846Z]   EXT: https://kansascitydwiattorney.net
[2026-03-12T06:13:30.846Z]   EXT: https://kentrossi.com
[2026-03-12T06:13:30.846Z]   EXT: https://kid2o.org
[2026-03-12T06:13:30.846Z]   EXT: https://kingofbets.net
[2026-03-12T06:13:30.846Z]   EXT: https://kioskxiaomaibu.org
[2026-03-12T06:13:30.846Z]   EXT: https://knowenergysolutions.com
[2026-03-12T06:13:30.847Z]   EXT: https://komandoproductions.com
[2026-03-12T06:13:30.847Z]   EXT: https://komyoreikido.org
[2026-03-12T06:13:30.847Z]   EXT: https://kuismanencompetition.com
[2026-03-12T06:13:30.847Z]   EXT: https://labelmycd.com
[2026-03-12T06:13:30.847Z]   EXT: https://laketahoerent.net
[2026-03-12T06:13:30.847Z]   EXT: https://lamborghini-islero.com
[2026-03-12T06:13:30.847Z]   EXT: https://lampenxxl.org
[2026-03-12T06:13:30.847Z]   EXT: https://lansbrookgolf.com
[2026-03-12T06:13:30.847Z]   EXT: https://largemart.net
[2026-03-12T06:13:30.847Z]   EXT: https://larkspurstrings.com
[2026-03-12T06:13:30.847Z]   EXT: https://laurent-scalese.com
[2026-03-12T06:13:30.847Z]   EXT: https://laviniomare.net
[2026-03-12T06:13:30.847Z]   EXT: https://law-automation.com
[2026-03-12T06:13:30.848Z]   EXT: https://legacybridge.org
[2026-03-12T06:13:30.848Z]   EXT: https://leisuretimemarine.com
[2026-03-12T06:13:30.848Z]   EXT: https://lincolncountynm.org
[2026-03-12T06:13:30.848Z]   EXT: https://lineage2bot.net
[2026-03-12T06:13:30.848Z]   EXT: https://lionscampfl.org
[2026-03-12T06:13:30.848Z]   EXT: https://locial.org
[2026-03-12T06:13:30.848Z]   EXT: https://mackaybar.com
[2026-03-12T06:13:30.848Z]   EXT: https://madrazafilm.com
[2026-03-12T06:13:30.848Z]   EXT: https://makingthegoldengames.org
[2026-03-12T06:13:30.848Z]   EXT: https://managingpartner.net
[2026-03-12T06:13:30.848Z]   EXT: https://manuperezfoto.com
[2026-03-12T06:13:30.848Z]   EXT: https://market-forex.net
[2026-03-12T06:13:30.848Z]   EXT: https://marksbookmark.net
[2026-03-12T06:13:30.849Z]   EXT: https://marlajohnson.net
[2026-03-12T06:13:30.849Z]   EXT: https://mastermasonry.net
[2026-03-12T06:13:30.849Z]   EXT: https://matrixsearches.com
[2026-03-12T06:13:30.849Z]   EXT: https://mcgarrysauto.com
[2026-03-12T06:13:30.849Z]   EXT: https://medrecruitersalliance.com
[2026-03-12T06:13:30.849Z]   EXT: https://meleohana.net
[2026-03-12T06:13:30.849Z]   EXT: https://merlinlegalfoundation.org
[2026-03-12T06:13:30.849Z]   EXT: https://mesadelmar.org
[2026-03-12T06:13:30.849Z]   EXT: https://mhcollins.com
[2026-03-12T06:13:30.849Z]   EXT: https://michiganpatriotguard.org
[2026-03-12T06:13:30.849Z]   EXT: https://middleburghlibrary.org
[2026-03-12T06:13:30.849Z]   EXT: https://midwiferyworkshops.org
[2026-03-12T06:13:30.849Z]   EXT: https://mito-hollyhock.com
[2026-03-12T06:13:30.849Z]   EXT: https://mmclub.org
[2026-03-12T06:13:30.849Z]   EXT: https://mobile-monkey.org
[2026-03-12T06:13:30.850Z]   EXT: https://moebel-online.org
[2026-03-12T06:13:30.850Z]   EXT: https://mokuzen.net
[2026-03-12T06:13:30.850Z]   EXT: https://moldsway.com
[2026-03-12T06:13:30.850Z]   EXT: https://molecularbiologynews.org
[2026-03-12T06:13:30.850Z]   EXT: https://monassiettebiomapelle.org
[2026-03-12T06:13:30.850Z]   EXT: https://moonlightzoo.com
[2026-03-12T06:13:30.850Z]   EXT: https://morecoins.org
[2026-03-12T06:13:30.850Z]   EXT: https://mouassa.org
[2026-03-12T06:13:30.850Z]   EXT: https://movemento.org
[2026-03-12T06:13:30.850Z]   EXT: https://movingtargetla.com
[2026-03-12T06:13:30.850Z]   EXT: https://musetrek.com
[2026-03-12T06:13:30.850Z]   EXT: https://musicoscristianos.org
[2026-03-12T06:13:30.850Z]   EXT: https://myhealthchamp.com
[2026-03-12T06:13:30.850Z]   EXT: https://myrxcoupons.com
[2026-03-12T06:13:30.850Z]   EXT: https://naijaloving.com
[2026-03-12T06:13:30.850Z]   EXT: https://naturalinnovations.org
[2026-03-12T06:13:30.851Z]   EXT: https://naturalmales.org
[2026-03-12T06:13:30.851Z]   EXT: https://nazarethschoolng.org
[2026-03-12T06:13:30.851Z]   EXT: https://netadvantage.net
[2026-03-12T06:13:30.851Z]   EXT: https://newendeavorsbywomen.org
[2026-03-12T06:13:30.851Z]   EXT: https://newslinegroup.org
[2026-03-12T06:13:30.851Z]   EXT: https://nikesports.org
[2026-03-12T06:13:30.851Z]   EXT: https://nipmucgridiron.org
[2026-03-12T06:13:30.851Z]   EXT: https://nodelays.net
[2026-03-12T06:13:30.851Z]   EXT: https://nomoresharecropping.org
[2026-03-12T06:13:30.851Z]   EXT: https://nookamphitheater.com
[2026-03-12T06:13:30.851Z]   EXT: https://nordicskating.org
[2026-03-12T06:13:30.851Z]   EXT: https://normit.org
[2026-03-12T06:13:30.851Z]   EXT: https://northstarindependent.org
[2026-03-12T06:13:30.851Z]   EXT: https://oceanviewretreat.org
[2026-03-12T06:13:30.852Z]   EXT: https://officeofnewamericans.org
[2026-03-12T06:13:30.852Z]   EXT: https://onlineessays.org
[2026-03-12T06:13:30.852Z]   EXT: https://onlinescores.org
[2026-03-12T06:13:30.852Z]   EXT: https://operaelsalvador.com
[2026-03-12T06:13:30.852Z]   EXT: https://other-ai.org
[2026-03-12T06:13:30.852Z]   EXT: https://ouraganfm.com
[2026-03-12T06:13:30.852Z]   EXT: https://outdoorpressroom.com
[2026-03-12T06:13:30.852Z]   EXT: https://outkickcle.com
[2026-03-12T06:13:30.852Z]   EXT: https://palaciodastintas.com
[2026-03-12T06:13:30.852Z]   EXT: https://papershoponline.net
[2026-03-12T06:13:30.852Z]   EXT: https://paradiso-gutenberg.com
[2026-03-12T06:13:30.852Z]   EXT: https://pastornet.net
[2026-03-12T06:13:30.852Z]   EXT: https://patriotriders.org
[2026-03-12T06:13:30.852Z]   EXT: https://pdeama.org
[2026-03-12T06:13:30.852Z]   EXT: https://peacefulbeginnings.org
[2026-03-12T06:13:30.853Z]   EXT: https://peachtreewinds.org
[2026-03-12T06:13:30.853Z]   EXT: https://pelparktimes.org
[2026-03-12T06:13:30.853Z]   EXT: https://pembertonrotary.org
[2026-03-12T06:13:30.853Z]   EXT: https://pepix.net
[2026-03-12T06:13:30.853Z]   EXT: https://phibetasigmalouisville.org
[2026-03-12T06:13:30.853Z]   EXT: https://photojerusalem.org
[2026-03-12T06:13:30.853Z]   EXT: https://piavein.org
[2026-03-12T06:13:30.853Z]   EXT: https://planparticipant.org
[2026-03-12T06:13:30.853Z]   EXT: https://plazatheatre.org
[2026-03-12T06:13:30.853Z]   EXT: https://polyplay.org
[2026-03-12T06:13:30.853Z]   EXT: https://ponon.org
[2026-03-12T06:13:30.853Z]   EXT: https://poppiesandposiesevents.com
[2026-03-12T06:13:30.853Z]   EXT: https://portalfutebolfeminino.com
[2026-03-12T06:13:30.854Z]   EXT: https://portharbormarine.org
[2026-03-12T06:13:30.854Z]   EXT: https://ppdkulai.com
[2026-03-12T06:13:30.854Z]   EXT: https://precisionmapper.com
[2026-03-12T06:13:30.854Z]   EXT: https://preventionstore.org
[2026-03-12T06:13:30.854Z]   EXT: https://prime-equine.net
[2026-03-12T06:13:30.854Z]   EXT: https://primedeliverycompany.com
[2026-03-12T06:13:30.854Z]   EXT: https://princeofsports.com
[2026-03-12T06:13:30.854Z]   EXT: https://propershopper.net
[2026-03-12T06:13:30.854Z]   EXT: https://provoriverwatershed.org
[2026-03-12T06:13:30.854Z]   EXT: https://proyectocontinuum.com
[2026-03-12T06:13:30.854Z]   EXT: https://punaagency.com
[2026-03-12T06:13:30.854Z]   EXT: https://punjabspider.com
[2026-03-12T06:13:30.854Z]   EXT: https://qigong-palm.com
[2026-03-12T06:13:30.855Z]   EXT: https://quantumexperience.org
[2026-03-12T06:13:30.855Z]   EXT: https://quiltofdemand.org
[2026-03-12T06:13:30.855Z]   EXT: https://rainbowearth.org
[2026-03-12T06:13:30.855Z]   EXT: https://rappymcrapperson.com
[2026-03-12T06:13:30.855Z]   EXT: https://readworcks.org
[2026-03-12T06:13:30.855Z]   EXT: https://readyforred.org
[2026-03-12T06:13:30.855Z]   EXT: https://realforrent.com
[2026-03-12T06:13:30.855Z]   EXT: https://rebeccapremier.com
[2026-03-12T06:13:30.855Z]   EXT: https://reconquistaregional.com
[2026-03-12T06:13:30.855Z]   EXT: https://reisemobilist.com
[2026-03-12T06:13:30.855Z]   EXT: https://releasenotes.org
[2026-03-12T06:13:30.855Z]   EXT: https://rencontrecelibataire.net
[2026-03-12T06:13:30.855Z]   EXT: https://replayradio.org
[2026-03-12T06:13:30.856Z]   EXT: https://reportdome.com
[2026-03-12T06:13:30.856Z]   EXT: https://restinpress.com
[2026-03-12T06:13:30.856Z]   EXT: https://ridingshotgun.org
[2026-03-12T06:13:30.856Z]   EXT: https://romanticnightmare.net
[2026-03-12T06:13:30.856Z]   EXT: https://ronchampion.net
[2026-03-12T06:13:30.856Z]   EXT: https://rosenbaumranch.com
[2026-03-12T06:13:30.856Z]   EXT: https://salonviettung.com
[2026-03-12T06:13:30.856Z]   EXT: https://samuraichimp.com
[2026-03-12T06:13:30.856Z]   EXT: https://scarsofchaos.com
[2026-03-12T06:13:30.856Z]   EXT: https://schreibservice.net
[2026-03-12T06:13:30.856Z]   EXT: https://searchyourpartner.com
[2026-03-12T06:13:30.856Z]   EXT: https://seattlekannadasangha.org
[2026-03-12T06:13:30.856Z]   EXT: https://second-sun.net
[2026-03-12T06:13:30.856Z]   EXT: https://serwisfinansowy.net
[2026-03-12T06:13:30.856Z]   EXT: https://seterecords.com
[2026-03-12T06:13:30.857Z]   EXT: https://sfyr.org
[2026-03-12T06:13:30.857Z]   EXT: https://sgfmark.net
[2026-03-12T06:13:30.857Z]   EXT: https://sgi-lafriendshipcenter.org
[2026-03-12T06:13:30.857Z]   EXT: https://shoutoutny.com
[2026-03-12T06:13:30.857Z]   EXT: https://signupinc.com
[2026-03-12T06:13:30.857Z]   EXT: https://simchattorah.org
[2026-03-12T06:13:30.857Z]   EXT: https://sirexusa.com
[2026-03-12T06:13:30.857Z]   EXT: https://sleeknaija.com
[2026-03-12T06:13:30.857Z]   EXT: https://smaragdakis.net
[2026-03-12T06:13:30.857Z]   EXT: https://sobralasolas.org
[2026-03-12T06:13:30.857Z]   EXT: https://socserv.org
[2026-03-12T06:13:30.857Z]   EXT: https://sophianoa.org
[2026-03-12T06:13:30.857Z]   EXT: https://soul-anime.org
[2026-03-12T06:13:30.857Z]   EXT: https://soundcircle.org
[2026-03-12T06:13:30.857Z]   EXT: https://soundpainters.org
[2026-03-12T06:13:30.857Z]   EXT: https://southdoc.net
[2026-03-12T06:13:30.858Z]   EXT: https://sportscar-official.com
[2026-03-12T06:13:30.858Z]   EXT: https://starlightelegance.com
[2026-03-12T06:13:30.858Z]   EXT: https://steinvalfilms.com
[2026-03-12T06:13:30.858Z]   EXT: https://stjohnsns.org
[2026-03-12T06:13:30.858Z]   EXT: https://stjosephisland.net
[2026-03-12T06:13:30.858Z]   EXT: https://stocksgold.net
[2026-03-12T06:13:30.858Z]   EXT: https://storkncradle.com
[2026-03-12T06:13:30.858Z]   EXT: https://stormlakemarket.com
[2026-03-12T06:13:30.858Z]   EXT: https://stpaulparks.com
[2026-03-12T06:13:30.858Z]   EXT: https://streetpianos.org
[2026-03-12T06:13:30.858Z]   EXT: https://structuredcapitalgroup.com
[2026-03-12T06:13:30.858Z]   EXT: https://studentsforglobaljustice.org
[2026-03-12T06:13:30.858Z]   EXT: https://studymagic.net
[2026-03-12T06:13:30.858Z]   EXT: https://subiraclassic.com
[2026-03-12T06:13:30.858Z]   EXT: https://submissionuk.org
[2026-03-12T06:13:30.858Z]   EXT: https://sumadijskarakija.org
[2026-03-12T06:13:30.859Z]   EXT: https://sundanceschool.org
[2026-03-12T06:13:30.859Z]   EXT: https://suttonlawoffice.org
[2026-03-12T06:13:30.859Z]   EXT: https://swmcborgbethelbibleinstitute.org
[2026-03-12T06:13:30.859Z]   EXT: https://synthroidtabs.com
[2026-03-12T06:13:30.859Z]   EXT: https://t2net.org
[2026-03-12T06:13:30.859Z]   EXT: https://tabardtheater.org
[2026-03-12T06:13:30.859Z]   EXT: https://teamblackoutneton-eagles-wings.net
[2026-03-12T06:13:30.859Z]   EXT: https://teampod.org
[2026-03-12T06:13:30.859Z]   EXT: https://technoerotica.net
[2026-03-12T06:13:30.859Z]   EXT: https://technorenewable.com
[2026-03-12T06:13:30.860Z]   EXT: https://telextreme.com
[2026-03-12T06:13:30.860Z]   EXT: https://thatnollywoodblog.com
[2026-03-12T06:13:30.860Z]   EXT: https://thedarkhaus.com
[2026-03-12T06:13:30.860Z]   EXT: https://thehighlandsbank.net
[2026-03-12T06:13:30.860Z]   EXT: https://themetronewsng.com
[2026-03-12T06:13:30.860Z]   EXT: https://thestarmobile.com
[2026-03-12T06:13:30.860Z]   EXT: https://thestorez.com
[2026-03-12T06:13:30.860Z]   EXT: https://thetahealing-deutschland.org
[2026-03-12T06:13:30.861Z]   EXT: https://theworkoutcompany.net
[2026-03-12T06:13:30.861Z]   EXT: https://toledorent.net
[2026-03-12T06:13:30.861Z]   EXT: https://top-tennis-training.org
[2026-03-12T06:13:30.861Z]   EXT: https://topshelfsports.org
[2026-03-12T06:13:30.861Z]   EXT: https://toptenselection.com
[2026-03-12T06:13:30.861Z]   EXT: https://torrent-best.net
[2026-03-12T06:13:30.861Z]   EXT: https://torretitanium.com
[2026-03-12T06:13:30.861Z]   EXT: https://tostreet.com
[2026-03-12T06:13:30.861Z]   EXT: https://travelresourcehub.com
[2026-03-12T06:13:30.861Z]   EXT: https://trippypictures.com
[2026-03-12T06:13:30.861Z]   EXT: https://truevinebooks.com
[2026-03-12T06:13:30.861Z]   EXT: https://tunisarte.net
[2026-03-12T06:13:30.861Z]   EXT: https://turismoeuropeo.net
[2026-03-12T06:13:30.861Z]   EXT: https://turismoeuropeonetcenturymgmt.net
[2026-03-12T06:13:30.862Z]   EXT: https://turismofluviale.net
[2026-03-12T06:13:30.862Z]   EXT: https://turkcemirc.net
[2026-03-12T06:13:30.862Z]   EXT: https://turningpoint2.com
[2026-03-12T06:13:30.862Z]   EXT: https://twickenham-regatta.org
[2026-03-12T06:13:30.862Z]   EXT: https://u2j.org
[2026-03-12T06:13:30.862Z]   EXT: https://ubasani.org
[2026-03-12T06:13:30.862Z]   EXT: https://ucctampabay.org
[2026-03-12T06:13:30.862Z]   EXT: https://ulyssesfoundation.org
[2026-03-12T06:13:30.862Z]   EXT: https://unibay.net
[2026-03-12T06:13:30.862Z]   EXT: https://usbmorissa.org
[2026-03-12T06:13:30.862Z]   EXT: https://valeriefox.net
[2026-03-12T06:13:30.862Z]   EXT: https://veritatissplendor.org
[2026-03-12T06:13:30.862Z]   EXT: https://vwscolumbus.org
[2026-03-12T06:13:30.862Z]   EXT: https://wealthandmoney.net
[2026-03-12T06:13:30.863Z]   EXT: https://webbooks.net
[2026-03-12T06:13:30.863Z]   EXT: https://webmessenger.net
[2026-03-12T06:13:30.863Z]   EXT: https://websitesmadesimple.org
[2026-03-12T06:13:30.863Z]   EXT: https://websterdictionary.net
[2026-03-12T06:13:30.863Z]   EXT: https://weightup.net
[2026-03-12T06:13:30.863Z]   EXT: https://weirdwebzine.com
[2026-03-12T06:13:30.863Z]   EXT: https://wfmc-toronto.org
[2026-03-12T06:13:30.863Z]   EXT: https://win-time.com
[2026-03-12T06:13:30.863Z]   EXT: https://windhamtownship.org
[2026-03-12T06:13:30.863Z]   EXT: https://wkucanada.com
[2026-03-12T06:13:30.863Z]   EXT: https://woodwardcorridorinitiative.org
[2026-03-12T06:13:30.864Z]   EXT: https://wrestlesearch.com
[2026-03-12T06:13:30.864Z]   EXT: https://www.google.com/maps
[2026-03-12T06:13:30.864Z]   EXT: https://www.shumwayappliance.com/brands
[2026-03-12T06:13:30.864Z]   EXT: https://wwwmissionhealth.org
[2026-03-12T06:13:30.864Z]   EXT: https://yacointernational.org
[2026-03-12T06:13:30.864Z]   EXT: https://yeshivauniversity.org
[2026-03-12T06:13:30.864Z]   EXT: https://yourbestie.net
[2026-03-12T06:13:30.864Z]   EXT: https://youthub.net
[2026-03-12T06:13:30.864Z]   EXT: https://youtubemonster.com
[2026-03-12T06:13:30.864Z]   EXT: https://yvreview.com
[2026-03-12T06:13:30.864Z]   EXT: https://zoo-vids.com
[2026-03-12T06:13:30.864Z] ── Step 1: Programmatic categorization ──
[2026-03-12T06:13:30.865Z]   UNCATEGORIZED: https://abortionlaw.org
[2026-03-12T06:13:30.865Z]   UNCATEGORIZED: https://actnowinvestments.com
[2026-03-12T06:13:30.865Z]   UNCATEGORIZED: https://adicat.net
[2026-03-12T06:13:30.865Z]   UNCATEGORIZED: https://advisortravelguide.com
[2026-03-12T06:13:30.865Z]   UNCATEGORIZED: https://ajirazetu.net
[2026-03-12T06:13:30.865Z]   UNCATEGORIZED: https://akprosports.com
[2026-03-12T06:13:30.865Z]   UNCATEGORIZED: https://aliceholtraces.org
[2026-03-12T06:13:30.865Z]   UNCATEGORIZED: https://aliceinoxford.net
[2026-03-12T06:13:30.865Z]   UNCATEGORIZED: https://allidoislisten.com
[2026-03-12T06:13:30.865Z]   UNCATEGORIZED: https://allmybookings.net
[2026-03-12T06:13:30.865Z]   UNCATEGORIZED: https://allotments.org
[2026-03-12T06:13:30.866Z]   UNCATEGORIZED: https://allsaintsny.net
[2026-03-12T06:13:30.866Z]   UNCATEGORIZED: https://allyhunt.com
[2026-03-12T06:13:30.866Z]   UNCATEGORIZED: https://ambedkartv.org
[2026-03-12T06:13:30.866Z]   UNCATEGORIZED: https://amchai.org
[2026-03-12T06:13:30.866Z]   UNCATEGORIZED: https://amigranada.com
[2026-03-12T06:13:30.866Z]   UNCATEGORIZED: https://androidgamesreviewed.com
[2026-03-12T06:13:30.866Z]   UNCATEGORIZED: https://anoktranungfc.com
[2026-03-12T06:13:30.866Z]   UNCATEGORIZED: https://anotherlevelsports.org
[2026-03-12T06:13:30.866Z]   UNCATEGORIZED: https://ansarifoundation.org
[2026-03-12T06:13:30.866Z]   UNCATEGORIZED: https://antiforums.net
[2026-03-12T06:13:30.866Z]   UNCATEGORIZED: https://arashgooran.com
[2026-03-12T06:13:30.867Z]   UNCATEGORIZED: https://aridlandscapes.org
[2026-03-12T06:13:30.867Z]   UNCATEGORIZED: https://aroundindianapolis.com
[2026-03-12T06:13:30.867Z]   UNCATEGORIZED: https://aspirewebtechnologies.com
[2026-03-12T06:13:30.867Z]   UNCATEGORIZED: https://atesli.org
[2026-03-12T06:13:30.867Z]   UNCATEGORIZED: https://atlntichealth.org
[2026-03-12T06:13:30.867Z]   UNCATEGORIZED: https://augustarent.net
[2026-03-12T06:13:30.867Z]   UNCATEGORIZED: https://automotive-consulting.org
[2026-03-12T06:13:30.867Z]   UNCATEGORIZED: https://avocatenfrance.net
[2026-03-12T06:13:30.867Z]   UNCATEGORIZED: https://ayacuchovirtual.com
[2026-03-12T06:13:30.867Z]   UNCATEGORIZED: https://bairavafoundation.org
[2026-03-12T06:13:30.867Z]   UNCATEGORIZED: https://balipestantirayap.com
[2026-03-12T06:13:30.868Z]   UNCATEGORIZED: https://bankcert.org
[2026-03-12T06:13:30.868Z]   UNCATEGORIZED: https://bastbellmuseum.com
[2026-03-12T06:13:30.868Z]   UNCATEGORIZED: https://batuhanaksu.com
[2026-03-12T06:13:30.868Z]   UNCATEGORIZED: https://beasleymusic.com
[2026-03-12T06:13:30.868Z]   UNCATEGORIZED: https://beautyj.net
[2026-03-12T06:13:30.868Z]   UNCATEGORIZED: https://beercanmuseum.com
[2026-03-12T06:13:30.868Z]   UNCATEGORIZED: https://belvederepunk.com
[2026-03-12T06:13:30.868Z]   UNCATEGORIZED: https://beritabestprofitfutures.com
[2026-03-12T06:13:30.868Z]   UNCATEGORIZED: https://besnepal.org
[2026-03-12T06:13:30.868Z]   UNCATEGORIZED: https://bestairriflereviews.net
[2026-03-12T06:13:30.868Z]   UNCATEGORIZED: https://besthomerecipes.net
[2026-03-12T06:13:30.869Z]   UNCATEGORIZED: https://bidaya.org
[2026-03-12T06:13:30.869Z]   UNCATEGORIZED: https://bigbrobigsis.org
[2026-03-12T06:13:30.869Z]   UNCATEGORIZED: https://bilingues.org
[2026-03-12T06:13:30.869Z]   UNCATEGORIZED: https://bitatebit.com
[2026-03-12T06:13:30.869Z]   UNCATEGORIZED: https://blicksecret.net
[2026-03-12T06:13:30.869Z]   UNCATEGORIZED: https://blindmusician.net
[2026-03-12T06:13:30.869Z]   UNCATEGORIZED: https://bluepinetech.com
[2026-03-12T06:13:30.869Z]   UNCATEGORIZED: https://bodyboardpro.net
[2026-03-12T06:13:30.869Z]   UNCATEGORIZED: https://bograshop.com
[2026-03-12T06:13:30.869Z]   UNCATEGORIZED: https://boholhomeland.com
[2026-03-12T06:13:30.870Z]   UNCATEGORIZED: https://bookmark-artikel.net
[2026-03-12T06:13:30.870Z]   UNCATEGORIZED: https://boxofficemanagement.com
[2026-03-12T06:13:30.870Z]   UNCATEGORIZED: https://bruchmann.net
[2026-03-12T06:13:30.870Z]   UNCATEGORIZED: https://budgethost.org
[2026-03-12T06:13:30.870Z]   UNCATEGORIZED: https://bulgarie-bulgaria.org
[2026-03-12T06:13:30.870Z]   UNCATEGORIZED: https://byrneforcongress.com
[2026-03-12T06:13:30.870Z]   UNCATEGORIZED: https://caddybelt.com
[2026-03-12T06:13:30.870Z]   UNCATEGORIZED: https://calculateloanpro.com
[2026-03-12T06:13:30.870Z]   UNCATEGORIZED: https://camp-palm-springs.com
[2026-03-12T06:13:30.870Z]   UNCATEGORIZED: https://caransebes.net
[2026-03-12T06:13:30.871Z]   UNCATEGORIZED: https://cbrasil.org
[2026-03-12T06:13:30.871Z]   UNCATEGORIZED: https://celebritycruisesproductions.com
[2026-03-12T06:13:30.871Z]   UNCATEGORIZED: https://celentanoorgse-x.org
[2026-03-12T06:13:30.871Z]   UNCATEGORIZED: https://celibrity.net
[2026-03-12T06:13:30.871Z]   UNCATEGORIZED: https://centralyearlymeetingoffriends.org
[2026-03-12T06:13:30.871Z]   UNCATEGORIZED: https://cephalexintab.com
[2026-03-12T06:13:30.871Z]   UNCATEGORIZED: https://cfr-arma.net
[2026-03-12T06:13:30.871Z]   UNCATEGORIZED: https://cgf-placements.com
[2026-03-12T06:13:30.871Z]   UNCATEGORIZED: https://chandlerfirstassembly.org
[2026-03-12T06:13:30.871Z]   UNCATEGORIZED: https://channerorgnewblackpantherparty.org
[2026-03-12T06:13:30.871Z]   UNCATEGORIZED: https://charterpesca.net
[2026-03-12T06:13:30.872Z]   UNCATEGORIZED: https://cheraghdaily.org
[2026-03-12T06:13:30.872Z]   UNCATEGORIZED: https://chesterfield-co.com
[2026-03-12T06:13:30.872Z]   UNCATEGORIZED: https://christmasornamentsdirect.com
[2026-03-12T06:13:30.872Z]   UNCATEGORIZED: https://cinema-therapy.com
[2026-03-12T06:13:30.872Z]   UNCATEGORIZED: https://citrusspringsgolf.com
[2026-03-12T06:13:30.872Z]   UNCATEGORIZED: https://clanandersonsociety.org
[2026-03-12T06:13:30.872Z]   UNCATEGORIZED: https://classic-wine-tours.com
[2026-03-12T06:13:30.872Z]   UNCATEGORIZED: https://cleanwaterconnections.com
[2026-03-12T06:13:30.872Z]   UNCATEGORIZED: https://colorsofthewind.org
[2026-03-12T06:13:30.872Z]   UNCATEGORIZED: https://communityfof.org
[2026-03-12T06:13:30.872Z]   UNCATEGORIZED: https://computermedics.net
[2026-03-12T06:13:30.873Z]   UNCATEGORIZED: https://congtachoivien.com
[2026-03-12T06:13:30.873Z]   UNCATEGORIZED: https://copperstallionmedia.com
[2026-03-12T06:13:30.873Z]   UNCATEGORIZED: https://cprclassesdetroit.net
[2026-03-12T06:13:30.873Z]   UNCATEGORIZED: https://crazweb.com
[2026-03-12T06:13:30.873Z]   UNCATEGORIZED: https://cre8ivecommando.com
[2026-03-12T06:13:30.873Z]   UNCATEGORIZED: https://creativesavingsnetnusl.net
[2026-03-12T06:13:30.873Z]   UNCATEGORIZED: https://crimewatching.com
[2026-03-12T06:13:30.873Z]   UNCATEGORIZED: https://critesfield.com
[2026-03-12T06:13:30.873Z]   UNCATEGORIZED: https://crownsandtiaras.org
[2026-03-12T06:13:30.874Z]   UNCATEGORIZED: https://crucifixionbr.com
[2026-03-12T06:13:30.874Z]   UNCATEGORIZED: https://cruise-ship-report.com
[2026-03-12T06:13:30.874Z]   UNCATEGORIZED: https://cruisestoparadise.com
[2026-03-12T06:13:30.874Z]   UNCATEGORIZED: https://cryptotiger.net
[2026-03-12T06:13:30.874Z]   UNCATEGORIZED: https://cuscobienesraices.com
[2026-03-12T06:13:30.874Z]   UNCATEGORIZED: https://cyprusmaterials.com
[2026-03-12T06:13:30.874Z]   UNCATEGORIZED: https://daehanhapkido.org
[2026-03-12T06:13:30.874Z]   UNCATEGORIZED: https://dalesponysocietyofamerica.org
[2026-03-12T06:13:30.874Z]   UNCATEGORIZED: https://dankvapesonline.com
[2026-03-12T06:13:30.874Z]   UNCATEGORIZED: https://delotrolado.net
[2026-03-12T06:13:30.874Z]   UNCATEGORIZED: https://deniscomtois.com
[2026-03-12T06:13:30.875Z]   UNCATEGORIZED: https://dentalandhealthusa.com
[2026-03-12T06:13:30.875Z]   UNCATEGORIZED: https://dentalhygienistjobs.org
[2026-03-12T06:13:30.875Z]   UNCATEGORIZED: https://designing-reports.org
[2026-03-12T06:13:30.875Z]   UNCATEGORIZED: https://destinationilemaurice.net
[2026-03-12T06:13:30.875Z]   UNCATEGORIZED: https://devinsplace.net
[2026-03-12T06:13:30.875Z]   UNCATEGORIZED: https://devotioninternational.org
[2026-03-12T06:13:30.875Z]   UNCATEGORIZED: https://diabetescaresymposium.org
[2026-03-12T06:13:30.875Z]   UNCATEGORIZED: https://diamond-necklace.net
[2026-03-12T06:13:30.875Z]   UNCATEGORIZED: https://diamonds-edge.com
[2026-03-12T06:13:30.875Z]   UNCATEGORIZED: https://digital-euphoria.net
[2026-03-12T06:13:30.875Z]   UNCATEGORIZED: https://diocesisdenezahualcoyotl.org
[2026-03-12T06:13:30.876Z]   UNCATEGORIZED: https://directmessageorgcopperbasin.org
[2026-03-12T06:13:30.876Z]   UNCATEGORIZED: https://discigs.com
[2026-03-12T06:13:30.876Z]   UNCATEGORIZED: https://dixiebelt.com
[2026-03-12T06:13:30.876Z]   UNCATEGORIZED: https://doganaccia.org
[2026-03-12T06:13:30.876Z]   UNCATEGORIZED: https://dogmist.com
[2026-03-12T06:13:30.876Z]   UNCATEGORIZED: https://donaldsmith.net
[2026-03-12T06:13:30.876Z]   UNCATEGORIZED: https://doorwayarts.org
[2026-03-12T06:13:30.876Z]   UNCATEGORIZED: https://downbeachfilmfestival.org
[2026-03-12T06:13:30.876Z]   UNCATEGORIZED: https://doyouknowthemuffinpan.com
[2026-03-12T06:13:30.877Z]   UNCATEGORIZED: https://dragonballforever.com
[2026-03-12T06:13:30.877Z]   UNCATEGORIZED: https://drolissimo.com
[2026-03-12T06:13:30.877Z]   UNCATEGORIZED: https://dtvfilter.com
[2026-03-12T06:13:30.877Z]   UNCATEGORIZED: https://dublinestates.com
[2026-03-12T06:13:30.877Z]   UNCATEGORIZED: https://dunamisdunamis.org
[2026-03-12T06:13:30.877Z]   UNCATEGORIZED: https://duniatv.net
[2026-03-12T06:13:30.877Z]   UNCATEGORIZED: https://eafjd.org
[2026-03-12T06:13:30.877Z]   UNCATEGORIZED: https://eastsussexmusic.org
[2026-03-12T06:13:30.877Z]   UNCATEGORIZED: https://easybroadway.com
[2026-03-12T06:13:30.877Z]   UNCATEGORIZED: https://easyukulele.org
[2026-03-12T06:13:30.878Z]   UNCATEGORIZED: https://ecowiseelpaso.org
[2026-03-12T06:13:30.878Z]   UNCATEGORIZED: https://efitology.com
[2026-03-12T06:13:30.878Z]   UNCATEGORIZED: https://egyptravels.com
[2026-03-12T06:13:30.878Z]   UNCATEGORIZED: https://emtag.org
[2026-03-12T06:13:30.878Z]   UNCATEGORIZED: https://endzeitzeichen.org
[2026-03-12T06:13:30.878Z]   UNCATEGORIZED: https://enumerys.com
[2026-03-12T06:13:30.878Z]   UNCATEGORIZED: https://epiphanyhi.org
[2026-03-12T06:13:30.878Z]   UNCATEGORIZED: https://ereignisorgobua.org
[2026-03-12T06:13:30.878Z]   UNCATEGORIZED: https://erotgphosting.com
[2026-03-12T06:13:30.878Z]   UNCATEGORIZED: https://escort-london.net
[2026-03-12T06:13:30.878Z]   UNCATEGORIZED: https://etteragreements.org
[2026-03-12T06:13:30.879Z]   UNCATEGORIZED: https://europeabroad.org
[2026-03-12T06:13:30.879Z]   UNCATEGORIZED: https://evergance.com
[2026-03-12T06:13:30.879Z]   UNCATEGORIZED: https://evergreenccs.com
[2026-03-12T06:13:30.879Z]   UNCATEGORIZED: https://excalibur-group.com
[2026-03-12T06:13:30.879Z]   UNCATEGORIZED: https://excover.net
[2026-03-12T06:13:30.879Z]   UNCATEGORIZED: https://exoticlifestyleclub.com
[2026-03-12T06:13:30.879Z]   UNCATEGORIZED: https://faithandhopeministries.org
[2026-03-12T06:13:30.879Z]   UNCATEGORIZED: https://familyapplication.net
[2026-03-12T06:13:30.879Z]   UNCATEGORIZED: https://farmerandfleaindy.com
[2026-03-12T06:13:30.879Z]   UNCATEGORIZED: https://fatorestilo.com
[2026-03-12T06:13:30.880Z]   UNCATEGORIZED: https://femalepumping.org
[2026-03-12T06:13:30.880Z]   UNCATEGORIZED: https://fermedeconrad.net
[2026-03-12T06:13:30.880Z]   UNCATEGORIZED: https://fiatmotorclubgb.org
[2026-03-12T06:13:30.880Z]   UNCATEGORIZED: https://filmesbrasileiros.net
[2026-03-12T06:13:30.880Z]   UNCATEGORIZED: https://fiscalidadinternacional.org
[2026-03-12T06:13:30.880Z]   UNCATEGORIZED: https://flightlinkaircharters.com
[2026-03-12T06:13:30.880Z]   UNCATEGORIZED: https://foodtruckspirits.com
[2026-03-12T06:13:30.880Z]   UNCATEGORIZED: https://forestandtradeasia.org
[2026-03-12T06:13:30.880Z]   UNCATEGORIZED: https://foundationforlearning.org
[2026-03-12T06:13:30.881Z]   UNCATEGORIZED: https://free-ssl.org
[2026-03-12T06:13:30.881Z]   UNCATEGORIZED: https://freetestaccount.com
[2026-03-12T06:13:30.881Z]   UNCATEGORIZED: https://friendsofbigfoot.org
[2026-03-12T06:13:30.881Z]   UNCATEGORIZED: https://fun4singles.com
[2026-03-12T06:13:30.881Z]   UNCATEGORIZED: https://fun4singles.org
[2026-03-12T06:13:30.881Z]   UNCATEGORIZED: https://funnyoldplanet.com
[2026-03-12T06:13:30.881Z]   UNCATEGORIZED: https://furutoshi.com
[2026-03-12T06:13:30.881Z]   UNCATEGORIZED: https://gakublo.com
[2026-03-12T06:13:30.881Z]   UNCATEGORIZED: https://gallerialocchio.net
[2026-03-12T06:13:30.882Z]   UNCATEGORIZED: https://gameinterlude.com
[2026-03-12T06:13:30.882Z]   UNCATEGORIZED: https://gameoffline.org
[2026-03-12T06:13:30.882Z]   UNCATEGORIZED: https://gamexperience.net
[2026-03-12T06:13:30.882Z]   UNCATEGORIZED: https://garden-wise.net
[2026-03-12T06:13:30.882Z]   UNCATEGORIZED: https://garyhughes.org
[2026-03-12T06:13:30.882Z]   UNCATEGORIZED: https://gazeta-standard.com
[2026-03-12T06:13:30.882Z]   UNCATEGORIZED: https://geektechblogs.com
[2026-03-12T06:13:30.882Z]   UNCATEGORIZED: https://geldspielautomaten.org
[2026-03-12T06:13:30.882Z]   UNCATEGORIZED: https://gemworks.net
[2026-03-12T06:13:30.883Z]   UNCATEGORIZED: https://geogreg.com
[2026-03-12T06:13:30.883Z]   UNCATEGORIZED: https://getfreegoods.org
[2026-03-12T06:13:30.883Z]   UNCATEGORIZED: https://gfsquad.com
[2026-03-12T06:13:30.883Z]   UNCATEGORIZED: https://gina-ann.org
[2026-03-12T06:13:30.883Z]   UNCATEGORIZED: https://glasgowscottieband.com
[2026-03-12T06:13:30.883Z]   UNCATEGORIZED: https://gldstore.com
[2026-03-12T06:13:30.883Z]   UNCATEGORIZED: https://glennhughesitalia.com
[2026-03-12T06:13:30.883Z]   UNCATEGORIZED: https://goalsforamericans.org
[2026-03-12T06:13:30.883Z]   UNCATEGORIZED: https://goodwillinn.org
[2026-03-12T06:13:30.883Z]   UNCATEGORIZED: https://googlenewsbuzz.com
[2026-03-12T06:13:30.883Z]   UNCATEGORIZED: https://gordosnetprime-equine.net
[2026-03-12T06:13:30.884Z]   UNCATEGORIZED: https://gouldmemorial.org
[2026-03-12T06:13:30.884Z]   UNCATEGORIZED: https://graeme-farrer.net
[2026-03-12T06:13:30.884Z]   UNCATEGORIZED: https://graphicdesignetc.com
[2026-03-12T06:13:30.884Z]   UNCATEGORIZED: https://grazaugenarzt.org
[2026-03-12T06:13:30.884Z]   UNCATEGORIZED: https://greenslatestudio.org
[2026-03-12T06:13:30.884Z]   UNCATEGORIZED: https://guzelturkiye.org
[2026-03-12T06:13:30.884Z]   UNCATEGORIZED: https://gwabands.org
[2026-03-12T06:13:30.884Z]   UNCATEGORIZED: https://hackshackersmad.com
[2026-03-12T06:13:30.884Z]   UNCATEGORIZED: https://haileydesigns.com
[2026-03-12T06:13:30.884Z]   UNCATEGORIZED: https://hallburton.com
[2026-03-12T06:13:30.884Z]   UNCATEGORIZED: https://handgunclub.com
[2026-03-12T06:13:30.885Z]   UNCATEGORIZED: https://hawkshome.net
[2026-03-12T06:13:30.885Z]   UNCATEGORIZED: https://healthshoppearoundthecorner.net
[2026-03-12T06:13:30.885Z]   UNCATEGORIZED: https://hearbs.com
[2026-03-12T06:13:30.885Z]   UNCATEGORIZED: https://herbal-lifeorgcalgarymodelrailway.org
[2026-03-12T06:13:30.885Z]   UNCATEGORIZED: https://hermeneutikafeminisme.com
[2026-03-12T06:13:30.885Z]   UNCATEGORIZED: https://hezenparastin.net
[2026-03-12T06:13:30.885Z]   UNCATEGORIZED: https://hillierrealestate.com
[2026-03-12T06:13:30.885Z]   UNCATEGORIZED: https://hoppening.com
[2026-03-12T06:13:30.886Z]   UNCATEGORIZED: https://humanrightsjourneys.com
[2026-03-12T06:13:30.886Z]   UNCATEGORIZED: https://ibcrf.org
[2026-03-12T06:13:30.886Z]   UNCATEGORIZED: https://ichiganpatriotguard.org
[2026-03-12T06:13:30.886Z]   UNCATEGORIZED: https://icisip.org
[2026-03-12T06:13:30.886Z]   UNCATEGORIZED: https://icmbrasil.org
[2026-03-12T06:13:30.886Z]   UNCATEGORIZED: https://idesti.org
[2026-03-12T06:13:30.886Z]   UNCATEGORIZED: https://iglesiagetsemani.org
[2026-03-12T06:13:30.886Z]   UNCATEGORIZED: https://immersivelandscape.org
[2026-03-12T06:13:30.886Z]   UNCATEGORIZED: https://incomesecurityforall.org
[2026-03-12T06:13:30.886Z]   UNCATEGORIZED: https://indekshukum.org
[2026-03-12T06:13:30.887Z]   UNCATEGORIZED: https://indyradiofm.org
[2026-03-12T06:13:30.887Z]   UNCATEGORIZED: https://infodesarrollo.org
[2026-03-12T06:13:30.887Z]   UNCATEGORIZED: https://innocentgirlz.com
[2026-03-12T06:13:30.887Z]   UNCATEGORIZED: https://international-art-contest.com
[2026-03-12T06:13:30.887Z]   UNCATEGORIZED: https://internet-hub.com
[2026-03-12T06:13:30.887Z]   UNCATEGORIZED: https://intersexequality.org
[2026-03-12T06:13:30.887Z]   UNCATEGORIZED: https://israelregardiefoundation.net
[2026-03-12T06:13:30.887Z]   UNCATEGORIZED: https://itswtvr.com
[2026-03-12T06:13:30.887Z]   UNCATEGORIZED: https://jaipurjewel.com
[2026-03-12T06:13:30.887Z]   UNCATEGORIZED: https://jamesbarrettfarm.org
[2026-03-12T06:13:30.888Z]   UNCATEGORIZED: https://jandjgifts.com
[2026-03-12T06:13:30.888Z]   UNCATEGORIZED: https://jeanfrancoisrevel.net
[2026-03-12T06:13:30.888Z]   UNCATEGORIZED: https://jolasveinarnir.net
[2026-03-12T06:13:30.888Z]   UNCATEGORIZED: https://kalilog-residences.net
[2026-03-12T06:13:30.888Z]   UNCATEGORIZED: https://kansascitydwiattorney.net
[2026-03-12T06:13:30.889Z]   UNCATEGORIZED: https://kentrossi.com
[2026-03-12T06:13:30.889Z]   UNCATEGORIZED: https://kid2o.org
[2026-03-12T06:13:30.889Z]   UNCATEGORIZED: https://kingofbets.net
[2026-03-12T06:13:30.889Z]   UNCATEGORIZED: https://kioskxiaomaibu.org
[2026-03-12T06:13:30.889Z]   UNCATEGORIZED: https://knowenergysolutions.com
[2026-03-12T06:13:30.889Z]   UNCATEGORIZED: https://komandoproductions.com
[2026-03-12T06:13:30.889Z]   UNCATEGORIZED: https://komyoreikido.org
[2026-03-12T06:13:30.889Z]   UNCATEGORIZED: https://kuismanencompetition.com
[2026-03-12T06:13:30.889Z]   UNCATEGORIZED: https://labelmycd.com
[2026-03-12T06:13:30.889Z]   UNCATEGORIZED: https://laketahoerent.net
[2026-03-12T06:13:30.890Z]   UNCATEGORIZED: https://lamborghini-islero.com
[2026-03-12T06:13:30.890Z]   UNCATEGORIZED: https://lampenxxl.org
[2026-03-12T06:13:30.890Z]   UNCATEGORIZED: https://lansbrookgolf.com
[2026-03-12T06:13:30.890Z]   UNCATEGORIZED: https://largemart.net
[2026-03-12T06:13:30.890Z]   UNCATEGORIZED: https://larkspurstrings.com
[2026-03-12T06:13:30.890Z]   UNCATEGORIZED: https://laurent-scalese.com
[2026-03-12T06:13:30.890Z]   UNCATEGORIZED: https://laviniomare.net
[2026-03-12T06:13:30.890Z]   UNCATEGORIZED: https://law-automation.com
[2026-03-12T06:13:30.890Z]   UNCATEGORIZED: https://legacybridge.org
[2026-03-12T06:13:30.890Z]   UNCATEGORIZED: https://leisuretimemarine.com
[2026-03-12T06:13:30.890Z]   UNCATEGORIZED: https://lincolncountynm.org
[2026-03-12T06:13:30.891Z]   UNCATEGORIZED: https://lineage2bot.net
[2026-03-12T06:13:30.891Z]   UNCATEGORIZED: https://lionscampfl.org
[2026-03-12T06:13:30.891Z]   UNCATEGORIZED: https://locial.org
[2026-03-12T06:13:30.891Z]   UNCATEGORIZED: https://mackaybar.com
[2026-03-12T06:13:30.891Z]   UNCATEGORIZED: https://madrazafilm.com
[2026-03-12T06:13:30.891Z]   UNCATEGORIZED: https://makingthegoldengames.org
[2026-03-12T06:13:30.891Z]   UNCATEGORIZED: https://managingpartner.net
[2026-03-12T06:13:30.891Z]   UNCATEGORIZED: https://manuperezfoto.com
[2026-03-12T06:13:30.891Z]   UNCATEGORIZED: https://market-forex.net
[2026-03-12T06:13:30.891Z]   UNCATEGORIZED: https://marksbookmark.net
[2026-03-12T06:13:30.892Z]   UNCATEGORIZED: https://marlajohnson.net
[2026-03-12T06:13:30.892Z]   UNCATEGORIZED: https://mastermasonry.net
[2026-03-12T06:13:30.892Z]   UNCATEGORIZED: https://matrixsearches.com
[2026-03-12T06:13:30.892Z]   UNCATEGORIZED: https://mcgarrysauto.com
[2026-03-12T06:13:30.892Z]   UNCATEGORIZED: https://medrecruitersalliance.com
[2026-03-12T06:13:30.892Z]   UNCATEGORIZED: https://meleohana.net
[2026-03-12T06:13:30.892Z]   UNCATEGORIZED: https://merlinlegalfoundation.org
[2026-03-12T06:13:30.892Z]   UNCATEGORIZED: https://mesadelmar.org
[2026-03-12T06:13:30.892Z]   UNCATEGORIZED: https://mhcollins.com
[2026-03-12T06:13:30.892Z]   UNCATEGORIZED: https://michiganpatriotguard.org
[2026-03-12T06:13:30.893Z]   UNCATEGORIZED: https://middleburghlibrary.org
[2026-03-12T06:13:30.893Z]   UNCATEGORIZED: https://midwiferyworkshops.org
[2026-03-12T06:13:30.893Z]   UNCATEGORIZED: https://mito-hollyhock.com
[2026-03-12T06:13:30.893Z]   UNCATEGORIZED: https://mmclub.org
[2026-03-12T06:13:30.893Z]   UNCATEGORIZED: https://mobile-monkey.org
[2026-03-12T06:13:30.893Z]   UNCATEGORIZED: https://moebel-online.org
[2026-03-12T06:13:30.893Z]   UNCATEGORIZED: https://mokuzen.net
[2026-03-12T06:13:30.893Z]   UNCATEGORIZED: https://moldsway.com
[2026-03-12T06:13:30.893Z]   UNCATEGORIZED: https://molecularbiologynews.org
[2026-03-12T06:13:30.894Z]   UNCATEGORIZED: https://monassiettebiomapelle.org
[2026-03-12T06:13:30.894Z]   UNCATEGORIZED: https://moonlightzoo.com
[2026-03-12T06:13:30.894Z]   UNCATEGORIZED: https://morecoins.org
[2026-03-12T06:13:30.894Z]   UNCATEGORIZED: https://mouassa.org
[2026-03-12T06:13:30.894Z]   UNCATEGORIZED: https://movemento.org
[2026-03-12T06:13:30.894Z]   UNCATEGORIZED: https://movingtargetla.com
[2026-03-12T06:13:30.894Z]   UNCATEGORIZED: https://musetrek.com
[2026-03-12T06:13:30.894Z]   UNCATEGORIZED: https://musicoscristianos.org
[2026-03-12T06:13:30.895Z]   UNCATEGORIZED: https://myhealthchamp.com
[2026-03-12T06:13:30.895Z]   UNCATEGORIZED: https://myrxcoupons.com
[2026-03-12T06:13:30.895Z]   UNCATEGORIZED: https://naijaloving.com
[2026-03-12T06:13:30.895Z]   UNCATEGORIZED: https://naturalinnovations.org
[2026-03-12T06:13:30.895Z]   UNCATEGORIZED: https://naturalmales.org
[2026-03-12T06:13:30.895Z]   UNCATEGORIZED: https://nazarethschoolng.org
[2026-03-12T06:13:30.895Z]   UNCATEGORIZED: https://netadvantage.net
[2026-03-12T06:13:30.895Z]   UNCATEGORIZED: https://newendeavorsbywomen.org
[2026-03-12T06:13:30.895Z]   UNCATEGORIZED: https://newslinegroup.org
[2026-03-12T06:13:30.895Z]   UNCATEGORIZED: https://nikesports.org
[2026-03-12T06:13:30.896Z]   UNCATEGORIZED: https://nipmucgridiron.org
[2026-03-12T06:13:30.896Z]   UNCATEGORIZED: https://nodelays.net
[2026-03-12T06:13:30.896Z]   UNCATEGORIZED: https://nomoresharecropping.org
[2026-03-12T06:13:30.896Z]   UNCATEGORIZED: https://nookamphitheater.com
[2026-03-12T06:13:30.896Z]   UNCATEGORIZED: https://nordicskating.org
[2026-03-12T06:13:30.896Z]   UNCATEGORIZED: https://normit.org
[2026-03-12T06:13:30.896Z]   UNCATEGORIZED: https://northstarindependent.org
[2026-03-12T06:13:30.896Z]   UNCATEGORIZED: https://oceanviewretreat.org
[2026-03-12T06:13:30.896Z]   UNCATEGORIZED: https://officeofnewamericans.org
[2026-03-12T06:13:30.896Z]   UNCATEGORIZED: https://onlineessays.org
[2026-03-12T06:13:30.896Z]   UNCATEGORIZED: https://onlinescores.org
[2026-03-12T06:13:30.897Z]   UNCATEGORIZED: https://operaelsalvador.com
[2026-03-12T06:13:30.897Z]   UNCATEGORIZED: https://other-ai.org
[2026-03-12T06:13:30.897Z]   UNCATEGORIZED: https://ouraganfm.com
[2026-03-12T06:13:30.897Z]   UNCATEGORIZED: https://outdoorpressroom.com
[2026-03-12T06:13:30.897Z]   UNCATEGORIZED: https://outkickcle.com
[2026-03-12T06:13:30.897Z]   UNCATEGORIZED: https://palaciodastintas.com
[2026-03-12T06:13:30.897Z]   UNCATEGORIZED: https://papershoponline.net
[2026-03-12T06:13:30.897Z]   UNCATEGORIZED: https://paradiso-gutenberg.com
[2026-03-12T06:13:30.897Z]   UNCATEGORIZED: https://pastornet.net
[2026-03-12T06:13:30.898Z]   UNCATEGORIZED: https://patriotriders.org
[2026-03-12T06:13:30.898Z]   UNCATEGORIZED: https://pdeama.org
[2026-03-12T06:13:30.898Z]   UNCATEGORIZED: https://peacefulbeginnings.org
[2026-03-12T06:13:30.898Z]   UNCATEGORIZED: https://peachtreewinds.org
[2026-03-12T06:13:30.898Z]   UNCATEGORIZED: https://pelparktimes.org
[2026-03-12T06:13:30.898Z]   UNCATEGORIZED: https://pembertonrotary.org
[2026-03-12T06:13:30.898Z]   UNCATEGORIZED: https://pepix.net
[2026-03-12T06:13:30.898Z]   UNCATEGORIZED: https://phibetasigmalouisville.org
[2026-03-12T06:13:30.898Z]   UNCATEGORIZED: https://photojerusalem.org
[2026-03-12T06:13:30.898Z]   UNCATEGORIZED: https://piavein.org
[2026-03-12T06:13:30.898Z]   UNCATEGORIZED: https://planparticipant.org
[2026-03-12T06:13:30.898Z]   UNCATEGORIZED: https://plazatheatre.org
[2026-03-12T06:13:30.899Z]   UNCATEGORIZED: https://polyplay.org
[2026-03-12T06:13:30.899Z]   UNCATEGORIZED: https://ponon.org
[2026-03-12T06:13:30.899Z]   UNCATEGORIZED: https://poppiesandposiesevents.com
[2026-03-12T06:13:30.899Z]   UNCATEGORIZED: https://portalfutebolfeminino.com
[2026-03-12T06:13:30.899Z]   UNCATEGORIZED: https://portharbormarine.org
[2026-03-12T06:13:30.899Z]   UNCATEGORIZED: https://ppdkulai.com
[2026-03-12T06:13:30.899Z]   UNCATEGORIZED: https://precisionmapper.com
[2026-03-12T06:13:30.899Z]   UNCATEGORIZED: https://preventionstore.org
[2026-03-12T06:13:30.899Z]   UNCATEGORIZED: https://prime-equine.net
[2026-03-12T06:13:30.899Z]   UNCATEGORIZED: https://primedeliverycompany.com
[2026-03-12T06:13:30.899Z]   UNCATEGORIZED: https://princeofsports.com
[2026-03-12T06:13:30.900Z]   UNCATEGORIZED: https://propershopper.net
[2026-03-12T06:13:30.900Z]   UNCATEGORIZED: https://provoriverwatershed.org
[2026-03-12T06:13:30.900Z]   UNCATEGORIZED: https://proyectocontinuum.com
[2026-03-12T06:13:30.900Z]   UNCATEGORIZED: https://punaagency.com
[2026-03-12T06:13:30.900Z]   UNCATEGORIZED: https://punjabspider.com
[2026-03-12T06:13:30.900Z]   UNCATEGORIZED: https://qigong-palm.com
[2026-03-12T06:13:30.900Z]   UNCATEGORIZED: https://quantumexperience.org
[2026-03-12T06:13:30.900Z]   UNCATEGORIZED: https://quiltofdemand.org
[2026-03-12T06:13:30.900Z]   UNCATEGORIZED: https://rainbowearth.org
[2026-03-12T06:13:30.900Z]   UNCATEGORIZED: https://rappymcrapperson.com
[2026-03-12T06:13:30.901Z]   UNCATEGORIZED: https://readworcks.org
[2026-03-12T06:13:30.901Z]   UNCATEGORIZED: https://readyforred.org
[2026-03-12T06:13:30.901Z]   UNCATEGORIZED: https://realforrent.com
[2026-03-12T06:13:30.901Z]   UNCATEGORIZED: https://rebeccapremier.com
[2026-03-12T06:13:30.901Z]   UNCATEGORIZED: https://reconquistaregional.com
[2026-03-12T06:13:30.901Z]   UNCATEGORIZED: https://reisemobilist.com
[2026-03-12T06:13:30.901Z]   UNCATEGORIZED: https://releasenotes.org
[2026-03-12T06:13:30.901Z]   UNCATEGORIZED: https://rencontrecelibataire.net
[2026-03-12T06:13:30.902Z]   UNCATEGORIZED: https://replayradio.org
[2026-03-12T06:13:30.902Z]   UNCATEGORIZED: https://reportdome.com
[2026-03-12T06:13:30.902Z]   UNCATEGORIZED: https://restinpress.com
[2026-03-12T06:13:30.902Z]   UNCATEGORIZED: https://ridingshotgun.org
[2026-03-12T06:13:30.902Z]   UNCATEGORIZED: https://romanticnightmare.net
[2026-03-12T06:13:30.902Z]   UNCATEGORIZED: https://ronchampion.net
[2026-03-12T06:13:30.902Z]   UNCATEGORIZED: https://rosenbaumranch.com
[2026-03-12T06:13:30.902Z]   UNCATEGORIZED: https://salonviettung.com
[2026-03-12T06:13:30.902Z]   UNCATEGORIZED: https://samuraichimp.com
[2026-03-12T06:13:30.902Z]   UNCATEGORIZED: https://scarsofchaos.com
[2026-03-12T06:13:30.902Z]   UNCATEGORIZED: https://schreibservice.net
[2026-03-12T06:13:30.903Z]   UNCATEGORIZED: https://searchyourpartner.com
[2026-03-12T06:13:30.903Z]   UNCATEGORIZED: https://seattlekannadasangha.org
[2026-03-12T06:13:30.903Z]   UNCATEGORIZED: https://second-sun.net
[2026-03-12T06:13:30.903Z]   UNCATEGORIZED: https://serwisfinansowy.net
[2026-03-12T06:13:30.903Z]   UNCATEGORIZED: https://seterecords.com
[2026-03-12T06:13:30.903Z]   UNCATEGORIZED: https://sfyr.org
[2026-03-12T06:13:30.903Z]   UNCATEGORIZED: https://sgfmark.net
[2026-03-12T06:13:30.903Z]   UNCATEGORIZED: https://sgi-lafriendshipcenter.org
[2026-03-12T06:13:30.903Z]   UNCATEGORIZED: https://shoutoutny.com
[2026-03-12T06:13:30.903Z]   UNCATEGORIZED: https://signupinc.com
[2026-03-12T06:13:30.904Z]   UNCATEGORIZED: https://simchattorah.org
[2026-03-12T06:13:30.904Z]   UNCATEGORIZED: https://sirexusa.com
[2026-03-12T06:13:30.904Z]   UNCATEGORIZED: https://sleeknaija.com
[2026-03-12T06:13:30.904Z]   UNCATEGORIZED: https://smaragdakis.net
[2026-03-12T06:13:30.904Z]   UNCATEGORIZED: https://sobralasolas.org
[2026-03-12T06:13:30.904Z]   UNCATEGORIZED: https://socserv.org
[2026-03-12T06:13:30.904Z]   UNCATEGORIZED: https://sophianoa.org
[2026-03-12T06:13:30.904Z]   UNCATEGORIZED: https://soul-anime.org
[2026-03-12T06:13:30.904Z]   UNCATEGORIZED: https://soundcircle.org
[2026-03-12T06:13:30.904Z]   UNCATEGORIZED: https://soundpainters.org
[2026-03-12T06:13:30.904Z]   UNCATEGORIZED: https://southdoc.net
[2026-03-12T06:13:30.905Z]   UNCATEGORIZED: https://sportscar-official.com
[2026-03-12T06:13:30.905Z]   UNCATEGORIZED: https://starlightelegance.com
[2026-03-12T06:13:30.905Z]   UNCATEGORIZED: https://steinvalfilms.com
[2026-03-12T06:13:30.905Z]   UNCATEGORIZED: https://stjohnsns.org
[2026-03-12T06:13:30.905Z]   UNCATEGORIZED: https://stjosephisland.net
[2026-03-12T06:13:30.905Z]   UNCATEGORIZED: https://stocksgold.net
[2026-03-12T06:13:30.905Z]   UNCATEGORIZED: https://storkncradle.com
[2026-03-12T06:13:30.905Z]   UNCATEGORIZED: https://stormlakemarket.com
[2026-03-12T06:13:30.905Z]   UNCATEGORIZED: https://stpaulparks.com
[2026-03-12T06:13:30.905Z]   UNCATEGORIZED: https://streetpianos.org
[2026-03-12T06:13:30.905Z]   UNCATEGORIZED: https://structuredcapitalgroup.com
[2026-03-12T06:13:30.906Z]   UNCATEGORIZED: https://studentsforglobaljustice.org
[2026-03-12T06:13:30.906Z]   UNCATEGORIZED: https://studymagic.net
[2026-03-12T06:13:30.906Z]   UNCATEGORIZED: https://subiraclassic.com
[2026-03-12T06:13:30.906Z]   UNCATEGORIZED: https://submissionuk.org
[2026-03-12T06:13:30.906Z]   UNCATEGORIZED: https://sumadijskarakija.org
[2026-03-12T06:13:30.906Z]   UNCATEGORIZED: https://sundanceschool.org
[2026-03-12T06:13:30.906Z]   UNCATEGORIZED: https://suttonlawoffice.org
[2026-03-12T06:13:30.906Z]   UNCATEGORIZED: https://swmcborgbethelbibleinstitute.org
[2026-03-12T06:13:30.906Z]   UNCATEGORIZED: https://synthroidtabs.com
[2026-03-12T06:13:30.906Z]   UNCATEGORIZED: https://t2net.org
[2026-03-12T06:13:30.906Z]   UNCATEGORIZED: https://tabardtheater.org
[2026-03-12T06:13:30.907Z]   UNCATEGORIZED: https://teamblackoutneton-eagles-wings.net
[2026-03-12T06:13:30.907Z]   UNCATEGORIZED: https://teampod.org
[2026-03-12T06:13:30.907Z]   UNCATEGORIZED: https://technoerotica.net
[2026-03-12T06:13:30.907Z]   UNCATEGORIZED: https://technorenewable.com
[2026-03-12T06:13:30.907Z]   UNCATEGORIZED: https://telextreme.com
[2026-03-12T06:13:30.907Z]   UNCATEGORIZED: https://thatnollywoodblog.com
[2026-03-12T06:13:30.907Z]   UNCATEGORIZED: https://thedarkhaus.com
[2026-03-12T06:13:30.907Z]   UNCATEGORIZED: https://thehighlandsbank.net
[2026-03-12T06:13:30.907Z]   UNCATEGORIZED: https://themetronewsng.com
[2026-03-12T06:13:30.907Z]   UNCATEGORIZED: https://thestarmobile.com
[2026-03-12T06:13:30.907Z]   UNCATEGORIZED: https://thestorez.com
[2026-03-12T06:13:30.908Z]   UNCATEGORIZED: https://thetahealing-deutschland.org
[2026-03-12T06:13:30.908Z]   UNCATEGORIZED: https://theworkoutcompany.net
[2026-03-12T06:13:30.908Z]   UNCATEGORIZED: https://toledorent.net
[2026-03-12T06:13:30.908Z]   UNCATEGORIZED: https://top-tennis-training.org
[2026-03-12T06:13:30.908Z]   UNCATEGORIZED: https://topshelfsports.org
[2026-03-12T06:13:30.908Z]   UNCATEGORIZED: https://toptenselection.com
[2026-03-12T06:13:30.908Z]   UNCATEGORIZED: https://torrent-best.net
[2026-03-12T06:13:30.908Z]   UNCATEGORIZED: https://torretitanium.com
[2026-03-12T06:13:30.908Z]   UNCATEGORIZED: https://tostreet.com
[2026-03-12T06:13:30.908Z]   UNCATEGORIZED: https://travelresourcehub.com
[2026-03-12T06:13:30.909Z]   UNCATEGORIZED: https://trippypictures.com
[2026-03-12T06:13:30.909Z]   UNCATEGORIZED: https://truevinebooks.com
[2026-03-12T06:13:30.909Z]   UNCATEGORIZED: https://tunisarte.net
[2026-03-12T06:13:30.909Z]   UNCATEGORIZED: https://turismoeuropeo.net
[2026-03-12T06:13:30.909Z]   UNCATEGORIZED: https://turismoeuropeonetcenturymgmt.net
[2026-03-12T06:13:30.909Z]   UNCATEGORIZED: https://turismofluviale.net
[2026-03-12T06:13:30.909Z]   UNCATEGORIZED: https://turkcemirc.net
[2026-03-12T06:13:30.909Z]   UNCATEGORIZED: https://turningpoint2.com
[2026-03-12T06:13:30.909Z]   UNCATEGORIZED: https://twickenham-regatta.org
[2026-03-12T06:13:30.909Z]   UNCATEGORIZED: https://u2j.org
[2026-03-12T06:13:30.910Z]   UNCATEGORIZED: https://ubasani.org
[2026-03-12T06:13:30.910Z]   UNCATEGORIZED: https://ucctampabay.org
[2026-03-12T06:13:30.910Z]   UNCATEGORIZED: https://ulyssesfoundation.org
[2026-03-12T06:13:30.910Z]   UNCATEGORIZED: https://unibay.net
[2026-03-12T06:13:30.910Z]   UNCATEGORIZED: https://usbmorissa.org
[2026-03-12T06:13:30.910Z]   UNCATEGORIZED: https://valeriefox.net
[2026-03-12T06:13:30.910Z]   UNCATEGORIZED: https://veritatissplendor.org
[2026-03-12T06:13:30.910Z]   UNCATEGORIZED: https://vwscolumbus.org
[2026-03-12T06:13:30.910Z]   UNCATEGORIZED: https://wealthandmoney.net
[2026-03-12T06:13:30.911Z]   UNCATEGORIZED: https://webbooks.net
[2026-03-12T06:13:30.911Z]   UNCATEGORIZED: https://webmessenger.net
[2026-03-12T06:13:30.911Z]   UNCATEGORIZED: https://websitesmadesimple.org
[2026-03-12T06:13:30.911Z]   UNCATEGORIZED: https://websterdictionary.net
[2026-03-12T06:13:30.911Z]   UNCATEGORIZED: https://weightup.net
[2026-03-12T06:13:30.911Z]   UNCATEGORIZED: https://weirdwebzine.com
[2026-03-12T06:13:30.911Z]   UNCATEGORIZED: https://wfmc-toronto.org
[2026-03-12T06:13:30.911Z]   UNCATEGORIZED: https://win-time.com
[2026-03-12T06:13:30.911Z]   UNCATEGORIZED: https://windhamtownship.org
[2026-03-12T06:13:30.911Z]   UNCATEGORIZED: https://wkucanada.com
[2026-03-12T06:13:30.912Z]   UNCATEGORIZED: https://woodwardcorridorinitiative.org
[2026-03-12T06:13:30.912Z]   UNCATEGORIZED: https://wrestlesearch.com
[2026-03-12T06:13:30.912Z]   UNCATEGORIZED: https://www.google.com/maps
[2026-03-12T06:13:30.912Z]   UNCATEGORIZED: https://www.shumwayappliance.com/brands
[2026-03-12T06:13:30.912Z]   UNCATEGORIZED: https://wwwmissionhealth.org
[2026-03-12T06:13:30.912Z]   UNCATEGORIZED: https://yacointernational.org
[2026-03-12T06:13:30.912Z]   UNCATEGORIZED: https://yeshivauniversity.org
[2026-03-12T06:13:30.912Z]   UNCATEGORIZED: https://yourbestie.net
[2026-03-12T06:13:30.912Z]   UNCATEGORIZED: https://youthub.net
[2026-03-12T06:13:30.912Z]   UNCATEGORIZED: https://youtubemonster.com
[2026-03-12T06:13:30.912Z]   UNCATEGORIZED: https://yvreview.com
[2026-03-12T06:13:30.912Z]   UNCATEGORIZED: https://zoo-vids.com
[2026-03-12T06:13:30.913Z] Programmatic result: ws:1 | 484 uncategorized
[2026-03-12T06:13:30.913Z] Sending uncategorized links + HTML sections to AI for analysis...
[2026-03-12T06:13:30.913Z] Saved AI prompt (8545 chars) to ai_prompt.txt
[2026-03-12T06:13:30.914Z]   AI: Connecting to LM Studio at http://100.86.94.30:1234 (model: Qwen2.5-72B-Instruct-GGUF)...
[2026-03-12T06:13:30.945Z]   AI: Connected — HTTP 200, waiting for first token...
[2026-03-12T06:14:04.659Z]   AI: First token received, streaming...
[2026-03-12T06:14:10.024Z] AI response complete: 113 chars in 39.1s
[2026-03-12T06:14:10.025Z] Saved AI response to ai_response.json
[2026-03-12T06:14:10.025Z] ── Parsing AI response (4 lines) ──
[2026-03-12T06:14:10.026Z]   AI LINK: https://power-tags.com/privacy
[2026-03-12T06:14:10.026Z]   AI LINK: https://power-tags.com/terms
[2026-03-12T06:14:10.026Z]   AI LINK: https://power-tags.com/contact
[2026-03-12T06:14:10.026Z]   AI LINK: https://power-tags.com
[2026-03-12T06:14:10.026Z] AI returned 4 valid links
[2026-03-12T06:14:10.026Z] ── Categorizing 4 AI-returned links ──
[2026-03-12T06:14:10.026Z]   AI→URLS: https://power-tags.com/privacy
[2026-03-12T06:14:10.026Z]   AI→URLS: https://power-tags.com/terms
[2026-03-12T06:14:10.026Z]   AI→URLS: https://power-tags.com/contact
[2026-03-12T06:14:10.027Z]   AI→URLS: https://power-tags.com
[2026-03-12T06:14:10.027Z] ── Step 2b: Footer/header uncategorized links ──
[2026-03-12T06:14:10.027Z] Footer/header origins (1):
[2026-03-12T06:14:10.027Z]   FOOTER/HEADER ORIGIN: https://power-tags.com
[2026-03-12T06:14:10.027Z]   SKIP (not in footer/header): https://abortionlaw.org
[2026-03-12T06:14:10.027Z]   SKIP (not in footer/header): https://actnowinvestments.com
[2026-03-12T06:14:10.027Z]   SKIP (not in footer/header): https://adicat.net
[2026-03-12T06:14:10.027Z]   SKIP (not in footer/header): https://advisortravelguide.com
[2026-03-12T06:14:10.027Z]   SKIP (not in footer/header): https://ajirazetu.net
[2026-03-12T06:14:10.028Z]   SKIP (not in footer/header): https://akprosports.com
[2026-03-12T06:14:10.028Z]   SKIP (not in footer/header): https://aliceholtraces.org
[2026-03-12T06:14:10.028Z]   SKIP (not in footer/header): https://aliceinoxford.net
[2026-03-12T06:14:10.028Z]   SKIP (not in footer/header): https://allidoislisten.com
[2026-03-12T06:14:10.028Z]   SKIP (not in footer/header): https://allmybookings.net
[2026-03-12T06:14:10.028Z]   SKIP (not in footer/header): https://allotments.org
[2026-03-12T06:14:10.028Z]   SKIP (not in footer/header): https://allsaintsny.net
[2026-03-12T06:14:10.028Z]   SKIP (not in footer/header): https://allyhunt.com
[2026-03-12T06:14:10.028Z]   SKIP (not in footer/header): https://ambedkartv.org
[2026-03-12T06:14:10.028Z]   SKIP (not in footer/header): https://amchai.org
[2026-03-12T06:14:10.028Z]   SKIP (not in footer/header): https://amigranada.com
[2026-03-12T06:14:10.028Z]   SKIP (not in footer/header): https://androidgamesreviewed.com
[2026-03-12T06:14:10.029Z]   SKIP (not in footer/header): https://anoktranungfc.com
[2026-03-12T06:14:10.029Z]   SKIP (not in footer/header): https://anotherlevelsports.org
[2026-03-12T06:14:10.029Z]   SKIP (not in footer/header): https://ansarifoundation.org
[2026-03-12T06:14:10.029Z]   SKIP (not in footer/header): https://antiforums.net
[2026-03-12T06:14:10.029Z]   SKIP (not in footer/header): https://arashgooran.com
[2026-03-12T06:14:10.029Z]   SKIP (not in footer/header): https://aridlandscapes.org
[2026-03-12T06:14:10.029Z]   SKIP (not in footer/header): https://aroundindianapolis.com
[2026-03-12T06:14:10.029Z]   SKIP (not in footer/header): https://aspirewebtechnologies.com
[2026-03-12T06:14:10.029Z]   SKIP (not in footer/header): https://atesli.org
[2026-03-12T06:14:10.029Z]   SKIP (not in footer/header): https://atlntichealth.org
[2026-03-12T06:14:10.029Z]   SKIP (not in footer/header): https://augustarent.net
[2026-03-12T06:14:10.030Z]   SKIP (not in footer/header): https://automotive-consulting.org
[2026-03-12T06:14:10.030Z]   SKIP (not in footer/header): https://avocatenfrance.net
[2026-03-12T06:14:10.030Z]   SKIP (not in footer/header): https://ayacuchovirtual.com
[2026-03-12T06:14:10.030Z]   SKIP (not in footer/header): https://bairavafoundation.org
[2026-03-12T06:14:10.030Z]   SKIP (not in footer/header): https://balipestantirayap.com
[2026-03-12T06:14:10.030Z]   SKIP (not in footer/header): https://bankcert.org
[2026-03-12T06:14:10.030Z]   SKIP (not in footer/header): https://bastbellmuseum.com
[2026-03-12T06:14:10.030Z]   SKIP (not in footer/header): https://batuhanaksu.com
[2026-03-12T06:14:10.030Z]   SKIP (not in footer/header): https://beasleymusic.com
[2026-03-12T06:14:10.030Z]   SKIP (not in footer/header): https://beautyj.net
[2026-03-12T06:14:10.030Z]   SKIP (not in footer/header): https://beercanmuseum.com
[2026-03-12T06:14:10.031Z]   SKIP (not in footer/header): https://belvederepunk.com
[2026-03-12T06:14:10.031Z]   SKIP (not in footer/header): https://beritabestprofitfutures.com
[2026-03-12T06:14:10.031Z]   SKIP (not in footer/header): https://besnepal.org
[2026-03-12T06:14:10.031Z]   SKIP (not in footer/header): https://bestairriflereviews.net
[2026-03-12T06:14:10.031Z]   SKIP (not in footer/header): https://besthomerecipes.net
[2026-03-12T06:14:10.031Z]   SKIP (not in footer/header): https://bidaya.org
[2026-03-12T06:14:10.031Z]   SKIP (not in footer/header): https://bigbrobigsis.org
[2026-03-12T06:14:10.031Z]   SKIP (not in footer/header): https://bilingues.org
[2026-03-12T06:14:10.031Z]   SKIP (not in footer/header): https://bitatebit.com
[2026-03-12T06:14:10.031Z]   SKIP (not in footer/header): https://blicksecret.net
[2026-03-12T06:14:10.031Z]   SKIP (not in footer/header): https://blindmusician.net
[2026-03-12T06:14:10.031Z]   SKIP (not in footer/header): https://bluepinetech.com
[2026-03-12T06:14:10.032Z]   SKIP (not in footer/header): https://bodyboardpro.net
[2026-03-12T06:14:10.032Z]   SKIP (not in footer/header): https://bograshop.com
[2026-03-12T06:14:10.032Z]   SKIP (not in footer/header): https://boholhomeland.com
[2026-03-12T06:14:10.032Z]   SKIP (not in footer/header): https://bookmark-artikel.net
[2026-03-12T06:14:10.032Z]   SKIP (not in footer/header): https://boxofficemanagement.com
[2026-03-12T06:14:10.032Z]   SKIP (not in footer/header): https://bruchmann.net
[2026-03-12T06:14:10.032Z]   SKIP (not in footer/header): https://budgethost.org
[2026-03-12T06:14:10.032Z]   SKIP (not in footer/header): https://bulgarie-bulgaria.org
[2026-03-12T06:14:10.032Z]   SKIP (not in footer/header): https://byrneforcongress.com
[2026-03-12T06:14:10.032Z]   SKIP (not in footer/header): https://caddybelt.com
[2026-03-12T06:14:10.032Z]   SKIP (not in footer/header): https://calculateloanpro.com
[2026-03-12T06:14:10.033Z]   SKIP (not in footer/header): https://camp-palm-springs.com
[2026-03-12T06:14:10.033Z]   SKIP (not in footer/header): https://caransebes.net
[2026-03-12T06:14:10.033Z]   SKIP (not in footer/header): https://cbrasil.org
[2026-03-12T06:14:10.033Z]   SKIP (not in footer/header): https://celebritycruisesproductions.com
[2026-03-12T06:14:10.033Z]   SKIP (not in footer/header): https://celentanoorgse-x.org
[2026-03-12T06:14:10.033Z]   SKIP (not in footer/header): https://celibrity.net
[2026-03-12T06:14:10.033Z]   SKIP (not in footer/header): https://centralyearlymeetingoffriends.org
[2026-03-12T06:14:10.033Z]   SKIP (not in footer/header): https://cephalexintab.com
[2026-03-12T06:14:10.033Z]   SKIP (not in footer/header): https://cfr-arma.net
[2026-03-12T06:14:10.033Z]   SKIP (not in footer/header): https://cgf-placements.com
[2026-03-12T06:14:10.033Z]   SKIP (not in footer/header): https://chandlerfirstassembly.org
[2026-03-12T06:14:10.034Z]   SKIP (not in footer/header): https://channerorgnewblackpantherparty.org
[2026-03-12T06:14:10.034Z]   SKIP (not in footer/header): https://charterpesca.net
[2026-03-12T06:14:10.034Z]   SKIP (not in footer/header): https://cheraghdaily.org
[2026-03-12T06:14:10.034Z]   SKIP (not in footer/header): https://chesterfield-co.com
[2026-03-12T06:14:10.034Z]   SKIP (not in footer/header): https://christmasornamentsdirect.com
[2026-03-12T06:14:10.034Z]   SKIP (not in footer/header): https://cinema-therapy.com
[2026-03-12T06:14:10.034Z]   SKIP (not in footer/header): https://citrusspringsgolf.com
[2026-03-12T06:14:10.034Z]   SKIP (not in footer/header): https://clanandersonsociety.org
[2026-03-12T06:14:10.034Z]   SKIP (not in footer/header): https://classic-wine-tours.com
[2026-03-12T06:14:10.034Z]   SKIP (not in footer/header): https://cleanwaterconnections.com
[2026-03-12T06:14:10.034Z]   SKIP (not in footer/header): https://colorsofthewind.org
[2026-03-12T06:14:10.035Z]   SKIP (not in footer/header): https://communityfof.org
[2026-03-12T06:14:10.035Z]   SKIP (not in footer/header): https://computermedics.net
[2026-03-12T06:14:10.035Z]   SKIP (not in footer/header): https://congtachoivien.com
[2026-03-12T06:14:10.035Z]   SKIP (not in footer/header): https://copperstallionmedia.com
[2026-03-12T06:14:10.035Z]   SKIP (not in footer/header): https://cprclassesdetroit.net
[2026-03-12T06:14:10.035Z]   SKIP (not in footer/header): https://crazweb.com
[2026-03-12T06:14:10.035Z]   SKIP (not in footer/header): https://cre8ivecommando.com
[2026-03-12T06:14:10.035Z]   SKIP (not in footer/header): https://creativesavingsnetnusl.net
[2026-03-12T06:14:10.035Z]   SKIP (not in footer/header): https://crimewatching.com
[2026-03-12T06:14:10.035Z]   SKIP (not in footer/header): https://critesfield.com
[2026-03-12T06:14:10.036Z]   SKIP (not in footer/header): https://crownsandtiaras.org
[2026-03-12T06:14:10.036Z]   SKIP (not in footer/header): https://crucifixionbr.com
[2026-03-12T06:14:10.036Z]   SKIP (not in footer/header): https://cruise-ship-report.com
[2026-03-12T06:14:10.036Z]   SKIP (not in footer/header): https://cruisestoparadise.com
[2026-03-12T06:14:10.036Z]   SKIP (not in footer/header): https://cryptotiger.net
[2026-03-12T06:14:10.036Z]   SKIP (not in footer/header): https://cuscobienesraices.com
[2026-03-12T06:14:10.036Z]   SKIP (not in footer/header): https://cyprusmaterials.com
[2026-03-12T06:14:10.036Z]   SKIP (not in footer/header): https://daehanhapkido.org
[2026-03-12T06:14:10.036Z]   SKIP (not in footer/header): https://dalesponysocietyofamerica.org
[2026-03-12T06:14:10.036Z]   SKIP (not in footer/header): https://dankvapesonline.com
[2026-03-12T06:14:10.036Z]   SKIP (not in footer/header): https://delotrolado.net
[2026-03-12T06:14:10.036Z]   SKIP (not in footer/header): https://deniscomtois.com
[2026-03-12T06:14:10.037Z]   SKIP (not in footer/header): https://dentalandhealthusa.com
[2026-03-12T06:14:10.037Z]   SKIP (not in footer/header): https://dentalhygienistjobs.org
[2026-03-12T06:14:10.037Z]   SKIP (not in footer/header): https://designing-reports.org
[2026-03-12T06:14:10.037Z]   SKIP (not in footer/header): https://destinationilemaurice.net
[2026-03-12T06:14:10.037Z]   SKIP (not in footer/header): https://devinsplace.net
[2026-03-12T06:14:10.037Z]   SKIP (not in footer/header): https://devotioninternational.org
[2026-03-12T06:14:10.037Z]   SKIP (not in footer/header): https://diabetescaresymposium.org
[2026-03-12T06:14:10.037Z]   SKIP (not in footer/header): https://diamond-necklace.net
[2026-03-12T06:14:10.037Z]   SKIP (not in footer/header): https://diamonds-edge.com
[2026-03-12T06:14:10.037Z]   SKIP (not in footer/header): https://digital-euphoria.net
[2026-03-12T06:14:10.037Z]   SKIP (not in footer/header): https://diocesisdenezahualcoyotl.org
[2026-03-12T06:14:10.037Z]   SKIP (not in footer/header): https://directmessageorgcopperbasin.org
[2026-03-12T06:14:10.038Z]   SKIP (not in footer/header): https://discigs.com
[2026-03-12T06:14:10.038Z]   SKIP (not in footer/header): https://dixiebelt.com
[2026-03-12T06:14:10.038Z]   SKIP (not in footer/header): https://doganaccia.org
[2026-03-12T06:14:10.038Z]   SKIP (not in footer/header): https://dogmist.com
[2026-03-12T06:14:10.038Z]   SKIP (not in footer/header): https://donaldsmith.net
[2026-03-12T06:14:10.038Z]   SKIP (not in footer/header): https://doorwayarts.org
[2026-03-12T06:14:10.038Z]   SKIP (not in footer/header): https://downbeachfilmfestival.org
[2026-03-12T06:14:10.038Z]   SKIP (not in footer/header): https://doyouknowthemuffinpan.com
[2026-03-12T06:14:10.038Z]   SKIP (not in footer/header): https://dragonballforever.com
[2026-03-12T06:14:10.038Z]   SKIP (not in footer/header): https://drolissimo.com
[2026-03-12T06:14:10.038Z]   SKIP (not in footer/header): https://dtvfilter.com
[2026-03-12T06:14:10.038Z]   SKIP (not in footer/header): https://dublinestates.com
[2026-03-12T06:14:10.039Z]   SKIP (not in footer/header): https://dunamisdunamis.org
[2026-03-12T06:14:10.039Z]   SKIP (not in footer/header): https://duniatv.net
[2026-03-12T06:14:10.039Z]   SKIP (not in footer/header): https://eafjd.org
[2026-03-12T06:14:10.039Z]   SKIP (not in footer/header): https://eastsussexmusic.org
[2026-03-12T06:14:10.039Z]   SKIP (not in footer/header): https://easybroadway.com
[2026-03-12T06:14:10.039Z]   SKIP (not in footer/header): https://easyukulele.org
[2026-03-12T06:14:10.039Z]   SKIP (not in footer/header): https://ecowiseelpaso.org
[2026-03-12T06:14:10.039Z]   SKIP (not in footer/header): https://efitology.com
[2026-03-12T06:14:10.039Z]   SKIP (not in footer/header): https://egyptravels.com
[2026-03-12T06:14:10.039Z]   SKIP (not in footer/header): https://emtag.org
[2026-03-12T06:14:10.039Z]   SKIP (not in footer/header): https://endzeitzeichen.org
[2026-03-12T06:14:10.039Z]   SKIP (not in footer/header): https://enumerys.com
[2026-03-12T06:14:10.040Z]   SKIP (not in footer/header): https://epiphanyhi.org
[2026-03-12T06:14:10.040Z]   SKIP (not in footer/header): https://ereignisorgobua.org
[2026-03-12T06:14:10.040Z]   SKIP (not in footer/header): https://erotgphosting.com
[2026-03-12T06:14:10.040Z]   SKIP (not in footer/header): https://escort-london.net
[2026-03-12T06:14:10.040Z]   SKIP (not in footer/header): https://etteragreements.org
[2026-03-12T06:14:10.040Z]   SKIP (not in footer/header): https://europeabroad.org
[2026-03-12T06:14:10.040Z]   SKIP (not in footer/header): https://evergance.com
[2026-03-12T06:14:10.040Z]   SKIP (not in footer/header): https://evergreenccs.com
[2026-03-12T06:14:10.040Z]   SKIP (not in footer/header): https://excalibur-group.com
[2026-03-12T06:14:10.040Z]   SKIP (not in footer/header): https://excover.net
[2026-03-12T06:14:10.041Z]   SKIP (not in footer/header): https://exoticlifestyleclub.com
[2026-03-12T06:14:10.041Z]   SKIP (not in footer/header): https://faithandhopeministries.org
[2026-03-12T06:14:10.041Z]   SKIP (not in footer/header): https://familyapplication.net
[2026-03-12T06:14:10.041Z]   SKIP (not in footer/header): https://farmerandfleaindy.com
[2026-03-12T06:14:10.041Z]   SKIP (not in footer/header): https://fatorestilo.com
[2026-03-12T06:14:10.041Z]   SKIP (not in footer/header): https://femalepumping.org
[2026-03-12T06:14:10.041Z]   SKIP (not in footer/header): https://fermedeconrad.net
[2026-03-12T06:14:10.041Z]   SKIP (not in footer/header): https://fiatmotorclubgb.org
[2026-03-12T06:14:10.041Z]   SKIP (not in footer/header): https://filmesbrasileiros.net
[2026-03-12T06:14:10.041Z]   SKIP (not in footer/header): https://fiscalidadinternacional.org
[2026-03-12T06:14:10.041Z]   SKIP (not in footer/header): https://flightlinkaircharters.com
[2026-03-12T06:14:10.042Z]   SKIP (not in footer/header): https://foodtruckspirits.com
[2026-03-12T06:14:10.042Z]   SKIP (not in footer/header): https://forestandtradeasia.org
[2026-03-12T06:14:10.042Z]   SKIP (not in footer/header): https://foundationforlearning.org
[2026-03-12T06:14:10.042Z]   SKIP (not in footer/header): https://free-ssl.org
[2026-03-12T06:14:10.042Z]   SKIP (not in footer/header): https://freetestaccount.com
[2026-03-12T06:14:10.042Z]   SKIP (not in footer/header): https://friendsofbigfoot.org
[2026-03-12T06:14:10.042Z]   SKIP (not in footer/header): https://fun4singles.com
[2026-03-12T06:14:10.042Z]   SKIP (not in footer/header): https://fun4singles.org
[2026-03-12T06:14:10.042Z]   SKIP (not in footer/header): https://funnyoldplanet.com
[2026-03-12T06:14:10.042Z]   SKIP (not in footer/header): https://furutoshi.com
[2026-03-12T06:14:10.042Z]   SKIP (not in footer/header): https://gakublo.com
[2026-03-12T06:14:10.042Z]   SKIP (not in footer/header): https://gallerialocchio.net
[2026-03-12T06:14:10.042Z]   SKIP (not in footer/header): https://gameinterlude.com
[2026-03-12T06:14:10.043Z]   SKIP (not in footer/header): https://gameoffline.org
[2026-03-12T06:14:10.043Z]   SKIP (not in footer/header): https://gamexperience.net
[2026-03-12T06:14:10.043Z]   SKIP (not in footer/header): https://garden-wise.net
[2026-03-12T06:14:10.043Z]   SKIP (not in footer/header): https://garyhughes.org
[2026-03-12T06:14:10.043Z]   SKIP (not in footer/header): https://gazeta-standard.com
[2026-03-12T06:14:10.043Z]   SKIP (not in footer/header): https://geektechblogs.com
[2026-03-12T06:14:10.043Z]   SKIP (not in footer/header): https://geldspielautomaten.org
[2026-03-12T06:14:10.043Z]   SKIP (not in footer/header): https://gemworks.net
[2026-03-12T06:14:10.043Z]   SKIP (not in footer/header): https://geogreg.com
[2026-03-12T06:14:10.043Z]   SKIP (not in footer/header): https://getfreegoods.org
[2026-03-12T06:14:10.043Z]   SKIP (not in footer/header): https://gfsquad.com
[2026-03-12T06:14:10.043Z]   SKIP (not in footer/header): https://gina-ann.org
[2026-03-12T06:14:10.043Z]   SKIP (not in footer/header): https://glasgowscottieband.com
[2026-03-12T06:14:10.043Z]   SKIP (not in footer/header): https://gldstore.com
[2026-03-12T06:14:10.044Z]   SKIP (not in footer/header): https://glennhughesitalia.com
[2026-03-12T06:14:10.044Z]   SKIP (not in footer/header): https://goalsforamericans.org
[2026-03-12T06:14:10.044Z]   SKIP (not in footer/header): https://goodwillinn.org
[2026-03-12T06:14:10.044Z]   SKIP (not in footer/header): https://googlenewsbuzz.com
[2026-03-12T06:14:10.044Z]   SKIP (not in footer/header): https://gordosnetprime-equine.net
[2026-03-12T06:14:10.044Z]   SKIP (not in footer/header): https://gouldmemorial.org
[2026-03-12T06:14:10.044Z]   SKIP (not in footer/header): https://graeme-farrer.net
[2026-03-12T06:14:10.044Z]   SKIP (not in footer/header): https://graphicdesignetc.com
[2026-03-12T06:14:10.044Z]   SKIP (not in footer/header): https://grazaugenarzt.org
[2026-03-12T06:14:10.044Z]   SKIP (not in footer/header): https://greenslatestudio.org
[2026-03-12T06:14:10.044Z]   SKIP (not in footer/header): https://guzelturkiye.org
[2026-03-12T06:14:10.044Z]   SKIP (not in footer/header): https://gwabands.org
[2026-03-12T06:14:10.044Z]   SKIP (not in footer/header): https://hackshackersmad.com
[2026-03-12T06:14:10.045Z]   SKIP (not in footer/header): https://haileydesigns.com
[2026-03-12T06:14:10.045Z]   SKIP (not in footer/header): https://hallburton.com
[2026-03-12T06:14:10.045Z]   SKIP (not in footer/header): https://handgunclub.com
[2026-03-12T06:14:10.045Z]   SKIP (not in footer/header): https://hawkshome.net
[2026-03-12T06:14:10.045Z]   SKIP (not in footer/header): https://healthshoppearoundthecorner.net
[2026-03-12T06:14:10.045Z]   SKIP (not in footer/header): https://hearbs.com
[2026-03-12T06:14:10.045Z]   SKIP (not in footer/header): https://herbal-lifeorgcalgarymodelrailway.org
[2026-03-12T06:14:10.045Z]   SKIP (not in footer/header): https://hermeneutikafeminisme.com
[2026-03-12T06:14:10.045Z]   SKIP (not in footer/header): https://hezenparastin.net
[2026-03-12T06:14:10.045Z]   SKIP (not in footer/header): https://hillierrealestate.com
[2026-03-12T06:14:10.045Z]   SKIP (not in footer/header): https://hoppening.com
[2026-03-12T06:14:10.045Z]   SKIP (not in footer/header): https://humanrightsjourneys.com
[2026-03-12T06:14:10.045Z]   SKIP (not in footer/header): https://ibcrf.org
[2026-03-12T06:14:10.045Z]   SKIP (not in footer/header): https://ichiganpatriotguard.org
[2026-03-12T06:14:10.046Z]   SKIP (not in footer/header): https://icisip.org
[2026-03-12T06:14:10.046Z]   SKIP (not in footer/header): https://icmbrasil.org
[2026-03-12T06:14:10.046Z]   SKIP (not in footer/header): https://idesti.org
[2026-03-12T06:14:10.046Z]   SKIP (not in footer/header): https://iglesiagetsemani.org
[2026-03-12T06:14:10.046Z]   SKIP (not in footer/header): https://immersivelandscape.org
[2026-03-12T06:14:10.046Z]   SKIP (not in footer/header): https://incomesecurityforall.org
[2026-03-12T06:14:10.046Z]   SKIP (not in footer/header): https://indekshukum.org
[2026-03-12T06:14:10.046Z]   SKIP (not in footer/header): https://indyradiofm.org
[2026-03-12T06:14:10.046Z]   SKIP (not in footer/header): https://infodesarrollo.org
[2026-03-12T06:14:10.046Z]   SKIP (not in footer/header): https://innocentgirlz.com
[2026-03-12T06:14:10.046Z]   SKIP (not in footer/header): https://international-art-contest.com
[2026-03-12T06:14:10.046Z]   SKIP (not in footer/header): https://internet-hub.com
[2026-03-12T06:14:10.046Z]   SKIP (not in footer/header): https://intersexequality.org
[2026-03-12T06:14:10.047Z]   SKIP (not in footer/header): https://israelregardiefoundation.net
[2026-03-12T06:14:10.047Z]   SKIP (not in footer/header): https://itswtvr.com
[2026-03-12T06:14:10.047Z]   SKIP (not in footer/header): https://jaipurjewel.com
[2026-03-12T06:14:10.047Z]   SKIP (not in footer/header): https://jamesbarrettfarm.org
[2026-03-12T06:14:10.047Z]   SKIP (not in footer/header): https://jandjgifts.com
[2026-03-12T06:14:10.047Z]   SKIP (not in footer/header): https://jeanfrancoisrevel.net
[2026-03-12T06:14:10.047Z]   SKIP (not in footer/header): https://jolasveinarnir.net
[2026-03-12T06:14:10.047Z]   SKIP (not in footer/header): https://kalilog-residences.net
[2026-03-12T06:14:10.047Z]   SKIP (not in footer/header): https://kansascitydwiattorney.net
[2026-03-12T06:14:10.047Z]   SKIP (not in footer/header): https://kentrossi.com
[2026-03-12T06:14:10.047Z]   SKIP (not in footer/header): https://kid2o.org
[2026-03-12T06:14:10.047Z]   SKIP (not in footer/header): https://kingofbets.net
[2026-03-12T06:14:10.047Z]   SKIP (not in footer/header): https://kioskxiaomaibu.org
[2026-03-12T06:14:10.047Z]   SKIP (not in footer/header): https://knowenergysolutions.com
[2026-03-12T06:14:10.047Z]   SKIP (not in footer/header): https://komandoproductions.com
[2026-03-12T06:14:10.048Z]   SKIP (not in footer/header): https://komyoreikido.org
[2026-03-12T06:14:10.048Z]   SKIP (not in footer/header): https://kuismanencompetition.com
[2026-03-12T06:14:10.048Z]   SKIP (not in footer/header): https://labelmycd.com
[2026-03-12T06:14:10.048Z]   SKIP (not in footer/header): https://laketahoerent.net
[2026-03-12T06:14:10.048Z]   SKIP (not in footer/header): https://lamborghini-islero.com
[2026-03-12T06:14:10.048Z]   SKIP (not in footer/header): https://lampenxxl.org
[2026-03-12T06:14:10.048Z]   SKIP (not in footer/header): https://lansbrookgolf.com
[2026-03-12T06:14:10.048Z]   SKIP (not in footer/header): https://largemart.net
[2026-03-12T06:14:10.048Z]   SKIP (not in footer/header): https://larkspurstrings.com
[2026-03-12T06:14:10.048Z]   SKIP (not in footer/header): https://laurent-scalese.com
[2026-03-12T06:14:10.048Z]   SKIP (not in footer/header): https://laviniomare.net
[2026-03-12T06:14:10.048Z]   SKIP (not in footer/header): https://law-automation.com
[2026-03-12T06:14:10.048Z]   SKIP (not in footer/header): https://legacybridge.org
[2026-03-12T06:14:10.048Z]   SKIP (not in footer/header): https://leisuretimemarine.com
[2026-03-12T06:14:10.049Z]   SKIP (not in footer/header): https://lincolncountynm.org
[2026-03-12T06:14:10.049Z]   SKIP (not in footer/header): https://lineage2bot.net
[2026-03-12T06:14:10.049Z]   SKIP (not in footer/header): https://lionscampfl.org
[2026-03-12T06:14:10.049Z]   SKIP (not in footer/header): https://locial.org
[2026-03-12T06:14:10.049Z]   SKIP (not in footer/header): https://mackaybar.com
[2026-03-12T06:14:10.049Z]   SKIP (not in footer/header): https://madrazafilm.com
[2026-03-12T06:14:10.049Z]   SKIP (not in footer/header): https://makingthegoldengames.org
[2026-03-12T06:14:10.049Z]   SKIP (not in footer/header): https://managingpartner.net
[2026-03-12T06:14:10.049Z]   SKIP (not in footer/header): https://manuperezfoto.com
[2026-03-12T06:14:10.049Z]   SKIP (not in footer/header): https://market-forex.net
[2026-03-12T06:14:10.049Z]   SKIP (not in footer/header): https://marksbookmark.net
[2026-03-12T06:14:10.049Z]   SKIP (not in footer/header): https://marlajohnson.net
[2026-03-12T06:14:10.049Z]   SKIP (not in footer/header): https://mastermasonry.net
[2026-03-12T06:14:10.049Z]   SKIP (not in footer/header): https://matrixsearches.com
[2026-03-12T06:14:10.049Z]   SKIP (not in footer/header): https://mcgarrysauto.com
[2026-03-12T06:14:10.050Z]   SKIP (not in footer/header): https://medrecruitersalliance.com
[2026-03-12T06:14:10.050Z]   SKIP (not in footer/header): https://meleohana.net
[2026-03-12T06:14:10.050Z]   SKIP (not in footer/header): https://merlinlegalfoundation.org
[2026-03-12T06:14:10.050Z]   SKIP (not in footer/header): https://mesadelmar.org
[2026-03-12T06:14:10.050Z]   SKIP (not in footer/header): https://mhcollins.com
[2026-03-12T06:14:10.050Z]   SKIP (not in footer/header): https://michiganpatriotguard.org
[2026-03-12T06:14:10.050Z]   SKIP (not in footer/header): https://middleburghlibrary.org
[2026-03-12T06:14:10.050Z]   SKIP (not in footer/header): https://midwiferyworkshops.org
[2026-03-12T06:14:10.050Z]   SKIP (not in footer/header): https://mito-hollyhock.com
[2026-03-12T06:14:10.050Z]   SKIP (not in footer/header): https://mmclub.org
[2026-03-12T06:14:10.050Z]   SKIP (not in footer/header): https://mobile-monkey.org
[2026-03-12T06:14:10.050Z]   SKIP (not in footer/header): https://moebel-online.org
[2026-03-12T06:14:10.050Z]   SKIP (not in footer/header): https://mokuzen.net
[2026-03-12T06:14:10.050Z]   SKIP (not in footer/header): https://moldsway.com
[2026-03-12T06:14:10.050Z]   SKIP (not in footer/header): https://molecularbiologynews.org
[2026-03-12T06:14:10.050Z]   SKIP (not in footer/header): https://monassiettebiomapelle.org
[2026-03-12T06:14:10.051Z]   SKIP (not in footer/header): https://moonlightzoo.com
[2026-03-12T06:14:10.051Z]   SKIP (not in footer/header): https://morecoins.org
[2026-03-12T06:14:10.051Z]   SKIP (not in footer/header): https://mouassa.org
[2026-03-12T06:14:10.051Z]   SKIP (not in footer/header): https://movemento.org
[2026-03-12T06:14:10.051Z]   SKIP (not in footer/header): https://movingtargetla.com
[2026-03-12T06:14:10.051Z]   SKIP (not in footer/header): https://musetrek.com
[2026-03-12T06:14:10.051Z]   SKIP (not in footer/header): https://musicoscristianos.org
[2026-03-12T06:14:10.051Z]   SKIP (not in footer/header): https://myhealthchamp.com
[2026-03-12T06:14:10.051Z]   SKIP (not in footer/header): https://myrxcoupons.com
[2026-03-12T06:14:10.051Z]   SKIP (not in footer/header): https://naijaloving.com
[2026-03-12T06:14:10.051Z]   SKIP (not in footer/header): https://naturalinnovations.org
[2026-03-12T06:14:10.051Z]   SKIP (not in footer/header): https://naturalmales.org
[2026-03-12T06:14:10.051Z]   SKIP (not in footer/header): https://nazarethschoolng.org
[2026-03-12T06:14:10.052Z]   SKIP (not in footer/header): https://netadvantage.net
[2026-03-12T06:14:10.052Z]   SKIP (not in footer/header): https://newendeavorsbywomen.org
[2026-03-12T06:14:10.052Z]   SKIP (not in footer/header): https://newslinegroup.org
[2026-03-12T06:14:10.052Z]   SKIP (not in footer/header): https://nikesports.org
[2026-03-12T06:14:10.052Z]   SKIP (not in footer/header): https://nipmucgridiron.org
[2026-03-12T06:14:10.052Z]   SKIP (not in footer/header): https://nodelays.net
[2026-03-12T06:14:10.052Z]   SKIP (not in footer/header): https://nomoresharecropping.org
[2026-03-12T06:14:10.052Z]   SKIP (not in footer/header): https://nookamphitheater.com
[2026-03-12T06:14:10.052Z]   SKIP (not in footer/header): https://nordicskating.org
[2026-03-12T06:14:10.052Z]   SKIP (not in footer/header): https://normit.org
[2026-03-12T06:14:10.052Z]   SKIP (not in footer/header): https://northstarindependent.org
[2026-03-12T06:14:10.052Z]   SKIP (not in footer/header): https://oceanviewretreat.org
[2026-03-12T06:14:10.052Z]   SKIP (not in footer/header): https://officeofnewamericans.org
[2026-03-12T06:14:10.052Z]   SKIP (not in footer/header): https://onlineessays.org
[2026-03-12T06:14:10.052Z]   SKIP (not in footer/header): https://onlinescores.org
[2026-03-12T06:14:10.053Z]   SKIP (not in footer/header): https://operaelsalvador.com
[2026-03-12T06:14:10.053Z]   SKIP (not in footer/header): https://other-ai.org
[2026-03-12T06:14:10.053Z]   SKIP (not in footer/header): https://ouraganfm.com
[2026-03-12T06:14:10.053Z]   SKIP (not in footer/header): https://outdoorpressroom.com
[2026-03-12T06:14:10.053Z]   SKIP (not in footer/header): https://outkickcle.com
[2026-03-12T06:14:10.053Z]   SKIP (not in footer/header): https://palaciodastintas.com
[2026-03-12T06:14:10.053Z]   SKIP (not in footer/header): https://papershoponline.net
[2026-03-12T06:14:10.053Z]   SKIP (not in footer/header): https://paradiso-gutenberg.com
[2026-03-12T06:14:10.053Z]   SKIP (not in footer/header): https://pastornet.net
[2026-03-12T06:14:10.053Z]   SKIP (not in footer/header): https://patriotriders.org
[2026-03-12T06:14:10.053Z]   SKIP (not in footer/header): https://pdeama.org
[2026-03-12T06:14:10.053Z]   SKIP (not in footer/header): https://peacefulbeginnings.org
[2026-03-12T06:14:10.054Z]   SKIP (not in footer/header): https://peachtreewinds.org
[2026-03-12T06:14:10.054Z]   SKIP (not in footer/header): https://pelparktimes.org
[2026-03-12T06:14:10.054Z]   SKIP (not in footer/header): https://pembertonrotary.org
[2026-03-12T06:14:10.054Z]   SKIP (not in footer/header): https://pepix.net
[2026-03-12T06:14:10.054Z]   SKIP (not in footer/header): https://phibetasigmalouisville.org
[2026-03-12T06:14:10.054Z]   SKIP (not in footer/header): https://photojerusalem.org
[2026-03-12T06:14:10.054Z]   SKIP (not in footer/header): https://piavein.org
[2026-03-12T06:14:10.054Z]   SKIP (not in footer/header): https://planparticipant.org
[2026-03-12T06:14:10.054Z]   SKIP (not in footer/header): https://plazatheatre.org
[2026-03-12T06:14:10.054Z]   SKIP (not in footer/header): https://polyplay.org
[2026-03-12T06:14:10.054Z]   SKIP (not in footer/header): https://ponon.org
[2026-03-12T06:14:10.054Z]   SKIP (not in footer/header): https://poppiesandposiesevents.com
[2026-03-12T06:14:10.054Z]   SKIP (not in footer/header): https://portalfutebolfeminino.com
[2026-03-12T06:14:10.054Z]   SKIP (not in footer/header): https://portharbormarine.org
[2026-03-12T06:14:10.055Z]   SKIP (not in footer/header): https://ppdkulai.com
[2026-03-12T06:14:10.055Z]   SKIP (not in footer/header): https://precisionmapper.com
[2026-03-12T06:14:10.055Z]   SKIP (not in footer/header): https://preventionstore.org
[2026-03-12T06:14:10.055Z]   SKIP (not in footer/header): https://prime-equine.net
[2026-03-12T06:14:10.055Z]   SKIP (not in footer/header): https://primedeliverycompany.com
[2026-03-12T06:14:10.055Z]   SKIP (not in footer/header): https://princeofsports.com
[2026-03-12T06:14:10.055Z]   SKIP (not in footer/header): https://propershopper.net
[2026-03-12T06:14:10.055Z]   SKIP (not in footer/header): https://provoriverwatershed.org
[2026-03-12T06:14:10.055Z]   SKIP (not in footer/header): https://proyectocontinuum.com
[2026-03-12T06:14:10.055Z]   SKIP (not in footer/header): https://punaagency.com
[2026-03-12T06:14:10.055Z]   SKIP (not in footer/header): https://punjabspider.com
[2026-03-12T06:14:10.055Z]   SKIP (not in footer/header): https://qigong-palm.com
[2026-03-12T06:14:10.055Z]   SKIP (not in footer/header): https://quantumexperience.org
[2026-03-12T06:14:10.056Z]   SKIP (not in footer/header): https://quiltofdemand.org
[2026-03-12T06:14:10.056Z]   SKIP (not in footer/header): https://rainbowearth.org
[2026-03-12T06:14:10.056Z]   SKIP (not in footer/header): https://rappymcrapperson.com
[2026-03-12T06:14:10.056Z]   SKIP (not in footer/header): https://readworcks.org
[2026-03-12T06:14:10.056Z]   SKIP (not in footer/header): https://readyforred.org
[2026-03-12T06:14:10.056Z]   SKIP (not in footer/header): https://realforrent.com
[2026-03-12T06:14:10.056Z]   SKIP (not in footer/header): https://rebeccapremier.com
[2026-03-12T06:14:10.056Z]   SKIP (not in footer/header): https://reconquistaregional.com
[2026-03-12T06:14:10.056Z]   SKIP (not in footer/header): https://reisemobilist.com
[2026-03-12T06:14:10.056Z]   SKIP (not in footer/header): https://releasenotes.org
[2026-03-12T06:14:10.056Z]   SKIP (not in footer/header): https://rencontrecelibataire.net
[2026-03-12T06:14:10.056Z]   SKIP (not in footer/header): https://replayradio.org
[2026-03-12T06:14:10.056Z]   SKIP (not in footer/header): https://reportdome.com
[2026-03-12T06:14:10.057Z]   SKIP (not in footer/header): https://restinpress.com
[2026-03-12T06:14:10.057Z]   SKIP (not in footer/header): https://ridingshotgun.org
[2026-03-12T06:14:10.057Z]   SKIP (not in footer/header): https://romanticnightmare.net
[2026-03-12T06:14:10.057Z]   SKIP (not in footer/header): https://ronchampion.net
[2026-03-12T06:14:10.057Z]   SKIP (not in footer/header): https://rosenbaumranch.com
[2026-03-12T06:14:10.057Z]   SKIP (not in footer/header): https://salonviettung.com
[2026-03-12T06:14:10.057Z]   SKIP (not in footer/header): https://samuraichimp.com
[2026-03-12T06:14:10.057Z]   SKIP (not in footer/header): https://scarsofchaos.com
[2026-03-12T06:14:10.057Z]   SKIP (not in footer/header): https://schreibservice.net
[2026-03-12T06:14:10.057Z]   SKIP (not in footer/header): https://searchyourpartner.com
[2026-03-12T06:14:10.057Z]   SKIP (not in footer/header): https://seattlekannadasangha.org
[2026-03-12T06:14:10.057Z]   SKIP (not in footer/header): https://second-sun.net
[2026-03-12T06:14:10.057Z]   SKIP (not in footer/header): https://serwisfinansowy.net
[2026-03-12T06:14:10.058Z]   SKIP (not in footer/header): https://seterecords.com
[2026-03-12T06:14:10.058Z]   SKIP (not in footer/header): https://sfyr.org
[2026-03-12T06:14:10.058Z]   SKIP (not in footer/header): https://sgfmark.net
[2026-03-12T06:14:10.058Z]   SKIP (not in footer/header): https://sgi-lafriendshipcenter.org
[2026-03-12T06:14:10.058Z]   SKIP (not in footer/header): https://shoutoutny.com
[2026-03-12T06:14:10.058Z]   SKIP (not in footer/header): https://signupinc.com
[2026-03-12T06:14:10.058Z]   SKIP (not in footer/header): https://simchattorah.org
[2026-03-12T06:14:10.058Z]   SKIP (not in footer/header): https://sirexusa.com
[2026-03-12T06:14:10.058Z]   SKIP (not in footer/header): https://sleeknaija.com
[2026-03-12T06:14:10.058Z]   SKIP (not in footer/header): https://smaragdakis.net
[2026-03-12T06:14:10.058Z]   SKIP (not in footer/header): https://sobralasolas.org
[2026-03-12T06:14:10.058Z]   SKIP (not in footer/header): https://socserv.org
[2026-03-12T06:14:10.059Z]   SKIP (not in footer/header): https://sophianoa.org
[2026-03-12T06:14:10.059Z]   SKIP (not in footer/header): https://soul-anime.org
[2026-03-12T06:14:10.059Z]   SKIP (not in footer/header): https://soundcircle.org
[2026-03-12T06:14:10.059Z]   SKIP (not in footer/header): https://soundpainters.org
[2026-03-12T06:14:10.059Z]   SKIP (not in footer/header): https://southdoc.net
[2026-03-12T06:14:10.059Z]   SKIP (not in footer/header): https://sportscar-official.com
[2026-03-12T06:14:10.059Z]   SKIP (not in footer/header): https://starlightelegance.com
[2026-03-12T06:14:10.059Z]   SKIP (not in footer/header): https://steinvalfilms.com
[2026-03-12T06:14:10.059Z]   SKIP (not in footer/header): https://stjohnsns.org
[2026-03-12T06:14:10.059Z]   SKIP (not in footer/header): https://stjosephisland.net
[2026-03-12T06:14:10.059Z]   SKIP (not in footer/header): https://stocksgold.net
[2026-03-12T06:14:10.059Z]   SKIP (not in footer/header): https://storkncradle.com
[2026-03-12T06:14:10.059Z]   SKIP (not in footer/header): https://stormlakemarket.com
[2026-03-12T06:14:10.059Z]   SKIP (not in footer/header): https://stpaulparks.com
[2026-03-12T06:14:10.060Z]   SKIP (not in footer/header): https://streetpianos.org
[2026-03-12T06:14:10.060Z]   SKIP (not in footer/header): https://structuredcapitalgroup.com
[2026-03-12T06:14:10.060Z]   SKIP (not in footer/header): https://studentsforglobaljustice.org
[2026-03-12T06:14:10.060Z]   SKIP (not in footer/header): https://studymagic.net
[2026-03-12T06:14:10.060Z]   SKIP (not in footer/header): https://subiraclassic.com
[2026-03-12T06:14:10.060Z]   SKIP (not in footer/header): https://submissionuk.org
[2026-03-12T06:14:10.060Z]   SKIP (not in footer/header): https://sumadijskarakija.org
[2026-03-12T06:14:10.060Z]   SKIP (not in footer/header): https://sundanceschool.org
[2026-03-12T06:14:10.060Z]   SKIP (not in footer/header): https://suttonlawoffice.org
[2026-03-12T06:14:10.060Z]   SKIP (not in footer/header): https://swmcborgbethelbibleinstitute.org
[2026-03-12T06:14:10.060Z]   SKIP (not in footer/header): https://synthroidtabs.com
[2026-03-12T06:14:10.060Z]   SKIP (not in footer/header): https://t2net.org
[2026-03-12T06:14:10.061Z]   SKIP (not in footer/header): https://tabardtheater.org
[2026-03-12T06:14:10.061Z]   SKIP (not in footer/header): https://teamblackoutneton-eagles-wings.net
[2026-03-12T06:14:10.061Z]   SKIP (not in footer/header): https://teampod.org
[2026-03-12T06:14:10.061Z]   SKIP (not in footer/header): https://technoerotica.net
[2026-03-12T06:14:10.061Z]   SKIP (not in footer/header): https://technorenewable.com
[2026-03-12T06:14:10.061Z]   SKIP (not in footer/header): https://telextreme.com
[2026-03-12T06:14:10.061Z]   SKIP (not in footer/header): https://thatnollywoodblog.com
[2026-03-12T06:14:10.061Z]   SKIP (not in footer/header): https://thedarkhaus.com
[2026-03-12T06:14:10.061Z]   SKIP (not in footer/header): https://thehighlandsbank.net
[2026-03-12T06:14:10.061Z]   SKIP (not in footer/header): https://themetronewsng.com
[2026-03-12T06:14:10.061Z]   SKIP (not in footer/header): https://thestarmobile.com
[2026-03-12T06:14:10.061Z]   SKIP (not in footer/header): https://thestorez.com
[2026-03-12T06:14:10.061Z]   SKIP (not in footer/header): https://thetahealing-deutschland.org
[2026-03-12T06:14:10.061Z]   SKIP (not in footer/header): https://theworkoutcompany.net
[2026-03-12T06:14:10.062Z]   SKIP (not in footer/header): https://toledorent.net
[2026-03-12T06:14:10.062Z]   SKIP (not in footer/header): https://top-tennis-training.org
[2026-03-12T06:14:10.062Z]   SKIP (not in footer/header): https://topshelfsports.org
[2026-03-12T06:14:10.062Z]   SKIP (not in footer/header): https://toptenselection.com
[2026-03-12T06:14:10.062Z]   SKIP (not in footer/header): https://torrent-best.net
[2026-03-12T06:14:10.062Z]   SKIP (not in footer/header): https://torretitanium.com
[2026-03-12T06:14:10.062Z]   SKIP (not in footer/header): https://tostreet.com
[2026-03-12T06:14:10.062Z]   SKIP (not in footer/header): https://travelresourcehub.com
[2026-03-12T06:14:10.062Z]   SKIP (not in footer/header): https://trippypictures.com
[2026-03-12T06:14:10.062Z]   SKIP (not in footer/header): https://truevinebooks.com
[2026-03-12T06:14:10.062Z]   SKIP (not in footer/header): https://tunisarte.net
[2026-03-12T06:14:10.062Z]   SKIP (not in footer/header): https://turismoeuropeo.net
[2026-03-12T06:14:10.062Z]   SKIP (not in footer/header): https://turismoeuropeonetcenturymgmt.net
[2026-03-12T06:14:10.062Z]   SKIP (not in footer/header): https://turismofluviale.net
[2026-03-12T06:14:10.063Z]   SKIP (not in footer/header): https://turkcemirc.net
[2026-03-12T06:14:10.063Z]   SKIP (not in footer/header): https://turningpoint2.com
[2026-03-12T06:14:10.063Z]   SKIP (not in footer/header): https://twickenham-regatta.org
[2026-03-12T06:14:10.063Z]   SKIP (not in footer/header): https://u2j.org
[2026-03-12T06:14:10.063Z]   SKIP (not in footer/header): https://ubasani.org
[2026-03-12T06:14:10.063Z]   SKIP (not in footer/header): https://ucctampabay.org
[2026-03-12T06:14:10.063Z]   SKIP (not in footer/header): https://ulyssesfoundation.org
[2026-03-12T06:14:10.063Z]   SKIP (not in footer/header): https://unibay.net
[2026-03-12T06:14:10.063Z]   SKIP (not in footer/header): https://usbmorissa.org
[2026-03-12T06:14:10.063Z]   SKIP (not in footer/header): https://valeriefox.net
[2026-03-12T06:14:10.063Z]   SKIP (not in footer/header): https://veritatissplendor.org
[2026-03-12T06:14:10.063Z]   SKIP (not in footer/header): https://vwscolumbus.org
[2026-03-12T06:14:10.063Z]   SKIP (not in footer/header): https://wealthandmoney.net
[2026-03-12T06:14:10.064Z]   SKIP (not in footer/header): https://webbooks.net
[2026-03-12T06:14:10.064Z]   SKIP (not in footer/header): https://webmessenger.net
[2026-03-12T06:14:10.064Z]   SKIP (not in footer/header): https://websitesmadesimple.org
[2026-03-12T06:14:10.064Z]   SKIP (not in footer/header): https://websterdictionary.net
[2026-03-12T06:14:10.064Z]   SKIP (not in footer/header): https://weightup.net
[2026-03-12T06:14:10.064Z]   SKIP (not in footer/header): https://weirdwebzine.com
[2026-03-12T06:14:10.064Z]   SKIP (not in footer/header): https://wfmc-toronto.org
[2026-03-12T06:14:10.064Z]   SKIP (not in footer/header): https://win-time.com
[2026-03-12T06:14:10.064Z]   SKIP (not in footer/header): https://windhamtownship.org
[2026-03-12T06:14:10.064Z]   SKIP (not in footer/header): https://wkucanada.com
[2026-03-12T06:14:10.064Z]   SKIP (not in footer/header): https://woodwardcorridorinitiative.org
[2026-03-12T06:14:10.064Z]   SKIP (not in footer/header): https://wrestlesearch.com
[2026-03-12T06:14:10.064Z]   SKIP (not in footer/header): https://www.google.com/maps
[2026-03-12T06:14:10.065Z]   SKIP (not in footer/header): https://www.shumwayappliance.com/brands
[2026-03-12T06:14:10.065Z]   SKIP (not in footer/header): https://wwwmissionhealth.org
[2026-03-12T06:14:10.065Z]   SKIP (not in footer/header): https://yacointernational.org
[2026-03-12T06:14:10.065Z]   SKIP (not in footer/header): https://yeshivauniversity.org
[2026-03-12T06:14:10.065Z]   SKIP (not in footer/header): https://yourbestie.net
[2026-03-12T06:14:10.065Z]   SKIP (not in footer/header): https://youthub.net
[2026-03-12T06:14:10.065Z]   SKIP (not in footer/header): https://youtubemonster.com
[2026-03-12T06:14:10.065Z]   SKIP (not in footer/header): https://yvreview.com
[2026-03-12T06:14:10.065Z]   SKIP (not in footer/header): https://zoo-vids.com
[2026-03-12T06:14:10.065Z] Step 2b result: added 0 uncategorized domains from footer/header
[2026-03-12T06:14:10.065Z] ── Step 2c: YouTube channel handle resolution ──
[2026-03-12T06:14:10.065Z]   YOUTUBE: no ytc entries to resolve
[2026-03-12T06:14:10.065Z] ── Step 3: Final dedup ──
[2026-03-12T06:14:10.066Z] Dedup: removed 0 of 4 URLs already in specialized fields
[2026-03-12T06:14:10.066Z] ── FINAL RESULT ──
[2026-03-12T06:14:10.066Z]   ws (1):
[2026-03-12T06:14:10.066Z]     - https://power-tags.com
[2026-03-12T06:14:10.066Z]   urls (4):
[2026-03-12T06:14:10.066Z]     - https://power-tags.com
[2026-03-12T06:14:10.066Z]     - https://power-tags.com/contact
[2026-03-12T06:14:10.066Z]     - https://power-tags.com/privacy
[2026-03-12T06:14:10.066Z]     - https://power-tags.com/terms
[2026-03-12T06:14:10.066Z] Summary: ws:1, urls:4
[2026-03-12T06:14:10.067Z] Saved final result to result.json
[2026-03-12T06:14:10.067Z] Override fields: ws
[2026-03-12T06:14:10.067Z] Finished at: 2026-03-12T06:14:10.067Z
